"Correlation_Id","Dispatch_Id","Agent_Id","Queue_Id","Process_Id","Thread_Id","Grid_Size","Kernel_Id","Kernel_Name","Workgroup_Size","LDS_Block_Size","Scratch_Size","VGPR_Count","Accum_VGPR_Count","SGPR_Count","Counter_Name","Counter_Value","Start_Timestamp","End_Timestamp"
53,53,"Agent 1",1,43930,43930,32768,1,"gemm",512,131072,0,128,0,112,"SQ_INSTS_VMEM_WR",32768.000000,1008403592172413,1008403592233014
53,53,"Agent 1",1,43930,43930,32768,1,"gemm",512,131072,0,128,0,112,"SQ_VMEM_TA_CMD_FIFO_FULL",1983365.000000,1008403592172413,1008403592233014
53,53,"Agent 1",1,43930,43930,32768,1,"gemm",512,131072,0,128,0,112,"TCC_WRITE_SECTORS",524288.000000,1008403592172413,1008403592233014
53,53,"Agent 1",1,43930,43930,32768,1,"gemm",512,131072,0,128,0,112,"TCP_TCP_TA_DATA_STALL_CYCLES",15647.000000,1008403592172413,1008403592233014
53,53,"Agent 1",1,43930,43930,32768,1,"gemm",512,131072,0,128,0,112,"TCP_TCP_TA_ADDR_STALL_CYCLES",1044994.000000,1008403592172413,1008403592233014
54,54,"Agent 1",1,43930,43930,32768,1,"gemm",512,131072,0,128,0,112,"SQ_INSTS_VMEM_WR",32768.000000,1008403592338655,1008403592389815
54,54,"Agent 1",1,43930,43930,32768,1,"gemm",512,131072,0,128,0,112,"SQ_VMEM_TA_CMD_FIFO_FULL",602859.000000,1008403592338655,1008403592389815
54,54,"Agent 1",1,43930,43930,32768,1,"gemm",512,131072,0,128,0,112,"TCC_WRITE_SECTORS",524288.000000,1008403592338655,1008403592389815
54,54,"Agent 1",1,43930,43930,32768,1,"gemm",512,131072,0,128,0,112,"TCP_TCP_TA_DATA_STALL_CYCLES",6572.000000,1008403592338655,1008403592389815
54,54,"Agent 1",1,43930,43930,32768,1,"gemm",512,131072,0,128,0,112,"TCP_TCP_TA_ADDR_STALL_CYCLES",155250.000000,1008403592338655,1008403592389815
55,55,"Agent 1",1,43930,43930,32768,1,"gemm",512,131072,0,128,0,112,"SQ_INSTS_VMEM_WR",32768.000000,1008403592487096,1008403592538256
55,55,"Agent 1",1,43930,43930,32768,1,"gemm",512,131072,0,128,0,112,"SQ_VMEM_TA_CMD_FIFO_FULL",611894.000000,1008403592487096,1008403592538256
55,55,"Agent 1",1,43930,43930,32768,1,"gemm",512,131072,0,128,0,112,"TCC_WRITE_SECTORS",524288.000000,1008403592487096,1008403592538256
55,55,"Agent 1",1,43930,43930,32768,1,"gemm",512,131072,0,128,0,112,"TCP_TCP_TA_DATA_STALL_CYCLES",6593.000000,1008403592487096,1008403592538256
55,55,"Agent 1",1,43930,43930,32768,1,"gemm",512,131072,0,128,0,112,"TCP_TCP_TA_ADDR_STALL_CYCLES",156893.000000,1008403592487096,1008403592538256
56,56,"Agent 1",1,43930,43930,32768,1,"gemm",512,131072,0,128,0,112,"SQ_INSTS_VMEM_WR",32768.000000,1008403592633897,1008403592685098
56,56,"Agent 1",1,43930,43930,32768,1,"gemm",512,131072,0,128,0,112,"SQ_VMEM_TA_CMD_FIFO_FULL",611286.000000,1008403592633897,1008403592685098
56,56,"Agent 1",1,43930,43930,32768,1,"gemm",512,131072,0,128,0,112,"TCC_WRITE_SECTORS",524288.000000,1008403592633897,1008403592685098
56,56,"Agent 1",1,43930,43930,32768,1,"gemm",512,131072,0,128,0,112,"TCP_TCP_TA_DATA_STALL_CYCLES",6559.000000,1008403592633897,1008403592685098
56,56,"Agent 1",1,43930,43930,32768,1,"gemm",512,131072,0,128,0,112,"TCP_TCP_TA_ADDR_STALL_CYCLES",154793.000000,1008403592633897,1008403592685098
57,57,"Agent 1",1,43930,43930,32768,1,"gemm",512,131072,0,128,0,112,"SQ_INSTS_VMEM_WR",32768.000000,1008403592778658,1008403592830459
57,57,"Agent 1",1,43930,43930,32768,1,"gemm",512,131072,0,128,0,112,"SQ_VMEM_TA_CMD_FIFO_FULL",591984.000000,1008403592778658,1008403592830459
57,57,"Agent 1",1,43930,43930,32768,1,"gemm",512,131072,0,128,0,112,"TCC_WRITE_SECTORS",524288.000000,1008403592778658,1008403592830459
57,57,"Agent 1",1,43930,43930,32768,1,"gemm",512,131072,0,128,0,112,"TCP_TCP_TA_DATA_STALL_CYCLES",950.000000,1008403592778658,1008403592830459
57,57,"Agent 1",1,43930,43930,32768,1,"gemm",512,131072,0,128,0,112,"TCP_TCP_TA_ADDR_STALL_CYCLES",126142.000000,1008403592778658,1008403592830459
58,58,"Agent 1",1,43930,43930,32768,1,"gemm",512,131072,0,128,0,112,"SQ_INSTS_VMEM_WR",32768.000000,1008403592927020,1008403592978060
58,58,"Agent 1",1,43930,43930,32768,1,"gemm",512,131072,0,128,0,112,"SQ_VMEM_TA_CMD_FIFO_FULL",601730.000000,1008403592927020,1008403592978060
58,58,"Agent 1",1,43930,43930,32768,1,"gemm",512,131072,0,128,0,112,"TCC_WRITE_SECTORS",524288.000000,1008403592927020,1008403592978060
58,58,"Agent 1",1,43930,43930,32768,1,"gemm",512,131072,0,128,0,112,"TCP_TCP_TA_DATA_STALL_CYCLES",928.000000,1008403592927020,1008403592978060
58,58,"Agent 1",1,43930,43930,32768,1,"gemm",512,131072,0,128,0,112,"TCP_TCP_TA_ADDR_STALL_CYCLES",128263.000000,1008403592927020,1008403592978060
59,59,"Agent 1",1,43930,43930,32768,1,"gemm",512,131072,0,128,0,112,"SQ_INSTS_VMEM_WR",32768.000000,1008403593075861,1008403593126662
59,59,"Agent 1",1,43930,43930,32768,1,"gemm",512,131072,0,128,0,112,"SQ_VMEM_TA_CMD_FIFO_FULL",603104.000000,1008403593075861,1008403593126662
59,59,"Agent 1",1,43930,43930,32768,1,"gemm",512,131072,0,128,0,112,"TCC_WRITE_SECTORS",524288.000000,1008403593075861,1008403593126662
59,59,"Agent 1",1,43930,43930,32768,1,"gemm",512,131072,0,128,0,112,"TCP_TCP_TA_DATA_STALL_CYCLES",924.000000,1008403593075861,1008403593126662
59,59,"Agent 1",1,43930,43930,32768,1,"gemm",512,131072,0,128,0,112,"TCP_TCP_TA_ADDR_STALL_CYCLES",129949.000000,1008403593075861,1008403593126662
60,60,"Agent 1",1,43930,43930,32768,1,"gemm",512,131072,0,128,0,112,"SQ_INSTS_VMEM_WR",32768.000000,1008403593222582,1008403593273583
60,60,"Agent 1",1,43930,43930,32768,1,"gemm",512,131072,0,128,0,112,"SQ_VMEM_TA_CMD_FIFO_FULL",604504.000000,1008403593222582,1008403593273583
60,60,"Agent 1",1,43930,43930,32768,1,"gemm",512,131072,0,128,0,112,"TCC_WRITE_SECTORS",524288.000000,1008403593222582,1008403593273583
60,60,"Agent 1",1,43930,43930,32768,1,"gemm",512,131072,0,128,0,112,"TCP_TCP_TA_DATA_STALL_CYCLES",938.000000,1008403593222582,1008403593273583
60,60,"Agent 1",1,43930,43930,32768,1,"gemm",512,131072,0,128,0,112,"TCP_TCP_TA_ADDR_STALL_CYCLES",132490.000000,1008403593222582,1008403593273583
61,61,"Agent 1",1,43930,43930,32768,1,"gemm",512,131072,0,128,0,112,"SQ_INSTS_VMEM_WR",32768.000000,1008403593366584,1008403593418464
61,61,"Agent 1",1,43930,43930,32768,1,"gemm",512,131072,0,128,0,112,"SQ_VMEM_TA_CMD_FIFO_FULL",591245.000000,1008403593366584,1008403593418464
61,61,"Agent 1",1,43930,43930,32768,1,"gemm",512,131072,0,128,0,112,"TCC_WRITE_SECTORS",524288.000000,1008403593366584,1008403593418464
61,61,"Agent 1",1,43930,43930,32768,1,"gemm",512,131072,0,128,0,112,"TCP_TCP_TA_DATA_STALL_CYCLES",967.000000,1008403593366584,1008403593418464
61,61,"Agent 1",1,43930,43930,32768,1,"gemm",512,131072,0,128,0,112,"TCP_TCP_TA_ADDR_STALL_CYCLES",124018.000000,1008403593366584,1008403593418464
62,62,"Agent 1",1,43930,43930,32768,1,"gemm",512,131072,0,128,0,112,"SQ_INSTS_VMEM_WR",32768.000000,1008403593514225,1008403593565226
62,62,"Agent 1",1,43930,43930,32768,1,"gemm",512,131072,0,128,0,112,"SQ_VMEM_TA_CMD_FIFO_FULL",602822.000000,1008403593514225,1008403593565226
62,62,"Agent 1",1,43930,43930,32768,1,"gemm",512,131072,0,128,0,112,"TCC_WRITE_SECTORS",524288.000000,1008403593514225,1008403593565226
62,62,"Agent 1",1,43930,43930,32768,1,"gemm",512,131072,0,128,0,112,"TCP_TCP_TA_DATA_STALL_CYCLES",952.000000,1008403593514225,1008403593565226
62,62,"Agent 1",1,43930,43930,32768,1,"gemm",512,131072,0,128,0,112,"TCP_TCP_TA_ADDR_STALL_CYCLES",131061.000000,1008403593514225,1008403593565226
63,63,"Agent 1",1,43930,43930,32768,1,"gemm",512,131072,0,128,0,112,"SQ_INSTS_VMEM_WR",32768.000000,1008403593659106,1008403593710027
63,63,"Agent 1",1,43930,43930,32768,1,"gemm",512,131072,0,128,0,112,"SQ_VMEM_TA_CMD_FIFO_FULL",591454.000000,1008403593659106,1008403593710027
63,63,"Agent 1",1,43930,43930,32768,1,"gemm",512,131072,0,128,0,112,"TCC_WRITE_SECTORS",524288.000000,1008403593659106,1008403593710027
63,63,"Agent 1",1,43930,43930,32768,1,"gemm",512,131072,0,128,0,112,"TCP_TCP_TA_DATA_STALL_CYCLES",938.000000,1008403593659106,1008403593710027
63,63,"Agent 1",1,43930,43930,32768,1,"gemm",512,131072,0,128,0,112,"TCP_TCP_TA_ADDR_STALL_CYCLES",126714.000000,1008403593659106,1008403593710027
64,64,"Agent 1",1,43930,43930,32768,1,"gemm",512,131072,0,128,0,112,"SQ_INSTS_VMEM_WR",32768.000000,1008403593805988,1008403593857068
64,64,"Agent 1",1,43930,43930,32768,1,"gemm",512,131072,0,128,0,112,"SQ_VMEM_TA_CMD_FIFO_FULL",603164.000000,1008403593805988,1008403593857068
64,64,"Agent 1",1,43930,43930,32768,1,"gemm",512,131072,0,128,0,112,"TCC_WRITE_SECTORS",524288.000000,1008403593805988,1008403593857068
64,64,"Agent 1",1,43930,43930,32768,1,"gemm",512,131072,0,128,0,112,"TCP_TCP_TA_DATA_STALL_CYCLES",977.000000,1008403593805988,1008403593857068
64,64,"Agent 1",1,43930,43930,32768,1,"gemm",512,131072,0,128,0,112,"TCP_TCP_TA_ADDR_STALL_CYCLES",130630.000000,1008403593805988,1008403593857068
65,65,"Agent 1",1,43930,43930,32768,1,"gemm",512,131072,0,128,0,112,"SQ_INSTS_VMEM_WR",32768.000000,1008403593951789,1008403594003669
65,65,"Agent 1",1,43930,43930,32768,1,"gemm",512,131072,0,128,0,112,"SQ_VMEM_TA_CMD_FIFO_FULL",593966.000000,1008403593951789,1008403594003669
65,65,"Agent 1",1,43930,43930,32768,1,"gemm",512,131072,0,128,0,112,"TCC_WRITE_SECTORS",524288.000000,1008403593951789,1008403594003669
65,65,"Agent 1",1,43930,43930,32768,1,"gemm",512,131072,0,128,0,112,"TCP_TCP_TA_DATA_STALL_CYCLES",938.000000,1008403593951789,1008403594003669
65,65,"Agent 1",1,43930,43930,32768,1,"gemm",512,131072,0,128,0,112,"TCP_TCP_TA_ADDR_STALL_CYCLES",128892.000000,1008403593951789,1008403594003669
66,66,"Agent 1",1,43930,43930,32768,1,"gemm",512,131072,0,128,0,112,"SQ_INSTS_VMEM_WR",32768.000000,1008403594099190,1008403594150231
66,66,"Agent 1",1,43930,43930,32768,1,"gemm",512,131072,0,128,0,112,"SQ_VMEM_TA_CMD_FIFO_FULL",590594.000000,1008403594099190,1008403594150231
66,66,"Agent 1",1,43930,43930,32768,1,"gemm",512,131072,0,128,0,112,"TCC_WRITE_SECTORS",524288.000000,1008403594099190,1008403594150231
66,66,"Agent 1",1,43930,43930,32768,1,"gemm",512,131072,0,128,0,112,"TCP_TCP_TA_DATA_STALL_CYCLES",979.000000,1008403594099190,1008403594150231
66,66,"Agent 1",1,43930,43930,32768,1,"gemm",512,131072,0,128,0,112,"TCP_TCP_TA_ADDR_STALL_CYCLES",124570.000000,1008403594099190,1008403594150231
67,67,"Agent 1",1,43930,43930,32768,1,"gemm",512,131072,0,128,0,112,"SQ_INSTS_VMEM_WR",32768.000000,1008403594245952,1008403594296752
67,67,"Agent 1",1,43930,43930,32768,1,"gemm",512,131072,0,128,0,112,"SQ_VMEM_TA_CMD_FIFO_FULL",604021.000000,1008403594245952,1008403594296752
67,67,"Agent 1",1,43930,43930,32768,1,"gemm",512,131072,0,128,0,112,"TCC_WRITE_SECTORS",524288.000000,1008403594245952,1008403594296752
67,67,"Agent 1",1,43930,43930,32768,1,"gemm",512,131072,0,128,0,112,"TCP_TCP_TA_DATA_STALL_CYCLES",963.000000,1008403594245952,1008403594296752
67,67,"Agent 1",1,43930,43930,32768,1,"gemm",512,131072,0,128,0,112,"TCP_TCP_TA_ADDR_STALL_CYCLES",133852.000000,1008403594245952,1008403594296752
68,68,"Agent 1",1,43930,43930,32768,1,"gemm",512,131072,0,128,0,112,"SQ_INSTS_VMEM_WR",32768.000000,1008403594395273,1008403594446233
68,68,"Agent 1",1,43930,43930,32768,1,"gemm",512,131072,0,128,0,112,"SQ_VMEM_TA_CMD_FIFO_FULL",605011.000000,1008403594395273,1008403594446233
68,68,"Agent 1",1,43930,43930,32768,1,"gemm",512,131072,0,128,0,112,"TCC_WRITE_SECTORS",524288.000000,1008403594395273,1008403594446233
68,68,"Agent 1",1,43930,43930,32768,1,"gemm",512,131072,0,128,0,112,"TCP_TCP_TA_DATA_STALL_CYCLES",949.000000,1008403594395273,1008403594446233
68,68,"Agent 1",1,43930,43930,32768,1,"gemm",512,131072,0,128,0,112,"TCP_TCP_TA_ADDR_STALL_CYCLES",136969.000000,1008403594395273,1008403594446233
69,69,"Agent 1",1,43930,43930,32768,1,"gemm",512,131072,0,128,0,112,"SQ_INSTS_VMEM_WR",32768.000000,1008403594542194,1008403594594035
69,69,"Agent 1",1,43930,43930,32768,1,"gemm",512,131072,0,128,0,112,"SQ_VMEM_TA_CMD_FIFO_FULL",599904.000000,1008403594542194,1008403594594035
69,69,"Agent 1",1,43930,43930,32768,1,"gemm",512,131072,0,128,0,112,"TCC_WRITE_SECTORS",524288.000000,1008403594542194,1008403594594035
69,69,"Agent 1",1,43930,43930,32768,1,"gemm",512,131072,0,128,0,112,"TCP_TCP_TA_DATA_STALL_CYCLES",938.000000,1008403594542194,1008403594594035
69,69,"Agent 1",1,43930,43930,32768,1,"gemm",512,131072,0,128,0,112,"TCP_TCP_TA_ADDR_STALL_CYCLES",126495.000000,1008403594542194,1008403594594035
70,70,"Agent 1",1,43930,43930,32768,1,"gemm",512,131072,0,128,0,112,"SQ_INSTS_VMEM_WR",32768.000000,1008403594694876,1008403594745916
70,70,"Agent 1",1,43930,43930,32768,1,"gemm",512,131072,0,128,0,112,"SQ_VMEM_TA_CMD_FIFO_FULL",599457.000000,1008403594694876,1008403594745916
70,70,"Agent 1",1,43930,43930,32768,1,"gemm",512,131072,0,128,0,112,"TCC_WRITE_SECTORS",524288.000000,1008403594694876,1008403594745916
70,70,"Agent 1",1,43930,43930,32768,1,"gemm",512,131072,0,128,0,112,"TCP_TCP_TA_DATA_STALL_CYCLES",953.000000,1008403594694876,1008403594745916
70,70,"Agent 1",1,43930,43930,32768,1,"gemm",512,131072,0,128,0,112,"TCP_TCP_TA_ADDR_STALL_CYCLES",130955.000000,1008403594694876,1008403594745916
71,71,"Agent 1",1,43930,43930,32768,1,"gemm",512,131072,0,128,0,112,"SQ_INSTS_VMEM_WR",32768.000000,1008403594840837,1008403594891757
71,71,"Agent 1",1,43930,43930,32768,1,"gemm",512,131072,0,128,0,112,"SQ_VMEM_TA_CMD_FIFO_FULL",591453.000000,1008403594840837,1008403594891757
71,71,"Agent 1",1,43930,43930,32768,1,"gemm",512,131072,0,128,0,112,"TCC_WRITE_SECTORS",524288.000000,1008403594840837,1008403594891757
71,71,"Agent 1",1,43930,43930,32768,1,"gemm",512,131072,0,128,0,112,"TCP_TCP_TA_DATA_STALL_CYCLES",939.000000,1008403594840837,1008403594891757
71,71,"Agent 1",1,43930,43930,32768,1,"gemm",512,131072,0,128,0,112,"TCP_TCP_TA_ADDR_STALL_CYCLES",132249.000000,1008403594840837,1008403594891757
72,72,"Agent 1",1,43930,43930,32768,1,"gemm",512,131072,0,128,0,112,"SQ_INSTS_VMEM_WR",32768.000000,1008403594988278,1008403595039199
72,72,"Agent 1",1,43930,43930,32768,1,"gemm",512,131072,0,128,0,112,"SQ_VMEM_TA_CMD_FIFO_FULL",596192.000000,1008403594988278,1008403595039199
72,72,"Agent 1",1,43930,43930,32768,1,"gemm",512,131072,0,128,0,112,"TCC_WRITE_SECTORS",524288.000000,1008403594988278,1008403595039199
72,72,"Agent 1",1,43930,43930,32768,1,"gemm",512,131072,0,128,0,112,"TCP_TCP_TA_DATA_STALL_CYCLES",946.000000,1008403594988278,1008403595039199
72,72,"Agent 1",1,43930,43930,32768,1,"gemm",512,131072,0,128,0,112,"TCP_TCP_TA_ADDR_STALL_CYCLES",137026.000000,1008403594988278,1008403595039199
73,73,"Agent 1",1,43930,43930,32768,1,"gemm",512,131072,0,128,0,112,"SQ_INSTS_VMEM_WR",32768.000000,1008403595135720,1008403595187520
73,73,"Agent 1",1,43930,43930,32768,1,"gemm",512,131072,0,128,0,112,"SQ_VMEM_TA_CMD_FIFO_FULL",593145.000000,1008403595135720,1008403595187520
73,73,"Agent 1",1,43930,43930,32768,1,"gemm",512,131072,0,128,0,112,"TCC_WRITE_SECTORS",524288.000000,1008403595135720,1008403595187520
73,73,"Agent 1",1,43930,43930,32768,1,"gemm",512,131072,0,128,0,112,"TCP_TCP_TA_DATA_STALL_CYCLES",970.000000,1008403595135720,1008403595187520
73,73,"Agent 1",1,43930,43930,32768,1,"gemm",512,131072,0,128,0,112,"TCP_TCP_TA_ADDR_STALL_CYCLES",123456.000000,1008403595135720,1008403595187520
74,74,"Agent 1",1,43930,43930,32768,1,"gemm",512,131072,0,128,0,112,"SQ_INSTS_VMEM_WR",32768.000000,1008403595283201,1008403595334321
74,74,"Agent 1",1,43930,43930,32768,1,"gemm",512,131072,0,128,0,112,"SQ_VMEM_TA_CMD_FIFO_FULL",600166.000000,1008403595283201,1008403595334321
74,74,"Agent 1",1,43930,43930,32768,1,"gemm",512,131072,0,128,0,112,"TCC_WRITE_SECTORS",524288.000000,1008403595283201,1008403595334321
74,74,"Agent 1",1,43930,43930,32768,1,"gemm",512,131072,0,128,0,112,"TCP_TCP_TA_DATA_STALL_CYCLES",972.000000,1008403595283201,1008403595334321
74,74,"Agent 1",1,43930,43930,32768,1,"gemm",512,131072,0,128,0,112,"TCP_TCP_TA_ADDR_STALL_CYCLES",131558.000000,1008403595283201,1008403595334321
75,75,"Agent 1",1,43930,43930,32768,1,"gemm",512,131072,0,128,0,112,"SQ_INSTS_VMEM_WR",32768.000000,1008403595430482,1008403595481523
75,75,"Agent 1",1,43930,43930,32768,1,"gemm",512,131072,0,128,0,112,"SQ_VMEM_TA_CMD_FIFO_FULL",590080.000000,1008403595430482,1008403595481523
75,75,"Agent 1",1,43930,43930,32768,1,"gemm",512,131072,0,128,0,112,"TCC_WRITE_SECTORS",524288.000000,1008403595430482,1008403595481523
75,75,"Agent 1",1,43930,43930,32768,1,"gemm",512,131072,0,128,0,112,"TCP_TCP_TA_DATA_STALL_CYCLES",949.000000,1008403595430482,1008403595481523
75,75,"Agent 1",1,43930,43930,32768,1,"gemm",512,131072,0,128,0,112,"TCP_TCP_TA_ADDR_STALL_CYCLES",130766.000000,1008403595430482,1008403595481523
76,76,"Agent 1",1,43930,43930,32768,1,"gemm",512,131072,0,128,0,112,"SQ_INSTS_VMEM_WR",32768.000000,1008403595580884,1008403595631844
76,76,"Agent 1",1,43930,43930,32768,1,"gemm",512,131072,0,128,0,112,"SQ_VMEM_TA_CMD_FIFO_FULL",589608.000000,1008403595580884,1008403595631844
76,76,"Agent 1",1,43930,43930,32768,1,"gemm",512,131072,0,128,0,112,"TCC_WRITE_SECTORS",524288.000000,1008403595580884,1008403595631844
76,76,"Agent 1",1,43930,43930,32768,1,"gemm",512,131072,0,128,0,112,"TCP_TCP_TA_DATA_STALL_CYCLES",935.000000,1008403595580884,1008403595631844
76,76,"Agent 1",1,43930,43930,32768,1,"gemm",512,131072,0,128,0,112,"TCP_TCP_TA_ADDR_STALL_CYCLES",132736.000000,1008403595580884,1008403595631844
77,77,"Agent 1",1,43930,43930,32768,1,"gemm",512,131072,0,128,0,112,"SQ_INSTS_VMEM_WR",32768.000000,1008403595727325,1008403595779125
77,77,"Agent 1",1,43930,43930,32768,1,"gemm",512,131072,0,128,0,112,"SQ_VMEM_TA_CMD_FIFO_FULL",584679.000000,1008403595727325,1008403595779125
77,77,"Agent 1",1,43930,43930,32768,1,"gemm",512,131072,0,128,0,112,"TCC_WRITE_SECTORS",524288.000000,1008403595727325,1008403595779125
77,77,"Agent 1",1,43930,43930,32768,1,"gemm",512,131072,0,128,0,112,"TCP_TCP_TA_DATA_STALL_CYCLES",939.000000,1008403595727325,1008403595779125
77,77,"Agent 1",1,43930,43930,32768,1,"gemm",512,131072,0,128,0,112,"TCP_TCP_TA_ADDR_STALL_CYCLES",121620.000000,1008403595727325,1008403595779125
78,78,"Agent 1",1,43930,43930,32768,1,"gemm",512,131072,0,128,0,112,"SQ_INSTS_VMEM_WR",32768.000000,1008403595876846,1008403595927847
78,78,"Agent 1",1,43930,43930,32768,1,"gemm",512,131072,0,128,0,112,"SQ_VMEM_TA_CMD_FIFO_FULL",599864.000000,1008403595876846,1008403595927847
78,78,"Agent 1",1,43930,43930,32768,1,"gemm",512,131072,0,128,0,112,"TCC_WRITE_SECTORS",524288.000000,1008403595876846,1008403595927847
78,78,"Agent 1",1,43930,43930,32768,1,"gemm",512,131072,0,128,0,112,"TCP_TCP_TA_DATA_STALL_CYCLES",949.000000,1008403595876846,1008403595927847
78,78,"Agent 1",1,43930,43930,32768,1,"gemm",512,131072,0,128,0,112,"TCP_TCP_TA_ADDR_STALL_CYCLES",130839.000000,1008403595876846,1008403595927847
79,79,"Agent 1",1,43930,43930,32768,1,"gemm",512,131072,0,128,0,112,"SQ_INSTS_VMEM_WR",32768.000000,1008403596038768,1008403596089688
79,79,"Agent 1",1,43930,43930,32768,1,"gemm",512,131072,0,128,0,112,"SQ_VMEM_TA_CMD_FIFO_FULL",596127.000000,1008403596038768,1008403596089688
79,79,"Agent 1",1,43930,43930,32768,1,"gemm",512,131072,0,128,0,112,"TCC_WRITE_SECTORS",524288.000000,1008403596038768,1008403596089688
79,79,"Agent 1",1,43930,43930,32768,1,"gemm",512,131072,0,128,0,112,"TCP_TCP_TA_DATA_STALL_CYCLES",921.000000,1008403596038768,1008403596089688
79,79,"Agent 1",1,43930,43930,32768,1,"gemm",512,131072,0,128,0,112,"TCP_TCP_TA_ADDR_STALL_CYCLES",125616.000000,1008403596038768,1008403596089688
80,80,"Agent 1",1,43930,43930,32768,1,"gemm",512,131072,0,128,0,112,"SQ_INSTS_VMEM_WR",32768.000000,1008403596186569,1008403596237690
80,80,"Agent 1",1,43930,43930,32768,1,"gemm",512,131072,0,128,0,112,"SQ_VMEM_TA_CMD_FIFO_FULL",596749.000000,1008403596186569,1008403596237690
80,80,"Agent 1",1,43930,43930,32768,1,"gemm",512,131072,0,128,0,112,"TCC_WRITE_SECTORS",524288.000000,1008403596186569,1008403596237690
80,80,"Agent 1",1,43930,43930,32768,1,"gemm",512,131072,0,128,0,112,"TCP_TCP_TA_DATA_STALL_CYCLES",925.000000,1008403596186569,1008403596237690
80,80,"Agent 1",1,43930,43930,32768,1,"gemm",512,131072,0,128,0,112,"TCP_TCP_TA_ADDR_STALL_CYCLES",132263.000000,1008403596186569,1008403596237690
81,81,"Agent 1",1,43930,43930,32768,1,"gemm",512,131072,0,128,0,112,"SQ_INSTS_VMEM_WR",32768.000000,1008403596338090,1008403596389971
81,81,"Agent 1",1,43930,43930,32768,1,"gemm",512,131072,0,128,0,112,"SQ_VMEM_TA_CMD_FIFO_FULL",598513.000000,1008403596338090,1008403596389971
81,81,"Agent 1",1,43930,43930,32768,1,"gemm",512,131072,0,128,0,112,"TCC_WRITE_SECTORS",524288.000000,1008403596338090,1008403596389971
81,81,"Agent 1",1,43930,43930,32768,1,"gemm",512,131072,0,128,0,112,"TCP_TCP_TA_DATA_STALL_CYCLES",942.000000,1008403596338090,1008403596389971
81,81,"Agent 1",1,43930,43930,32768,1,"gemm",512,131072,0,128,0,112,"TCP_TCP_TA_ADDR_STALL_CYCLES",133711.000000,1008403596338090,1008403596389971
82,82,"Agent 1",1,43930,43930,32768,1,"gemm",512,131072,0,128,0,112,"SQ_INSTS_VMEM_WR",32768.000000,1008403596493332,1008403596544452
82,82,"Agent 1",1,43930,43930,32768,1,"gemm",512,131072,0,128,0,112,"SQ_VMEM_TA_CMD_FIFO_FULL",593649.000000,1008403596493332,1008403596544452
82,82,"Agent 1",1,43930,43930,32768,1,"gemm",512,131072,0,128,0,112,"TCC_WRITE_SECTORS",524288.000000,1008403596493332,1008403596544452
82,82,"Agent 1",1,43930,43930,32768,1,"gemm",512,131072,0,128,0,112,"TCP_TCP_TA_DATA_STALL_CYCLES",924.000000,1008403596493332,1008403596544452
82,82,"Agent 1",1,43930,43930,32768,1,"gemm",512,131072,0,128,0,112,"TCP_TCP_TA_ADDR_STALL_CYCLES",132161.000000,1008403596493332,1008403596544452
83,83,"Agent 1",1,43930,43930,32768,1,"gemm",512,131072,0,128,0,112,"SQ_INSTS_VMEM_WR",32768.000000,1008403596642573,1008403596693534
83,83,"Agent 1",1,43930,43930,32768,1,"gemm",512,131072,0,128,0,112,"SQ_VMEM_TA_CMD_FIFO_FULL",600557.000000,1008403596642573,1008403596693534
83,83,"Agent 1",1,43930,43930,32768,1,"gemm",512,131072,0,128,0,112,"TCC_WRITE_SECTORS",524288.000000,1008403596642573,1008403596693534
83,83,"Agent 1",1,43930,43930,32768,1,"gemm",512,131072,0,128,0,112,"TCP_TCP_TA_DATA_STALL_CYCLES",935.000000,1008403596642573,1008403596693534
83,83,"Agent 1",1,43930,43930,32768,1,"gemm",512,131072,0,128,0,112,"TCP_TCP_TA_ADDR_STALL_CYCLES",132148.000000,1008403596642573,1008403596693534
84,84,"Agent 1",1,43930,43930,32768,1,"gemm",512,131072,0,128,0,112,"SQ_INSTS_VMEM_WR",32768.000000,1008403596789895,1008403596840975
84,84,"Agent 1",1,43930,43930,32768,1,"gemm",512,131072,0,128,0,112,"SQ_VMEM_TA_CMD_FIFO_FULL",608543.000000,1008403596789895,1008403596840975
84,84,"Agent 1",1,43930,43930,32768,1,"gemm",512,131072,0,128,0,112,"TCC_WRITE_SECTORS",524288.000000,1008403596789895,1008403596840975
84,84,"Agent 1",1,43930,43930,32768,1,"gemm",512,131072,0,128,0,112,"TCP_TCP_TA_DATA_STALL_CYCLES",917.000000,1008403596789895,1008403596840975
84,84,"Agent 1",1,43930,43930,32768,1,"gemm",512,131072,0,128,0,112,"TCP_TCP_TA_ADDR_STALL_CYCLES",130487.000000,1008403596789895,1008403596840975
85,85,"Agent 1",1,43930,43930,32768,1,"gemm",512,131072,0,128,0,112,"SQ_INSTS_VMEM_WR",32768.000000,1008403596939016,1008403596990896
85,85,"Agent 1",1,43930,43930,32768,1,"gemm",512,131072,0,128,0,112,"SQ_VMEM_TA_CMD_FIFO_FULL",593799.000000,1008403596939016,1008403596990896
85,85,"Agent 1",1,43930,43930,32768,1,"gemm",512,131072,0,128,0,112,"TCC_WRITE_SECTORS",524288.000000,1008403596939016,1008403596990896
85,85,"Agent 1",1,43930,43930,32768,1,"gemm",512,131072,0,128,0,112,"TCP_TCP_TA_DATA_STALL_CYCLES",931.000000,1008403596939016,1008403596990896
85,85,"Agent 1",1,43930,43930,32768,1,"gemm",512,131072,0,128,0,112,"TCP_TCP_TA_ADDR_STALL_CYCLES",122930.000000,1008403596939016,1008403596990896
86,86,"Agent 1",1,43930,43930,32768,1,"gemm",512,131072,0,128,0,112,"SQ_INSTS_VMEM_WR",32768.000000,1008403597088657,1008403597139818
86,86,"Agent 1",1,43930,43930,32768,1,"gemm",512,131072,0,128,0,112,"SQ_VMEM_TA_CMD_FIFO_FULL",597726.000000,1008403597088657,1008403597139818
86,86,"Agent 1",1,43930,43930,32768,1,"gemm",512,131072,0,128,0,112,"TCC_WRITE_SECTORS",524288.000000,1008403597088657,1008403597139818
86,86,"Agent 1",1,43930,43930,32768,1,"gemm",512,131072,0,128,0,112,"TCP_TCP_TA_DATA_STALL_CYCLES",917.000000,1008403597088657,1008403597139818
86,86,"Agent 1",1,43930,43930,32768,1,"gemm",512,131072,0,128,0,112,"TCP_TCP_TA_ADDR_STALL_CYCLES",127978.000000,1008403597088657,1008403597139818
87,87,"Agent 1",1,43930,43930,32768,1,"gemm",512,131072,0,128,0,112,"SQ_INSTS_VMEM_WR",32768.000000,1008403597239699,1008403597290619
87,87,"Agent 1",1,43930,43930,32768,1,"gemm",512,131072,0,128,0,112,"SQ_VMEM_TA_CMD_FIFO_FULL",591951.000000,1008403597239699,1008403597290619
87,87,"Agent 1",1,43930,43930,32768,1,"gemm",512,131072,0,128,0,112,"TCC_WRITE_SECTORS",524288.000000,1008403597239699,1008403597290619
87,87,"Agent 1",1,43930,43930,32768,1,"gemm",512,131072,0,128,0,112,"TCP_TCP_TA_DATA_STALL_CYCLES",935.000000,1008403597239699,1008403597290619
87,87,"Agent 1",1,43930,43930,32768,1,"gemm",512,131072,0,128,0,112,"TCP_TCP_TA_ADDR_STALL_CYCLES",128383.000000,1008403597239699,1008403597290619
88,88,"Agent 1",1,43930,43930,32768,1,"gemm",512,131072,0,128,0,112,"SQ_INSTS_VMEM_WR",32768.000000,1008403597390500,1008403597441500
88,88,"Agent 1",1,43930,43930,32768,1,"gemm",512,131072,0,128,0,112,"SQ_VMEM_TA_CMD_FIFO_FULL",600324.000000,1008403597390500,1008403597441500
88,88,"Agent 1",1,43930,43930,32768,1,"gemm",512,131072,0,128,0,112,"TCC_WRITE_SECTORS",524288.000000,1008403597390500,1008403597441500
88,88,"Agent 1",1,43930,43930,32768,1,"gemm",512,131072,0,128,0,112,"TCP_TCP_TA_DATA_STALL_CYCLES",928.000000,1008403597390500,1008403597441500
88,88,"Agent 1",1,43930,43930,32768,1,"gemm",512,131072,0,128,0,112,"TCP_TCP_TA_ADDR_STALL_CYCLES",126943.000000,1008403597390500,1008403597441500
89,89,"Agent 1",1,43930,43930,32768,1,"gemm",512,131072,0,128,0,112,"SQ_INSTS_VMEM_WR",32768.000000,1008403597538741,1008403597590662
89,89,"Agent 1",1,43930,43930,32768,1,"gemm",512,131072,0,128,0,112,"SQ_VMEM_TA_CMD_FIFO_FULL",582065.000000,1008403597538741,1008403597590662
89,89,"Agent 1",1,43930,43930,32768,1,"gemm",512,131072,0,128,0,112,"TCC_WRITE_SECTORS",524288.000000,1008403597538741,1008403597590662
89,89,"Agent 1",1,43930,43930,32768,1,"gemm",512,131072,0,128,0,112,"TCP_TCP_TA_DATA_STALL_CYCLES",968.000000,1008403597538741,1008403597590662
89,89,"Agent 1",1,43930,43930,32768,1,"gemm",512,131072,0,128,0,112,"TCP_TCP_TA_ADDR_STALL_CYCLES",120735.000000,1008403597538741,1008403597590662
90,90,"Agent 1",1,43930,43930,32768,1,"gemm",512,131072,0,128,0,112,"SQ_INSTS_VMEM_WR",32768.000000,1008403597687863,1008403597738903
90,90,"Agent 1",1,43930,43930,32768,1,"gemm",512,131072,0,128,0,112,"SQ_VMEM_TA_CMD_FIFO_FULL",592317.000000,1008403597687863,1008403597738903
90,90,"Agent 1",1,43930,43930,32768,1,"gemm",512,131072,0,128,0,112,"TCC_WRITE_SECTORS",524288.000000,1008403597687863,1008403597738903
90,90,"Agent 1",1,43930,43930,32768,1,"gemm",512,131072,0,128,0,112,"TCP_TCP_TA_DATA_STALL_CYCLES",966.000000,1008403597687863,1008403597738903
90,90,"Agent 1",1,43930,43930,32768,1,"gemm",512,131072,0,128,0,112,"TCP_TCP_TA_ADDR_STALL_CYCLES",127064.000000,1008403597687863,1008403597738903
91,91,"Agent 1",1,43930,43930,32768,1,"gemm",512,131072,0,128,0,112,"SQ_INSTS_VMEM_WR",32768.000000,1008403597841224,1008403597892064
91,91,"Agent 1",1,43930,43930,32768,1,"gemm",512,131072,0,128,0,112,"SQ_VMEM_TA_CMD_FIFO_FULL",601540.000000,1008403597841224,1008403597892064
91,91,"Agent 1",1,43930,43930,32768,1,"gemm",512,131072,0,128,0,112,"TCC_WRITE_SECTORS",524288.000000,1008403597841224,1008403597892064
91,91,"Agent 1",1,43930,43930,32768,1,"gemm",512,131072,0,128,0,112,"TCP_TCP_TA_DATA_STALL_CYCLES",924.000000,1008403597841224,1008403597892064
91,91,"Agent 1",1,43930,43930,32768,1,"gemm",512,131072,0,128,0,112,"TCP_TCP_TA_ADDR_STALL_CYCLES",133855.000000,1008403597841224,1008403597892064
92,92,"Agent 1",1,43930,43930,32768,1,"gemm",512,131072,0,128,0,112,"SQ_INSTS_VMEM_WR",32768.000000,1008403597989745,1008403598040786
92,92,"Agent 1",1,43930,43930,32768,1,"gemm",512,131072,0,128,0,112,"SQ_VMEM_TA_CMD_FIFO_FULL",593468.000000,1008403597989745,1008403598040786
92,92,"Agent 1",1,43930,43930,32768,1,"gemm",512,131072,0,128,0,112,"TCC_WRITE_SECTORS",524288.000000,1008403597989745,1008403598040786
92,92,"Agent 1",1,43930,43930,32768,1,"gemm",512,131072,0,128,0,112,"TCP_TCP_TA_DATA_STALL_CYCLES",950.000000,1008403597989745,1008403598040786
92,92,"Agent 1",1,43930,43930,32768,1,"gemm",512,131072,0,128,0,112,"TCP_TCP_TA_ADDR_STALL_CYCLES",131646.000000,1008403597989745,1008403598040786
93,93,"Agent 1",1,43930,43930,32768,1,"gemm",512,131072,0,128,0,112,"SQ_INSTS_VMEM_WR",32768.000000,1008403598138187,1008403598189907
93,93,"Agent 1",1,43930,43930,32768,1,"gemm",512,131072,0,128,0,112,"SQ_VMEM_TA_CMD_FIFO_FULL",592781.000000,1008403598138187,1008403598189907
93,93,"Agent 1",1,43930,43930,32768,1,"gemm",512,131072,0,128,0,112,"TCC_WRITE_SECTORS",524288.000000,1008403598138187,1008403598189907
93,93,"Agent 1",1,43930,43930,32768,1,"gemm",512,131072,0,128,0,112,"TCP_TCP_TA_DATA_STALL_CYCLES",928.000000,1008403598138187,1008403598189907
93,93,"Agent 1",1,43930,43930,32768,1,"gemm",512,131072,0,128,0,112,"TCP_TCP_TA_ADDR_STALL_CYCLES",126925.000000,1008403598138187,1008403598189907
94,94,"Agent 1",1,43930,43930,32768,1,"gemm",512,131072,0,128,0,112,"SQ_INSTS_VMEM_WR",32768.000000,1008403598287828,1008403598338908
94,94,"Agent 1",1,43930,43930,32768,1,"gemm",512,131072,0,128,0,112,"SQ_VMEM_TA_CMD_FIFO_FULL",603657.000000,1008403598287828,1008403598338908
94,94,"Agent 1",1,43930,43930,32768,1,"gemm",512,131072,0,128,0,112,"TCC_WRITE_SECTORS",524288.000000,1008403598287828,1008403598338908
94,94,"Agent 1",1,43930,43930,32768,1,"gemm",512,131072,0,128,0,112,"TCP_TCP_TA_DATA_STALL_CYCLES",924.000000,1008403598287828,1008403598338908
94,94,"Agent 1",1,43930,43930,32768,1,"gemm",512,131072,0,128,0,112,"TCP_TCP_TA_ADDR_STALL_CYCLES",132257.000000,1008403598287828,1008403598338908
95,95,"Agent 1",1,43930,43930,32768,1,"gemm",512,131072,0,128,0,112,"SQ_INSTS_VMEM_WR",32768.000000,1008403598441629,1008403598492510
95,95,"Agent 1",1,43930,43930,32768,1,"gemm",512,131072,0,128,0,112,"SQ_VMEM_TA_CMD_FIFO_FULL",596597.000000,1008403598441629,1008403598492510
95,95,"Agent 1",1,43930,43930,32768,1,"gemm",512,131072,0,128,0,112,"TCC_WRITE_SECTORS",524288.000000,1008403598441629,1008403598492510
95,95,"Agent 1",1,43930,43930,32768,1,"gemm",512,131072,0,128,0,112,"TCP_TCP_TA_DATA_STALL_CYCLES",935.000000,1008403598441629,1008403598492510
95,95,"Agent 1",1,43930,43930,32768,1,"gemm",512,131072,0,128,0,112,"TCP_TCP_TA_ADDR_STALL_CYCLES",130182.000000,1008403598441629,1008403598492510
96,96,"Agent 1",1,43930,43930,32768,1,"gemm",512,131072,0,128,0,112,"SQ_INSTS_VMEM_WR",32768.000000,1008403598596951,1008403598647951
96,96,"Agent 1",1,43930,43930,32768,1,"gemm",512,131072,0,128,0,112,"SQ_VMEM_TA_CMD_FIFO_FULL",608894.000000,1008403598596951,1008403598647951
96,96,"Agent 1",1,43930,43930,32768,1,"gemm",512,131072,0,128,0,112,"TCC_WRITE_SECTORS",524288.000000,1008403598596951,1008403598647951
96,96,"Agent 1",1,43930,43930,32768,1,"gemm",512,131072,0,128,0,112,"TCP_TCP_TA_DATA_STALL_CYCLES",924.000000,1008403598596951,1008403598647951
96,96,"Agent 1",1,43930,43930,32768,1,"gemm",512,131072,0,128,0,112,"TCP_TCP_TA_ADDR_STALL_CYCLES",133388.000000,1008403598596951,1008403598647951
97,97,"Agent 1",1,43930,43930,32768,1,"gemm",512,131072,0,128,0,112,"SQ_INSTS_VMEM_WR",32768.000000,1008403598743752,1008403598795753
97,97,"Agent 1",1,43930,43930,32768,1,"gemm",512,131072,0,128,0,112,"SQ_VMEM_TA_CMD_FIFO_FULL",591951.000000,1008403598743752,1008403598795753
97,97,"Agent 1",1,43930,43930,32768,1,"gemm",512,131072,0,128,0,112,"TCC_WRITE_SECTORS",524288.000000,1008403598743752,1008403598795753
97,97,"Agent 1",1,43930,43930,32768,1,"gemm",512,131072,0,128,0,112,"TCP_TCP_TA_DATA_STALL_CYCLES",961.000000,1008403598743752,1008403598795753
97,97,"Agent 1",1,43930,43930,32768,1,"gemm",512,131072,0,128,0,112,"TCP_TCP_TA_ADDR_STALL_CYCLES",126765.000000,1008403598743752,1008403598795753
98,98,"Agent 1",1,43930,43930,32768,1,"gemm",512,131072,0,128,0,112,"SQ_INSTS_VMEM_WR",32768.000000,1008403598900433,1008403598951594
98,98,"Agent 1",1,43930,43930,32768,1,"gemm",512,131072,0,128,0,112,"SQ_VMEM_TA_CMD_FIFO_FULL",588813.000000,1008403598900433,1008403598951594
98,98,"Agent 1",1,43930,43930,32768,1,"gemm",512,131072,0,128,0,112,"TCC_WRITE_SECTORS",524288.000000,1008403598900433,1008403598951594
98,98,"Agent 1",1,43930,43930,32768,1,"gemm",512,131072,0,128,0,112,"TCP_TCP_TA_DATA_STALL_CYCLES",998.000000,1008403598900433,1008403598951594
98,98,"Agent 1",1,43930,43930,32768,1,"gemm",512,131072,0,128,0,112,"TCP_TCP_TA_ADDR_STALL_CYCLES",131988.000000,1008403598900433,1008403598951594
99,99,"Agent 1",1,43930,43930,32768,1,"gemm",512,131072,0,128,0,112,"SQ_INSTS_VMEM_WR",32768.000000,1008403599053475,1008403599104395
99,99,"Agent 1",1,43930,43930,32768,1,"gemm",512,131072,0,128,0,112,"SQ_VMEM_TA_CMD_FIFO_FULL",598412.000000,1008403599053475,1008403599104395
99,99,"Agent 1",1,43930,43930,32768,1,"gemm",512,131072,0,128,0,112,"TCC_WRITE_SECTORS",524288.000000,1008403599053475,1008403599104395
99,99,"Agent 1",1,43930,43930,32768,1,"gemm",512,131072,0,128,0,112,"TCP_TCP_TA_DATA_STALL_CYCLES",928.000000,1008403599053475,1008403599104395
99,99,"Agent 1",1,43930,43930,32768,1,"gemm",512,131072,0,128,0,112,"TCP_TCP_TA_ADDR_STALL_CYCLES",131762.000000,1008403599053475,1008403599104395
100,100,"Agent 1",1,43930,43930,32768,1,"gemm",512,131072,0,128,0,112,"SQ_INSTS_VMEM_WR",32768.000000,1008403599202916,1008403599253997
100,100,"Agent 1",1,43930,43930,32768,1,"gemm",512,131072,0,128,0,112,"SQ_VMEM_TA_CMD_FIFO_FULL",600360.000000,1008403599202916,1008403599253997
100,100,"Agent 1",1,43930,43930,32768,1,"gemm",512,131072,0,128,0,112,"TCC_WRITE_SECTORS",524288.000000,1008403599202916,1008403599253997
100,100,"Agent 1",1,43930,43930,32768,1,"gemm",512,131072,0,128,0,112,"TCP_TCP_TA_DATA_STALL_CYCLES",938.000000,1008403599202916,1008403599253997
100,100,"Agent 1",1,43930,43930,32768,1,"gemm",512,131072,0,128,0,112,"TCP_TCP_TA_ADDR_STALL_CYCLES",128827.000000,1008403599202916,1008403599253997
101,101,"Agent 1",1,43930,43930,32768,1,"gemm",512,131072,0,128,0,112,"SQ_INSTS_VMEM_WR",32768.000000,1008403599350638,1008403599402558
101,101,"Agent 1",1,43930,43930,32768,1,"gemm",512,131072,0,128,0,112,"SQ_VMEM_TA_CMD_FIFO_FULL",599751.000000,1008403599350638,1008403599402558
101,101,"Agent 1",1,43930,43930,32768,1,"gemm",512,131072,0,128,0,112,"TCC_WRITE_SECTORS",524288.000000,1008403599350638,1008403599402558
101,101,"Agent 1",1,43930,43930,32768,1,"gemm",512,131072,0,128,0,112,"TCP_TCP_TA_DATA_STALL_CYCLES",924.000000,1008403599350638,1008403599402558
101,101,"Agent 1",1,43930,43930,32768,1,"gemm",512,131072,0,128,0,112,"TCP_TCP_TA_ADDR_STALL_CYCLES",125542.000000,1008403599350638,1008403599402558
102,102,"Agent 1",1,43930,43930,32768,1,"gemm",512,131072,0,128,0,112,"SQ_INSTS_VMEM_WR",32768.000000,1008403599500999,1008403599552079
102,102,"Agent 1",1,43930,43930,32768,1,"gemm",512,131072,0,128,0,112,"SQ_VMEM_TA_CMD_FIFO_FULL",592405.000000,1008403599500999,1008403599552079
102,102,"Agent 1",1,43930,43930,32768,1,"gemm",512,131072,0,128,0,112,"TCC_WRITE_SECTORS",524288.000000,1008403599500999,1008403599552079
102,102,"Agent 1",1,43930,43930,32768,1,"gemm",512,131072,0,128,0,112,"TCP_TCP_TA_DATA_STALL_CYCLES",977.000000,1008403599500999,1008403599552079
102,102,"Agent 1",1,43930,43930,32768,1,"gemm",512,131072,0,128,0,112,"TCP_TCP_TA_ADDR_STALL_CYCLES",127000.000000,1008403599500999,1008403599552079
103,103,"Agent 1",1,43930,43930,32768,1,"gemm",512,131072,0,128,0,112,"SQ_INSTS_VMEM_WR",32768.000000,1008403599647800,1008403599698601
103,103,"Agent 1",1,43930,43930,32768,1,"gemm",512,131072,0,128,0,112,"SQ_VMEM_TA_CMD_FIFO_FULL",607311.000000,1008403599647800,1008403599698601
103,103,"Agent 1",1,43930,43930,32768,1,"gemm",512,131072,0,128,0,112,"TCC_WRITE_SECTORS",524288.000000,1008403599647800,1008403599698601
103,103,"Agent 1",1,43930,43930,32768,1,"gemm",512,131072,0,128,0,112,"TCP_TCP_TA_DATA_STALL_CYCLES",924.000000,1008403599647800,1008403599698601
103,103,"Agent 1",1,43930,43930,32768,1,"gemm",512,131072,0,128,0,112,"TCP_TCP_TA_ADDR_STALL_CYCLES",131855.000000,1008403599647800,1008403599698601
104,104,"Agent 1",1,43930,43930,32768,1,"gemm",512,131072,0,128,0,112,"SQ_INSTS_VMEM_WR",32768.000000,1008403599795762,1008403599846682
104,104,"Agent 1",1,43930,43930,32768,1,"gemm",512,131072,0,128,0,112,"SQ_VMEM_TA_CMD_FIFO_FULL",602704.000000,1008403599795762,1008403599846682
104,104,"Agent 1",1,43930,43930,32768,1,"gemm",512,131072,0,128,0,112,"TCC_WRITE_SECTORS",524288.000000,1008403599795762,1008403599846682
104,104,"Agent 1",1,43930,43930,32768,1,"gemm",512,131072,0,128,0,112,"TCP_TCP_TA_DATA_STALL_CYCLES",952.000000,1008403599795762,1008403599846682
104,104,"Agent 1",1,43930,43930,32768,1,"gemm",512,131072,0,128,0,112,"TCP_TCP_TA_ADDR_STALL_CYCLES",135287.000000,1008403599795762,1008403599846682
105,105,"Agent 1",1,43930,43930,32768,1,"gemm",512,131072,0,128,0,112,"SQ_INSTS_VMEM_WR",32768.000000,1008403599941803,1008403599993683
105,105,"Agent 1",1,43930,43930,32768,1,"gemm",512,131072,0,128,0,112,"SQ_VMEM_TA_CMD_FIFO_FULL",596566.000000,1008403599941803,1008403599993683
105,105,"Agent 1",1,43930,43930,32768,1,"gemm",512,131072,0,128,0,112,"TCC_WRITE_SECTORS",524288.000000,1008403599941803,1008403599993683
105,105,"Agent 1",1,43930,43930,32768,1,"gemm",512,131072,0,128,0,112,"TCP_TCP_TA_DATA_STALL_CYCLES",953.000000,1008403599941803,1008403599993683
105,105,"Agent 1",1,43930,43930,32768,1,"gemm",512,131072,0,128,0,112,"TCP_TCP_TA_ADDR_STALL_CYCLES",129161.000000,1008403599941803,1008403599993683
106,106,"Agent 1",1,43930,43930,32768,1,"gemm",512,131072,0,128,0,112,"SQ_INSTS_VMEM_WR",32768.000000,1008403600092284,1008403600143285
106,106,"Agent 1",1,43930,43930,32768,1,"gemm",512,131072,0,128,0,112,"SQ_VMEM_TA_CMD_FIFO_FULL",606096.000000,1008403600092284,1008403600143285
106,106,"Agent 1",1,43930,43930,32768,1,"gemm",512,131072,0,128,0,112,"TCC_WRITE_SECTORS",524288.000000,1008403600092284,1008403600143285
106,106,"Agent 1",1,43930,43930,32768,1,"gemm",512,131072,0,128,0,112,"TCP_TCP_TA_DATA_STALL_CYCLES",935.000000,1008403600092284,1008403600143285
106,106,"Agent 1",1,43930,43930,32768,1,"gemm",512,131072,0,128,0,112,"TCP_TCP_TA_ADDR_STALL_CYCLES",135440.000000,1008403600092284,1008403600143285
107,107,"Agent 1",1,43930,43930,32768,1,"gemm",512,131072,0,128,0,112,"SQ_INSTS_VMEM_WR",32768.000000,1008403600239886,1008403600291006
107,107,"Agent 1",1,43930,43930,32768,1,"gemm",512,131072,0,128,0,112,"SQ_VMEM_TA_CMD_FIFO_FULL",603080.000000,1008403600239886,1008403600291006
107,107,"Agent 1",1,43930,43930,32768,1,"gemm",512,131072,0,128,0,112,"TCC_WRITE_SECTORS",524288.000000,1008403600239886,1008403600291006
107,107,"Agent 1",1,43930,43930,32768,1,"gemm",512,131072,0,128,0,112,"TCP_TCP_TA_DATA_STALL_CYCLES",933.000000,1008403600239886,1008403600291006
107,107,"Agent 1",1,43930,43930,32768,1,"gemm",512,131072,0,128,0,112,"TCP_TCP_TA_ADDR_STALL_CYCLES",132467.000000,1008403600239886,1008403600291006
108,108,"Agent 1",1,43930,43930,32768,1,"gemm",512,131072,0,128,0,112,"SQ_INSTS_VMEM_WR",32768.000000,1008403600388727,1008403600439727
108,108,"Agent 1",1,43930,43930,32768,1,"gemm",512,131072,0,128,0,112,"SQ_VMEM_TA_CMD_FIFO_FULL",608001.000000,1008403600388727,1008403600439727
108,108,"Agent 1",1,43930,43930,32768,1,"gemm",512,131072,0,128,0,112,"TCC_WRITE_SECTORS",524288.000000,1008403600388727,1008403600439727
108,108,"Agent 1",1,43930,43930,32768,1,"gemm",512,131072,0,128,0,112,"TCP_TCP_TA_DATA_STALL_CYCLES",968.000000,1008403600388727,1008403600439727
108,108,"Agent 1",1,43930,43930,32768,1,"gemm",512,131072,0,128,0,112,"TCP_TCP_TA_ADDR_STALL_CYCLES",132794.000000,1008403600388727,1008403600439727
109,109,"Agent 1",1,43930,43930,32768,1,"gemm",512,131072,0,128,0,112,"SQ_INSTS_VMEM_WR",32768.000000,1008403600538648,1008403600590409
109,109,"Agent 1",1,43930,43930,32768,1,"gemm",512,131072,0,128,0,112,"SQ_VMEM_TA_CMD_FIFO_FULL",584874.000000,1008403600538648,1008403600590409
109,109,"Agent 1",1,43930,43930,32768,1,"gemm",512,131072,0,128,0,112,"TCC_WRITE_SECTORS",524288.000000,1008403600538648,1008403600590409
109,109,"Agent 1",1,43930,43930,32768,1,"gemm",512,131072,0,128,0,112,"TCP_TCP_TA_DATA_STALL_CYCLES",921.000000,1008403600538648,1008403600590409
109,109,"Agent 1",1,43930,43930,32768,1,"gemm",512,131072,0,128,0,112,"TCP_TCP_TA_ADDR_STALL_CYCLES",126179.000000,1008403600538648,1008403600590409
110,110,"Agent 1",1,43930,43930,32768,1,"gemm",512,131072,0,128,0,112,"SQ_INSTS_VMEM_WR",32768.000000,1008403600688530,1008403600739450
110,110,"Agent 1",1,43930,43930,32768,1,"gemm",512,131072,0,128,0,112,"SQ_VMEM_TA_CMD_FIFO_FULL",592451.000000,1008403600688530,1008403600739450
110,110,"Agent 1",1,43930,43930,32768,1,"gemm",512,131072,0,128,0,112,"TCC_WRITE_SECTORS",524288.000000,1008403600688530,1008403600739450
110,110,"Agent 1",1,43930,43930,32768,1,"gemm",512,131072,0,128,0,112,"TCP_TCP_TA_DATA_STALL_CYCLES",928.000000,1008403600688530,1008403600739450
110,110,"Agent 1",1,43930,43930,32768,1,"gemm",512,131072,0,128,0,112,"TCP_TCP_TA_ADDR_STALL_CYCLES",130608.000000,1008403600688530,1008403600739450
111,111,"Agent 1",1,43930,43930,32768,1,"gemm",512,131072,0,128,0,112,"SQ_INSTS_VMEM_WR",32768.000000,1008403600840051,1008403600890811
111,111,"Agent 1",1,43930,43930,32768,1,"gemm",512,131072,0,128,0,112,"SQ_VMEM_TA_CMD_FIFO_FULL",586897.000000,1008403600840051,1008403600890811
111,111,"Agent 1",1,43930,43930,32768,1,"gemm",512,131072,0,128,0,112,"TCC_WRITE_SECTORS",524288.000000,1008403600840051,1008403600890811
111,111,"Agent 1",1,43930,43930,32768,1,"gemm",512,131072,0,128,0,112,"TCP_TCP_TA_DATA_STALL_CYCLES",949.000000,1008403600840051,1008403600890811
111,111,"Agent 1",1,43930,43930,32768,1,"gemm",512,131072,0,128,0,112,"TCP_TCP_TA_ADDR_STALL_CYCLES",129304.000000,1008403600840051,1008403600890811
112,112,"Agent 1",1,43930,43930,32768,1,"gemm",512,131072,0,128,0,112,"SQ_INSTS_VMEM_WR",32768.000000,1008403600986572,1008403601037613
112,112,"Agent 1",1,43930,43930,32768,1,"gemm",512,131072,0,128,0,112,"SQ_VMEM_TA_CMD_FIFO_FULL",606199.000000,1008403600986572,1008403601037613
112,112,"Agent 1",1,43930,43930,32768,1,"gemm",512,131072,0,128,0,112,"TCC_WRITE_SECTORS",524288.000000,1008403600986572,1008403601037613
112,112,"Agent 1",1,43930,43930,32768,1,"gemm",512,131072,0,128,0,112,"TCP_TCP_TA_DATA_STALL_CYCLES",974.000000,1008403600986572,1008403601037613
112,112,"Agent 1",1,43930,43930,32768,1,"gemm",512,131072,0,128,0,112,"TCP_TCP_TA_ADDR_STALL_CYCLES",127962.000000,1008403600986572,1008403601037613
113,113,"Agent 1",1,43930,43930,32768,1,"gemm",512,131072,0,128,0,112,"SQ_INSTS_VMEM_WR",32768.000000,1008403601138494,1008403601190414
113,113,"Agent 1",1,43930,43930,32768,1,"gemm",512,131072,0,128,0,112,"SQ_VMEM_TA_CMD_FIFO_FULL",600185.000000,1008403601138494,1008403601190414
113,113,"Agent 1",1,43930,43930,32768,1,"gemm",512,131072,0,128,0,112,"TCC_WRITE_SECTORS",524288.000000,1008403601138494,1008403601190414
113,113,"Agent 1",1,43930,43930,32768,1,"gemm",512,131072,0,128,0,112,"TCP_TCP_TA_DATA_STALL_CYCLES",938.000000,1008403601138494,1008403601190414
113,113,"Agent 1",1,43930,43930,32768,1,"gemm",512,131072,0,128,0,112,"TCP_TCP_TA_ADDR_STALL_CYCLES",128434.000000,1008403601138494,1008403601190414
114,114,"Agent 1",1,43930,43930,32768,1,"gemm",512,131072,0,128,0,112,"SQ_INSTS_VMEM_WR",32768.000000,1008403601289015,1008403601340055
114,114,"Agent 1",1,43930,43930,32768,1,"gemm",512,131072,0,128,0,112,"SQ_VMEM_TA_CMD_FIFO_FULL",592000.000000,1008403601289015,1008403601340055
114,114,"Agent 1",1,43930,43930,32768,1,"gemm",512,131072,0,128,0,112,"TCC_WRITE_SECTORS",524288.000000,1008403601289015,1008403601340055
114,114,"Agent 1",1,43930,43930,32768,1,"gemm",512,131072,0,128,0,112,"TCP_TCP_TA_DATA_STALL_CYCLES",1002.000000,1008403601289015,1008403601340055
114,114,"Agent 1",1,43930,43930,32768,1,"gemm",512,131072,0,128,0,112,"TCP_TCP_TA_ADDR_STALL_CYCLES",123911.000000,1008403601289015,1008403601340055
115,115,"Agent 1",1,43930,43930,32768,1,"gemm",512,131072,0,128,0,112,"SQ_INSTS_VMEM_WR",32768.000000,1008403601446536,1008403601497497
115,115,"Agent 1",1,43930,43930,32768,1,"gemm",512,131072,0,128,0,112,"SQ_VMEM_TA_CMD_FIFO_FULL",591683.000000,1008403601446536,1008403601497497
115,115,"Agent 1",1,43930,43930,32768,1,"gemm",512,131072,0,128,0,112,"TCC_WRITE_SECTORS",524288.000000,1008403601446536,1008403601497497
115,115,"Agent 1",1,43930,43930,32768,1,"gemm",512,131072,0,128,0,112,"TCP_TCP_TA_DATA_STALL_CYCLES",935.000000,1008403601446536,1008403601497497
115,115,"Agent 1",1,43930,43930,32768,1,"gemm",512,131072,0,128,0,112,"TCP_TCP_TA_ADDR_STALL_CYCLES",129491.000000,1008403601446536,1008403601497497
116,116,"Agent 1",1,43930,43930,32768,1,"gemm",512,131072,0,128,0,112,"SQ_INSTS_VMEM_WR",32768.000000,1008403601596898,1008403601647978
116,116,"Agent 1",1,43930,43930,32768,1,"gemm",512,131072,0,128,0,112,"SQ_VMEM_TA_CMD_FIFO_FULL",602831.000000,1008403601596898,1008403601647978
116,116,"Agent 1",1,43930,43930,32768,1,"gemm",512,131072,0,128,0,112,"TCC_WRITE_SECTORS",524288.000000,1008403601596898,1008403601647978
116,116,"Agent 1",1,43930,43930,32768,1,"gemm",512,131072,0,128,0,112,"TCP_TCP_TA_DATA_STALL_CYCLES",963.000000,1008403601596898,1008403601647978
116,116,"Agent 1",1,43930,43930,32768,1,"gemm",512,131072,0,128,0,112,"TCP_TCP_TA_ADDR_STALL_CYCLES",132441.000000,1008403601596898,1008403601647978
117,117,"Agent 1",1,43930,43930,32768,1,"gemm",512,131072,0,128,0,112,"SQ_INSTS_VMEM_WR",32768.000000,1008403601747579,1008403601799420
117,117,"Agent 1",1,43930,43930,32768,1,"gemm",512,131072,0,128,0,112,"SQ_VMEM_TA_CMD_FIFO_FULL",595290.000000,1008403601747579,1008403601799420
117,117,"Agent 1",1,43930,43930,32768,1,"gemm",512,131072,0,128,0,112,"TCC_WRITE_SECTORS",524288.000000,1008403601747579,1008403601799420
117,117,"Agent 1",1,43930,43930,32768,1,"gemm",512,131072,0,128,0,112,"TCP_TCP_TA_DATA_STALL_CYCLES",952.000000,1008403601747579,1008403601799420
117,117,"Agent 1",1,43930,43930,32768,1,"gemm",512,131072,0,128,0,112,"TCP_TCP_TA_ADDR_STALL_CYCLES",133289.000000,1008403601747579,1008403601799420
118,118,"Agent 1",1,43930,43930,32768,1,"gemm",512,131072,0,128,0,112,"SQ_INSTS_VMEM_WR",32768.000000,1008403601900340,1008403601951381
118,118,"Agent 1",1,43930,43930,32768,1,"gemm",512,131072,0,128,0,112,"SQ_VMEM_TA_CMD_FIFO_FULL",603193.000000,1008403601900340,1008403601951381
118,118,"Agent 1",1,43930,43930,32768,1,"gemm",512,131072,0,128,0,112,"TCC_WRITE_SECTORS",524288.000000,1008403601900340,1008403601951381
118,118,"Agent 1",1,43930,43930,32768,1,"gemm",512,131072,0,128,0,112,"TCP_TCP_TA_DATA_STALL_CYCLES",970.000000,1008403601900340,1008403601951381
118,118,"Agent 1",1,43930,43930,32768,1,"gemm",512,131072,0,128,0,112,"TCP_TCP_TA_ADDR_STALL_CYCLES",132501.000000,1008403601900340,1008403601951381
119,119,"Agent 1",1,43930,43930,32768,1,"gemm",512,131072,0,128,0,112,"SQ_INSTS_VMEM_WR",32768.000000,1008403602054502,1008403602105502
119,119,"Agent 1",1,43930,43930,32768,1,"gemm",512,131072,0,128,0,112,"SQ_VMEM_TA_CMD_FIFO_FULL",595211.000000,1008403602054502,1008403602105502
119,119,"Agent 1",1,43930,43930,32768,1,"gemm",512,131072,0,128,0,112,"TCC_WRITE_SECTORS",524288.000000,1008403602054502,1008403602105502
119,119,"Agent 1",1,43930,43930,32768,1,"gemm",512,131072,0,128,0,112,"TCP_TCP_TA_DATA_STALL_CYCLES",929.000000,1008403602054502,1008403602105502
119,119,"Agent 1",1,43930,43930,32768,1,"gemm",512,131072,0,128,0,112,"TCP_TCP_TA_ADDR_STALL_CYCLES",139955.000000,1008403602054502,1008403602105502
120,120,"Agent 1",1,43930,43930,32768,1,"gemm",512,131072,0,128,0,112,"SQ_INSTS_VMEM_WR",32768.000000,1008403602207063,1008403602258024
120,120,"Agent 1",1,43930,43930,32768,1,"gemm",512,131072,0,128,0,112,"SQ_VMEM_TA_CMD_FIFO_FULL",610378.000000,1008403602207063,1008403602258024
120,120,"Agent 1",1,43930,43930,32768,1,"gemm",512,131072,0,128,0,112,"TCC_WRITE_SECTORS",524288.000000,1008403602207063,1008403602258024
120,120,"Agent 1",1,43930,43930,32768,1,"gemm",512,131072,0,128,0,112,"TCP_TCP_TA_DATA_STALL_CYCLES",925.000000,1008403602207063,1008403602258024
120,120,"Agent 1",1,43930,43930,32768,1,"gemm",512,131072,0,128,0,112,"TCP_TCP_TA_ADDR_STALL_CYCLES",134645.000000,1008403602207063,1008403602258024
121,121,"Agent 1",1,43930,43930,32768,1,"gemm",512,131072,0,128,0,112,"SQ_INSTS_VMEM_WR",32768.000000,1008403602358905,1008403602410985
121,121,"Agent 1",1,43930,43930,32768,1,"gemm",512,131072,0,128,0,112,"SQ_VMEM_TA_CMD_FIFO_FULL",599811.000000,1008403602358905,1008403602410985
121,121,"Agent 1",1,43930,43930,32768,1,"gemm",512,131072,0,128,0,112,"TCC_WRITE_SECTORS",524288.000000,1008403602358905,1008403602410985
121,121,"Agent 1",1,43930,43930,32768,1,"gemm",512,131072,0,128,0,112,"TCP_TCP_TA_DATA_STALL_CYCLES",917.000000,1008403602358905,1008403602410985
121,121,"Agent 1",1,43930,43930,32768,1,"gemm",512,131072,0,128,0,112,"TCP_TCP_TA_ADDR_STALL_CYCLES",127787.000000,1008403602358905,1008403602410985
122,122,"Agent 1",1,43930,43930,32768,1,"gemm",512,131072,0,128,0,112,"SQ_INSTS_VMEM_WR",32768.000000,1008403602509626,1008403602560746
122,122,"Agent 1",1,43930,43930,32768,1,"gemm",512,131072,0,128,0,112,"SQ_VMEM_TA_CMD_FIFO_FULL",600772.000000,1008403602509626,1008403602560746
122,122,"Agent 1",1,43930,43930,32768,1,"gemm",512,131072,0,128,0,112,"TCC_WRITE_SECTORS",524288.000000,1008403602509626,1008403602560746
122,122,"Agent 1",1,43930,43930,32768,1,"gemm",512,131072,0,128,0,112,"TCP_TCP_TA_DATA_STALL_CYCLES",949.000000,1008403602509626,1008403602560746
122,122,"Agent 1",1,43930,43930,32768,1,"gemm",512,131072,0,128,0,112,"TCP_TCP_TA_ADDR_STALL_CYCLES",130538.000000,1008403602509626,1008403602560746
123,123,"Agent 1",1,43930,43930,32768,1,"gemm",512,131072,0,128,0,112,"SQ_INSTS_VMEM_WR",32768.000000,1008403602664707,1008403602715748
123,123,"Agent 1",1,43930,43930,32768,1,"gemm",512,131072,0,128,0,112,"SQ_VMEM_TA_CMD_FIFO_FULL",603821.000000,1008403602664707,1008403602715748
123,123,"Agent 1",1,43930,43930,32768,1,"gemm",512,131072,0,128,0,112,"TCC_WRITE_SECTORS",524288.000000,1008403602664707,1008403602715748
123,123,"Agent 1",1,43930,43930,32768,1,"gemm",512,131072,0,128,0,112,"TCP_TCP_TA_DATA_STALL_CYCLES",953.000000,1008403602664707,1008403602715748
123,123,"Agent 1",1,43930,43930,32768,1,"gemm",512,131072,0,128,0,112,"TCP_TCP_TA_ADDR_STALL_CYCLES",136906.000000,1008403602664707,1008403602715748
124,124,"Agent 1",1,43930,43930,32768,1,"gemm",512,131072,0,128,0,112,"SQ_INSTS_VMEM_WR",32768.000000,1008403602817389,1008403602868389
124,124,"Agent 1",1,43930,43930,32768,1,"gemm",512,131072,0,128,0,112,"SQ_VMEM_TA_CMD_FIFO_FULL",594658.000000,1008403602817389,1008403602868389
124,124,"Agent 1",1,43930,43930,32768,1,"gemm",512,131072,0,128,0,112,"TCC_WRITE_SECTORS",524288.000000,1008403602817389,1008403602868389
124,124,"Agent 1",1,43930,43930,32768,1,"gemm",512,131072,0,128,0,112,"TCP_TCP_TA_DATA_STALL_CYCLES",935.000000,1008403602817389,1008403602868389
124,124,"Agent 1",1,43930,43930,32768,1,"gemm",512,131072,0,128,0,112,"TCP_TCP_TA_ADDR_STALL_CYCLES",131601.000000,1008403602817389,1008403602868389
125,125,"Agent 1",1,43930,43930,32768,1,"gemm",512,131072,0,128,0,112,"SQ_INSTS_VMEM_WR",32768.000000,1008403602969110,1008403603020950
125,125,"Agent 1",1,43930,43930,32768,1,"gemm",512,131072,0,128,0,112,"SQ_VMEM_TA_CMD_FIFO_FULL",590199.000000,1008403602969110,1008403603020950
125,125,"Agent 1",1,43930,43930,32768,1,"gemm",512,131072,0,128,0,112,"TCC_WRITE_SECTORS",524288.000000,1008403602969110,1008403603020950
125,125,"Agent 1",1,43930,43930,32768,1,"gemm",512,131072,0,128,0,112,"TCP_TCP_TA_DATA_STALL_CYCLES",924.000000,1008403602969110,1008403603020950
125,125,"Agent 1",1,43930,43930,32768,1,"gemm",512,131072,0,128,0,112,"TCP_TCP_TA_ADDR_STALL_CYCLES",128098.000000,1008403602969110,1008403603020950
126,126,"Agent 1",1,43930,43930,32768,1,"gemm",512,131072,0,128,0,112,"SQ_INSTS_VMEM_WR",32768.000000,1008403603125591,1008403603176792
126,126,"Agent 1",1,43930,43930,32768,1,"gemm",512,131072,0,128,0,112,"SQ_VMEM_TA_CMD_FIFO_FULL",595756.000000,1008403603125591,1008403603176792
126,126,"Agent 1",1,43930,43930,32768,1,"gemm",512,131072,0,128,0,112,"TCC_WRITE_SECTORS",524288.000000,1008403603125591,1008403603176792
126,126,"Agent 1",1,43930,43930,32768,1,"gemm",512,131072,0,128,0,112,"TCP_TCP_TA_DATA_STALL_CYCLES",953.000000,1008403603125591,1008403603176792
126,126,"Agent 1",1,43930,43930,32768,1,"gemm",512,131072,0,128,0,112,"TCP_TCP_TA_ADDR_STALL_CYCLES",126595.000000,1008403603125591,1008403603176792
127,127,"Agent 1",1,43930,43930,32768,1,"gemm",512,131072,0,128,0,112,"SQ_INSTS_VMEM_WR",32768.000000,1008403603275513,1008403603326553
127,127,"Agent 1",1,43930,43930,32768,1,"gemm",512,131072,0,128,0,112,"SQ_VMEM_TA_CMD_FIFO_FULL",592487.000000,1008403603275513,1008403603326553
127,127,"Agent 1",1,43930,43930,32768,1,"gemm",512,131072,0,128,0,112,"TCC_WRITE_SECTORS",524288.000000,1008403603275513,1008403603326553
127,127,"Agent 1",1,43930,43930,32768,1,"gemm",512,131072,0,128,0,112,"TCP_TCP_TA_DATA_STALL_CYCLES",949.000000,1008403603275513,1008403603326553
127,127,"Agent 1",1,43930,43930,32768,1,"gemm",512,131072,0,128,0,112,"TCP_TCP_TA_ADDR_STALL_CYCLES",129405.000000,1008403603275513,1008403603326553
128,128,"Agent 1",1,43930,43930,32768,1,"gemm",512,131072,0,128,0,112,"SQ_INSTS_VMEM_WR",32768.000000,1008403603428274,1008403603479355
128,128,"Agent 1",1,43930,43930,32768,1,"gemm",512,131072,0,128,0,112,"SQ_VMEM_TA_CMD_FIFO_FULL",596791.000000,1008403603428274,1008403603479355
128,128,"Agent 1",1,43930,43930,32768,1,"gemm",512,131072,0,128,0,112,"TCC_WRITE_SECTORS",524288.000000,1008403603428274,1008403603479355
128,128,"Agent 1",1,43930,43930,32768,1,"gemm",512,131072,0,128,0,112,"TCP_TCP_TA_DATA_STALL_CYCLES",928.000000,1008403603428274,1008403603479355
128,128,"Agent 1",1,43930,43930,32768,1,"gemm",512,131072,0,128,0,112,"TCP_TCP_TA_ADDR_STALL_CYCLES",129849.000000,1008403603428274,1008403603479355
129,129,"Agent 1",1,43930,43930,32768,1,"gemm",512,131072,0,128,0,112,"SQ_INSTS_VMEM_WR",32768.000000,1008403603579556,1008403603631476
129,129,"Agent 1",1,43930,43930,32768,1,"gemm",512,131072,0,128,0,112,"SQ_VMEM_TA_CMD_FIFO_FULL",596272.000000,1008403603579556,1008403603631476
129,129,"Agent 1",1,43930,43930,32768,1,"gemm",512,131072,0,128,0,112,"TCC_WRITE_SECTORS",524288.000000,1008403603579556,1008403603631476
129,129,"Agent 1",1,43930,43930,32768,1,"gemm",512,131072,0,128,0,112,"TCP_TCP_TA_DATA_STALL_CYCLES",910.000000,1008403603579556,1008403603631476
129,129,"Agent 1",1,43930,43930,32768,1,"gemm",512,131072,0,128,0,112,"TCP_TCP_TA_ADDR_STALL_CYCLES",128200.000000,1008403603579556,1008403603631476
130,130,"Agent 1",1,43930,43930,32768,1,"gemm",512,131072,0,128,0,112,"SQ_INSTS_VMEM_WR",32768.000000,1008403603731277,1008403603782437
130,130,"Agent 1",1,43930,43930,32768,1,"gemm",512,131072,0,128,0,112,"SQ_VMEM_TA_CMD_FIFO_FULL",591679.000000,1008403603731277,1008403603782437
130,130,"Agent 1",1,43930,43930,32768,1,"gemm",512,131072,0,128,0,112,"TCC_WRITE_SECTORS",524288.000000,1008403603731277,1008403603782437
130,130,"Agent 1",1,43930,43930,32768,1,"gemm",512,131072,0,128,0,112,"TCP_TCP_TA_DATA_STALL_CYCLES",938.000000,1008403603731277,1008403603782437
130,130,"Agent 1",1,43930,43930,32768,1,"gemm",512,131072,0,128,0,112,"TCP_TCP_TA_ADDR_STALL_CYCLES",126980.000000,1008403603731277,1008403603782437
131,131,"Agent 1",1,43930,43930,32768,1,"gemm",512,131072,0,128,0,112,"SQ_INSTS_VMEM_WR",32768.000000,1008403603882798,1008403603933759
131,131,"Agent 1",1,43930,43930,32768,1,"gemm",512,131072,0,128,0,112,"SQ_VMEM_TA_CMD_FIFO_FULL",611706.000000,1008403603882798,1008403603933759
131,131,"Agent 1",1,43930,43930,32768,1,"gemm",512,131072,0,128,0,112,"TCC_WRITE_SECTORS",524288.000000,1008403603882798,1008403603933759
131,131,"Agent 1",1,43930,43930,32768,1,"gemm",512,131072,0,128,0,112,"TCP_TCP_TA_DATA_STALL_CYCLES",940.000000,1008403603882798,1008403603933759
131,131,"Agent 1",1,43930,43930,32768,1,"gemm",512,131072,0,128,0,112,"TCP_TCP_TA_ADDR_STALL_CYCLES",135354.000000,1008403603882798,1008403603933759
132,132,"Agent 1",1,43930,43930,32768,1,"gemm",512,131072,0,128,0,112,"SQ_INSTS_VMEM_WR",32768.000000,1008403604045720,1008403604096720
132,132,"Agent 1",1,43930,43930,32768,1,"gemm",512,131072,0,128,0,112,"SQ_VMEM_TA_CMD_FIFO_FULL",586827.000000,1008403604045720,1008403604096720
132,132,"Agent 1",1,43930,43930,32768,1,"gemm",512,131072,0,128,0,112,"TCC_WRITE_SECTORS",524288.000000,1008403604045720,1008403604096720
132,132,"Agent 1",1,43930,43930,32768,1,"gemm",512,131072,0,128,0,112,"TCP_TCP_TA_DATA_STALL_CYCLES",1003.000000,1008403604045720,1008403604096720
132,132,"Agent 1",1,43930,43930,32768,1,"gemm",512,131072,0,128,0,112,"TCP_TCP_TA_ADDR_STALL_CYCLES",134048.000000,1008403604045720,1008403604096720
133,133,"Agent 1",1,43930,43930,32768,1,"gemm",512,131072,0,128,0,112,"SQ_INSTS_VMEM_WR",32768.000000,1008403604198121,1008403604250002
133,133,"Agent 1",1,43930,43930,32768,1,"gemm",512,131072,0,128,0,112,"SQ_VMEM_TA_CMD_FIFO_FULL",593581.000000,1008403604198121,1008403604250002
133,133,"Agent 1",1,43930,43930,32768,1,"gemm",512,131072,0,128,0,112,"TCC_WRITE_SECTORS",524288.000000,1008403604198121,1008403604250002
133,133,"Agent 1",1,43930,43930,32768,1,"gemm",512,131072,0,128,0,112,"TCP_TCP_TA_DATA_STALL_CYCLES",977.000000,1008403604198121,1008403604250002
133,133,"Agent 1",1,43930,43930,32768,1,"gemm",512,131072,0,128,0,112,"TCP_TCP_TA_ADDR_STALL_CYCLES",132022.000000,1008403604198121,1008403604250002
134,134,"Agent 1",1,43930,43930,32768,1,"gemm",512,131072,0,128,0,112,"SQ_INSTS_VMEM_WR",32768.000000,1008403604351442,1008403604402723
134,134,"Agent 1",1,43930,43930,32768,1,"gemm",512,131072,0,128,0,112,"SQ_VMEM_TA_CMD_FIFO_FULL",595005.000000,1008403604351442,1008403604402723
134,134,"Agent 1",1,43930,43930,32768,1,"gemm",512,131072,0,128,0,112,"TCC_WRITE_SECTORS",524288.000000,1008403604351442,1008403604402723
134,134,"Agent 1",1,43930,43930,32768,1,"gemm",512,131072,0,128,0,112,"TCP_TCP_TA_DATA_STALL_CYCLES",935.000000,1008403604351442,1008403604402723
134,134,"Agent 1",1,43930,43930,32768,1,"gemm",512,131072,0,128,0,112,"TCP_TCP_TA_ADDR_STALL_CYCLES",133082.000000,1008403604351442,1008403604402723
135,135,"Agent 1",1,43930,43930,32768,1,"gemm",512,131072,0,128,0,112,"SQ_INSTS_VMEM_WR",32768.000000,1008403604506284,1008403604557124
135,135,"Agent 1",1,43930,43930,32768,1,"gemm",512,131072,0,128,0,112,"SQ_VMEM_TA_CMD_FIFO_FULL",607626.000000,1008403604506284,1008403604557124
135,135,"Agent 1",1,43930,43930,32768,1,"gemm",512,131072,0,128,0,112,"TCC_WRITE_SECTORS",524288.000000,1008403604506284,1008403604557124
135,135,"Agent 1",1,43930,43930,32768,1,"gemm",512,131072,0,128,0,112,"TCP_TCP_TA_DATA_STALL_CYCLES",928.000000,1008403604506284,1008403604557124
135,135,"Agent 1",1,43930,43930,32768,1,"gemm",512,131072,0,128,0,112,"TCP_TCP_TA_ADDR_STALL_CYCLES",132754.000000,1008403604506284,1008403604557124
136,136,"Agent 1",1,43930,43930,32768,1,"gemm",512,131072,0,128,0,112,"SQ_INSTS_VMEM_WR",32768.000000,1008403604655005,1008403604706006
136,136,"Agent 1",1,43930,43930,32768,1,"gemm",512,131072,0,128,0,112,"SQ_VMEM_TA_CMD_FIFO_FULL",600751.000000,1008403604655005,1008403604706006
136,136,"Agent 1",1,43930,43930,32768,1,"gemm",512,131072,0,128,0,112,"TCC_WRITE_SECTORS",524288.000000,1008403604655005,1008403604706006
136,136,"Agent 1",1,43930,43930,32768,1,"gemm",512,131072,0,128,0,112,"TCP_TCP_TA_DATA_STALL_CYCLES",931.000000,1008403604655005,1008403604706006
136,136,"Agent 1",1,43930,43930,32768,1,"gemm",512,131072,0,128,0,112,"TCP_TCP_TA_ADDR_STALL_CYCLES",131586.000000,1008403604655005,1008403604706006
137,137,"Agent 1",1,43930,43930,32768,1,"gemm",512,131072,0,128,0,112,"SQ_INSTS_VMEM_WR",32768.000000,1008403604806607,1008403604858207
137,137,"Agent 1",1,43930,43930,32768,1,"gemm",512,131072,0,128,0,112,"SQ_VMEM_TA_CMD_FIFO_FULL",589470.000000,1008403604806607,1008403604858207
137,137,"Agent 1",1,43930,43930,32768,1,"gemm",512,131072,0,128,0,112,"TCC_WRITE_SECTORS",524288.000000,1008403604806607,1008403604858207
137,137,"Agent 1",1,43930,43930,32768,1,"gemm",512,131072,0,128,0,112,"TCP_TCP_TA_DATA_STALL_CYCLES",956.000000,1008403604806607,1008403604858207
137,137,"Agent 1",1,43930,43930,32768,1,"gemm",512,131072,0,128,0,112,"TCP_TCP_TA_ADDR_STALL_CYCLES",125778.000000,1008403604806607,1008403604858207
138,138,"Agent 1",1,43930,43930,32768,1,"gemm",512,131072,0,128,0,112,"SQ_INSTS_VMEM_WR",32768.000000,1008403604959408,1008403605010568
138,138,"Agent 1",1,43930,43930,32768,1,"gemm",512,131072,0,128,0,112,"SQ_VMEM_TA_CMD_FIFO_FULL",593782.000000,1008403604959408,1008403605010568
138,138,"Agent 1",1,43930,43930,32768,1,"gemm",512,131072,0,128,0,112,"TCC_WRITE_SECTORS",524288.000000,1008403604959408,1008403605010568
138,138,"Agent 1",1,43930,43930,32768,1,"gemm",512,131072,0,128,0,112,"TCP_TCP_TA_DATA_STALL_CYCLES",928.000000,1008403604959408,1008403605010568
138,138,"Agent 1",1,43930,43930,32768,1,"gemm",512,131072,0,128,0,112,"TCP_TCP_TA_ADDR_STALL_CYCLES",131355.000000,1008403604959408,1008403605010568
139,139,"Agent 1",1,43930,43930,32768,1,"gemm",512,131072,0,128,0,112,"SQ_INSTS_VMEM_WR",32768.000000,1008403605108769,1008403605159650
139,139,"Agent 1",1,43930,43930,32768,1,"gemm",512,131072,0,128,0,112,"SQ_VMEM_TA_CMD_FIFO_FULL",587754.000000,1008403605108769,1008403605159650
139,139,"Agent 1",1,43930,43930,32768,1,"gemm",512,131072,0,128,0,112,"TCC_WRITE_SECTORS",524288.000000,1008403605108769,1008403605159650
139,139,"Agent 1",1,43930,43930,32768,1,"gemm",512,131072,0,128,0,112,"TCP_TCP_TA_DATA_STALL_CYCLES",974.000000,1008403605108769,1008403605159650
139,139,"Agent 1",1,43930,43930,32768,1,"gemm",512,131072,0,128,0,112,"TCP_TCP_TA_ADDR_STALL_CYCLES",129123.000000,1008403605108769,1008403605159650
140,140,"Agent 1",1,43930,43930,32768,1,"gemm",512,131072,0,128,0,112,"SQ_INSTS_VMEM_WR",32768.000000,1008403605259571,1008403605310691
140,140,"Agent 1",1,43930,43930,32768,1,"gemm",512,131072,0,128,0,112,"SQ_VMEM_TA_CMD_FIFO_FULL",613683.000000,1008403605259571,1008403605310691
140,140,"Agent 1",1,43930,43930,32768,1,"gemm",512,131072,0,128,0,112,"TCC_WRITE_SECTORS",524288.000000,1008403605259571,1008403605310691
140,140,"Agent 1",1,43930,43930,32768,1,"gemm",512,131072,0,128,0,112,"TCP_TCP_TA_DATA_STALL_CYCLES",975.000000,1008403605259571,1008403605310691
140,140,"Agent 1",1,43930,43930,32768,1,"gemm",512,131072,0,128,0,112,"TCP_TCP_TA_ADDR_STALL_CYCLES",139987.000000,1008403605259571,1008403605310691
141,141,"Agent 1",1,43930,43930,32768,1,"gemm",512,131072,0,128,0,112,"SQ_INSTS_VMEM_WR",32768.000000,1008403605411332,1008403605462972
141,141,"Agent 1",1,43930,43930,32768,1,"gemm",512,131072,0,128,0,112,"SQ_VMEM_TA_CMD_FIFO_FULL",594420.000000,1008403605411332,1008403605462972
141,141,"Agent 1",1,43930,43930,32768,1,"gemm",512,131072,0,128,0,112,"TCC_WRITE_SECTORS",524288.000000,1008403605411332,1008403605462972
141,141,"Agent 1",1,43930,43930,32768,1,"gemm",512,131072,0,128,0,112,"TCP_TCP_TA_DATA_STALL_CYCLES",929.000000,1008403605411332,1008403605462972
141,141,"Agent 1",1,43930,43930,32768,1,"gemm",512,131072,0,128,0,112,"TCP_TCP_TA_ADDR_STALL_CYCLES",125013.000000,1008403605411332,1008403605462972
142,142,"Agent 1",1,43930,43930,32768,1,"gemm",512,131072,0,128,0,112,"SQ_INSTS_VMEM_WR",32768.000000,1008403605566173,1008403605617174
142,142,"Agent 1",1,43930,43930,32768,1,"gemm",512,131072,0,128,0,112,"SQ_VMEM_TA_CMD_FIFO_FULL",600911.000000,1008403605566173,1008403605617174
142,142,"Agent 1",1,43930,43930,32768,1,"gemm",512,131072,0,128,0,112,"TCC_WRITE_SECTORS",524288.000000,1008403605566173,1008403605617174
142,142,"Agent 1",1,43930,43930,32768,1,"gemm",512,131072,0,128,0,112,"TCP_TCP_TA_DATA_STALL_CYCLES",998.000000,1008403605566173,1008403605617174
142,142,"Agent 1",1,43930,43930,32768,1,"gemm",512,131072,0,128,0,112,"TCP_TCP_TA_ADDR_STALL_CYCLES",129904.000000,1008403605566173,1008403605617174
143,143,"Agent 1",1,43930,43930,32768,1,"gemm",512,131072,0,128,0,112,"SQ_INSTS_VMEM_WR",32768.000000,1008403605715975,1008403605767055
143,143,"Agent 1",1,43930,43930,32768,1,"gemm",512,131072,0,128,0,112,"SQ_VMEM_TA_CMD_FIFO_FULL",595444.000000,1008403605715975,1008403605767055
143,143,"Agent 1",1,43930,43930,32768,1,"gemm",512,131072,0,128,0,112,"TCC_WRITE_SECTORS",524288.000000,1008403605715975,1008403605767055
143,143,"Agent 1",1,43930,43930,32768,1,"gemm",512,131072,0,128,0,112,"TCP_TCP_TA_DATA_STALL_CYCLES",931.000000,1008403605715975,1008403605767055
143,143,"Agent 1",1,43930,43930,32768,1,"gemm",512,131072,0,128,0,112,"TCP_TCP_TA_ADDR_STALL_CYCLES",129947.000000,1008403605715975,1008403605767055
144,144,"Agent 1",1,43930,43930,32768,1,"gemm",512,131072,0,128,0,112,"SQ_INSTS_VMEM_WR",32768.000000,1008403605866656,1008403605917657
144,144,"Agent 1",1,43930,43930,32768,1,"gemm",512,131072,0,128,0,112,"SQ_VMEM_TA_CMD_FIFO_FULL",595896.000000,1008403605866656,1008403605917657
144,144,"Agent 1",1,43930,43930,32768,1,"gemm",512,131072,0,128,0,112,"TCC_WRITE_SECTORS",524288.000000,1008403605866656,1008403605917657
144,144,"Agent 1",1,43930,43930,32768,1,"gemm",512,131072,0,128,0,112,"TCP_TCP_TA_DATA_STALL_CYCLES",1026.000000,1008403605866656,1008403605917657
144,144,"Agent 1",1,43930,43930,32768,1,"gemm",512,131072,0,128,0,112,"TCP_TCP_TA_ADDR_STALL_CYCLES",126557.000000,1008403605866656,1008403605917657
145,145,"Agent 1",1,43930,43930,32768,1,"gemm",512,131072,0,128,0,112,"SQ_INSTS_VMEM_WR",32768.000000,1008403606027818,1008403606079818
145,145,"Agent 1",1,43930,43930,32768,1,"gemm",512,131072,0,128,0,112,"SQ_VMEM_TA_CMD_FIFO_FULL",593372.000000,1008403606027818,1008403606079818
145,145,"Agent 1",1,43930,43930,32768,1,"gemm",512,131072,0,128,0,112,"TCC_WRITE_SECTORS",524288.000000,1008403606027818,1008403606079818
145,145,"Agent 1",1,43930,43930,32768,1,"gemm",512,131072,0,128,0,112,"TCP_TCP_TA_DATA_STALL_CYCLES",924.000000,1008403606027818,1008403606079818
145,145,"Agent 1",1,43930,43930,32768,1,"gemm",512,131072,0,128,0,112,"TCP_TCP_TA_ADDR_STALL_CYCLES",126714.000000,1008403606027818,1008403606079818
146,146,"Agent 1",1,43930,43930,32768,1,"gemm",512,131072,0,128,0,112,"SQ_INSTS_VMEM_WR",32768.000000,1008403606179859,1008403606230939
146,146,"Agent 1",1,43930,43930,32768,1,"gemm",512,131072,0,128,0,112,"SQ_VMEM_TA_CMD_FIFO_FULL",607577.000000,1008403606179859,1008403606230939
146,146,"Agent 1",1,43930,43930,32768,1,"gemm",512,131072,0,128,0,112,"TCC_WRITE_SECTORS",524288.000000,1008403606179859,1008403606230939
146,146,"Agent 1",1,43930,43930,32768,1,"gemm",512,131072,0,128,0,112,"TCP_TCP_TA_DATA_STALL_CYCLES",928.000000,1008403606179859,1008403606230939
146,146,"Agent 1",1,43930,43930,32768,1,"gemm",512,131072,0,128,0,112,"TCP_TCP_TA_ADDR_STALL_CYCLES",131356.000000,1008403606179859,1008403606230939
147,147,"Agent 1",1,43930,43930,32768,1,"gemm",512,131072,0,128,0,112,"SQ_INSTS_VMEM_WR",32768.000000,1008403606336500,1008403606387461
147,147,"Agent 1",1,43930,43930,32768,1,"gemm",512,131072,0,128,0,112,"SQ_VMEM_TA_CMD_FIFO_FULL",595906.000000,1008403606336500,1008403606387461
147,147,"Agent 1",1,43930,43930,32768,1,"gemm",512,131072,0,128,0,112,"TCC_WRITE_SECTORS",524288.000000,1008403606336500,1008403606387461
147,147,"Agent 1",1,43930,43930,32768,1,"gemm",512,131072,0,128,0,112,"TCP_TCP_TA_DATA_STALL_CYCLES",932.000000,1008403606336500,1008403606387461
147,147,"Agent 1",1,43930,43930,32768,1,"gemm",512,131072,0,128,0,112,"TCP_TCP_TA_ADDR_STALL_CYCLES",127628.000000,1008403606336500,1008403606387461
148,148,"Agent 1",1,43930,43930,32768,1,"gemm",512,131072,0,128,0,112,"SQ_INSTS_VMEM_WR",32768.000000,1008403606489902,1008403606540862
148,148,"Agent 1",1,43930,43930,32768,1,"gemm",512,131072,0,128,0,112,"SQ_VMEM_TA_CMD_FIFO_FULL",602650.000000,1008403606489902,1008403606540862
148,148,"Agent 1",1,43930,43930,32768,1,"gemm",512,131072,0,128,0,112,"TCC_WRITE_SECTORS",524288.000000,1008403606489902,1008403606540862
148,148,"Agent 1",1,43930,43930,32768,1,"gemm",512,131072,0,128,0,112,"TCP_TCP_TA_DATA_STALL_CYCLES",970.000000,1008403606489902,1008403606540862
148,148,"Agent 1",1,43930,43930,32768,1,"gemm",512,131072,0,128,0,112,"TCP_TCP_TA_ADDR_STALL_CYCLES",130957.000000,1008403606489902,1008403606540862
149,149,"Agent 1",1,43930,43930,32768,1,"gemm",512,131072,0,128,0,112,"SQ_INSTS_VMEM_WR",32768.000000,1008403606639223,1008403606691183
149,149,"Agent 1",1,43930,43930,32768,1,"gemm",512,131072,0,128,0,112,"SQ_VMEM_TA_CMD_FIFO_FULL",598080.000000,1008403606639223,1008403606691183
149,149,"Agent 1",1,43930,43930,32768,1,"gemm",512,131072,0,128,0,112,"TCC_WRITE_SECTORS",524288.000000,1008403606639223,1008403606691183
149,149,"Agent 1",1,43930,43930,32768,1,"gemm",512,131072,0,128,0,112,"TCP_TCP_TA_DATA_STALL_CYCLES",967.000000,1008403606639223,1008403606691183
149,149,"Agent 1",1,43930,43930,32768,1,"gemm",512,131072,0,128,0,112,"TCP_TCP_TA_ADDR_STALL_CYCLES",128635.000000,1008403606639223,1008403606691183
150,150,"Agent 1",1,43930,43930,32768,1,"gemm",512,131072,0,128,0,112,"SQ_INSTS_VMEM_WR",32768.000000,1008403606794784,1008403606845905
150,150,"Agent 1",1,43930,43930,32768,1,"gemm",512,131072,0,128,0,112,"SQ_VMEM_TA_CMD_FIFO_FULL",604657.000000,1008403606794784,1008403606845905
150,150,"Agent 1",1,43930,43930,32768,1,"gemm",512,131072,0,128,0,112,"TCC_WRITE_SECTORS",524288.000000,1008403606794784,1008403606845905
150,150,"Agent 1",1,43930,43930,32768,1,"gemm",512,131072,0,128,0,112,"TCP_TCP_TA_DATA_STALL_CYCLES",968.000000,1008403606794784,1008403606845905
150,150,"Agent 1",1,43930,43930,32768,1,"gemm",512,131072,0,128,0,112,"TCP_TCP_TA_ADDR_STALL_CYCLES",124062.000000,1008403606794784,1008403606845905
151,151,"Agent 1",1,43930,43930,32768,1,"gemm",512,131072,0,128,0,112,"SQ_INSTS_VMEM_WR",32768.000000,1008403606951026,1008403607001866
151,151,"Agent 1",1,43930,43930,32768,1,"gemm",512,131072,0,128,0,112,"SQ_VMEM_TA_CMD_FIFO_FULL",597181.000000,1008403606951026,1008403607001866
151,151,"Agent 1",1,43930,43930,32768,1,"gemm",512,131072,0,128,0,112,"TCC_WRITE_SECTORS",524288.000000,1008403606951026,1008403607001866
151,151,"Agent 1",1,43930,43930,32768,1,"gemm",512,131072,0,128,0,112,"TCP_TCP_TA_DATA_STALL_CYCLES",910.000000,1008403606951026,1008403607001866
151,151,"Agent 1",1,43930,43930,32768,1,"gemm",512,131072,0,128,0,112,"TCP_TCP_TA_ADDR_STALL_CYCLES",129295.000000,1008403606951026,1008403607001866
152,152,"Agent 1",1,43930,43930,32768,1,"gemm",512,131072,0,128,0,112,"SQ_INSTS_VMEM_WR",32768.000000,1008403607100947,1008403607152068
152,152,"Agent 1",1,43930,43930,32768,1,"gemm",512,131072,0,128,0,112,"SQ_VMEM_TA_CMD_FIFO_FULL",610297.000000,1008403607100947,1008403607152068
152,152,"Agent 1",1,43930,43930,32768,1,"gemm",512,131072,0,128,0,112,"TCC_WRITE_SECTORS",524288.000000,1008403607100947,1008403607152068
152,152,"Agent 1",1,43930,43930,32768,1,"gemm",512,131072,0,128,0,112,"TCP_TCP_TA_DATA_STALL_CYCLES",924.000000,1008403607100947,1008403607152068
152,152,"Agent 1",1,43930,43930,32768,1,"gemm",512,131072,0,128,0,112,"TCP_TCP_TA_ADDR_STALL_CYCLES",133332.000000,1008403607100947,1008403607152068
153,153,"Agent 1",1,43930,43930,32768,1,"gemm",512,131072,0,128,0,112,"SQ_INSTS_VMEM_WR",32768.000000,1008403607254749,1008403607306669
153,153,"Agent 1",1,43930,43930,32768,1,"gemm",512,131072,0,128,0,112,"SQ_VMEM_TA_CMD_FIFO_FULL",591274.000000,1008403607254749,1008403607306669
153,153,"Agent 1",1,43930,43930,32768,1,"gemm",512,131072,0,128,0,112,"TCC_WRITE_SECTORS",524288.000000,1008403607254749,1008403607306669
153,153,"Agent 1",1,43930,43930,32768,1,"gemm",512,131072,0,128,0,112,"TCP_TCP_TA_DATA_STALL_CYCLES",938.000000,1008403607254749,1008403607306669
153,153,"Agent 1",1,43930,43930,32768,1,"gemm",512,131072,0,128,0,112,"TCP_TCP_TA_ADDR_STALL_CYCLES",127776.000000,1008403607254749,1008403607306669
154,154,"Agent 1",1,43930,43930,32768,1,"gemm",512,131072,0,128,0,112,"SQ_INSTS_VMEM_WR",32768.000000,1008403607410590,1008403607461670
154,154,"Agent 1",1,43930,43930,32768,1,"gemm",512,131072,0,128,0,112,"SQ_VMEM_TA_CMD_FIFO_FULL",599577.000000,1008403607410590,1008403607461670
154,154,"Agent 1",1,43930,43930,32768,1,"gemm",512,131072,0,128,0,112,"TCC_WRITE_SECTORS",524288.000000,1008403607410590,1008403607461670
154,154,"Agent 1",1,43930,43930,32768,1,"gemm",512,131072,0,128,0,112,"TCP_TCP_TA_DATA_STALL_CYCLES",935.000000,1008403607410590,1008403607461670
154,154,"Agent 1",1,43930,43930,32768,1,"gemm",512,131072,0,128,0,112,"TCP_TCP_TA_ADDR_STALL_CYCLES",126359.000000,1008403607410590,1008403607461670
155,155,"Agent 1",1,43930,43930,32768,1,"gemm",512,131072,0,128,0,112,"SQ_INSTS_VMEM_WR",32768.000000,1008403607568511,1008403607619632
155,155,"Agent 1",1,43930,43930,32768,1,"gemm",512,131072,0,128,0,112,"SQ_VMEM_TA_CMD_FIFO_FULL",592362.000000,1008403607568511,1008403607619632
155,155,"Agent 1",1,43930,43930,32768,1,"gemm",512,131072,0,128,0,112,"TCC_WRITE_SECTORS",524288.000000,1008403607568511,1008403607619632
155,155,"Agent 1",1,43930,43930,32768,1,"gemm",512,131072,0,128,0,112,"TCP_TCP_TA_DATA_STALL_CYCLES",921.000000,1008403607568511,1008403607619632
155,155,"Agent 1",1,43930,43930,32768,1,"gemm",512,131072,0,128,0,112,"TCP_TCP_TA_ADDR_STALL_CYCLES",137573.000000,1008403607568511,1008403607619632
156,156,"Agent 1",1,43930,43930,32768,1,"gemm",512,131072,0,128,0,112,"SQ_INSTS_VMEM_WR",32768.000000,1008403607725513,1008403607776353
156,156,"Agent 1",1,43930,43930,32768,1,"gemm",512,131072,0,128,0,112,"SQ_VMEM_TA_CMD_FIFO_FULL",595067.000000,1008403607725513,1008403607776353
156,156,"Agent 1",1,43930,43930,32768,1,"gemm",512,131072,0,128,0,112,"TCC_WRITE_SECTORS",524288.000000,1008403607725513,1008403607776353
156,156,"Agent 1",1,43930,43930,32768,1,"gemm",512,131072,0,128,0,112,"TCP_TCP_TA_DATA_STALL_CYCLES",936.000000,1008403607725513,1008403607776353
156,156,"Agent 1",1,43930,43930,32768,1,"gemm",512,131072,0,128,0,112,"TCP_TCP_TA_ADDR_STALL_CYCLES",129566.000000,1008403607725513,1008403607776353
157,157,"Agent 1",1,43930,43930,32768,1,"gemm",512,131072,0,128,0,112,"SQ_INSTS_VMEM_WR",32768.000000,1008403607880114,1008403607932075
157,157,"Agent 1",1,43930,43930,32768,1,"gemm",512,131072,0,128,0,112,"SQ_VMEM_TA_CMD_FIFO_FULL",587891.000000,1008403607880114,1008403607932075
157,157,"Agent 1",1,43930,43930,32768,1,"gemm",512,131072,0,128,0,112,"TCC_WRITE_SECTORS",524288.000000,1008403607880114,1008403607932075
157,157,"Agent 1",1,43930,43930,32768,1,"gemm",512,131072,0,128,0,112,"TCP_TCP_TA_DATA_STALL_CYCLES",935.000000,1008403607880114,1008403607932075
157,157,"Agent 1",1,43930,43930,32768,1,"gemm",512,131072,0,128,0,112,"TCP_TCP_TA_ADDR_STALL_CYCLES",124762.000000,1008403607880114,1008403607932075
158,158,"Agent 1",1,43930,43930,32768,1,"gemm",512,131072,0,128,0,112,"SQ_INSTS_VMEM_WR",32768.000000,1008403608037676,1008403608088876
158,158,"Agent 1",1,43930,43930,32768,1,"gemm",512,131072,0,128,0,112,"SQ_VMEM_TA_CMD_FIFO_FULL",588693.000000,1008403608037676,1008403608088876
158,158,"Agent 1",1,43930,43930,32768,1,"gemm",512,131072,0,128,0,112,"TCC_WRITE_SECTORS",524288.000000,1008403608037676,1008403608088876
158,158,"Agent 1",1,43930,43930,32768,1,"gemm",512,131072,0,128,0,112,"TCP_TCP_TA_DATA_STALL_CYCLES",931.000000,1008403608037676,1008403608088876
158,158,"Agent 1",1,43930,43930,32768,1,"gemm",512,131072,0,128,0,112,"TCP_TCP_TA_ADDR_STALL_CYCLES",133875.000000,1008403608037676,1008403608088876
159,159,"Agent 1",1,43930,43930,32768,1,"gemm",512,131072,0,128,0,112,"SQ_INSTS_VMEM_WR",32768.000000,1008403608191677,1008403608242677
159,159,"Agent 1",1,43930,43930,32768,1,"gemm",512,131072,0,128,0,112,"SQ_VMEM_TA_CMD_FIFO_FULL",595518.000000,1008403608191677,1008403608242677
159,159,"Agent 1",1,43930,43930,32768,1,"gemm",512,131072,0,128,0,112,"TCC_WRITE_SECTORS",524288.000000,1008403608191677,1008403608242677
159,159,"Agent 1",1,43930,43930,32768,1,"gemm",512,131072,0,128,0,112,"TCP_TCP_TA_DATA_STALL_CYCLES",907.000000,1008403608191677,1008403608242677
159,159,"Agent 1",1,43930,43930,32768,1,"gemm",512,131072,0,128,0,112,"TCP_TCP_TA_ADDR_STALL_CYCLES",132701.000000,1008403608191677,1008403608242677
160,160,"Agent 1",1,43930,43930,32768,1,"gemm",512,131072,0,128,0,112,"SQ_INSTS_VMEM_WR",32768.000000,1008403608345998,1008403608397119
160,160,"Agent 1",1,43930,43930,32768,1,"gemm",512,131072,0,128,0,112,"SQ_VMEM_TA_CMD_FIFO_FULL",596263.000000,1008403608345998,1008403608397119
160,160,"Agent 1",1,43930,43930,32768,1,"gemm",512,131072,0,128,0,112,"TCC_WRITE_SECTORS",524288.000000,1008403608345998,1008403608397119
160,160,"Agent 1",1,43930,43930,32768,1,"gemm",512,131072,0,128,0,112,"TCP_TCP_TA_DATA_STALL_CYCLES",939.000000,1008403608345998,1008403608397119
160,160,"Agent 1",1,43930,43930,32768,1,"gemm",512,131072,0,128,0,112,"TCP_TCP_TA_ADDR_STALL_CYCLES",130533.000000,1008403608345998,1008403608397119
161,161,"Agent 1",1,43930,43930,32768,1,"gemm",512,131072,0,128,0,112,"SQ_INSTS_VMEM_WR",32768.000000,1008403608499400,1008403608551320
161,161,"Agent 1",1,43930,43930,32768,1,"gemm",512,131072,0,128,0,112,"SQ_VMEM_TA_CMD_FIFO_FULL",596051.000000,1008403608499400,1008403608551320
161,161,"Agent 1",1,43930,43930,32768,1,"gemm",512,131072,0,128,0,112,"TCC_WRITE_SECTORS",524288.000000,1008403608499400,1008403608551320
161,161,"Agent 1",1,43930,43930,32768,1,"gemm",512,131072,0,128,0,112,"TCP_TCP_TA_DATA_STALL_CYCLES",949.000000,1008403608499400,1008403608551320
161,161,"Agent 1",1,43930,43930,32768,1,"gemm",512,131072,0,128,0,112,"TCP_TCP_TA_ADDR_STALL_CYCLES",125279.000000,1008403608499400,1008403608551320
162,162,"Agent 1",1,43930,43930,32768,1,"gemm",512,131072,0,128,0,112,"SQ_INSTS_VMEM_WR",32768.000000,1008403608659561,1008403608710842
162,162,"Agent 1",1,43930,43930,32768,1,"gemm",512,131072,0,128,0,112,"SQ_VMEM_TA_CMD_FIFO_FULL",600441.000000,1008403608659561,1008403608710842
162,162,"Agent 1",1,43930,43930,32768,1,"gemm",512,131072,0,128,0,112,"TCC_WRITE_SECTORS",524288.000000,1008403608659561,1008403608710842
162,162,"Agent 1",1,43930,43930,32768,1,"gemm",512,131072,0,128,0,112,"TCP_TCP_TA_DATA_STALL_CYCLES",967.000000,1008403608659561,1008403608710842
162,162,"Agent 1",1,43930,43930,32768,1,"gemm",512,131072,0,128,0,112,"TCP_TCP_TA_ADDR_STALL_CYCLES",125630.000000,1008403608659561,1008403608710842
163,163,"Agent 1",1,43930,43930,32768,1,"gemm",512,131072,0,128,0,112,"SQ_INSTS_VMEM_WR",32768.000000,1008403608811243,1008403608862203
163,163,"Agent 1",1,43930,43930,32768,1,"gemm",512,131072,0,128,0,112,"SQ_VMEM_TA_CMD_FIFO_FULL",595737.000000,1008403608811243,1008403608862203
163,163,"Agent 1",1,43930,43930,32768,1,"gemm",512,131072,0,128,0,112,"TCC_WRITE_SECTORS",524288.000000,1008403608811243,1008403608862203
163,163,"Agent 1",1,43930,43930,32768,1,"gemm",512,131072,0,128,0,112,"TCP_TCP_TA_DATA_STALL_CYCLES",963.000000,1008403608811243,1008403608862203
163,163,"Agent 1",1,43930,43930,32768,1,"gemm",512,131072,0,128,0,112,"TCP_TCP_TA_ADDR_STALL_CYCLES",125032.000000,1008403608811243,1008403608862203
164,164,"Agent 1",1,43930,43930,32768,1,"gemm",512,131072,0,128,0,112,"SQ_INSTS_VMEM_WR",32768.000000,1008403608970684,1008403609021644
164,164,"Agent 1",1,43930,43930,32768,1,"gemm",512,131072,0,128,0,112,"SQ_VMEM_TA_CMD_FIFO_FULL",604330.000000,1008403608970684,1008403609021644
164,164,"Agent 1",1,43930,43930,32768,1,"gemm",512,131072,0,128,0,112,"TCC_WRITE_SECTORS",524288.000000,1008403608970684,1008403609021644
164,164,"Agent 1",1,43930,43930,32768,1,"gemm",512,131072,0,128,0,112,"TCP_TCP_TA_DATA_STALL_CYCLES",939.000000,1008403608970684,1008403609021644
164,164,"Agent 1",1,43930,43930,32768,1,"gemm",512,131072,0,128,0,112,"TCP_TCP_TA_ADDR_STALL_CYCLES",132208.000000,1008403608970684,1008403609021644
165,165,"Agent 1",1,43930,43930,32768,1,"gemm",512,131072,0,128,0,112,"SQ_INSTS_VMEM_WR",32768.000000,1008403609126325,1008403609178286
165,165,"Agent 1",1,43930,43930,32768,1,"gemm",512,131072,0,128,0,112,"SQ_VMEM_TA_CMD_FIFO_FULL",584238.000000,1008403609126325,1008403609178286
165,165,"Agent 1",1,43930,43930,32768,1,"gemm",512,131072,0,128,0,112,"TCC_WRITE_SECTORS",524288.000000,1008403609126325,1008403609178286
165,165,"Agent 1",1,43930,43930,32768,1,"gemm",512,131072,0,128,0,112,"TCP_TCP_TA_DATA_STALL_CYCLES",928.000000,1008403609126325,1008403609178286
165,165,"Agent 1",1,43930,43930,32768,1,"gemm",512,131072,0,128,0,112,"TCP_TCP_TA_ADDR_STALL_CYCLES",125399.000000,1008403609126325,1008403609178286
166,166,"Agent 1",1,43930,43930,32768,1,"gemm",512,131072,0,128,0,112,"SQ_INSTS_VMEM_WR",32768.000000,1008403609284047,1008403609335047
166,166,"Agent 1",1,43930,43930,32768,1,"gemm",512,131072,0,128,0,112,"SQ_VMEM_TA_CMD_FIFO_FULL",604240.000000,1008403609284047,1008403609335047
166,166,"Agent 1",1,43930,43930,32768,1,"gemm",512,131072,0,128,0,112,"TCC_WRITE_SECTORS",524288.000000,1008403609284047,1008403609335047
166,166,"Agent 1",1,43930,43930,32768,1,"gemm",512,131072,0,128,0,112,"TCP_TCP_TA_DATA_STALL_CYCLES",928.000000,1008403609284047,1008403609335047
166,166,"Agent 1",1,43930,43930,32768,1,"gemm",512,131072,0,128,0,112,"TCP_TCP_TA_ADDR_STALL_CYCLES",131963.000000,1008403609284047,1008403609335047
167,167,"Agent 1",1,43930,43930,32768,1,"gemm",512,131072,0,128,0,112,"SQ_INSTS_VMEM_WR",32768.000000,1008403609438168,1008403609489169
167,167,"Agent 1",1,43930,43930,32768,1,"gemm",512,131072,0,128,0,112,"SQ_VMEM_TA_CMD_FIFO_FULL",599139.000000,1008403609438168,1008403609489169
167,167,"Agent 1",1,43930,43930,32768,1,"gemm",512,131072,0,128,0,112,"TCC_WRITE_SECTORS",524288.000000,1008403609438168,1008403609489169
167,167,"Agent 1",1,43930,43930,32768,1,"gemm",512,131072,0,128,0,112,"TCP_TCP_TA_DATA_STALL_CYCLES",952.000000,1008403609438168,1008403609489169
167,167,"Agent 1",1,43930,43930,32768,1,"gemm",512,131072,0,128,0,112,"TCP_TCP_TA_ADDR_STALL_CYCLES",127886.000000,1008403609438168,1008403609489169
168,168,"Agent 1",1,43930,43930,32768,1,"gemm",512,131072,0,128,0,112,"SQ_INSTS_VMEM_WR",32768.000000,1008403609590810,1008403609641930
168,168,"Agent 1",1,43930,43930,32768,1,"gemm",512,131072,0,128,0,112,"SQ_VMEM_TA_CMD_FIFO_FULL",596472.000000,1008403609590810,1008403609641930
168,168,"Agent 1",1,43930,43930,32768,1,"gemm",512,131072,0,128,0,112,"TCC_WRITE_SECTORS",524288.000000,1008403609590810,1008403609641930
168,168,"Agent 1",1,43930,43930,32768,1,"gemm",512,131072,0,128,0,112,"TCP_TCP_TA_DATA_STALL_CYCLES",938.000000,1008403609590810,1008403609641930
168,168,"Agent 1",1,43930,43930,32768,1,"gemm",512,131072,0,128,0,112,"TCP_TCP_TA_ADDR_STALL_CYCLES",126068.000000,1008403609590810,1008403609641930
169,169,"Agent 1",1,43930,43930,32768,1,"gemm",512,131072,0,128,0,112,"SQ_INSTS_VMEM_WR",32768.000000,1008403609747011,1008403609798891
169,169,"Agent 1",1,43930,43930,32768,1,"gemm",512,131072,0,128,0,112,"SQ_VMEM_TA_CMD_FIFO_FULL",582096.000000,1008403609747011,1008403609798891
169,169,"Agent 1",1,43930,43930,32768,1,"gemm",512,131072,0,128,0,112,"TCC_WRITE_SECTORS",524288.000000,1008403609747011,1008403609798891
169,169,"Agent 1",1,43930,43930,32768,1,"gemm",512,131072,0,128,0,112,"TCP_TCP_TA_DATA_STALL_CYCLES",921.000000,1008403609747011,1008403609798891
169,169,"Agent 1",1,43930,43930,32768,1,"gemm",512,131072,0,128,0,112,"TCP_TCP_TA_ADDR_STALL_CYCLES",122404.000000,1008403609747011,1008403609798891
170,170,"Agent 1",1,43930,43930,32768,1,"gemm",512,131072,0,128,0,112,"SQ_INSTS_VMEM_WR",32768.000000,1008403609901252,1008403609952093
170,170,"Agent 1",1,43930,43930,32768,1,"gemm",512,131072,0,128,0,112,"SQ_VMEM_TA_CMD_FIFO_FULL",589136.000000,1008403609901252,1008403609952093
170,170,"Agent 1",1,43930,43930,32768,1,"gemm",512,131072,0,128,0,112,"TCC_WRITE_SECTORS",524288.000000,1008403609901252,1008403609952093
170,170,"Agent 1",1,43930,43930,32768,1,"gemm",512,131072,0,128,0,112,"TCP_TCP_TA_DATA_STALL_CYCLES",935.000000,1008403609901252,1008403609952093
170,170,"Agent 1",1,43930,43930,32768,1,"gemm",512,131072,0,128,0,112,"TCP_TCP_TA_ADDR_STALL_CYCLES",130324.000000,1008403609901252,1008403609952093
171,171,"Agent 1",1,43930,43930,32768,1,"gemm",512,131072,0,128,0,112,"SQ_INSTS_VMEM_WR",32768.000000,1008403610058054,1008403610108814
171,171,"Agent 1",1,43930,43930,32768,1,"gemm",512,131072,0,128,0,112,"SQ_VMEM_TA_CMD_FIFO_FULL",587166.000000,1008403610058054,1008403610108814
171,171,"Agent 1",1,43930,43930,32768,1,"gemm",512,131072,0,128,0,112,"TCC_WRITE_SECTORS",524288.000000,1008403610058054,1008403610108814
171,171,"Agent 1",1,43930,43930,32768,1,"gemm",512,131072,0,128,0,112,"TCP_TCP_TA_DATA_STALL_CYCLES",911.000000,1008403610058054,1008403610108814
171,171,"Agent 1",1,43930,43930,32768,1,"gemm",512,131072,0,128,0,112,"TCP_TCP_TA_ADDR_STALL_CYCLES",130070.000000,1008403610058054,1008403610108814
172,172,"Agent 1",1,43930,43930,32768,1,"gemm",512,131072,0,128,0,112,"SQ_INSTS_VMEM_WR",32768.000000,1008403610214575,1008403610265696
172,172,"Agent 1",1,43930,43930,32768,1,"gemm",512,131072,0,128,0,112,"SQ_VMEM_TA_CMD_FIFO_FULL",599736.000000,1008403610214575,1008403610265696
172,172,"Agent 1",1,43930,43930,32768,1,"gemm",512,131072,0,128,0,112,"TCC_WRITE_SECTORS",524288.000000,1008403610214575,1008403610265696
172,172,"Agent 1",1,43930,43930,32768,1,"gemm",512,131072,0,128,0,112,"TCP_TCP_TA_DATA_STALL_CYCLES",921.000000,1008403610214575,1008403610265696
172,172,"Agent 1",1,43930,43930,32768,1,"gemm",512,131072,0,128,0,112,"TCP_TCP_TA_ADDR_STALL_CYCLES",132110.000000,1008403610214575,1008403610265696
173,173,"Agent 1",1,43930,43930,32768,1,"gemm",512,131072,0,128,0,112,"SQ_INSTS_VMEM_WR",32768.000000,1008403610372457,1008403610424337
173,173,"Agent 1",1,43930,43930,32768,1,"gemm",512,131072,0,128,0,112,"SQ_VMEM_TA_CMD_FIFO_FULL",595331.000000,1008403610372457,1008403610424337
173,173,"Agent 1",1,43930,43930,32768,1,"gemm",512,131072,0,128,0,112,"TCC_WRITE_SECTORS",524288.000000,1008403610372457,1008403610424337
173,173,"Agent 1",1,43930,43930,32768,1,"gemm",512,131072,0,128,0,112,"TCP_TCP_TA_DATA_STALL_CYCLES",950.000000,1008403610372457,1008403610424337
173,173,"Agent 1",1,43930,43930,32768,1,"gemm",512,131072,0,128,0,112,"TCP_TCP_TA_ADDR_STALL_CYCLES",127921.000000,1008403610372457,1008403610424337
174,174,"Agent 1",1,43930,43930,32768,1,"gemm",512,131072,0,128,0,112,"SQ_INSTS_VMEM_WR",32768.000000,1008403610527338,1008403610578458
174,174,"Agent 1",1,43930,43930,32768,1,"gemm",512,131072,0,128,0,112,"SQ_VMEM_TA_CMD_FIFO_FULL",598433.000000,1008403610527338,1008403610578458
174,174,"Agent 1",1,43930,43930,32768,1,"gemm",512,131072,0,128,0,112,"TCC_WRITE_SECTORS",524288.000000,1008403610527338,1008403610578458
174,174,"Agent 1",1,43930,43930,32768,1,"gemm",512,131072,0,128,0,112,"TCP_TCP_TA_DATA_STALL_CYCLES",935.000000,1008403610527338,1008403610578458
174,174,"Agent 1",1,43930,43930,32768,1,"gemm",512,131072,0,128,0,112,"TCP_TCP_TA_ADDR_STALL_CYCLES",126748.000000,1008403610527338,1008403610578458
175,175,"Agent 1",1,43930,43930,32768,1,"gemm",512,131072,0,128,0,112,"SQ_INSTS_VMEM_WR",32768.000000,1008403610686059,1008403610737060
175,175,"Agent 1",1,43930,43930,32768,1,"gemm",512,131072,0,128,0,112,"SQ_VMEM_TA_CMD_FIFO_FULL",614281.000000,1008403610686059,1008403610737060
175,175,"Agent 1",1,43930,43930,32768,1,"gemm",512,131072,0,128,0,112,"TCC_WRITE_SECTORS",524288.000000,1008403610686059,1008403610737060
175,175,"Agent 1",1,43930,43930,32768,1,"gemm",512,131072,0,128,0,112,"TCP_TCP_TA_DATA_STALL_CYCLES",960.000000,1008403610686059,1008403610737060
175,175,"Agent 1",1,43930,43930,32768,1,"gemm",512,131072,0,128,0,112,"TCP_TCP_TA_ADDR_STALL_CYCLES",130484.000000,1008403610686059,1008403610737060
176,176,"Agent 1",1,43930,43930,32768,1,"gemm",512,131072,0,128,0,112,"SQ_INSTS_VMEM_WR",32768.000000,1008403610843501,1008403610894581
176,176,"Agent 1",1,43930,43930,32768,1,"gemm",512,131072,0,128,0,112,"SQ_VMEM_TA_CMD_FIFO_FULL",592953.000000,1008403610843501,1008403610894581
176,176,"Agent 1",1,43930,43930,32768,1,"gemm",512,131072,0,128,0,112,"TCC_WRITE_SECTORS",524288.000000,1008403610843501,1008403610894581
176,176,"Agent 1",1,43930,43930,32768,1,"gemm",512,131072,0,128,0,112,"TCP_TCP_TA_DATA_STALL_CYCLES",917.000000,1008403610843501,1008403610894581
176,176,"Agent 1",1,43930,43930,32768,1,"gemm",512,131072,0,128,0,112,"TCP_TCP_TA_ADDR_STALL_CYCLES",130241.000000,1008403610843501,1008403610894581
177,177,"Agent 1",1,43930,43930,32768,1,"gemm",512,131072,0,128,0,112,"SQ_INSTS_VMEM_WR",32768.000000,1008403611003822,1008403611055703
177,177,"Agent 1",1,43930,43930,32768,1,"gemm",512,131072,0,128,0,112,"SQ_VMEM_TA_CMD_FIFO_FULL",586439.000000,1008403611003822,1008403611055703
177,177,"Agent 1",1,43930,43930,32768,1,"gemm",512,131072,0,128,0,112,"TCC_WRITE_SECTORS",524288.000000,1008403611003822,1008403611055703
177,177,"Agent 1",1,43930,43930,32768,1,"gemm",512,131072,0,128,0,112,"TCP_TCP_TA_DATA_STALL_CYCLES",921.000000,1008403611003822,1008403611055703
177,177,"Agent 1",1,43930,43930,32768,1,"gemm",512,131072,0,128,0,112,"TCP_TCP_TA_ADDR_STALL_CYCLES",126707.000000,1008403611003822,1008403611055703
178,178,"Agent 1",1,43930,43930,32768,1,"gemm",512,131072,0,128,0,112,"SQ_INSTS_VMEM_WR",32768.000000,1008403611162344,1008403611213424
178,178,"Agent 1",1,43930,43930,32768,1,"gemm",512,131072,0,128,0,112,"SQ_VMEM_TA_CMD_FIFO_FULL",602389.000000,1008403611162344,1008403611213424
178,178,"Agent 1",1,43930,43930,32768,1,"gemm",512,131072,0,128,0,112,"TCC_WRITE_SECTORS",524288.000000,1008403611162344,1008403611213424
178,178,"Agent 1",1,43930,43930,32768,1,"gemm",512,131072,0,128,0,112,"TCP_TCP_TA_DATA_STALL_CYCLES",960.000000,1008403611162344,1008403611213424
178,178,"Agent 1",1,43930,43930,32768,1,"gemm",512,131072,0,128,0,112,"TCP_TCP_TA_ADDR_STALL_CYCLES",127514.000000,1008403611162344,1008403611213424
179,179,"Agent 1",1,43930,43930,32768,1,"gemm",512,131072,0,128,0,112,"SQ_INSTS_VMEM_WR",32768.000000,1008403611314585,1008403611365665
179,179,"Agent 1",1,43930,43930,32768,1,"gemm",512,131072,0,128,0,112,"SQ_VMEM_TA_CMD_FIFO_FULL",597866.000000,1008403611314585,1008403611365665
179,179,"Agent 1",1,43930,43930,32768,1,"gemm",512,131072,0,128,0,112,"TCC_WRITE_SECTORS",524288.000000,1008403611314585,1008403611365665
179,179,"Agent 1",1,43930,43930,32768,1,"gemm",512,131072,0,128,0,112,"TCP_TCP_TA_DATA_STALL_CYCLES",956.000000,1008403611314585,1008403611365665
179,179,"Agent 1",1,43930,43930,32768,1,"gemm",512,131072,0,128,0,112,"TCP_TCP_TA_ADDR_STALL_CYCLES",126970.000000,1008403611314585,1008403611365665
180,180,"Agent 1",1,43930,43930,32768,1,"gemm",512,131072,0,128,0,112,"SQ_INSTS_VMEM_WR",32768.000000,1008403611470866,1008403611522067
180,180,"Agent 1",1,43930,43930,32768,1,"gemm",512,131072,0,128,0,112,"SQ_VMEM_TA_CMD_FIFO_FULL",591638.000000,1008403611470866,1008403611522067
180,180,"Agent 1",1,43930,43930,32768,1,"gemm",512,131072,0,128,0,112,"TCC_WRITE_SECTORS",524288.000000,1008403611470866,1008403611522067
180,180,"Agent 1",1,43930,43930,32768,1,"gemm",512,131072,0,128,0,112,"TCP_TCP_TA_DATA_STALL_CYCLES",954.000000,1008403611470866,1008403611522067
180,180,"Agent 1",1,43930,43930,32768,1,"gemm",512,131072,0,128,0,112,"TCP_TCP_TA_ADDR_STALL_CYCLES",127565.000000,1008403611470866,1008403611522067
181,181,"Agent 1",1,43930,43930,32768,1,"gemm",512,131072,0,128,0,112,"SQ_INSTS_VMEM_WR",32768.000000,1008403611629348,1008403611681308
181,181,"Agent 1",1,43930,43930,32768,1,"gemm",512,131072,0,128,0,112,"SQ_VMEM_TA_CMD_FIFO_FULL",599207.000000,1008403611629348,1008403611681308
181,181,"Agent 1",1,43930,43930,32768,1,"gemm",512,131072,0,128,0,112,"TCC_WRITE_SECTORS",524288.000000,1008403611629348,1008403611681308
181,181,"Agent 1",1,43930,43930,32768,1,"gemm",512,131072,0,128,0,112,"TCP_TCP_TA_DATA_STALL_CYCLES",925.000000,1008403611629348,1008403611681308
181,181,"Agent 1",1,43930,43930,32768,1,"gemm",512,131072,0,128,0,112,"TCP_TCP_TA_ADDR_STALL_CYCLES",125066.000000,1008403611629348,1008403611681308
182,182,"Agent 1",1,43930,43930,32768,1,"gemm",512,131072,0,128,0,112,"SQ_INSTS_VMEM_WR",32768.000000,1008403611786509,1008403611837670
182,182,"Agent 1",1,43930,43930,32768,1,"gemm",512,131072,0,128,0,112,"SQ_VMEM_TA_CMD_FIFO_FULL",595517.000000,1008403611786509,1008403611837670
182,182,"Agent 1",1,43930,43930,32768,1,"gemm",512,131072,0,128,0,112,"TCC_WRITE_SECTORS",524288.000000,1008403611786509,1008403611837670
182,182,"Agent 1",1,43930,43930,32768,1,"gemm",512,131072,0,128,0,112,"TCP_TCP_TA_DATA_STALL_CYCLES",953.000000,1008403611786509,1008403611837670
182,182,"Agent 1",1,43930,43930,32768,1,"gemm",512,131072,0,128,0,112,"TCP_TCP_TA_ADDR_STALL_CYCLES",131701.000000,1008403611786509,1008403611837670
183,183,"Agent 1",1,43930,43930,32768,1,"gemm",512,131072,0,128,0,112,"SQ_INSTS_VMEM_WR",32768.000000,1008403611946711,1008403611997671
183,183,"Agent 1",1,43930,43930,32768,1,"gemm",512,131072,0,128,0,112,"SQ_VMEM_TA_CMD_FIFO_FULL",596089.000000,1008403611946711,1008403611997671
183,183,"Agent 1",1,43930,43930,32768,1,"gemm",512,131072,0,128,0,112,"TCC_WRITE_SECTORS",524288.000000,1008403611946711,1008403611997671
183,183,"Agent 1",1,43930,43930,32768,1,"gemm",512,131072,0,128,0,112,"TCP_TCP_TA_DATA_STALL_CYCLES",949.000000,1008403611946711,1008403611997671
183,183,"Agent 1",1,43930,43930,32768,1,"gemm",512,131072,0,128,0,112,"TCP_TCP_TA_ADDR_STALL_CYCLES",127947.000000,1008403611946711,1008403611997671
184,184,"Agent 1",1,43930,43930,32768,1,"gemm",512,131072,0,128,0,112,"SQ_INSTS_VMEM_WR",32768.000000,1008403612101472,1008403612152513
184,184,"Agent 1",1,43930,43930,32768,1,"gemm",512,131072,0,128,0,112,"SQ_VMEM_TA_CMD_FIFO_FULL",618629.000000,1008403612101472,1008403612152513
184,184,"Agent 1",1,43930,43930,32768,1,"gemm",512,131072,0,128,0,112,"TCC_WRITE_SECTORS",524288.000000,1008403612101472,1008403612152513
184,184,"Agent 1",1,43930,43930,32768,1,"gemm",512,131072,0,128,0,112,"TCP_TCP_TA_DATA_STALL_CYCLES",943.000000,1008403612101472,1008403612152513
184,184,"Agent 1",1,43930,43930,32768,1,"gemm",512,131072,0,128,0,112,"TCP_TCP_TA_ADDR_STALL_CYCLES",138634.000000,1008403612101472,1008403612152513
185,185,"Agent 1",1,43930,43930,32768,1,"gemm",512,131072,0,128,0,112,"SQ_INSTS_VMEM_WR",32768.000000,1008403612254113,1008403612306154
185,185,"Agent 1",1,43930,43930,32768,1,"gemm",512,131072,0,128,0,112,"SQ_VMEM_TA_CMD_FIFO_FULL",592679.000000,1008403612254113,1008403612306154
185,185,"Agent 1",1,43930,43930,32768,1,"gemm",512,131072,0,128,0,112,"TCC_WRITE_SECTORS",524288.000000,1008403612254113,1008403612306154
185,185,"Agent 1",1,43930,43930,32768,1,"gemm",512,131072,0,128,0,112,"TCP_TCP_TA_DATA_STALL_CYCLES",946.000000,1008403612254113,1008403612306154
185,185,"Agent 1",1,43930,43930,32768,1,"gemm",512,131072,0,128,0,112,"TCP_TCP_TA_ADDR_STALL_CYCLES",125450.000000,1008403612254113,1008403612306154
186,186,"Agent 1",1,43930,43930,32768,1,"gemm",512,131072,0,128,0,112,"SQ_INSTS_VMEM_WR",32768.000000,1008403612411795,1008403612462915
186,186,"Agent 1",1,43930,43930,32768,1,"gemm",512,131072,0,128,0,112,"SQ_VMEM_TA_CMD_FIFO_FULL",597428.000000,1008403612411795,1008403612462915
186,186,"Agent 1",1,43930,43930,32768,1,"gemm",512,131072,0,128,0,112,"TCC_WRITE_SECTORS",524288.000000,1008403612411795,1008403612462915
186,186,"Agent 1",1,43930,43930,32768,1,"gemm",512,131072,0,128,0,112,"TCP_TCP_TA_DATA_STALL_CYCLES",935.000000,1008403612411795,1008403612462915
186,186,"Agent 1",1,43930,43930,32768,1,"gemm",512,131072,0,128,0,112,"TCP_TCP_TA_ADDR_STALL_CYCLES",128603.000000,1008403612411795,1008403612462915
187,187,"Agent 1",1,43930,43930,32768,1,"gemm",512,131072,0,128,0,112,"SQ_INSTS_VMEM_WR",32768.000000,1008403612576596,1008403612627557
187,187,"Agent 1",1,43930,43930,32768,1,"gemm",512,131072,0,128,0,112,"SQ_VMEM_TA_CMD_FIFO_FULL",599944.000000,1008403612576596,1008403612627557
187,187,"Agent 1",1,43930,43930,32768,1,"gemm",512,131072,0,128,0,112,"TCC_WRITE_SECTORS",524288.000000,1008403612576596,1008403612627557
187,187,"Agent 1",1,43930,43930,32768,1,"gemm",512,131072,0,128,0,112,"TCP_TCP_TA_DATA_STALL_CYCLES",957.000000,1008403612576596,1008403612627557
187,187,"Agent 1",1,43930,43930,32768,1,"gemm",512,131072,0,128,0,112,"TCP_TCP_TA_ADDR_STALL_CYCLES",132852.000000,1008403612576596,1008403612627557
188,188,"Agent 1",1,43930,43930,32768,1,"gemm",512,131072,0,128,0,112,"SQ_INSTS_VMEM_WR",32768.000000,1008403612737238,1008403612788358
188,188,"Agent 1",1,43930,43930,32768,1,"gemm",512,131072,0,128,0,112,"SQ_VMEM_TA_CMD_FIFO_FULL",603884.000000,1008403612737238,1008403612788358
188,188,"Agent 1",1,43930,43930,32768,1,"gemm",512,131072,0,128,0,112,"TCC_WRITE_SECTORS",524288.000000,1008403612737238,1008403612788358
188,188,"Agent 1",1,43930,43930,32768,1,"gemm",512,131072,0,128,0,112,"TCP_TCP_TA_DATA_STALL_CYCLES",951.000000,1008403612737238,1008403612788358
188,188,"Agent 1",1,43930,43930,32768,1,"gemm",512,131072,0,128,0,112,"TCP_TCP_TA_ADDR_STALL_CYCLES",137604.000000,1008403612737238,1008403612788358
189,189,"Agent 1",1,43930,43930,32768,1,"gemm",512,131072,0,128,0,112,"SQ_INSTS_VMEM_WR",32768.000000,1008403612890039,1008403612942000
189,189,"Agent 1",1,43930,43930,32768,1,"gemm",512,131072,0,128,0,112,"SQ_VMEM_TA_CMD_FIFO_FULL",594545.000000,1008403612890039,1008403612942000
189,189,"Agent 1",1,43930,43930,32768,1,"gemm",512,131072,0,128,0,112,"TCC_WRITE_SECTORS",524288.000000,1008403612890039,1008403612942000
189,189,"Agent 1",1,43930,43930,32768,1,"gemm",512,131072,0,128,0,112,"TCP_TCP_TA_DATA_STALL_CYCLES",949.000000,1008403612890039,1008403612942000
189,189,"Agent 1",1,43930,43930,32768,1,"gemm",512,131072,0,128,0,112,"TCP_TCP_TA_ADDR_STALL_CYCLES",129372.000000,1008403612890039,1008403612942000
190,190,"Agent 1",1,43930,43930,32768,1,"gemm",512,131072,0,128,0,112,"SQ_INSTS_VMEM_WR",32768.000000,1008403613051841,1008403613103001
190,190,"Agent 1",1,43930,43930,32768,1,"gemm",512,131072,0,128,0,112,"SQ_VMEM_TA_CMD_FIFO_FULL",590293.000000,1008403613051841,1008403613103001
190,190,"Agent 1",1,43930,43930,32768,1,"gemm",512,131072,0,128,0,112,"TCC_WRITE_SECTORS",524288.000000,1008403613051841,1008403613103001
190,190,"Agent 1",1,43930,43930,32768,1,"gemm",512,131072,0,128,0,112,"TCP_TCP_TA_DATA_STALL_CYCLES",931.000000,1008403613051841,1008403613103001
190,190,"Agent 1",1,43930,43930,32768,1,"gemm",512,131072,0,128,0,112,"TCP_TCP_TA_ADDR_STALL_CYCLES",128356.000000,1008403613051841,1008403613103001
191,191,"Agent 1",1,43930,43930,32768,1,"gemm",512,131072,0,128,0,112,"SQ_INSTS_VMEM_WR",32768.000000,1008403613206602,1008403613257602
191,191,"Agent 1",1,43930,43930,32768,1,"gemm",512,131072,0,128,0,112,"SQ_VMEM_TA_CMD_FIFO_FULL",596331.000000,1008403613206602,1008403613257602
191,191,"Agent 1",1,43930,43930,32768,1,"gemm",512,131072,0,128,0,112,"TCC_WRITE_SECTORS",524288.000000,1008403613206602,1008403613257602
191,191,"Agent 1",1,43930,43930,32768,1,"gemm",512,131072,0,128,0,112,"TCP_TCP_TA_DATA_STALL_CYCLES",943.000000,1008403613206602,1008403613257602
191,191,"Agent 1",1,43930,43930,32768,1,"gemm",512,131072,0,128,0,112,"TCP_TCP_TA_ADDR_STALL_CYCLES",130048.000000,1008403613206602,1008403613257602
192,192,"Agent 1",1,43930,43930,32768,1,"gemm",512,131072,0,128,0,112,"SQ_INSTS_VMEM_WR",32768.000000,1008403613360163,1008403613411204
192,192,"Agent 1",1,43930,43930,32768,1,"gemm",512,131072,0,128,0,112,"SQ_VMEM_TA_CMD_FIFO_FULL",597791.000000,1008403613360163,1008403613411204
192,192,"Agent 1",1,43930,43930,32768,1,"gemm",512,131072,0,128,0,112,"TCC_WRITE_SECTORS",524288.000000,1008403613360163,1008403613411204
192,192,"Agent 1",1,43930,43930,32768,1,"gemm",512,131072,0,128,0,112,"TCP_TCP_TA_DATA_STALL_CYCLES",942.000000,1008403613360163,1008403613411204
192,192,"Agent 1",1,43930,43930,32768,1,"gemm",512,131072,0,128,0,112,"TCP_TCP_TA_ADDR_STALL_CYCLES",128377.000000,1008403613360163,1008403613411204
193,193,"Agent 1",1,43930,43930,32768,1,"gemm",512,131072,0,128,0,112,"SQ_INSTS_VMEM_WR",32768.000000,1008403613514885,1008403613566805
193,193,"Agent 1",1,43930,43930,32768,1,"gemm",512,131072,0,128,0,112,"SQ_VMEM_TA_CMD_FIFO_FULL",596833.000000,1008403613514885,1008403613566805
193,193,"Agent 1",1,43930,43930,32768,1,"gemm",512,131072,0,128,0,112,"TCC_WRITE_SECTORS",524288.000000,1008403613514885,1008403613566805
193,193,"Agent 1",1,43930,43930,32768,1,"gemm",512,131072,0,128,0,112,"TCP_TCP_TA_DATA_STALL_CYCLES",935.000000,1008403613514885,1008403613566805
193,193,"Agent 1",1,43930,43930,32768,1,"gemm",512,131072,0,128,0,112,"TCP_TCP_TA_ADDR_STALL_CYCLES",123887.000000,1008403613514885,1008403613566805
194,194,"Agent 1",1,43930,43930,32768,1,"gemm",512,131072,0,128,0,112,"SQ_INSTS_VMEM_WR",32768.000000,1008403613671486,1008403613722647
194,194,"Agent 1",1,43930,43930,32768,1,"gemm",512,131072,0,128,0,112,"SQ_VMEM_TA_CMD_FIFO_FULL",593900.000000,1008403613671486,1008403613722647
194,194,"Agent 1",1,43930,43930,32768,1,"gemm",512,131072,0,128,0,112,"TCC_WRITE_SECTORS",524288.000000,1008403613671486,1008403613722647
194,194,"Agent 1",1,43930,43930,32768,1,"gemm",512,131072,0,128,0,112,"TCP_TCP_TA_DATA_STALL_CYCLES",942.000000,1008403613671486,1008403613722647
194,194,"Agent 1",1,43930,43930,32768,1,"gemm",512,131072,0,128,0,112,"TCP_TCP_TA_ADDR_STALL_CYCLES",127395.000000,1008403613671486,1008403613722647
195,195,"Agent 1",1,43930,43930,32768,1,"gemm",512,131072,0,128,0,112,"SQ_INSTS_VMEM_WR",32768.000000,1008403613828568,1008403613879488
195,195,"Agent 1",1,43930,43930,32768,1,"gemm",512,131072,0,128,0,112,"SQ_VMEM_TA_CMD_FIFO_FULL",606707.000000,1008403613828568,1008403613879488
195,195,"Agent 1",1,43930,43930,32768,1,"gemm",512,131072,0,128,0,112,"TCC_WRITE_SECTORS",524288.000000,1008403613828568,1008403613879488
195,195,"Agent 1",1,43930,43930,32768,1,"gemm",512,131072,0,128,0,112,"TCP_TCP_TA_DATA_STALL_CYCLES",910.000000,1008403613828568,1008403613879488
195,195,"Agent 1",1,43930,43930,32768,1,"gemm",512,131072,0,128,0,112,"TCP_TCP_TA_ADDR_STALL_CYCLES",131542.000000,1008403613828568,1008403613879488
196,196,"Agent 1",1,43930,43930,32768,1,"gemm",512,131072,0,128,0,112,"SQ_INSTS_VMEM_WR",32768.000000,1008403613985049,1008403614036289
196,196,"Agent 1",1,43930,43930,32768,1,"gemm",512,131072,0,128,0,112,"SQ_VMEM_TA_CMD_FIFO_FULL",589893.000000,1008403613985049,1008403614036289
196,196,"Agent 1",1,43930,43930,32768,1,"gemm",512,131072,0,128,0,112,"TCC_WRITE_SECTORS",524288.000000,1008403613985049,1008403614036289
196,196,"Agent 1",1,43930,43930,32768,1,"gemm",512,131072,0,128,0,112,"TCP_TCP_TA_DATA_STALL_CYCLES",935.000000,1008403613985049,1008403614036289
196,196,"Agent 1",1,43930,43930,32768,1,"gemm",512,131072,0,128,0,112,"TCP_TCP_TA_ADDR_STALL_CYCLES",128658.000000,1008403613985049,1008403614036289
197,197,"Agent 1",1,43930,43930,32768,1,"gemm",512,131072,0,128,0,112,"SQ_INSTS_VMEM_WR",32768.000000,1008403614140170,1008403614192051
197,197,"Agent 1",1,43930,43930,32768,1,"gemm",512,131072,0,128,0,112,"SQ_VMEM_TA_CMD_FIFO_FULL",598552.000000,1008403614140170,1008403614192051
197,197,"Agent 1",1,43930,43930,32768,1,"gemm",512,131072,0,128,0,112,"TCC_WRITE_SECTORS",524288.000000,1008403614140170,1008403614192051
197,197,"Agent 1",1,43930,43930,32768,1,"gemm",512,131072,0,128,0,112,"TCP_TCP_TA_DATA_STALL_CYCLES",921.000000,1008403614140170,1008403614192051
197,197,"Agent 1",1,43930,43930,32768,1,"gemm",512,131072,0,128,0,112,"TCP_TCP_TA_ADDR_STALL_CYCLES",124827.000000,1008403614140170,1008403614192051
198,198,"Agent 1",1,43930,43930,32768,1,"gemm",512,131072,0,128,0,112,"SQ_INSTS_VMEM_WR",32768.000000,1008403614301452,1008403614352452
198,198,"Agent 1",1,43930,43930,32768,1,"gemm",512,131072,0,128,0,112,"SQ_VMEM_TA_CMD_FIFO_FULL",587989.000000,1008403614301452,1008403614352452
198,198,"Agent 1",1,43930,43930,32768,1,"gemm",512,131072,0,128,0,112,"TCC_WRITE_SECTORS",524288.000000,1008403614301452,1008403614352452
198,198,"Agent 1",1,43930,43930,32768,1,"gemm",512,131072,0,128,0,112,"TCP_TCP_TA_DATA_STALL_CYCLES",956.000000,1008403614301452,1008403614352452
198,198,"Agent 1",1,43930,43930,32768,1,"gemm",512,131072,0,128,0,112,"TCP_TCP_TA_ADDR_STALL_CYCLES",131525.000000,1008403614301452,1008403614352452
199,199,"Agent 1",1,43930,43930,32768,1,"gemm",512,131072,0,128,0,112,"SQ_INSTS_VMEM_WR",32768.000000,1008403614455653,1008403614506414
199,199,"Agent 1",1,43930,43930,32768,1,"gemm",512,131072,0,128,0,112,"SQ_VMEM_TA_CMD_FIFO_FULL",594094.000000,1008403614455653,1008403614506414
199,199,"Agent 1",1,43930,43930,32768,1,"gemm",512,131072,0,128,0,112,"TCC_WRITE_SECTORS",524288.000000,1008403614455653,1008403614506414
199,199,"Agent 1",1,43930,43930,32768,1,"gemm",512,131072,0,128,0,112,"TCP_TCP_TA_DATA_STALL_CYCLES",939.000000,1008403614455653,1008403614506414
199,199,"Agent 1",1,43930,43930,32768,1,"gemm",512,131072,0,128,0,112,"TCP_TCP_TA_ADDR_STALL_CYCLES",129818.000000,1008403614455653,1008403614506414
200,200,"Agent 1",1,43930,43930,32768,1,"gemm",512,131072,0,128,0,112,"SQ_INSTS_VMEM_WR",32768.000000,1008403614611855,1008403614662975
200,200,"Agent 1",1,43930,43930,32768,1,"gemm",512,131072,0,128,0,112,"SQ_VMEM_TA_CMD_FIFO_FULL",599975.000000,1008403614611855,1008403614662975
200,200,"Agent 1",1,43930,43930,32768,1,"gemm",512,131072,0,128,0,112,"TCC_WRITE_SECTORS",524288.000000,1008403614611855,1008403614662975
200,200,"Agent 1",1,43930,43930,32768,1,"gemm",512,131072,0,128,0,112,"TCP_TCP_TA_DATA_STALL_CYCLES",938.000000,1008403614611855,1008403614662975
200,200,"Agent 1",1,43930,43930,32768,1,"gemm",512,131072,0,128,0,112,"TCP_TCP_TA_ADDR_STALL_CYCLES",129717.000000,1008403614611855,1008403614662975
201,201,"Agent 1",1,43930,43930,32768,1,"gemm",512,131072,0,128,0,112,"SQ_INSTS_VMEM_WR",32768.000000,1008403614763096,1008403614815096
201,201,"Agent 1",1,43930,43930,32768,1,"gemm",512,131072,0,128,0,112,"SQ_VMEM_TA_CMD_FIFO_FULL",598386.000000,1008403614763096,1008403614815096
201,201,"Agent 1",1,43930,43930,32768,1,"gemm",512,131072,0,128,0,112,"TCC_WRITE_SECTORS",524288.000000,1008403614763096,1008403614815096
201,201,"Agent 1",1,43930,43930,32768,1,"gemm",512,131072,0,128,0,112,"TCP_TCP_TA_DATA_STALL_CYCLES",956.000000,1008403614763096,1008403614815096
201,201,"Agent 1",1,43930,43930,32768,1,"gemm",512,131072,0,128,0,112,"TCP_TCP_TA_ADDR_STALL_CYCLES",127132.000000,1008403614763096,1008403614815096
202,202,"Agent 1",1,43930,43930,32768,1,"gemm",512,131072,0,128,0,112,"SQ_INSTS_VMEM_WR",32768.000000,1008403614921537,1008403614972498
202,202,"Agent 1",1,43930,43930,32768,1,"gemm",512,131072,0,128,0,112,"SQ_VMEM_TA_CMD_FIFO_FULL",612438.000000,1008403614921537,1008403614972498
202,202,"Agent 1",1,43930,43930,32768,1,"gemm",512,131072,0,128,0,112,"TCC_WRITE_SECTORS",524288.000000,1008403614921537,1008403614972498
202,202,"Agent 1",1,43930,43930,32768,1,"gemm",512,131072,0,128,0,112,"TCP_TCP_TA_DATA_STALL_CYCLES",935.000000,1008403614921537,1008403614972498
202,202,"Agent 1",1,43930,43930,32768,1,"gemm",512,131072,0,128,0,112,"TCP_TCP_TA_ADDR_STALL_CYCLES",138789.000000,1008403614921537,1008403614972498
203,203,"Agent 1",1,43930,43930,32768,1,"gemm",512,131072,0,128,0,112,"SQ_INSTS_VMEM_WR",32768.000000,1008403615075339,1008403615126299
203,203,"Agent 1",1,43930,43930,32768,1,"gemm",512,131072,0,128,0,112,"SQ_VMEM_TA_CMD_FIFO_FULL",605764.000000,1008403615075339,1008403615126299
203,203,"Agent 1",1,43930,43930,32768,1,"gemm",512,131072,0,128,0,112,"TCC_WRITE_SECTORS",524288.000000,1008403615075339,1008403615126299
203,203,"Agent 1",1,43930,43930,32768,1,"gemm",512,131072,0,128,0,112,"TCP_TCP_TA_DATA_STALL_CYCLES",932.000000,1008403615075339,1008403615126299
203,203,"Agent 1",1,43930,43930,32768,1,"gemm",512,131072,0,128,0,112,"TCP_TCP_TA_ADDR_STALL_CYCLES",132591.000000,1008403615075339,1008403615126299
204,204,"Agent 1",1,43930,43930,32768,1,"gemm",512,131072,0,128,0,112,"SQ_INSTS_VMEM_WR",32768.000000,1008403615227620,1008403615278661
204,204,"Agent 1",1,43930,43930,32768,1,"gemm",512,131072,0,128,0,112,"SQ_VMEM_TA_CMD_FIFO_FULL",596762.000000,1008403615227620,1008403615278661
204,204,"Agent 1",1,43930,43930,32768,1,"gemm",512,131072,0,128,0,112,"TCC_WRITE_SECTORS",524288.000000,1008403615227620,1008403615278661
204,204,"Agent 1",1,43930,43930,32768,1,"gemm",512,131072,0,128,0,112,"TCP_TCP_TA_DATA_STALL_CYCLES",935.000000,1008403615227620,1008403615278661
204,204,"Agent 1",1,43930,43930,32768,1,"gemm",512,131072,0,128,0,112,"TCP_TCP_TA_ADDR_STALL_CYCLES",128536.000000,1008403615227620,1008403615278661
205,205,"Agent 1",1,43930,43930,32768,1,"gemm",512,131072,0,128,0,112,"SQ_INSTS_VMEM_WR",32768.000000,1008403615376662,1008403615428542
205,205,"Agent 1",1,43930,43930,32768,1,"gemm",512,131072,0,128,0,112,"SQ_VMEM_TA_CMD_FIFO_FULL",594150.000000,1008403615376662,1008403615428542
205,205,"Agent 1",1,43930,43930,32768,1,"gemm",512,131072,0,128,0,112,"TCC_WRITE_SECTORS",524288.000000,1008403615376662,1008403615428542
205,205,"Agent 1",1,43930,43930,32768,1,"gemm",512,131072,0,128,0,112,"TCP_TCP_TA_DATA_STALL_CYCLES",904.000000,1008403615376662,1008403615428542
205,205,"Agent 1",1,43930,43930,32768,1,"gemm",512,131072,0,128,0,112,"TCP_TCP_TA_ADDR_STALL_CYCLES",130656.000000,1008403615376662,1008403615428542
206,206,"Agent 1",1,43930,43930,32768,1,"gemm",512,131072,0,128,0,112,"SQ_INSTS_VMEM_WR",32768.000000,1008403615531423,1008403615582583
206,206,"Agent 1",1,43930,43930,32768,1,"gemm",512,131072,0,128,0,112,"SQ_VMEM_TA_CMD_FIFO_FULL",599343.000000,1008403615531423,1008403615582583
206,206,"Agent 1",1,43930,43930,32768,1,"gemm",512,131072,0,128,0,112,"TCC_WRITE_SECTORS",524288.000000,1008403615531423,1008403615582583
206,206,"Agent 1",1,43930,43930,32768,1,"gemm",512,131072,0,128,0,112,"TCP_TCP_TA_DATA_STALL_CYCLES",910.000000,1008403615531423,1008403615582583
206,206,"Agent 1",1,43930,43930,32768,1,"gemm",512,131072,0,128,0,112,"TCP_TCP_TA_ADDR_STALL_CYCLES",131382.000000,1008403615531423,1008403615582583
207,207,"Agent 1",1,43930,43930,32768,1,"gemm",512,131072,0,128,0,112,"SQ_INSTS_VMEM_WR",32768.000000,1008403615685384,1008403615736385
207,207,"Agent 1",1,43930,43930,32768,1,"gemm",512,131072,0,128,0,112,"SQ_VMEM_TA_CMD_FIFO_FULL",603771.000000,1008403615685384,1008403615736385
207,207,"Agent 1",1,43930,43930,32768,1,"gemm",512,131072,0,128,0,112,"TCC_WRITE_SECTORS",524288.000000,1008403615685384,1008403615736385
207,207,"Agent 1",1,43930,43930,32768,1,"gemm",512,131072,0,128,0,112,"TCP_TCP_TA_DATA_STALL_CYCLES",935.000000,1008403615685384,1008403615736385
207,207,"Agent 1",1,43930,43930,32768,1,"gemm",512,131072,0,128,0,112,"TCP_TCP_TA_ADDR_STALL_CYCLES",130198.000000,1008403615685384,1008403615736385
208,208,"Agent 1",1,43930,43930,32768,1,"gemm",512,131072,0,128,0,112,"SQ_INSTS_VMEM_WR",32768.000000,1008403615840706,1008403615891746
208,208,"Agent 1",1,43930,43930,32768,1,"gemm",512,131072,0,128,0,112,"SQ_VMEM_TA_CMD_FIFO_FULL",594763.000000,1008403615840706,1008403615891746
208,208,"Agent 1",1,43930,43930,32768,1,"gemm",512,131072,0,128,0,112,"TCC_WRITE_SECTORS",524288.000000,1008403615840706,1008403615891746
208,208,"Agent 1",1,43930,43930,32768,1,"gemm",512,131072,0,128,0,112,"TCP_TCP_TA_DATA_STALL_CYCLES",949.000000,1008403615840706,1008403615891746
208,208,"Agent 1",1,43930,43930,32768,1,"gemm",512,131072,0,128,0,112,"TCP_TCP_TA_ADDR_STALL_CYCLES",130623.000000,1008403615840706,1008403615891746
209,209,"Agent 1",1,43930,43930,32768,1,"gemm",512,131072,0,128,0,112,"SQ_INSTS_VMEM_WR",32768.000000,1008403615994147,1008403616045988
209,209,"Agent 1",1,43930,43930,32768,1,"gemm",512,131072,0,128,0,112,"SQ_VMEM_TA_CMD_FIFO_FULL",600285.000000,1008403615994147,1008403616045988
209,209,"Agent 1",1,43930,43930,32768,1,"gemm",512,131072,0,128,0,112,"TCC_WRITE_SECTORS",524288.000000,1008403615994147,1008403616045988
209,209,"Agent 1",1,43930,43930,32768,1,"gemm",512,131072,0,128,0,112,"TCP_TCP_TA_DATA_STALL_CYCLES",953.000000,1008403615994147,1008403616045988
209,209,"Agent 1",1,43930,43930,32768,1,"gemm",512,131072,0,128,0,112,"TCP_TCP_TA_ADDR_STALL_CYCLES",130993.000000,1008403615994147,1008403616045988
210,210,"Agent 1",1,43930,43930,32768,1,"gemm",512,131072,0,128,0,112,"SQ_INSTS_VMEM_WR",32768.000000,1008403616148228,1008403616199429
210,210,"Agent 1",1,43930,43930,32768,1,"gemm",512,131072,0,128,0,112,"SQ_VMEM_TA_CMD_FIFO_FULL",598461.000000,1008403616148228,1008403616199429
210,210,"Agent 1",1,43930,43930,32768,1,"gemm",512,131072,0,128,0,112,"TCC_WRITE_SECTORS",524288.000000,1008403616148228,1008403616199429
210,210,"Agent 1",1,43930,43930,32768,1,"gemm",512,131072,0,128,0,112,"TCP_TCP_TA_DATA_STALL_CYCLES",945.000000,1008403616148228,1008403616199429
210,210,"Agent 1",1,43930,43930,32768,1,"gemm",512,131072,0,128,0,112,"TCP_TCP_TA_ADDR_STALL_CYCLES",129185.000000,1008403616148228,1008403616199429
211,211,"Agent 1",1,43930,43930,32768,1,"gemm",512,131072,0,128,0,112,"SQ_INSTS_VMEM_WR",32768.000000,1008403616303590,1008403616354550
211,211,"Agent 1",1,43930,43930,32768,1,"gemm",512,131072,0,128,0,112,"SQ_VMEM_TA_CMD_FIFO_FULL",600343.000000,1008403616303590,1008403616354550
211,211,"Agent 1",1,43930,43930,32768,1,"gemm",512,131072,0,128,0,112,"TCC_WRITE_SECTORS",524288.000000,1008403616303590,1008403616354550
211,211,"Agent 1",1,43930,43930,32768,1,"gemm",512,131072,0,128,0,112,"TCP_TCP_TA_DATA_STALL_CYCLES",932.000000,1008403616303590,1008403616354550
211,211,"Agent 1",1,43930,43930,32768,1,"gemm",512,131072,0,128,0,112,"TCP_TCP_TA_ADDR_STALL_CYCLES",134818.000000,1008403616303590,1008403616354550
212,212,"Agent 1",1,43930,43930,32768,1,"gemm",512,131072,0,128,0,112,"SQ_INSTS_VMEM_WR",32768.000000,1008403616454271,1008403616505192
212,212,"Agent 1",1,43930,43930,32768,1,"gemm",512,131072,0,128,0,112,"SQ_VMEM_TA_CMD_FIFO_FULL",600986.000000,1008403616454271,1008403616505192
212,212,"Agent 1",1,43930,43930,32768,1,"gemm",512,131072,0,128,0,112,"TCC_WRITE_SECTORS",524288.000000,1008403616454271,1008403616505192
212,212,"Agent 1",1,43930,43930,32768,1,"gemm",512,131072,0,128,0,112,"TCP_TCP_TA_DATA_STALL_CYCLES",932.000000,1008403616454271,1008403616505192
212,212,"Agent 1",1,43930,43930,32768,1,"gemm",512,131072,0,128,0,112,"TCP_TCP_TA_ADDR_STALL_CYCLES",131332.000000,1008403616454271,1008403616505192
213,213,"Agent 1",1,43930,43930,32768,1,"gemm",512,131072,0,128,0,112,"SQ_INSTS_VMEM_WR",32768.000000,1008403616603393,1008403616655113
213,213,"Agent 1",1,43930,43930,32768,1,"gemm",512,131072,0,128,0,112,"SQ_VMEM_TA_CMD_FIFO_FULL",595759.000000,1008403616603393,1008403616655113
213,213,"Agent 1",1,43930,43930,32768,1,"gemm",512,131072,0,128,0,112,"TCC_WRITE_SECTORS",524288.000000,1008403616603393,1008403616655113
213,213,"Agent 1",1,43930,43930,32768,1,"gemm",512,131072,0,128,0,112,"TCP_TCP_TA_DATA_STALL_CYCLES",943.000000,1008403616603393,1008403616655113
213,213,"Agent 1",1,43930,43930,32768,1,"gemm",512,131072,0,128,0,112,"TCP_TCP_TA_ADDR_STALL_CYCLES",126422.000000,1008403616603393,1008403616655113
214,214,"Agent 1",1,43930,43930,32768,1,"gemm",512,131072,0,128,0,112,"SQ_INSTS_VMEM_WR",32768.000000,1008403616756914,1008403616807954
214,214,"Agent 1",1,43930,43930,32768,1,"gemm",512,131072,0,128,0,112,"SQ_VMEM_TA_CMD_FIFO_FULL",597657.000000,1008403616756914,1008403616807954
214,214,"Agent 1",1,43930,43930,32768,1,"gemm",512,131072,0,128,0,112,"TCC_WRITE_SECTORS",524288.000000,1008403616756914,1008403616807954
214,214,"Agent 1",1,43930,43930,32768,1,"gemm",512,131072,0,128,0,112,"TCP_TCP_TA_DATA_STALL_CYCLES",959.000000,1008403616756914,1008403616807954
214,214,"Agent 1",1,43930,43930,32768,1,"gemm",512,131072,0,128,0,112,"TCP_TCP_TA_ADDR_STALL_CYCLES",131030.000000,1008403616756914,1008403616807954
215,215,"Agent 1",1,43930,43930,32768,1,"gemm",512,131072,0,128,0,112,"SQ_INSTS_VMEM_WR",32768.000000,1008403616907395,1008403616958396
215,215,"Agent 1",1,43930,43930,32768,1,"gemm",512,131072,0,128,0,112,"SQ_VMEM_TA_CMD_FIFO_FULL",601116.000000,1008403616907395,1008403616958396
215,215,"Agent 1",1,43930,43930,32768,1,"gemm",512,131072,0,128,0,112,"TCC_WRITE_SECTORS",524288.000000,1008403616907395,1008403616958396
215,215,"Agent 1",1,43930,43930,32768,1,"gemm",512,131072,0,128,0,112,"TCP_TCP_TA_DATA_STALL_CYCLES",931.000000,1008403616907395,1008403616958396
215,215,"Agent 1",1,43930,43930,32768,1,"gemm",512,131072,0,128,0,112,"TCP_TCP_TA_ADDR_STALL_CYCLES",133718.000000,1008403616907395,1008403616958396
216,216,"Agent 1",1,43930,43930,32768,1,"gemm",512,131072,0,128,0,112,"SQ_INSTS_VMEM_WR",32768.000000,1008403617059837,1008403617110997
216,216,"Agent 1",1,43930,43930,32768,1,"gemm",512,131072,0,128,0,112,"SQ_VMEM_TA_CMD_FIFO_FULL",606613.000000,1008403617059837,1008403617110997
216,216,"Agent 1",1,43930,43930,32768,1,"gemm",512,131072,0,128,0,112,"TCC_WRITE_SECTORS",524288.000000,1008403617059837,1008403617110997
216,216,"Agent 1",1,43930,43930,32768,1,"gemm",512,131072,0,128,0,112,"TCP_TCP_TA_DATA_STALL_CYCLES",910.000000,1008403617059837,1008403617110997
216,216,"Agent 1",1,43930,43930,32768,1,"gemm",512,131072,0,128,0,112,"TCP_TCP_TA_ADDR_STALL_CYCLES",135153.000000,1008403617059837,1008403617110997
217,217,"Agent 1",1,43930,43930,32768,1,"gemm",512,131072,0,128,0,112,"SQ_INSTS_VMEM_WR",32768.000000,1008403617209238,1008403617261118
217,217,"Agent 1",1,43930,43930,32768,1,"gemm",512,131072,0,128,0,112,"SQ_VMEM_TA_CMD_FIFO_FULL",606667.000000,1008403617209238,1008403617261118
217,217,"Agent 1",1,43930,43930,32768,1,"gemm",512,131072,0,128,0,112,"TCC_WRITE_SECTORS",524288.000000,1008403617209238,1008403617261118
217,217,"Agent 1",1,43930,43930,32768,1,"gemm",512,131072,0,128,0,112,"TCP_TCP_TA_DATA_STALL_CYCLES",935.000000,1008403617209238,1008403617261118
217,217,"Agent 1",1,43930,43930,32768,1,"gemm",512,131072,0,128,0,112,"TCP_TCP_TA_ADDR_STALL_CYCLES",126153.000000,1008403617209238,1008403617261118
218,218,"Agent 1",1,43930,43930,32768,1,"gemm",512,131072,0,128,0,112,"SQ_INSTS_VMEM_WR",32768.000000,1008403617364919,1008403617416120
218,218,"Agent 1",1,43930,43930,32768,1,"gemm",512,131072,0,128,0,112,"SQ_VMEM_TA_CMD_FIFO_FULL",603207.000000,1008403617364919,1008403617416120
218,218,"Agent 1",1,43930,43930,32768,1,"gemm",512,131072,0,128,0,112,"TCC_WRITE_SECTORS",524288.000000,1008403617364919,1008403617416120
218,218,"Agent 1",1,43930,43930,32768,1,"gemm",512,131072,0,128,0,112,"TCP_TCP_TA_DATA_STALL_CYCLES",928.000000,1008403617364919,1008403617416120
218,218,"Agent 1",1,43930,43930,32768,1,"gemm",512,131072,0,128,0,112,"TCP_TCP_TA_ADDR_STALL_CYCLES",127916.000000,1008403617364919,1008403617416120
219,219,"Agent 1",1,43930,43930,32768,1,"gemm",512,131072,0,128,0,112,"SQ_INSTS_VMEM_WR",32768.000000,1008403617518001,1008403617569001
219,219,"Agent 1",1,43930,43930,32768,1,"gemm",512,131072,0,128,0,112,"SQ_VMEM_TA_CMD_FIFO_FULL",593988.000000,1008403617518001,1008403617569001
219,219,"Agent 1",1,43930,43930,32768,1,"gemm",512,131072,0,128,0,112,"TCC_WRITE_SECTORS",524288.000000,1008403617518001,1008403617569001
219,219,"Agent 1",1,43930,43930,32768,1,"gemm",512,131072,0,128,0,112,"TCP_TCP_TA_DATA_STALL_CYCLES",963.000000,1008403617518001,1008403617569001
219,219,"Agent 1",1,43930,43930,32768,1,"gemm",512,131072,0,128,0,112,"TCP_TCP_TA_ADDR_STALL_CYCLES",129359.000000,1008403617518001,1008403617569001
220,220,"Agent 1",1,43930,43930,32768,1,"gemm",512,131072,0,128,0,112,"SQ_INSTS_VMEM_WR",32768.000000,1008403617672242,1008403617723323
220,220,"Agent 1",1,43930,43930,32768,1,"gemm",512,131072,0,128,0,112,"SQ_VMEM_TA_CMD_FIFO_FULL",595309.000000,1008403617672242,1008403617723323
220,220,"Agent 1",1,43930,43930,32768,1,"gemm",512,131072,0,128,0,112,"TCC_WRITE_SECTORS",524288.000000,1008403617672242,1008403617723323
220,220,"Agent 1",1,43930,43930,32768,1,"gemm",512,131072,0,128,0,112,"TCP_TCP_TA_DATA_STALL_CYCLES",949.000000,1008403617672242,1008403617723323
220,220,"Agent 1",1,43930,43930,32768,1,"gemm",512,131072,0,128,0,112,"TCP_TCP_TA_ADDR_STALL_CYCLES",133717.000000,1008403617672242,1008403617723323
221,221,"Agent 1",1,43930,43930,32768,1,"gemm",512,131072,0,128,0,112,"SQ_INSTS_VMEM_WR",32768.000000,1008403617825924,1008403617877764
221,221,"Agent 1",1,43930,43930,32768,1,"gemm",512,131072,0,128,0,112,"SQ_VMEM_TA_CMD_FIFO_FULL",592155.000000,1008403617825924,1008403617877764
221,221,"Agent 1",1,43930,43930,32768,1,"gemm",512,131072,0,128,0,112,"TCC_WRITE_SECTORS",524288.000000,1008403617825924,1008403617877764
221,221,"Agent 1",1,43930,43930,32768,1,"gemm",512,131072,0,128,0,112,"TCP_TCP_TA_DATA_STALL_CYCLES",918.000000,1008403617825924,1008403617877764
221,221,"Agent 1",1,43930,43930,32768,1,"gemm",512,131072,0,128,0,112,"TCP_TCP_TA_ADDR_STALL_CYCLES",130489.000000,1008403617825924,1008403617877764
222,222,"Agent 1",1,43930,43930,32768,1,"gemm",512,131072,0,128,0,112,"SQ_INSTS_VMEM_WR",32768.000000,1008403617975682,1008403618026803
222,222,"Agent 1",1,43930,43930,32768,1,"gemm",512,131072,0,128,0,112,"SQ_VMEM_TA_CMD_FIFO_FULL",601520.000000,1008403617975682,1008403618026803
222,222,"Agent 1",1,43930,43930,32768,1,"gemm",512,131072,0,128,0,112,"TCC_WRITE_SECTORS",524288.000000,1008403617975682,1008403618026803
222,222,"Agent 1",1,43930,43930,32768,1,"gemm",512,131072,0,128,0,112,"TCP_TCP_TA_DATA_STALL_CYCLES",921.000000,1008403617975682,1008403618026803
222,222,"Agent 1",1,43930,43930,32768,1,"gemm",512,131072,0,128,0,112,"TCP_TCP_TA_ADDR_STALL_CYCLES",130911.000000,1008403617975682,1008403618026803
223,223,"Agent 1",1,43930,43930,32768,1,"gemm",512,131072,0,128,0,112,"SQ_INSTS_VMEM_WR",32768.000000,1008403618128443,1008403618179563
223,223,"Agent 1",1,43930,43930,32768,1,"gemm",512,131072,0,128,0,112,"SQ_VMEM_TA_CMD_FIFO_FULL",596555.000000,1008403618128443,1008403618179563
223,223,"Agent 1",1,43930,43930,32768,1,"gemm",512,131072,0,128,0,112,"TCC_WRITE_SECTORS",524288.000000,1008403618128443,1008403618179563
223,223,"Agent 1",1,43930,43930,32768,1,"gemm",512,131072,0,128,0,112,"TCP_TCP_TA_DATA_STALL_CYCLES",942.000000,1008403618128443,1008403618179563
223,223,"Agent 1",1,43930,43930,32768,1,"gemm",512,131072,0,128,0,112,"TCP_TCP_TA_ADDR_STALL_CYCLES",130232.000000,1008403618128443,1008403618179563
224,224,"Agent 1",1,43930,43930,32768,1,"gemm",512,131072,0,128,0,112,"SQ_INSTS_VMEM_WR",32768.000000,1008403618276604,1008403618327845
224,224,"Agent 1",1,43930,43930,32768,1,"gemm",512,131072,0,128,0,112,"SQ_VMEM_TA_CMD_FIFO_FULL",591832.000000,1008403618276604,1008403618327845
224,224,"Agent 1",1,43930,43930,32768,1,"gemm",512,131072,0,128,0,112,"TCC_WRITE_SECTORS",524288.000000,1008403618276604,1008403618327845
224,224,"Agent 1",1,43930,43930,32768,1,"gemm",512,131072,0,128,0,112,"TCP_TCP_TA_DATA_STALL_CYCLES",943.000000,1008403618276604,1008403618327845
224,224,"Agent 1",1,43930,43930,32768,1,"gemm",512,131072,0,128,0,112,"TCP_TCP_TA_ADDR_STALL_CYCLES",126925.000000,1008403618276604,1008403618327845
225,225,"Agent 1",1,43930,43930,32768,1,"gemm",512,131072,0,128,0,112,"SQ_INSTS_VMEM_WR",32768.000000,1008403618424805,1008403618476766
225,225,"Agent 1",1,43930,43930,32768,1,"gemm",512,131072,0,128,0,112,"SQ_VMEM_TA_CMD_FIFO_FULL",587649.000000,1008403618424805,1008403618476766
225,225,"Agent 1",1,43930,43930,32768,1,"gemm",512,131072,0,128,0,112,"TCC_WRITE_SECTORS",524288.000000,1008403618424805,1008403618476766
225,225,"Agent 1",1,43930,43930,32768,1,"gemm",512,131072,0,128,0,112,"TCP_TCP_TA_DATA_STALL_CYCLES",964.000000,1008403618424805,1008403618476766
225,225,"Agent 1",1,43930,43930,32768,1,"gemm",512,131072,0,128,0,112,"TCP_TCP_TA_ADDR_STALL_CYCLES",123032.000000,1008403618424805,1008403618476766
226,226,"Agent 1",1,43930,43930,32768,1,"gemm",512,131072,0,128,0,112,"SQ_INSTS_VMEM_WR",32768.000000,1008403618579487,1008403618630647
226,226,"Agent 1",1,43930,43930,32768,1,"gemm",512,131072,0,128,0,112,"SQ_VMEM_TA_CMD_FIFO_FULL",592839.000000,1008403618579487,1008403618630647
226,226,"Agent 1",1,43930,43930,32768,1,"gemm",512,131072,0,128,0,112,"TCC_WRITE_SECTORS",524288.000000,1008403618579487,1008403618630647
226,226,"Agent 1",1,43930,43930,32768,1,"gemm",512,131072,0,128,0,112,"TCP_TCP_TA_DATA_STALL_CYCLES",952.000000,1008403618579487,1008403618630647
226,226,"Agent 1",1,43930,43930,32768,1,"gemm",512,131072,0,128,0,112,"TCP_TCP_TA_ADDR_STALL_CYCLES",127629.000000,1008403618579487,1008403618630647
227,227,"Agent 1",1,43930,43930,32768,1,"gemm",512,131072,0,128,0,112,"SQ_INSTS_VMEM_WR",32768.000000,1008403618730608,1008403618781689
227,227,"Agent 1",1,43930,43930,32768,1,"gemm",512,131072,0,128,0,112,"SQ_VMEM_TA_CMD_FIFO_FULL",605170.000000,1008403618730608,1008403618781689
227,227,"Agent 1",1,43930,43930,32768,1,"gemm",512,131072,0,128,0,112,"TCC_WRITE_SECTORS",524288.000000,1008403618730608,1008403618781689
227,227,"Agent 1",1,43930,43930,32768,1,"gemm",512,131072,0,128,0,112,"TCP_TCP_TA_DATA_STALL_CYCLES",928.000000,1008403618730608,1008403618781689
227,227,"Agent 1",1,43930,43930,32768,1,"gemm",512,131072,0,128,0,112,"TCP_TCP_TA_ADDR_STALL_CYCLES",133162.000000,1008403618730608,1008403618781689
228,228,"Agent 1",1,43930,43930,32768,1,"gemm",512,131072,0,128,0,112,"SQ_INSTS_VMEM_WR",32768.000000,1008403618879849,1008403618930890
228,228,"Agent 1",1,43930,43930,32768,1,"gemm",512,131072,0,128,0,112,"SQ_VMEM_TA_CMD_FIFO_FULL",595213.000000,1008403618879849,1008403618930890
228,228,"Agent 1",1,43930,43930,32768,1,"gemm",512,131072,0,128,0,112,"TCC_WRITE_SECTORS",524288.000000,1008403618879849,1008403618930890
228,228,"Agent 1",1,43930,43930,32768,1,"gemm",512,131072,0,128,0,112,"TCP_TCP_TA_DATA_STALL_CYCLES",925.000000,1008403618879849,1008403618930890
228,228,"Agent 1",1,43930,43930,32768,1,"gemm",512,131072,0,128,0,112,"TCP_TCP_TA_ADDR_STALL_CYCLES",127083.000000,1008403618879849,1008403618930890
229,229,"Agent 1",1,43930,43930,32768,1,"gemm",512,131072,0,128,0,112,"SQ_INSTS_VMEM_WR",32768.000000,1008403619031531,1008403619083371
229,229,"Agent 1",1,43930,43930,32768,1,"gemm",512,131072,0,128,0,112,"SQ_VMEM_TA_CMD_FIFO_FULL",591880.000000,1008403619031531,1008403619083371
229,229,"Agent 1",1,43930,43930,32768,1,"gemm",512,131072,0,128,0,112,"TCC_WRITE_SECTORS",524288.000000,1008403619031531,1008403619083371
229,229,"Agent 1",1,43930,43930,32768,1,"gemm",512,131072,0,128,0,112,"TCP_TCP_TA_DATA_STALL_CYCLES",943.000000,1008403619031531,1008403619083371
229,229,"Agent 1",1,43930,43930,32768,1,"gemm",512,131072,0,128,0,112,"TCP_TCP_TA_ADDR_STALL_CYCLES",122644.000000,1008403619031531,1008403619083371
230,230,"Agent 1",1,43930,43930,32768,1,"gemm",512,131072,0,128,0,112,"SQ_INSTS_VMEM_WR",32768.000000,1008403619180692,1008403619231813
230,230,"Agent 1",1,43930,43930,32768,1,"gemm",512,131072,0,128,0,112,"SQ_VMEM_TA_CMD_FIFO_FULL",593774.000000,1008403619180692,1008403619231813
230,230,"Agent 1",1,43930,43930,32768,1,"gemm",512,131072,0,128,0,112,"TCC_WRITE_SECTORS",524288.000000,1008403619180692,1008403619231813
230,230,"Agent 1",1,43930,43930,32768,1,"gemm",512,131072,0,128,0,112,"TCP_TCP_TA_DATA_STALL_CYCLES",939.000000,1008403619180692,1008403619231813
230,230,"Agent 1",1,43930,43930,32768,1,"gemm",512,131072,0,128,0,112,"TCP_TCP_TA_ADDR_STALL_CYCLES",133210.000000,1008403619180692,1008403619231813
231,231,"Agent 1",1,43930,43930,32768,1,"gemm",512,131072,0,128,0,112,"SQ_INSTS_VMEM_WR",32768.000000,1008403619329134,1008403619380094
231,231,"Agent 1",1,43930,43930,32768,1,"gemm",512,131072,0,128,0,112,"SQ_VMEM_TA_CMD_FIFO_FULL",597122.000000,1008403619329134,1008403619380094
231,231,"Agent 1",1,43930,43930,32768,1,"gemm",512,131072,0,128,0,112,"TCC_WRITE_SECTORS",524288.000000,1008403619329134,1008403619380094
231,231,"Agent 1",1,43930,43930,32768,1,"gemm",512,131072,0,128,0,112,"TCP_TCP_TA_DATA_STALL_CYCLES",945.000000,1008403619329134,1008403619380094
231,231,"Agent 1",1,43930,43930,32768,1,"gemm",512,131072,0,128,0,112,"TCP_TCP_TA_ADDR_STALL_CYCLES",129031.000000,1008403619329134,1008403619380094
232,232,"Agent 1",1,43930,43930,32768,1,"gemm",512,131072,0,128,0,112,"SQ_INSTS_VMEM_WR",32768.000000,1008403619478935,1008403619530015
232,232,"Agent 1",1,43930,43930,32768,1,"gemm",512,131072,0,128,0,112,"SQ_VMEM_TA_CMD_FIFO_FULL",594874.000000,1008403619478935,1008403619530015
232,232,"Agent 1",1,43930,43930,32768,1,"gemm",512,131072,0,128,0,112,"TCC_WRITE_SECTORS",524288.000000,1008403619478935,1008403619530015
232,232,"Agent 1",1,43930,43930,32768,1,"gemm",512,131072,0,128,0,112,"TCP_TCP_TA_DATA_STALL_CYCLES",963.000000,1008403619478935,1008403619530015
232,232,"Agent 1",1,43930,43930,32768,1,"gemm",512,131072,0,128,0,112,"TCP_TCP_TA_ADDR_STALL_CYCLES",131254.000000,1008403619478935,1008403619530015
233,233,"Agent 1",1,43930,43930,32768,1,"gemm",512,131072,0,128,0,112,"SQ_INSTS_VMEM_WR",32768.000000,1008403619622936,1008403619674777
233,233,"Agent 1",1,43930,43930,32768,1,"gemm",512,131072,0,128,0,112,"SQ_VMEM_TA_CMD_FIFO_FULL",596732.000000,1008403619622936,1008403619674777
233,233,"Agent 1",1,43930,43930,32768,1,"gemm",512,131072,0,128,0,112,"TCC_WRITE_SECTORS",524288.000000,1008403619622936,1008403619674777
233,233,"Agent 1",1,43930,43930,32768,1,"gemm",512,131072,0,128,0,112,"TCP_TCP_TA_DATA_STALL_CYCLES",928.000000,1008403619622936,1008403619674777
233,233,"Agent 1",1,43930,43930,32768,1,"gemm",512,131072,0,128,0,112,"TCP_TCP_TA_ADDR_STALL_CYCLES",128189.000000,1008403619622936,1008403619674777
234,234,"Agent 1",1,43930,43930,32768,1,"gemm",512,131072,0,128,0,112,"SQ_INSTS_VMEM_WR",32768.000000,1008403619775898,1008403619827018
234,234,"Agent 1",1,43930,43930,32768,1,"gemm",512,131072,0,128,0,112,"SQ_VMEM_TA_CMD_FIFO_FULL",584842.000000,1008403619775898,1008403619827018
234,234,"Agent 1",1,43930,43930,32768,1,"gemm",512,131072,0,128,0,112,"TCC_WRITE_SECTORS",524288.000000,1008403619775898,1008403619827018
234,234,"Agent 1",1,43930,43930,32768,1,"gemm",512,131072,0,128,0,112,"TCP_TCP_TA_DATA_STALL_CYCLES",946.000000,1008403619775898,1008403619827018
234,234,"Agent 1",1,43930,43930,32768,1,"gemm",512,131072,0,128,0,112,"TCP_TCP_TA_ADDR_STALL_CYCLES",124860.000000,1008403619775898,1008403619827018
235,235,"Agent 1",1,43930,43930,32768,1,"gemm",512,131072,0,128,0,112,"SQ_INSTS_VMEM_WR",32768.000000,1008403619925859,1008403619976899
235,235,"Agent 1",1,43930,43930,32768,1,"gemm",512,131072,0,128,0,112,"SQ_VMEM_TA_CMD_FIFO_FULL",599189.000000,1008403619925859,1008403619976899
235,235,"Agent 1",1,43930,43930,32768,1,"gemm",512,131072,0,128,0,112,"TCC_WRITE_SECTORS",524288.000000,1008403619925859,1008403619976899
235,235,"Agent 1",1,43930,43930,32768,1,"gemm",512,131072,0,128,0,112,"TCP_TCP_TA_DATA_STALL_CYCLES",938.000000,1008403619925859,1008403619976899
235,235,"Agent 1",1,43930,43930,32768,1,"gemm",512,131072,0,128,0,112,"TCP_TCP_TA_ADDR_STALL_CYCLES",130086.000000,1008403619925859,1008403619976899
236,236,"Agent 1",1,43930,43930,32768,1,"gemm",512,131072,0,128,0,112,"SQ_INSTS_VMEM_WR",32768.000000,1008403620075460,1008403620126581
236,236,"Agent 1",1,43930,43930,32768,1,"gemm",512,131072,0,128,0,112,"SQ_VMEM_TA_CMD_FIFO_FULL",593007.000000,1008403620075460,1008403620126581
236,236,"Agent 1",1,43930,43930,32768,1,"gemm",512,131072,0,128,0,112,"TCC_WRITE_SECTORS",524288.000000,1008403620075460,1008403620126581
236,236,"Agent 1",1,43930,43930,32768,1,"gemm",512,131072,0,128,0,112,"TCP_TCP_TA_DATA_STALL_CYCLES",960.000000,1008403620075460,1008403620126581
236,236,"Agent 1",1,43930,43930,32768,1,"gemm",512,131072,0,128,0,112,"TCP_TCP_TA_ADDR_STALL_CYCLES",131995.000000,1008403620075460,1008403620126581
237,237,"Agent 1",1,43930,43930,32768,1,"gemm",512,131072,0,128,0,112,"SQ_INSTS_VMEM_WR",32768.000000,1008403620225102,1008403620276982
237,237,"Agent 1",1,43930,43930,32768,1,"gemm",512,131072,0,128,0,112,"SQ_VMEM_TA_CMD_FIFO_FULL",587608.000000,1008403620225102,1008403620276982
237,237,"Agent 1",1,43930,43930,32768,1,"gemm",512,131072,0,128,0,112,"TCC_WRITE_SECTORS",524288.000000,1008403620225102,1008403620276982
237,237,"Agent 1",1,43930,43930,32768,1,"gemm",512,131072,0,128,0,112,"TCP_TCP_TA_DATA_STALL_CYCLES",931.000000,1008403620225102,1008403620276982
237,237,"Agent 1",1,43930,43930,32768,1,"gemm",512,131072,0,128,0,112,"TCP_TCP_TA_ADDR_STALL_CYCLES",122046.000000,1008403620225102,1008403620276982
238,238,"Agent 1",1,43930,43930,32768,1,"gemm",512,131072,0,128,0,112,"SQ_INSTS_VMEM_WR",32768.000000,1008403620376823,1008403620427943
238,238,"Agent 1",1,43930,43930,32768,1,"gemm",512,131072,0,128,0,112,"SQ_VMEM_TA_CMD_FIFO_FULL",602252.000000,1008403620376823,1008403620427943
238,238,"Agent 1",1,43930,43930,32768,1,"gemm",512,131072,0,128,0,112,"TCC_WRITE_SECTORS",524288.000000,1008403620376823,1008403620427943
238,238,"Agent 1",1,43930,43930,32768,1,"gemm",512,131072,0,128,0,112,"TCP_TCP_TA_DATA_STALL_CYCLES",966.000000,1008403620376823,1008403620427943
238,238,"Agent 1",1,43930,43930,32768,1,"gemm",512,131072,0,128,0,112,"TCP_TCP_TA_ADDR_STALL_CYCLES",132169.000000,1008403620376823,1008403620427943
239,239,"Agent 1",1,43930,43930,32768,1,"gemm",512,131072,0,128,0,112,"SQ_INSTS_VMEM_WR",32768.000000,1008403620522304,1008403620573305
239,239,"Agent 1",1,43930,43930,32768,1,"gemm",512,131072,0,128,0,112,"SQ_VMEM_TA_CMD_FIFO_FULL",597276.000000,1008403620522304,1008403620573305
239,239,"Agent 1",1,43930,43930,32768,1,"gemm",512,131072,0,128,0,112,"TCC_WRITE_SECTORS",524288.000000,1008403620522304,1008403620573305
239,239,"Agent 1",1,43930,43930,32768,1,"gemm",512,131072,0,128,0,112,"TCP_TCP_TA_DATA_STALL_CYCLES",942.000000,1008403620522304,1008403620573305
239,239,"Agent 1",1,43930,43930,32768,1,"gemm",512,131072,0,128,0,112,"TCP_TCP_TA_ADDR_STALL_CYCLES",132399.000000,1008403620522304,1008403620573305
240,240,"Agent 1",1,43930,43930,32768,1,"gemm",512,131072,0,128,0,112,"SQ_INSTS_VMEM_WR",32768.000000,1008403620674986,1008403620726146
240,240,"Agent 1",1,43930,43930,32768,1,"gemm",512,131072,0,128,0,112,"SQ_VMEM_TA_CMD_FIFO_FULL",591179.000000,1008403620674986,1008403620726146
240,240,"Agent 1",1,43930,43930,32768,1,"gemm",512,131072,0,128,0,112,"TCC_WRITE_SECTORS",524288.000000,1008403620674986,1008403620726146
240,240,"Agent 1",1,43930,43930,32768,1,"gemm",512,131072,0,128,0,112,"TCP_TCP_TA_DATA_STALL_CYCLES",938.000000,1008403620674986,1008403620726146
240,240,"Agent 1",1,43930,43930,32768,1,"gemm",512,131072,0,128,0,112,"TCP_TCP_TA_ADDR_STALL_CYCLES",129959.000000,1008403620674986,1008403620726146
241,241,"Agent 1",1,43930,43930,32768,1,"gemm",512,131072,0,128,0,112,"SQ_INSTS_VMEM_WR",32768.000000,1008403620825707,1008403620877707
241,241,"Agent 1",1,43930,43930,32768,1,"gemm",512,131072,0,128,0,112,"SQ_VMEM_TA_CMD_FIFO_FULL",584917.000000,1008403620825707,1008403620877707
241,241,"Agent 1",1,43930,43930,32768,1,"gemm",512,131072,0,128,0,112,"TCC_WRITE_SECTORS",524288.000000,1008403620825707,1008403620877707
241,241,"Agent 1",1,43930,43930,32768,1,"gemm",512,131072,0,128,0,112,"TCP_TCP_TA_DATA_STALL_CYCLES",914.000000,1008403620825707,1008403620877707
241,241,"Agent 1",1,43930,43930,32768,1,"gemm",512,131072,0,128,0,112,"TCP_TCP_TA_ADDR_STALL_CYCLES",122123.000000,1008403620825707,1008403620877707
242,242,"Agent 1",1,43930,43930,32768,1,"gemm",512,131072,0,128,0,112,"SQ_INSTS_VMEM_WR",32768.000000,1008403620976908,1008403621028069
242,242,"Agent 1",1,43930,43930,32768,1,"gemm",512,131072,0,128,0,112,"SQ_VMEM_TA_CMD_FIFO_FULL",601948.000000,1008403620976908,1008403621028069
242,242,"Agent 1",1,43930,43930,32768,1,"gemm",512,131072,0,128,0,112,"TCC_WRITE_SECTORS",524288.000000,1008403620976908,1008403621028069
242,242,"Agent 1",1,43930,43930,32768,1,"gemm",512,131072,0,128,0,112,"TCP_TCP_TA_DATA_STALL_CYCLES",944.000000,1008403620976908,1008403621028069
242,242,"Agent 1",1,43930,43930,32768,1,"gemm",512,131072,0,128,0,112,"TCP_TCP_TA_ADDR_STALL_CYCLES",129613.000000,1008403620976908,1008403621028069
243,243,"Agent 1",1,43930,43930,32768,1,"gemm",512,131072,0,128,0,112,"SQ_INSTS_VMEM_WR",32768.000000,1008403621124950,1008403621175830
243,243,"Agent 1",1,43930,43930,32768,1,"gemm",512,131072,0,128,0,112,"SQ_VMEM_TA_CMD_FIFO_FULL",603696.000000,1008403621124950,1008403621175830
243,243,"Agent 1",1,43930,43930,32768,1,"gemm",512,131072,0,128,0,112,"TCC_WRITE_SECTORS",524288.000000,1008403621124950,1008403621175830
243,243,"Agent 1",1,43930,43930,32768,1,"gemm",512,131072,0,128,0,112,"TCP_TCP_TA_DATA_STALL_CYCLES",939.000000,1008403621124950,1008403621175830
243,243,"Agent 1",1,43930,43930,32768,1,"gemm",512,131072,0,128,0,112,"TCP_TCP_TA_ADDR_STALL_CYCLES",129337.000000,1008403621124950,1008403621175830
244,244,"Agent 1",1,43930,43930,32768,1,"gemm",512,131072,0,128,0,112,"SQ_INSTS_VMEM_WR",32768.000000,1008403621271031,1008403621322191
244,244,"Agent 1",1,43930,43930,32768,1,"gemm",512,131072,0,128,0,112,"SQ_VMEM_TA_CMD_FIFO_FULL",592441.000000,1008403621271031,1008403621322191
244,244,"Agent 1",1,43930,43930,32768,1,"gemm",512,131072,0,128,0,112,"TCC_WRITE_SECTORS",524288.000000,1008403621271031,1008403621322191
244,244,"Agent 1",1,43930,43930,32768,1,"gemm",512,131072,0,128,0,112,"TCP_TCP_TA_DATA_STALL_CYCLES",935.000000,1008403621271031,1008403621322191
244,244,"Agent 1",1,43930,43930,32768,1,"gemm",512,131072,0,128,0,112,"TCP_TCP_TA_ADDR_STALL_CYCLES",129296.000000,1008403621271031,1008403621322191
245,245,"Agent 1",1,43930,43930,32768,1,"gemm",512,131072,0,128,0,112,"SQ_INSTS_VMEM_WR",32768.000000,1008403621418752,1008403621470833
245,245,"Agent 1",1,43930,43930,32768,1,"gemm",512,131072,0,128,0,112,"SQ_VMEM_TA_CMD_FIFO_FULL",590615.000000,1008403621418752,1008403621470833
245,245,"Agent 1",1,43930,43930,32768,1,"gemm",512,131072,0,128,0,112,"TCC_WRITE_SECTORS",524288.000000,1008403621418752,1008403621470833
245,245,"Agent 1",1,43930,43930,32768,1,"gemm",512,131072,0,128,0,112,"TCP_TCP_TA_DATA_STALL_CYCLES",947.000000,1008403621418752,1008403621470833
245,245,"Agent 1",1,43930,43930,32768,1,"gemm",512,131072,0,128,0,112,"TCP_TCP_TA_ADDR_STALL_CYCLES",124155.000000,1008403621418752,1008403621470833
246,246,"Agent 1",1,43930,43930,32768,1,"gemm",512,131072,0,128,0,112,"SQ_INSTS_VMEM_WR",32768.000000,1008403621565754,1008403621616994
246,246,"Agent 1",1,43930,43930,32768,1,"gemm",512,131072,0,128,0,112,"SQ_VMEM_TA_CMD_FIFO_FULL",589362.000000,1008403621565754,1008403621616994
246,246,"Agent 1",1,43930,43930,32768,1,"gemm",512,131072,0,128,0,112,"TCC_WRITE_SECTORS",524288.000000,1008403621565754,1008403621616994
246,246,"Agent 1",1,43930,43930,32768,1,"gemm",512,131072,0,128,0,112,"TCP_TCP_TA_DATA_STALL_CYCLES",935.000000,1008403621565754,1008403621616994
246,246,"Agent 1",1,43930,43930,32768,1,"gemm",512,131072,0,128,0,112,"TCP_TCP_TA_ADDR_STALL_CYCLES",127612.000000,1008403621565754,1008403621616994
247,247,"Agent 1",1,43930,43930,32768,1,"gemm",512,131072,0,128,0,112,"SQ_INSTS_VMEM_WR",32768.000000,1008403621711955,1008403621762955
247,247,"Agent 1",1,43930,43930,32768,1,"gemm",512,131072,0,128,0,112,"SQ_VMEM_TA_CMD_FIFO_FULL",605069.000000,1008403621711955,1008403621762955
247,247,"Agent 1",1,43930,43930,32768,1,"gemm",512,131072,0,128,0,112,"TCC_WRITE_SECTORS",524288.000000,1008403621711955,1008403621762955
247,247,"Agent 1",1,43930,43930,32768,1,"gemm",512,131072,0,128,0,112,"TCP_TCP_TA_DATA_STALL_CYCLES",956.000000,1008403621711955,1008403621762955
247,247,"Agent 1",1,43930,43930,32768,1,"gemm",512,131072,0,128,0,112,"TCP_TCP_TA_ADDR_STALL_CYCLES",129709.000000,1008403621711955,1008403621762955
248,248,"Agent 1",1,43930,43930,32768,1,"gemm",512,131072,0,128,0,112,"SQ_INSTS_VMEM_WR",32768.000000,1008403621861316,1008403621912397
248,248,"Agent 1",1,43930,43930,32768,1,"gemm",512,131072,0,128,0,112,"SQ_VMEM_TA_CMD_FIFO_FULL",608580.000000,1008403621861316,1008403621912397
248,248,"Agent 1",1,43930,43930,32768,1,"gemm",512,131072,0,128,0,112,"TCC_WRITE_SECTORS",524288.000000,1008403621861316,1008403621912397
248,248,"Agent 1",1,43930,43930,32768,1,"gemm",512,131072,0,128,0,112,"TCP_TCP_TA_DATA_STALL_CYCLES",956.000000,1008403621861316,1008403621912397
248,248,"Agent 1",1,43930,43930,32768,1,"gemm",512,131072,0,128,0,112,"TCP_TCP_TA_ADDR_STALL_CYCLES",129663.000000,1008403621861316,1008403621912397
249,249,"Agent 1",1,43930,43930,32768,1,"gemm",512,131072,0,128,0,112,"SQ_INSTS_VMEM_WR",32768.000000,1008403622008958,1008403622060958
249,249,"Agent 1",1,43930,43930,32768,1,"gemm",512,131072,0,128,0,112,"SQ_VMEM_TA_CMD_FIFO_FULL",599551.000000,1008403622008958,1008403622060958
249,249,"Agent 1",1,43930,43930,32768,1,"gemm",512,131072,0,128,0,112,"TCC_WRITE_SECTORS",524288.000000,1008403622008958,1008403622060958
249,249,"Agent 1",1,43930,43930,32768,1,"gemm",512,131072,0,128,0,112,"TCP_TCP_TA_DATA_STALL_CYCLES",957.000000,1008403622008958,1008403622060958
249,249,"Agent 1",1,43930,43930,32768,1,"gemm",512,131072,0,128,0,112,"TCP_TCP_TA_ADDR_STALL_CYCLES",124240.000000,1008403622008958,1008403622060958
250,250,"Agent 1",1,43930,43930,32768,1,"gemm",512,131072,0,128,0,112,"SQ_INSTS_VMEM_WR",32768.000000,1008403622156119,1008403622207199
250,250,"Agent 1",1,43930,43930,32768,1,"gemm",512,131072,0,128,0,112,"SQ_VMEM_TA_CMD_FIFO_FULL",592667.000000,1008403622156119,1008403622207199
250,250,"Agent 1",1,43930,43930,32768,1,"gemm",512,131072,0,128,0,112,"TCC_WRITE_SECTORS",524288.000000,1008403622156119,1008403622207199
250,250,"Agent 1",1,43930,43930,32768,1,"gemm",512,131072,0,128,0,112,"TCP_TCP_TA_DATA_STALL_CYCLES",925.000000,1008403622156119,1008403622207199
250,250,"Agent 1",1,43930,43930,32768,1,"gemm",512,131072,0,128,0,112,"TCP_TCP_TA_ADDR_STALL_CYCLES",125933.000000,1008403622156119,1008403622207199
251,251,"Agent 1",1,43930,43930,32768,1,"gemm",512,131072,0,128,0,112,"SQ_INSTS_VMEM_WR",32768.000000,1008403622304560,1008403622355561
251,251,"Agent 1",1,43930,43930,32768,1,"gemm",512,131072,0,128,0,112,"SQ_VMEM_TA_CMD_FIFO_FULL",598692.000000,1008403622304560,1008403622355561
251,251,"Agent 1",1,43930,43930,32768,1,"gemm",512,131072,0,128,0,112,"TCC_WRITE_SECTORS",524288.000000,1008403622304560,1008403622355561
251,251,"Agent 1",1,43930,43930,32768,1,"gemm",512,131072,0,128,0,112,"TCP_TCP_TA_DATA_STALL_CYCLES",935.000000,1008403622304560,1008403622355561
251,251,"Agent 1",1,43930,43930,32768,1,"gemm",512,131072,0,128,0,112,"TCP_TCP_TA_ADDR_STALL_CYCLES",129296.000000,1008403622304560,1008403622355561
252,252,"Agent 1",1,43930,43930,32768,1,"gemm",512,131072,0,128,0,112,"SQ_INSTS_VMEM_WR",32768.000000,1008403622450962,1008403622501962
252,252,"Agent 1",1,43930,43930,32768,1,"gemm",512,131072,0,128,0,112,"SQ_VMEM_TA_CMD_FIFO_FULL",607740.000000,1008403622450962,1008403622501962
252,252,"Agent 1",1,43930,43930,32768,1,"gemm",512,131072,0,128,0,112,"TCC_WRITE_SECTORS",524288.000000,1008403622450962,1008403622501962
252,252,"Agent 1",1,43930,43930,32768,1,"gemm",512,131072,0,128,0,112,"TCP_TCP_TA_DATA_STALL_CYCLES",950.000000,1008403622450962,1008403622501962
252,252,"Agent 1",1,43930,43930,32768,1,"gemm",512,131072,0,128,0,112,"TCP_TCP_TA_ADDR_STALL_CYCLES",126176.000000,1008403622450962,1008403622501962
