"Correlation_Id","Dispatch_Id","Agent_Id","Queue_Id","Process_Id","Thread_Id","Grid_Size","Kernel_Id","Kernel_Name","Workgroup_Size","LDS_Block_Size","Scratch_Size","VGPR_Count","Accum_VGPR_Count","SGPR_Count","Counter_Name","Counter_Value","Start_Timestamp","End_Timestamp"
53,53,"Agent 1",1,43759,43759,32768,1,"gemm",512,131072,0,128,0,112,"SQ_INSTS_VMEM_WR",65536.000000,1008390515230152,1008390515289553
53,53,"Agent 1",1,43759,43759,32768,1,"gemm",512,131072,0,128,0,112,"SQ_VMEM_TA_CMD_FIFO_FULL",1754963.000000,1008390515230152,1008390515289553
53,53,"Agent 1",1,43759,43759,32768,1,"gemm",512,131072,0,128,0,112,"TCC_WRITE_SECTORS",524288.000000,1008390515230152,1008390515289553
53,53,"Agent 1",1,43759,43759,32768,1,"gemm",512,131072,0,128,0,112,"TCP_TCP_TA_DATA_STALL_CYCLES",64552.000000,1008390515230152,1008390515289553
53,53,"Agent 1",1,43759,43759,32768,1,"gemm",512,131072,0,128,0,112,"TCP_TCP_TA_ADDR_STALL_CYCLES",1016467.000000,1008390515230152,1008390515289553
54,54,"Agent 1",1,43759,43759,32768,1,"gemm",512,131072,0,128,0,112,"SQ_INSTS_VMEM_WR",65536.000000,1008390515389073,1008390515439514
54,54,"Agent 1",1,43759,43759,32768,1,"gemm",512,131072,0,128,0,112,"SQ_VMEM_TA_CMD_FIFO_FULL",415834.000000,1008390515389073,1008390515439514
54,54,"Agent 1",1,43759,43759,32768,1,"gemm",512,131072,0,128,0,112,"TCC_WRITE_SECTORS",524288.000000,1008390515389073,1008390515439514
54,54,"Agent 1",1,43759,43759,32768,1,"gemm",512,131072,0,128,0,112,"TCP_TCP_TA_DATA_STALL_CYCLES",57496.000000,1008390515389073,1008390515439514
54,54,"Agent 1",1,43759,43759,32768,1,"gemm",512,131072,0,128,0,112,"TCP_TCP_TA_ADDR_STALL_CYCLES",153010.000000,1008390515389073,1008390515439514
55,55,"Agent 1",1,43759,43759,32768,1,"gemm",512,131072,0,128,0,112,"SQ_INSTS_VMEM_WR",65536.000000,1008390515533795,1008390515584355
55,55,"Agent 1",1,43759,43759,32768,1,"gemm",512,131072,0,128,0,112,"SQ_VMEM_TA_CMD_FIFO_FULL",410659.000000,1008390515533795,1008390515584355
55,55,"Agent 1",1,43759,43759,32768,1,"gemm",512,131072,0,128,0,112,"TCC_WRITE_SECTORS",524288.000000,1008390515533795,1008390515584355
55,55,"Agent 1",1,43759,43759,32768,1,"gemm",512,131072,0,128,0,112,"TCP_TCP_TA_DATA_STALL_CYCLES",57393.000000,1008390515533795,1008390515584355
55,55,"Agent 1",1,43759,43759,32768,1,"gemm",512,131072,0,128,0,112,"TCP_TCP_TA_ADDR_STALL_CYCLES",152723.000000,1008390515533795,1008390515584355
56,56,"Agent 1",1,43759,43759,32768,1,"gemm",512,131072,0,128,0,112,"SQ_INSTS_VMEM_WR",65536.000000,1008390515679196,1008390515729957
56,56,"Agent 1",1,43759,43759,32768,1,"gemm",512,131072,0,128,0,112,"SQ_VMEM_TA_CMD_FIFO_FULL",416631.000000,1008390515679196,1008390515729957
56,56,"Agent 1",1,43759,43759,32768,1,"gemm",512,131072,0,128,0,112,"TCC_WRITE_SECTORS",524288.000000,1008390515679196,1008390515729957
56,56,"Agent 1",1,43759,43759,32768,1,"gemm",512,131072,0,128,0,112,"TCP_TCP_TA_DATA_STALL_CYCLES",56895.000000,1008390515679196,1008390515729957
56,56,"Agent 1",1,43759,43759,32768,1,"gemm",512,131072,0,128,0,112,"TCP_TCP_TA_ADDR_STALL_CYCLES",153401.000000,1008390515679196,1008390515729957
57,57,"Agent 1",1,43759,43759,32768,1,"gemm",512,131072,0,128,0,112,"SQ_INSTS_VMEM_WR",65536.000000,1008390515822877,1008390515873398
57,57,"Agent 1",1,43759,43759,32768,1,"gemm",512,131072,0,128,0,112,"SQ_VMEM_TA_CMD_FIFO_FULL",401495.000000,1008390515822877,1008390515873398
57,57,"Agent 1",1,43759,43759,32768,1,"gemm",512,131072,0,128,0,112,"TCC_WRITE_SECTORS",524288.000000,1008390515822877,1008390515873398
57,57,"Agent 1",1,43759,43759,32768,1,"gemm",512,131072,0,128,0,112,"TCP_TCP_TA_DATA_STALL_CYCLES",53569.000000,1008390515822877,1008390515873398
57,57,"Agent 1",1,43759,43759,32768,1,"gemm",512,131072,0,128,0,112,"TCP_TCP_TA_ADDR_STALL_CYCLES",129282.000000,1008390515822877,1008390515873398
58,58,"Agent 1",1,43759,43759,32768,1,"gemm",512,131072,0,128,0,112,"SQ_INSTS_VMEM_WR",65536.000000,1008390515966719,1008390516017039
58,58,"Agent 1",1,43759,43759,32768,1,"gemm",512,131072,0,128,0,112,"SQ_VMEM_TA_CMD_FIFO_FULL",420931.000000,1008390515966719,1008390516017039
58,58,"Agent 1",1,43759,43759,32768,1,"gemm",512,131072,0,128,0,112,"TCC_WRITE_SECTORS",524288.000000,1008390515966719,1008390516017039
58,58,"Agent 1",1,43759,43759,32768,1,"gemm",512,131072,0,128,0,112,"TCP_TCP_TA_DATA_STALL_CYCLES",53678.000000,1008390515966719,1008390516017039
58,58,"Agent 1",1,43759,43759,32768,1,"gemm",512,131072,0,128,0,112,"TCP_TCP_TA_ADDR_STALL_CYCLES",129415.000000,1008390515966719,1008390516017039
59,59,"Agent 1",1,43759,43759,32768,1,"gemm",512,131072,0,128,0,112,"SQ_INSTS_VMEM_WR",65536.000000,1008390516109680,1008390516160360
59,59,"Agent 1",1,43759,43759,32768,1,"gemm",512,131072,0,128,0,112,"SQ_VMEM_TA_CMD_FIFO_FULL",403203.000000,1008390516109680,1008390516160360
59,59,"Agent 1",1,43759,43759,32768,1,"gemm",512,131072,0,128,0,112,"TCC_WRITE_SECTORS",524288.000000,1008390516109680,1008390516160360
59,59,"Agent 1",1,43759,43759,32768,1,"gemm",512,131072,0,128,0,112,"TCP_TCP_TA_DATA_STALL_CYCLES",53459.000000,1008390516109680,1008390516160360
59,59,"Agent 1",1,43759,43759,32768,1,"gemm",512,131072,0,128,0,112,"TCP_TCP_TA_ADDR_STALL_CYCLES",129019.000000,1008390516109680,1008390516160360
60,60,"Agent 1",1,43759,43759,32768,1,"gemm",512,131072,0,128,0,112,"SQ_INSTS_VMEM_WR",65536.000000,1008390516254481,1008390516305402
60,60,"Agent 1",1,43759,43759,32768,1,"gemm",512,131072,0,128,0,112,"SQ_VMEM_TA_CMD_FIFO_FULL",411279.000000,1008390516254481,1008390516305402
60,60,"Agent 1",1,43759,43759,32768,1,"gemm",512,131072,0,128,0,112,"TCC_WRITE_SECTORS",524288.000000,1008390516254481,1008390516305402
60,60,"Agent 1",1,43759,43759,32768,1,"gemm",512,131072,0,128,0,112,"TCP_TCP_TA_DATA_STALL_CYCLES",54293.000000,1008390516254481,1008390516305402
60,60,"Agent 1",1,43759,43759,32768,1,"gemm",512,131072,0,128,0,112,"TCP_TCP_TA_ADDR_STALL_CYCLES",131242.000000,1008390516254481,1008390516305402
61,61,"Agent 1",1,43759,43759,32768,1,"gemm",512,131072,0,128,0,112,"SQ_INSTS_VMEM_WR",65536.000000,1008390516399883,1008390516450443
61,61,"Agent 1",1,43759,43759,32768,1,"gemm",512,131072,0,128,0,112,"SQ_VMEM_TA_CMD_FIFO_FULL",409841.000000,1008390516399883,1008390516450443
61,61,"Agent 1",1,43759,43759,32768,1,"gemm",512,131072,0,128,0,112,"TCC_WRITE_SECTORS",524288.000000,1008390516399883,1008390516450443
61,61,"Agent 1",1,43759,43759,32768,1,"gemm",512,131072,0,128,0,112,"TCP_TCP_TA_DATA_STALL_CYCLES",53019.000000,1008390516399883,1008390516450443
61,61,"Agent 1",1,43759,43759,32768,1,"gemm",512,131072,0,128,0,112,"TCP_TCP_TA_ADDR_STALL_CYCLES",127169.000000,1008390516399883,1008390516450443
62,62,"Agent 1",1,43759,43759,32768,1,"gemm",512,131072,0,128,0,112,"SQ_INSTS_VMEM_WR",65536.000000,1008390516546564,1008390516597124
62,62,"Agent 1",1,43759,43759,32768,1,"gemm",512,131072,0,128,0,112,"SQ_VMEM_TA_CMD_FIFO_FULL",404854.000000,1008390516546564,1008390516597124
62,62,"Agent 1",1,43759,43759,32768,1,"gemm",512,131072,0,128,0,112,"TCC_WRITE_SECTORS",524288.000000,1008390516546564,1008390516597124
62,62,"Agent 1",1,43759,43759,32768,1,"gemm",512,131072,0,128,0,112,"TCP_TCP_TA_DATA_STALL_CYCLES",53755.000000,1008390516546564,1008390516597124
62,62,"Agent 1",1,43759,43759,32768,1,"gemm",512,131072,0,128,0,112,"TCP_TCP_TA_ADDR_STALL_CYCLES",129896.000000,1008390516546564,1008390516597124
63,63,"Agent 1",1,43759,43759,32768,1,"gemm",512,131072,0,128,0,112,"SQ_INSTS_VMEM_WR",65536.000000,1008390516689925,1008390516740686
63,63,"Agent 1",1,43759,43759,32768,1,"gemm",512,131072,0,128,0,112,"SQ_VMEM_TA_CMD_FIFO_FULL",408257.000000,1008390516689925,1008390516740686
63,63,"Agent 1",1,43759,43759,32768,1,"gemm",512,131072,0,128,0,112,"TCC_WRITE_SECTORS",524288.000000,1008390516689925,1008390516740686
63,63,"Agent 1",1,43759,43759,32768,1,"gemm",512,131072,0,128,0,112,"TCP_TCP_TA_DATA_STALL_CYCLES",53965.000000,1008390516689925,1008390516740686
63,63,"Agent 1",1,43759,43759,32768,1,"gemm",512,131072,0,128,0,112,"TCP_TCP_TA_ADDR_STALL_CYCLES",132057.000000,1008390516689925,1008390516740686
64,64,"Agent 1",1,43759,43759,32768,1,"gemm",512,131072,0,128,0,112,"SQ_INSTS_VMEM_WR",65536.000000,1008390516836887,1008390516887847
64,64,"Agent 1",1,43759,43759,32768,1,"gemm",512,131072,0,128,0,112,"SQ_VMEM_TA_CMD_FIFO_FULL",407685.000000,1008390516836887,1008390516887847
64,64,"Agent 1",1,43759,43759,32768,1,"gemm",512,131072,0,128,0,112,"TCC_WRITE_SECTORS",524288.000000,1008390516836887,1008390516887847
64,64,"Agent 1",1,43759,43759,32768,1,"gemm",512,131072,0,128,0,112,"TCP_TCP_TA_DATA_STALL_CYCLES",54237.000000,1008390516836887,1008390516887847
64,64,"Agent 1",1,43759,43759,32768,1,"gemm",512,131072,0,128,0,112,"TCP_TCP_TA_ADDR_STALL_CYCLES",132045.000000,1008390516836887,1008390516887847
65,65,"Agent 1",1,43759,43759,32768,1,"gemm",512,131072,0,128,0,112,"SQ_INSTS_VMEM_WR",65536.000000,1008390516982648,1008390517033248
65,65,"Agent 1",1,43759,43759,32768,1,"gemm",512,131072,0,128,0,112,"SQ_VMEM_TA_CMD_FIFO_FULL",399442.000000,1008390516982648,1008390517033248
65,65,"Agent 1",1,43759,43759,32768,1,"gemm",512,131072,0,128,0,112,"TCC_WRITE_SECTORS",524288.000000,1008390516982648,1008390517033248
65,65,"Agent 1",1,43759,43759,32768,1,"gemm",512,131072,0,128,0,112,"TCP_TCP_TA_DATA_STALL_CYCLES",53690.000000,1008390516982648,1008390517033248
65,65,"Agent 1",1,43759,43759,32768,1,"gemm",512,131072,0,128,0,112,"TCP_TCP_TA_ADDR_STALL_CYCLES",127313.000000,1008390516982648,1008390517033248
66,66,"Agent 1",1,43759,43759,32768,1,"gemm",512,131072,0,128,0,112,"SQ_INSTS_VMEM_WR",65536.000000,1008390517128609,1008390517179130
66,66,"Agent 1",1,43759,43759,32768,1,"gemm",512,131072,0,128,0,112,"SQ_VMEM_TA_CMD_FIFO_FULL",406807.000000,1008390517128609,1008390517179130
66,66,"Agent 1",1,43759,43759,32768,1,"gemm",512,131072,0,128,0,112,"TCC_WRITE_SECTORS",524288.000000,1008390517128609,1008390517179130
66,66,"Agent 1",1,43759,43759,32768,1,"gemm",512,131072,0,128,0,112,"TCP_TCP_TA_DATA_STALL_CYCLES",54098.000000,1008390517128609,1008390517179130
66,66,"Agent 1",1,43759,43759,32768,1,"gemm",512,131072,0,128,0,112,"TCP_TCP_TA_ADDR_STALL_CYCLES",132837.000000,1008390517128609,1008390517179130
67,67,"Agent 1",1,43759,43759,32768,1,"gemm",512,131072,0,128,0,112,"SQ_INSTS_VMEM_WR",65536.000000,1008390517275410,1008390517326211
67,67,"Agent 1",1,43759,43759,32768,1,"gemm",512,131072,0,128,0,112,"SQ_VMEM_TA_CMD_FIFO_FULL",395181.000000,1008390517275410,1008390517326211
67,67,"Agent 1",1,43759,43759,32768,1,"gemm",512,131072,0,128,0,112,"TCC_WRITE_SECTORS",524288.000000,1008390517275410,1008390517326211
67,67,"Agent 1",1,43759,43759,32768,1,"gemm",512,131072,0,128,0,112,"TCP_TCP_TA_DATA_STALL_CYCLES",54916.000000,1008390517275410,1008390517326211
67,67,"Agent 1",1,43759,43759,32768,1,"gemm",512,131072,0,128,0,112,"TCP_TCP_TA_ADDR_STALL_CYCLES",130827.000000,1008390517275410,1008390517326211
68,68,"Agent 1",1,43759,43759,32768,1,"gemm",512,131072,0,128,0,112,"SQ_INSTS_VMEM_WR",65536.000000,1008390517422292,1008390517473092
68,68,"Agent 1",1,43759,43759,32768,1,"gemm",512,131072,0,128,0,112,"SQ_VMEM_TA_CMD_FIFO_FULL",398222.000000,1008390517422292,1008390517473092
68,68,"Agent 1",1,43759,43759,32768,1,"gemm",512,131072,0,128,0,112,"TCC_WRITE_SECTORS",524288.000000,1008390517422292,1008390517473092
68,68,"Agent 1",1,43759,43759,32768,1,"gemm",512,131072,0,128,0,112,"TCP_TCP_TA_DATA_STALL_CYCLES",53927.000000,1008390517422292,1008390517473092
68,68,"Agent 1",1,43759,43759,32768,1,"gemm",512,131072,0,128,0,112,"TCP_TCP_TA_ADDR_STALL_CYCLES",132088.000000,1008390517422292,1008390517473092
69,69,"Agent 1",1,43759,43759,32768,1,"gemm",512,131072,0,128,0,112,"SQ_INSTS_VMEM_WR",65536.000000,1008390517570453,1008390517620934
69,69,"Agent 1",1,43759,43759,32768,1,"gemm",512,131072,0,128,0,112,"SQ_VMEM_TA_CMD_FIFO_FULL",405607.000000,1008390517570453,1008390517620934
69,69,"Agent 1",1,43759,43759,32768,1,"gemm",512,131072,0,128,0,112,"TCC_WRITE_SECTORS",524288.000000,1008390517570453,1008390517620934
69,69,"Agent 1",1,43759,43759,32768,1,"gemm",512,131072,0,128,0,112,"TCP_TCP_TA_DATA_STALL_CYCLES",54055.000000,1008390517570453,1008390517620934
69,69,"Agent 1",1,43759,43759,32768,1,"gemm",512,131072,0,128,0,112,"TCP_TCP_TA_ADDR_STALL_CYCLES",132929.000000,1008390517570453,1008390517620934
70,70,"Agent 1",1,43759,43759,32768,1,"gemm",512,131072,0,128,0,112,"SQ_INSTS_VMEM_WR",65536.000000,1008390517721694,1008390517772135
70,70,"Agent 1",1,43759,43759,32768,1,"gemm",512,131072,0,128,0,112,"SQ_VMEM_TA_CMD_FIFO_FULL",412673.000000,1008390517721694,1008390517772135
70,70,"Agent 1",1,43759,43759,32768,1,"gemm",512,131072,0,128,0,112,"TCC_WRITE_SECTORS",524288.000000,1008390517721694,1008390517772135
70,70,"Agent 1",1,43759,43759,32768,1,"gemm",512,131072,0,128,0,112,"TCP_TCP_TA_DATA_STALL_CYCLES",52985.000000,1008390517721694,1008390517772135
70,70,"Agent 1",1,43759,43759,32768,1,"gemm",512,131072,0,128,0,112,"TCP_TCP_TA_ADDR_STALL_CYCLES",134434.000000,1008390517721694,1008390517772135
71,71,"Agent 1",1,43759,43759,32768,1,"gemm",512,131072,0,128,0,112,"SQ_INSTS_VMEM_WR",65536.000000,1008390517869816,1008390517920416
71,71,"Agent 1",1,43759,43759,32768,1,"gemm",512,131072,0,128,0,112,"SQ_VMEM_TA_CMD_FIFO_FULL",414850.000000,1008390517869816,1008390517920416
71,71,"Agent 1",1,43759,43759,32768,1,"gemm",512,131072,0,128,0,112,"TCC_WRITE_SECTORS",524288.000000,1008390517869816,1008390517920416
71,71,"Agent 1",1,43759,43759,32768,1,"gemm",512,131072,0,128,0,112,"TCP_TCP_TA_DATA_STALL_CYCLES",54304.000000,1008390517869816,1008390517920416
71,71,"Agent 1",1,43759,43759,32768,1,"gemm",512,131072,0,128,0,112,"TCP_TCP_TA_ADDR_STALL_CYCLES",135201.000000,1008390517869816,1008390517920416
72,72,"Agent 1",1,43759,43759,32768,1,"gemm",512,131072,0,128,0,112,"SQ_INSTS_VMEM_WR",65536.000000,1008390518023417,1008390518074218
72,72,"Agent 1",1,43759,43759,32768,1,"gemm",512,131072,0,128,0,112,"SQ_VMEM_TA_CMD_FIFO_FULL",412516.000000,1008390518023417,1008390518074218
72,72,"Agent 1",1,43759,43759,32768,1,"gemm",512,131072,0,128,0,112,"TCC_WRITE_SECTORS",524288.000000,1008390518023417,1008390518074218
72,72,"Agent 1",1,43759,43759,32768,1,"gemm",512,131072,0,128,0,112,"TCP_TCP_TA_DATA_STALL_CYCLES",54079.000000,1008390518023417,1008390518074218
72,72,"Agent 1",1,43759,43759,32768,1,"gemm",512,131072,0,128,0,112,"TCP_TCP_TA_ADDR_STALL_CYCLES",136179.000000,1008390518023417,1008390518074218
73,73,"Agent 1",1,43759,43759,32768,1,"gemm",512,131072,0,128,0,112,"SQ_INSTS_VMEM_WR",65536.000000,1008390518171859,1008390518222419
73,73,"Agent 1",1,43759,43759,32768,1,"gemm",512,131072,0,128,0,112,"SQ_VMEM_TA_CMD_FIFO_FULL",402563.000000,1008390518171859,1008390518222419
73,73,"Agent 1",1,43759,43759,32768,1,"gemm",512,131072,0,128,0,112,"TCC_WRITE_SECTORS",524288.000000,1008390518171859,1008390518222419
73,73,"Agent 1",1,43759,43759,32768,1,"gemm",512,131072,0,128,0,112,"TCP_TCP_TA_DATA_STALL_CYCLES",53567.000000,1008390518171859,1008390518222419
73,73,"Agent 1",1,43759,43759,32768,1,"gemm",512,131072,0,128,0,112,"TCP_TCP_TA_ADDR_STALL_CYCLES",128507.000000,1008390518171859,1008390518222419
74,74,"Agent 1",1,43759,43759,32768,1,"gemm",512,131072,0,128,0,112,"SQ_INSTS_VMEM_WR",65536.000000,1008390518322780,1008390518373220
74,74,"Agent 1",1,43759,43759,32768,1,"gemm",512,131072,0,128,0,112,"SQ_VMEM_TA_CMD_FIFO_FULL",400465.000000,1008390518322780,1008390518373220
74,74,"Agent 1",1,43759,43759,32768,1,"gemm",512,131072,0,128,0,112,"TCC_WRITE_SECTORS",524288.000000,1008390518322780,1008390518373220
74,74,"Agent 1",1,43759,43759,32768,1,"gemm",512,131072,0,128,0,112,"TCP_TCP_TA_DATA_STALL_CYCLES",53032.000000,1008390518322780,1008390518373220
74,74,"Agent 1",1,43759,43759,32768,1,"gemm",512,131072,0,128,0,112,"TCP_TCP_TA_ADDR_STALL_CYCLES",130763.000000,1008390518322780,1008390518373220
75,75,"Agent 1",1,43759,43759,32768,1,"gemm",512,131072,0,128,0,112,"SQ_INSTS_VMEM_WR",65536.000000,1008390518471861,1008390518522582
75,75,"Agent 1",1,43759,43759,32768,1,"gemm",512,131072,0,128,0,112,"SQ_VMEM_TA_CMD_FIFO_FULL",405794.000000,1008390518471861,1008390518522582
75,75,"Agent 1",1,43759,43759,32768,1,"gemm",512,131072,0,128,0,112,"TCC_WRITE_SECTORS",524288.000000,1008390518471861,1008390518522582
75,75,"Agent 1",1,43759,43759,32768,1,"gemm",512,131072,0,128,0,112,"TCP_TCP_TA_DATA_STALL_CYCLES",54279.000000,1008390518471861,1008390518522582
75,75,"Agent 1",1,43759,43759,32768,1,"gemm",512,131072,0,128,0,112,"TCP_TCP_TA_ADDR_STALL_CYCLES",130295.000000,1008390518471861,1008390518522582
76,76,"Agent 1",1,43759,43759,32768,1,"gemm",512,131072,0,128,0,112,"SQ_INSTS_VMEM_WR",65536.000000,1008390518618663,1008390518669623
76,76,"Agent 1",1,43759,43759,32768,1,"gemm",512,131072,0,128,0,112,"SQ_VMEM_TA_CMD_FIFO_FULL",404832.000000,1008390518618663,1008390518669623
76,76,"Agent 1",1,43759,43759,32768,1,"gemm",512,131072,0,128,0,112,"TCC_WRITE_SECTORS",524288.000000,1008390518618663,1008390518669623
76,76,"Agent 1",1,43759,43759,32768,1,"gemm",512,131072,0,128,0,112,"TCP_TCP_TA_DATA_STALL_CYCLES",53907.000000,1008390518618663,1008390518669623
76,76,"Agent 1",1,43759,43759,32768,1,"gemm",512,131072,0,128,0,112,"TCP_TCP_TA_ADDR_STALL_CYCLES",129246.000000,1008390518618663,1008390518669623
77,77,"Agent 1",1,43759,43759,32768,1,"gemm",512,131072,0,128,0,112,"SQ_INSTS_VMEM_WR",65536.000000,1008390518767784,1008390518818424
77,77,"Agent 1",1,43759,43759,32768,1,"gemm",512,131072,0,128,0,112,"SQ_VMEM_TA_CMD_FIFO_FULL",393531.000000,1008390518767784,1008390518818424
77,77,"Agent 1",1,43759,43759,32768,1,"gemm",512,131072,0,128,0,112,"TCC_WRITE_SECTORS",524288.000000,1008390518767784,1008390518818424
77,77,"Agent 1",1,43759,43759,32768,1,"gemm",512,131072,0,128,0,112,"TCP_TCP_TA_DATA_STALL_CYCLES",53709.000000,1008390518767784,1008390518818424
77,77,"Agent 1",1,43759,43759,32768,1,"gemm",512,131072,0,128,0,112,"TCP_TCP_TA_ADDR_STALL_CYCLES",129457.000000,1008390518767784,1008390518818424
78,78,"Agent 1",1,43759,43759,32768,1,"gemm",512,131072,0,128,0,112,"SQ_INSTS_VMEM_WR",65536.000000,1008390518916505,1008390518967066
78,78,"Agent 1",1,43759,43759,32768,1,"gemm",512,131072,0,128,0,112,"SQ_VMEM_TA_CMD_FIFO_FULL",401360.000000,1008390518916505,1008390518967066
78,78,"Agent 1",1,43759,43759,32768,1,"gemm",512,131072,0,128,0,112,"TCC_WRITE_SECTORS",524288.000000,1008390518916505,1008390518967066
78,78,"Agent 1",1,43759,43759,32768,1,"gemm",512,131072,0,128,0,112,"TCP_TCP_TA_DATA_STALL_CYCLES",53546.000000,1008390518916505,1008390518967066
78,78,"Agent 1",1,43759,43759,32768,1,"gemm",512,131072,0,128,0,112,"TCP_TCP_TA_ADDR_STALL_CYCLES",137132.000000,1008390518916505,1008390518967066
79,79,"Agent 1",1,43759,43759,32768,1,"gemm",512,131072,0,128,0,112,"SQ_INSTS_VMEM_WR",65536.000000,1008390519062707,1008390519113427
79,79,"Agent 1",1,43759,43759,32768,1,"gemm",512,131072,0,128,0,112,"SQ_VMEM_TA_CMD_FIFO_FULL",402940.000000,1008390519062707,1008390519113427
79,79,"Agent 1",1,43759,43759,32768,1,"gemm",512,131072,0,128,0,112,"TCC_WRITE_SECTORS",524288.000000,1008390519062707,1008390519113427
79,79,"Agent 1",1,43759,43759,32768,1,"gemm",512,131072,0,128,0,112,"TCP_TCP_TA_DATA_STALL_CYCLES",54560.000000,1008390519062707,1008390519113427
79,79,"Agent 1",1,43759,43759,32768,1,"gemm",512,131072,0,128,0,112,"TCP_TCP_TA_ADDR_STALL_CYCLES",125975.000000,1008390519062707,1008390519113427
80,80,"Agent 1",1,43759,43759,32768,1,"gemm",512,131072,0,128,0,112,"SQ_INSTS_VMEM_WR",65536.000000,1008390519208868,1008390519259948
80,80,"Agent 1",1,43759,43759,32768,1,"gemm",512,131072,0,128,0,112,"SQ_VMEM_TA_CMD_FIFO_FULL",400532.000000,1008390519208868,1008390519259948
80,80,"Agent 1",1,43759,43759,32768,1,"gemm",512,131072,0,128,0,112,"TCC_WRITE_SECTORS",524288.000000,1008390519208868,1008390519259948
80,80,"Agent 1",1,43759,43759,32768,1,"gemm",512,131072,0,128,0,112,"TCP_TCP_TA_DATA_STALL_CYCLES",54146.000000,1008390519208868,1008390519259948
80,80,"Agent 1",1,43759,43759,32768,1,"gemm",512,131072,0,128,0,112,"TCP_TCP_TA_ADDR_STALL_CYCLES",131576.000000,1008390519208868,1008390519259948
81,81,"Agent 1",1,43759,43759,32768,1,"gemm",512,131072,0,128,0,112,"SQ_INSTS_VMEM_WR",65536.000000,1008390519358069,1008390519408630
81,81,"Agent 1",1,43759,43759,32768,1,"gemm",512,131072,0,128,0,112,"SQ_VMEM_TA_CMD_FIFO_FULL",409816.000000,1008390519358069,1008390519408630
81,81,"Agent 1",1,43759,43759,32768,1,"gemm",512,131072,0,128,0,112,"TCC_WRITE_SECTORS",524288.000000,1008390519358069,1008390519408630
81,81,"Agent 1",1,43759,43759,32768,1,"gemm",512,131072,0,128,0,112,"TCP_TCP_TA_DATA_STALL_CYCLES",54577.000000,1008390519358069,1008390519408630
81,81,"Agent 1",1,43759,43759,32768,1,"gemm",512,131072,0,128,0,112,"TCP_TCP_TA_ADDR_STALL_CYCLES",134488.000000,1008390519358069,1008390519408630
82,82,"Agent 1",1,43759,43759,32768,1,"gemm",512,131072,0,128,0,112,"SQ_INSTS_VMEM_WR",65536.000000,1008390519502191,1008390519552511
82,82,"Agent 1",1,43759,43759,32768,1,"gemm",512,131072,0,128,0,112,"SQ_VMEM_TA_CMD_FIFO_FULL",398623.000000,1008390519502191,1008390519552511
82,82,"Agent 1",1,43759,43759,32768,1,"gemm",512,131072,0,128,0,112,"TCC_WRITE_SECTORS",524288.000000,1008390519502191,1008390519552511
82,82,"Agent 1",1,43759,43759,32768,1,"gemm",512,131072,0,128,0,112,"TCP_TCP_TA_DATA_STALL_CYCLES",53051.000000,1008390519502191,1008390519552511
82,82,"Agent 1",1,43759,43759,32768,1,"gemm",512,131072,0,128,0,112,"TCP_TCP_TA_ADDR_STALL_CYCLES",135204.000000,1008390519502191,1008390519552511
83,83,"Agent 1",1,43759,43759,32768,1,"gemm",512,131072,0,128,0,112,"SQ_INSTS_VMEM_WR",65536.000000,1008390519653032,1008390519703552
83,83,"Agent 1",1,43759,43759,32768,1,"gemm",512,131072,0,128,0,112,"SQ_VMEM_TA_CMD_FIFO_FULL",399486.000000,1008390519653032,1008390519703552
83,83,"Agent 1",1,43759,43759,32768,1,"gemm",512,131072,0,128,0,112,"TCC_WRITE_SECTORS",524288.000000,1008390519653032,1008390519703552
83,83,"Agent 1",1,43759,43759,32768,1,"gemm",512,131072,0,128,0,112,"TCP_TCP_TA_DATA_STALL_CYCLES",53567.000000,1008390519653032,1008390519703552
83,83,"Agent 1",1,43759,43759,32768,1,"gemm",512,131072,0,128,0,112,"TCP_TCP_TA_ADDR_STALL_CYCLES",128844.000000,1008390519653032,1008390519703552
84,84,"Agent 1",1,43759,43759,32768,1,"gemm",512,131072,0,128,0,112,"SQ_INSTS_VMEM_WR",65536.000000,1008390519801993,1008390519852954
84,84,"Agent 1",1,43759,43759,32768,1,"gemm",512,131072,0,128,0,112,"SQ_VMEM_TA_CMD_FIFO_FULL",406317.000000,1008390519801993,1008390519852954
84,84,"Agent 1",1,43759,43759,32768,1,"gemm",512,131072,0,128,0,112,"TCC_WRITE_SECTORS",524288.000000,1008390519801993,1008390519852954
84,84,"Agent 1",1,43759,43759,32768,1,"gemm",512,131072,0,128,0,112,"TCP_TCP_TA_DATA_STALL_CYCLES",53220.000000,1008390519801993,1008390519852954
84,84,"Agent 1",1,43759,43759,32768,1,"gemm",512,131072,0,128,0,112,"TCP_TCP_TA_ADDR_STALL_CYCLES",128061.000000,1008390519801993,1008390519852954
85,85,"Agent 1",1,43759,43759,32768,1,"gemm",512,131072,0,128,0,112,"SQ_INSTS_VMEM_WR",65536.000000,1008390519946915,1008390519997395
85,85,"Agent 1",1,43759,43759,32768,1,"gemm",512,131072,0,128,0,112,"SQ_VMEM_TA_CMD_FIFO_FULL",405154.000000,1008390519946915,1008390519997395
85,85,"Agent 1",1,43759,43759,32768,1,"gemm",512,131072,0,128,0,112,"TCC_WRITE_SECTORS",524288.000000,1008390519946915,1008390519997395
85,85,"Agent 1",1,43759,43759,32768,1,"gemm",512,131072,0,128,0,112,"TCP_TCP_TA_DATA_STALL_CYCLES",53907.000000,1008390519946915,1008390519997395
85,85,"Agent 1",1,43759,43759,32768,1,"gemm",512,131072,0,128,0,112,"TCP_TCP_TA_ADDR_STALL_CYCLES",130417.000000,1008390519946915,1008390519997395
86,86,"Agent 1",1,43759,43759,32768,1,"gemm",512,131072,0,128,0,112,"SQ_INSTS_VMEM_WR",65536.000000,1008390520092036,1008390520142436
86,86,"Agent 1",1,43759,43759,32768,1,"gemm",512,131072,0,128,0,112,"SQ_VMEM_TA_CMD_FIFO_FULL",409198.000000,1008390520092036,1008390520142436
86,86,"Agent 1",1,43759,43759,32768,1,"gemm",512,131072,0,128,0,112,"TCC_WRITE_SECTORS",524288.000000,1008390520092036,1008390520142436
86,86,"Agent 1",1,43759,43759,32768,1,"gemm",512,131072,0,128,0,112,"TCP_TCP_TA_DATA_STALL_CYCLES",53031.000000,1008390520092036,1008390520142436
86,86,"Agent 1",1,43759,43759,32768,1,"gemm",512,131072,0,128,0,112,"TCP_TCP_TA_ADDR_STALL_CYCLES",133756.000000,1008390520092036,1008390520142436
87,87,"Agent 1",1,43759,43759,32768,1,"gemm",512,131072,0,128,0,112,"SQ_INSTS_VMEM_WR",65536.000000,1008390520244677,1008390520295478
87,87,"Agent 1",1,43759,43759,32768,1,"gemm",512,131072,0,128,0,112,"SQ_VMEM_TA_CMD_FIFO_FULL",394635.000000,1008390520244677,1008390520295478
87,87,"Agent 1",1,43759,43759,32768,1,"gemm",512,131072,0,128,0,112,"TCC_WRITE_SECTORS",524288.000000,1008390520244677,1008390520295478
87,87,"Agent 1",1,43759,43759,32768,1,"gemm",512,131072,0,128,0,112,"TCP_TCP_TA_DATA_STALL_CYCLES",53546.000000,1008390520244677,1008390520295478
87,87,"Agent 1",1,43759,43759,32768,1,"gemm",512,131072,0,128,0,112,"TCP_TCP_TA_ADDR_STALL_CYCLES",124920.000000,1008390520244677,1008390520295478
88,88,"Agent 1",1,43759,43759,32768,1,"gemm",512,131072,0,128,0,112,"SQ_INSTS_VMEM_WR",65536.000000,1008390520390199,1008390520440959
88,88,"Agent 1",1,43759,43759,32768,1,"gemm",512,131072,0,128,0,112,"SQ_VMEM_TA_CMD_FIFO_FULL",388304.000000,1008390520390199,1008390520440959
88,88,"Agent 1",1,43759,43759,32768,1,"gemm",512,131072,0,128,0,112,"TCC_WRITE_SECTORS",524288.000000,1008390520390199,1008390520440959
88,88,"Agent 1",1,43759,43759,32768,1,"gemm",512,131072,0,128,0,112,"TCP_TCP_TA_DATA_STALL_CYCLES",53443.000000,1008390520390199,1008390520440959
88,88,"Agent 1",1,43759,43759,32768,1,"gemm",512,131072,0,128,0,112,"TCP_TCP_TA_ADDR_STALL_CYCLES",131383.000000,1008390520390199,1008390520440959
89,89,"Agent 1",1,43759,43759,32768,1,"gemm",512,131072,0,128,0,112,"SQ_INSTS_VMEM_WR",65536.000000,1008390520541120,1008390520591680
89,89,"Agent 1",1,43759,43759,32768,1,"gemm",512,131072,0,128,0,112,"SQ_VMEM_TA_CMD_FIFO_FULL",385519.000000,1008390520541120,1008390520591680
89,89,"Agent 1",1,43759,43759,32768,1,"gemm",512,131072,0,128,0,112,"TCC_WRITE_SECTORS",524288.000000,1008390520541120,1008390520591680
89,89,"Agent 1",1,43759,43759,32768,1,"gemm",512,131072,0,128,0,112,"TCP_TCP_TA_DATA_STALL_CYCLES",53807.000000,1008390520541120,1008390520591680
89,89,"Agent 1",1,43759,43759,32768,1,"gemm",512,131072,0,128,0,112,"TCP_TCP_TA_ADDR_STALL_CYCLES",137548.000000,1008390520541120,1008390520591680
90,90,"Agent 1",1,43759,43759,32768,1,"gemm",512,131072,0,128,0,112,"SQ_INSTS_VMEM_WR",65536.000000,1008390520688601,1008390520739202
90,90,"Agent 1",1,43759,43759,32768,1,"gemm",512,131072,0,128,0,112,"SQ_VMEM_TA_CMD_FIFO_FULL",415280.000000,1008390520688601,1008390520739202
90,90,"Agent 1",1,43759,43759,32768,1,"gemm",512,131072,0,128,0,112,"TCC_WRITE_SECTORS",524288.000000,1008390520688601,1008390520739202
90,90,"Agent 1",1,43759,43759,32768,1,"gemm",512,131072,0,128,0,112,"TCP_TCP_TA_DATA_STALL_CYCLES",52787.000000,1008390520688601,1008390520739202
90,90,"Agent 1",1,43759,43759,32768,1,"gemm",512,131072,0,128,0,112,"TCP_TCP_TA_ADDR_STALL_CYCLES",136021.000000,1008390520688601,1008390520739202
91,91,"Agent 1",1,43759,43759,32768,1,"gemm",512,131072,0,128,0,112,"SQ_INSTS_VMEM_WR",65536.000000,1008390520833603,1008390520884163
91,91,"Agent 1",1,43759,43759,32768,1,"gemm",512,131072,0,128,0,112,"SQ_VMEM_TA_CMD_FIFO_FULL",403387.000000,1008390520833603,1008390520884163
91,91,"Agent 1",1,43759,43759,32768,1,"gemm",512,131072,0,128,0,112,"TCC_WRITE_SECTORS",524288.000000,1008390520833603,1008390520884163
91,91,"Agent 1",1,43759,43759,32768,1,"gemm",512,131072,0,128,0,112,"TCP_TCP_TA_DATA_STALL_CYCLES",53657.000000,1008390520833603,1008390520884163
91,91,"Agent 1",1,43759,43759,32768,1,"gemm",512,131072,0,128,0,112,"TCP_TCP_TA_ADDR_STALL_CYCLES",129828.000000,1008390520833603,1008390520884163
92,92,"Agent 1",1,43759,43759,32768,1,"gemm",512,131072,0,128,0,112,"SQ_INSTS_VMEM_WR",65536.000000,1008390520978764,1008390521029884
92,92,"Agent 1",1,43759,43759,32768,1,"gemm",512,131072,0,128,0,112,"SQ_VMEM_TA_CMD_FIFO_FULL",414450.000000,1008390520978764,1008390521029884
92,92,"Agent 1",1,43759,43759,32768,1,"gemm",512,131072,0,128,0,112,"TCC_WRITE_SECTORS",524288.000000,1008390520978764,1008390521029884
92,92,"Agent 1",1,43759,43759,32768,1,"gemm",512,131072,0,128,0,112,"TCP_TCP_TA_DATA_STALL_CYCLES",55082.000000,1008390520978764,1008390521029884
92,92,"Agent 1",1,43759,43759,32768,1,"gemm",512,131072,0,128,0,112,"TCP_TCP_TA_ADDR_STALL_CYCLES",129957.000000,1008390520978764,1008390521029884
93,93,"Agent 1",1,43759,43759,32768,1,"gemm",512,131072,0,128,0,112,"SQ_INSTS_VMEM_WR",65536.000000,1008390521125485,1008390521176086
93,93,"Agent 1",1,43759,43759,32768,1,"gemm",512,131072,0,128,0,112,"SQ_VMEM_TA_CMD_FIFO_FULL",402437.000000,1008390521125485,1008390521176086
93,93,"Agent 1",1,43759,43759,32768,1,"gemm",512,131072,0,128,0,112,"TCC_WRITE_SECTORS",524288.000000,1008390521125485,1008390521176086
93,93,"Agent 1",1,43759,43759,32768,1,"gemm",512,131072,0,128,0,112,"TCP_TCP_TA_DATA_STALL_CYCLES",55028.000000,1008390521125485,1008390521176086
93,93,"Agent 1",1,43759,43759,32768,1,"gemm",512,131072,0,128,0,112,"TCP_TCP_TA_ADDR_STALL_CYCLES",127284.000000,1008390521125485,1008390521176086
94,94,"Agent 1",1,43759,43759,32768,1,"gemm",512,131072,0,128,0,112,"SQ_INSTS_VMEM_WR",65536.000000,1008390521271846,1008390521322367
94,94,"Agent 1",1,43759,43759,32768,1,"gemm",512,131072,0,128,0,112,"SQ_VMEM_TA_CMD_FIFO_FULL",411952.000000,1008390521271846,1008390521322367
94,94,"Agent 1",1,43759,43759,32768,1,"gemm",512,131072,0,128,0,112,"TCC_WRITE_SECTORS",524288.000000,1008390521271846,1008390521322367
94,94,"Agent 1",1,43759,43759,32768,1,"gemm",512,131072,0,128,0,112,"TCP_TCP_TA_DATA_STALL_CYCLES",53958.000000,1008390521271846,1008390521322367
94,94,"Agent 1",1,43759,43759,32768,1,"gemm",512,131072,0,128,0,112,"TCP_TCP_TA_ADDR_STALL_CYCLES",132356.000000,1008390521271846,1008390521322367
95,95,"Agent 1",1,43759,43759,32768,1,"gemm",512,131072,0,128,0,112,"SQ_INSTS_VMEM_WR",65536.000000,1008390521416008,1008390521466688
95,95,"Agent 1",1,43759,43759,32768,1,"gemm",512,131072,0,128,0,112,"SQ_VMEM_TA_CMD_FIFO_FULL",412503.000000,1008390521416008,1008390521466688
95,95,"Agent 1",1,43759,43759,32768,1,"gemm",512,131072,0,128,0,112,"TCC_WRITE_SECTORS",524288.000000,1008390521416008,1008390521466688
95,95,"Agent 1",1,43759,43759,32768,1,"gemm",512,131072,0,128,0,112,"TCP_TCP_TA_DATA_STALL_CYCLES",53429.000000,1008390521416008,1008390521466688
95,95,"Agent 1",1,43759,43759,32768,1,"gemm",512,131072,0,128,0,112,"TCP_TCP_TA_ADDR_STALL_CYCLES",128419.000000,1008390521416008,1008390521466688
96,96,"Agent 1",1,43759,43759,32768,1,"gemm",512,131072,0,128,0,112,"SQ_INSTS_VMEM_WR",65536.000000,1008390521567489,1008390521618370
96,96,"Agent 1",1,43759,43759,32768,1,"gemm",512,131072,0,128,0,112,"SQ_VMEM_TA_CMD_FIFO_FULL",405135.000000,1008390521567489,1008390521618370
96,96,"Agent 1",1,43759,43759,32768,1,"gemm",512,131072,0,128,0,112,"TCC_WRITE_SECTORS",524288.000000,1008390521567489,1008390521618370
96,96,"Agent 1",1,43759,43759,32768,1,"gemm",512,131072,0,128,0,112,"TCP_TCP_TA_DATA_STALL_CYCLES",54302.000000,1008390521567489,1008390521618370
96,96,"Agent 1",1,43759,43759,32768,1,"gemm",512,131072,0,128,0,112,"TCP_TCP_TA_ADDR_STALL_CYCLES",129093.000000,1008390521567489,1008390521618370
97,97,"Agent 1",1,43759,43759,32768,1,"gemm",512,131072,0,128,0,112,"SQ_INSTS_VMEM_WR",65536.000000,1008390521718651,1008390521769211
97,97,"Agent 1",1,43759,43759,32768,1,"gemm",512,131072,0,128,0,112,"SQ_VMEM_TA_CMD_FIFO_FULL",395019.000000,1008390521718651,1008390521769211
97,97,"Agent 1",1,43759,43759,32768,1,"gemm",512,131072,0,128,0,112,"TCC_WRITE_SECTORS",524288.000000,1008390521718651,1008390521769211
97,97,"Agent 1",1,43759,43759,32768,1,"gemm",512,131072,0,128,0,112,"TCP_TCP_TA_DATA_STALL_CYCLES",53378.000000,1008390521718651,1008390521769211
97,97,"Agent 1",1,43759,43759,32768,1,"gemm",512,131072,0,128,0,112,"TCP_TCP_TA_ADDR_STALL_CYCLES",129442.000000,1008390521718651,1008390521769211
98,98,"Agent 1",1,43759,43759,32768,1,"gemm",512,131072,0,128,0,112,"SQ_INSTS_VMEM_WR",65536.000000,1008390521865252,1008390521915812
98,98,"Agent 1",1,43759,43759,32768,1,"gemm",512,131072,0,128,0,112,"SQ_VMEM_TA_CMD_FIFO_FULL",410422.000000,1008390521865252,1008390521915812
98,98,"Agent 1",1,43759,43759,32768,1,"gemm",512,131072,0,128,0,112,"TCC_WRITE_SECTORS",524288.000000,1008390521865252,1008390521915812
98,98,"Agent 1",1,43759,43759,32768,1,"gemm",512,131072,0,128,0,112,"TCP_TCP_TA_DATA_STALL_CYCLES",53606.000000,1008390521865252,1008390521915812
98,98,"Agent 1",1,43759,43759,32768,1,"gemm",512,131072,0,128,0,112,"TCP_TCP_TA_ADDR_STALL_CYCLES",136873.000000,1008390521865252,1008390521915812
99,99,"Agent 1",1,43759,43759,32768,1,"gemm",512,131072,0,128,0,112,"SQ_INSTS_VMEM_WR",65536.000000,1008390522012213,1008390522062934
99,99,"Agent 1",1,43759,43759,32768,1,"gemm",512,131072,0,128,0,112,"SQ_VMEM_TA_CMD_FIFO_FULL",399984.000000,1008390522012213,1008390522062934
99,99,"Agent 1",1,43759,43759,32768,1,"gemm",512,131072,0,128,0,112,"TCC_WRITE_SECTORS",524288.000000,1008390522012213,1008390522062934
99,99,"Agent 1",1,43759,43759,32768,1,"gemm",512,131072,0,128,0,112,"TCP_TCP_TA_DATA_STALL_CYCLES",53969.000000,1008390522012213,1008390522062934
99,99,"Agent 1",1,43759,43759,32768,1,"gemm",512,131072,0,128,0,112,"TCP_TCP_TA_ADDR_STALL_CYCLES",126049.000000,1008390522012213,1008390522062934
100,100,"Agent 1",1,43759,43759,32768,1,"gemm",512,131072,0,128,0,112,"SQ_INSTS_VMEM_WR",65536.000000,1008390522169615,1008390522220615
100,100,"Agent 1",1,43759,43759,32768,1,"gemm",512,131072,0,128,0,112,"SQ_VMEM_TA_CMD_FIFO_FULL",409037.000000,1008390522169615,1008390522220615
100,100,"Agent 1",1,43759,43759,32768,1,"gemm",512,131072,0,128,0,112,"TCC_WRITE_SECTORS",524288.000000,1008390522169615,1008390522220615
100,100,"Agent 1",1,43759,43759,32768,1,"gemm",512,131072,0,128,0,112,"TCP_TCP_TA_DATA_STALL_CYCLES",54263.000000,1008390522169615,1008390522220615
100,100,"Agent 1",1,43759,43759,32768,1,"gemm",512,131072,0,128,0,112,"TCP_TCP_TA_ADDR_STALL_CYCLES",131959.000000,1008390522169615,1008390522220615
101,101,"Agent 1",1,43759,43759,32768,1,"gemm",512,131072,0,128,0,112,"SQ_INSTS_VMEM_WR",65536.000000,1008390522316016,1008390522366536
101,101,"Agent 1",1,43759,43759,32768,1,"gemm",512,131072,0,128,0,112,"SQ_VMEM_TA_CMD_FIFO_FULL",411526.000000,1008390522316016,1008390522366536
101,101,"Agent 1",1,43759,43759,32768,1,"gemm",512,131072,0,128,0,112,"TCC_WRITE_SECTORS",524288.000000,1008390522316016,1008390522366536
101,101,"Agent 1",1,43759,43759,32768,1,"gemm",512,131072,0,128,0,112,"TCP_TCP_TA_DATA_STALL_CYCLES",54232.000000,1008390522316016,1008390522366536
101,101,"Agent 1",1,43759,43759,32768,1,"gemm",512,131072,0,128,0,112,"TCP_TCP_TA_ADDR_STALL_CYCLES",127627.000000,1008390522316016,1008390522366536
102,102,"Agent 1",1,43759,43759,32768,1,"gemm",512,131072,0,128,0,112,"SQ_INSTS_VMEM_WR",65536.000000,1008390522461817,1008390522512418
102,102,"Agent 1",1,43759,43759,32768,1,"gemm",512,131072,0,128,0,112,"SQ_VMEM_TA_CMD_FIFO_FULL",395485.000000,1008390522461817,1008390522512418
102,102,"Agent 1",1,43759,43759,32768,1,"gemm",512,131072,0,128,0,112,"TCC_WRITE_SECTORS",524288.000000,1008390522461817,1008390522512418
102,102,"Agent 1",1,43759,43759,32768,1,"gemm",512,131072,0,128,0,112,"TCP_TCP_TA_DATA_STALL_CYCLES",54578.000000,1008390522461817,1008390522512418
102,102,"Agent 1",1,43759,43759,32768,1,"gemm",512,131072,0,128,0,112,"TCP_TCP_TA_ADDR_STALL_CYCLES",130113.000000,1008390522461817,1008390522512418
103,103,"Agent 1",1,43759,43759,32768,1,"gemm",512,131072,0,128,0,112,"SQ_INSTS_VMEM_WR",65536.000000,1008390522615859,1008390522666419
103,103,"Agent 1",1,43759,43759,32768,1,"gemm",512,131072,0,128,0,112,"SQ_VMEM_TA_CMD_FIFO_FULL",413450.000000,1008390522615859,1008390522666419
103,103,"Agent 1",1,43759,43759,32768,1,"gemm",512,131072,0,128,0,112,"TCC_WRITE_SECTORS",524288.000000,1008390522615859,1008390522666419
103,103,"Agent 1",1,43759,43759,32768,1,"gemm",512,131072,0,128,0,112,"TCP_TCP_TA_DATA_STALL_CYCLES",53073.000000,1008390522615859,1008390522666419
103,103,"Agent 1",1,43759,43759,32768,1,"gemm",512,131072,0,128,0,112,"TCP_TCP_TA_ADDR_STALL_CYCLES",134323.000000,1008390522615859,1008390522666419
104,104,"Agent 1",1,43759,43759,32768,1,"gemm",512,131072,0,128,0,112,"SQ_INSTS_VMEM_WR",65536.000000,1008390522765300,1008390522816100
104,104,"Agent 1",1,43759,43759,32768,1,"gemm",512,131072,0,128,0,112,"SQ_VMEM_TA_CMD_FIFO_FULL",404045.000000,1008390522765300,1008390522816100
104,104,"Agent 1",1,43759,43759,32768,1,"gemm",512,131072,0,128,0,112,"TCC_WRITE_SECTORS",524288.000000,1008390522765300,1008390522816100
104,104,"Agent 1",1,43759,43759,32768,1,"gemm",512,131072,0,128,0,112,"TCP_TCP_TA_DATA_STALL_CYCLES",53029.000000,1008390522765300,1008390522816100
104,104,"Agent 1",1,43759,43759,32768,1,"gemm",512,131072,0,128,0,112,"TCP_TCP_TA_ADDR_STALL_CYCLES",122388.000000,1008390522765300,1008390522816100
105,105,"Agent 1",1,43759,43759,32768,1,"gemm",512,131072,0,128,0,112,"SQ_INSTS_VMEM_WR",65536.000000,1008390522910301,1008390522960702
105,105,"Agent 1",1,43759,43759,32768,1,"gemm",512,131072,0,128,0,112,"SQ_VMEM_TA_CMD_FIFO_FULL",391266.000000,1008390522910301,1008390522960702
105,105,"Agent 1",1,43759,43759,32768,1,"gemm",512,131072,0,128,0,112,"TCC_WRITE_SECTORS",524288.000000,1008390522910301,1008390522960702
105,105,"Agent 1",1,43759,43759,32768,1,"gemm",512,131072,0,128,0,112,"TCP_TCP_TA_DATA_STALL_CYCLES",54605.000000,1008390522910301,1008390522960702
105,105,"Agent 1",1,43759,43759,32768,1,"gemm",512,131072,0,128,0,112,"TCP_TCP_TA_ADDR_STALL_CYCLES",129188.000000,1008390522910301,1008390522960702
106,106,"Agent 1",1,43759,43759,32768,1,"gemm",512,131072,0,128,0,112,"SQ_INSTS_VMEM_WR",65536.000000,1008390523058463,1008390523108863
106,106,"Agent 1",1,43759,43759,32768,1,"gemm",512,131072,0,128,0,112,"SQ_VMEM_TA_CMD_FIFO_FULL",402959.000000,1008390523058463,1008390523108863
106,106,"Agent 1",1,43759,43759,32768,1,"gemm",512,131072,0,128,0,112,"TCC_WRITE_SECTORS",524288.000000,1008390523058463,1008390523108863
106,106,"Agent 1",1,43759,43759,32768,1,"gemm",512,131072,0,128,0,112,"TCP_TCP_TA_DATA_STALL_CYCLES",52314.000000,1008390523058463,1008390523108863
106,106,"Agent 1",1,43759,43759,32768,1,"gemm",512,131072,0,128,0,112,"TCP_TCP_TA_ADDR_STALL_CYCLES",128918.000000,1008390523058463,1008390523108863
107,107,"Agent 1",1,43759,43759,32768,1,"gemm",512,131072,0,128,0,112,"SQ_INSTS_VMEM_WR",65536.000000,1008390523210344,1008390523261024
107,107,"Agent 1",1,43759,43759,32768,1,"gemm",512,131072,0,128,0,112,"SQ_VMEM_TA_CMD_FIFO_FULL",413597.000000,1008390523210344,1008390523261024
107,107,"Agent 1",1,43759,43759,32768,1,"gemm",512,131072,0,128,0,112,"TCC_WRITE_SECTORS",524288.000000,1008390523210344,1008390523261024
107,107,"Agent 1",1,43759,43759,32768,1,"gemm",512,131072,0,128,0,112,"TCP_TCP_TA_DATA_STALL_CYCLES",53588.000000,1008390523210344,1008390523261024
107,107,"Agent 1",1,43759,43759,32768,1,"gemm",512,131072,0,128,0,112,"TCP_TCP_TA_ADDR_STALL_CYCLES",132752.000000,1008390523210344,1008390523261024
108,108,"Agent 1",1,43759,43759,32768,1,"gemm",512,131072,0,128,0,112,"SQ_INSTS_VMEM_WR",65536.000000,1008390523358265,1008390523409186
108,108,"Agent 1",1,43759,43759,32768,1,"gemm",512,131072,0,128,0,112,"SQ_VMEM_TA_CMD_FIFO_FULL",399503.000000,1008390523358265,1008390523409186
108,108,"Agent 1",1,43759,43759,32768,1,"gemm",512,131072,0,128,0,112,"TCC_WRITE_SECTORS",524288.000000,1008390523358265,1008390523409186
108,108,"Agent 1",1,43759,43759,32768,1,"gemm",512,131072,0,128,0,112,"TCP_TCP_TA_DATA_STALL_CYCLES",52842.000000,1008390523358265,1008390523409186
108,108,"Agent 1",1,43759,43759,32768,1,"gemm",512,131072,0,128,0,112,"TCP_TCP_TA_ADDR_STALL_CYCLES",132245.000000,1008390523358265,1008390523409186
109,109,"Agent 1",1,43759,43759,32768,1,"gemm",512,131072,0,128,0,112,"SQ_INSTS_VMEM_WR",65536.000000,1008390523506027,1008390523556707
109,109,"Agent 1",1,43759,43759,32768,1,"gemm",512,131072,0,128,0,112,"SQ_VMEM_TA_CMD_FIFO_FULL",402921.000000,1008390523506027,1008390523556707
109,109,"Agent 1",1,43759,43759,32768,1,"gemm",512,131072,0,128,0,112,"TCC_WRITE_SECTORS",524288.000000,1008390523506027,1008390523556707
109,109,"Agent 1",1,43759,43759,32768,1,"gemm",512,131072,0,128,0,112,"TCP_TCP_TA_DATA_STALL_CYCLES",53737.000000,1008390523506027,1008390523556707
109,109,"Agent 1",1,43759,43759,32768,1,"gemm",512,131072,0,128,0,112,"TCP_TCP_TA_ADDR_STALL_CYCLES",126614.000000,1008390523506027,1008390523556707
110,110,"Agent 1",1,43759,43759,32768,1,"gemm",512,131072,0,128,0,112,"SQ_INSTS_VMEM_WR",65536.000000,1008390523653108,1008390523703588
110,110,"Agent 1",1,43759,43759,32768,1,"gemm",512,131072,0,128,0,112,"SQ_VMEM_TA_CMD_FIFO_FULL",406946.000000,1008390523653108,1008390523703588
110,110,"Agent 1",1,43759,43759,32768,1,"gemm",512,131072,0,128,0,112,"TCC_WRITE_SECTORS",524288.000000,1008390523653108,1008390523703588
110,110,"Agent 1",1,43759,43759,32768,1,"gemm",512,131072,0,128,0,112,"TCP_TCP_TA_DATA_STALL_CYCLES",52717.000000,1008390523653108,1008390523703588
110,110,"Agent 1",1,43759,43759,32768,1,"gemm",512,131072,0,128,0,112,"TCP_TCP_TA_ADDR_STALL_CYCLES",133869.000000,1008390523653108,1008390523703588
111,111,"Agent 1",1,43759,43759,32768,1,"gemm",512,131072,0,128,0,112,"SQ_INSTS_VMEM_WR",65536.000000,1008390523803149,1008390523853950
111,111,"Agent 1",1,43759,43759,32768,1,"gemm",512,131072,0,128,0,112,"SQ_VMEM_TA_CMD_FIFO_FULL",414091.000000,1008390523803149,1008390523853950
111,111,"Agent 1",1,43759,43759,32768,1,"gemm",512,131072,0,128,0,112,"TCC_WRITE_SECTORS",524288.000000,1008390523803149,1008390523853950
111,111,"Agent 1",1,43759,43759,32768,1,"gemm",512,131072,0,128,0,112,"TCP_TCP_TA_DATA_STALL_CYCLES",53126.000000,1008390523803149,1008390523853950
111,111,"Agent 1",1,43759,43759,32768,1,"gemm",512,131072,0,128,0,112,"TCP_TCP_TA_ADDR_STALL_CYCLES",127562.000000,1008390523803149,1008390523853950
112,112,"Agent 1",1,43759,43759,32768,1,"gemm",512,131072,0,128,0,112,"SQ_INSTS_VMEM_WR",65536.000000,1008390523950071,1008390524000871
112,112,"Agent 1",1,43759,43759,32768,1,"gemm",512,131072,0,128,0,112,"SQ_VMEM_TA_CMD_FIFO_FULL",408065.000000,1008390523950071,1008390524000871
112,112,"Agent 1",1,43759,43759,32768,1,"gemm",512,131072,0,128,0,112,"TCC_WRITE_SECTORS",524288.000000,1008390523950071,1008390524000871
112,112,"Agent 1",1,43759,43759,32768,1,"gemm",512,131072,0,128,0,112,"TCP_TCP_TA_DATA_STALL_CYCLES",54237.000000,1008390523950071,1008390524000871
112,112,"Agent 1",1,43759,43759,32768,1,"gemm",512,131072,0,128,0,112,"TCP_TCP_TA_ADDR_STALL_CYCLES",134880.000000,1008390523950071,1008390524000871
113,113,"Agent 1",1,43759,43759,32768,1,"gemm",512,131072,0,128,0,112,"SQ_INSTS_VMEM_WR",65536.000000,1008390524100152,1008390524150552
113,113,"Agent 1",1,43759,43759,32768,1,"gemm",512,131072,0,128,0,112,"SQ_VMEM_TA_CMD_FIFO_FULL",409192.000000,1008390524100152,1008390524150552
113,113,"Agent 1",1,43759,43759,32768,1,"gemm",512,131072,0,128,0,112,"TCC_WRITE_SECTORS",524288.000000,1008390524100152,1008390524150552
113,113,"Agent 1",1,43759,43759,32768,1,"gemm",512,131072,0,128,0,112,"TCP_TCP_TA_DATA_STALL_CYCLES",53720.000000,1008390524100152,1008390524150552
113,113,"Agent 1",1,43759,43759,32768,1,"gemm",512,131072,0,128,0,112,"TCP_TCP_TA_ADDR_STALL_CYCLES",132632.000000,1008390524100152,1008390524150552
114,114,"Agent 1",1,43759,43759,32768,1,"gemm",512,131072,0,128,0,112,"SQ_INSTS_VMEM_WR",65536.000000,1008390524248593,1008390524298994
114,114,"Agent 1",1,43759,43759,32768,1,"gemm",512,131072,0,128,0,112,"SQ_VMEM_TA_CMD_FIFO_FULL",406392.000000,1008390524248593,1008390524298994
114,114,"Agent 1",1,43759,43759,32768,1,"gemm",512,131072,0,128,0,112,"TCC_WRITE_SECTORS",524288.000000,1008390524248593,1008390524298994
114,114,"Agent 1",1,43759,43759,32768,1,"gemm",512,131072,0,128,0,112,"TCP_TCP_TA_DATA_STALL_CYCLES",52925.000000,1008390524248593,1008390524298994
114,114,"Agent 1",1,43759,43759,32768,1,"gemm",512,131072,0,128,0,112,"TCP_TCP_TA_ADDR_STALL_CYCLES",133029.000000,1008390524248593,1008390524298994
115,115,"Agent 1",1,43759,43759,32768,1,"gemm",512,131072,0,128,0,112,"SQ_INSTS_VMEM_WR",65536.000000,1008390524395635,1008390524446355
115,115,"Agent 1",1,43759,43759,32768,1,"gemm",512,131072,0,128,0,112,"SQ_VMEM_TA_CMD_FIFO_FULL",417107.000000,1008390524395635,1008390524446355
115,115,"Agent 1",1,43759,43759,32768,1,"gemm",512,131072,0,128,0,112,"TCC_WRITE_SECTORS",524288.000000,1008390524395635,1008390524446355
115,115,"Agent 1",1,43759,43759,32768,1,"gemm",512,131072,0,128,0,112,"TCP_TCP_TA_DATA_STALL_CYCLES",54193.000000,1008390524395635,1008390524446355
115,115,"Agent 1",1,43759,43759,32768,1,"gemm",512,131072,0,128,0,112,"TCP_TCP_TA_ADDR_STALL_CYCLES",127879.000000,1008390524395635,1008390524446355
116,116,"Agent 1",1,43759,43759,32768,1,"gemm",512,131072,0,128,0,112,"SQ_INSTS_VMEM_WR",65536.000000,1008390524546796,1008390524597836
116,116,"Agent 1",1,43759,43759,32768,1,"gemm",512,131072,0,128,0,112,"SQ_VMEM_TA_CMD_FIFO_FULL",405735.000000,1008390524546796,1008390524597836
116,116,"Agent 1",1,43759,43759,32768,1,"gemm",512,131072,0,128,0,112,"TCC_WRITE_SECTORS",524288.000000,1008390524546796,1008390524597836
116,116,"Agent 1",1,43759,43759,32768,1,"gemm",512,131072,0,128,0,112,"TCP_TCP_TA_DATA_STALL_CYCLES",53629.000000,1008390524546796,1008390524597836
116,116,"Agent 1",1,43759,43759,32768,1,"gemm",512,131072,0,128,0,112,"TCP_TCP_TA_ADDR_STALL_CYCLES",133220.000000,1008390524546796,1008390524597836
117,117,"Agent 1",1,43759,43759,32768,1,"gemm",512,131072,0,128,0,112,"SQ_INSTS_VMEM_WR",65536.000000,1008390524693437,1008390524743878
117,117,"Agent 1",1,43759,43759,32768,1,"gemm",512,131072,0,128,0,112,"SQ_VMEM_TA_CMD_FIFO_FULL",405414.000000,1008390524693437,1008390524743878
117,117,"Agent 1",1,43759,43759,32768,1,"gemm",512,131072,0,128,0,112,"TCC_WRITE_SECTORS",524288.000000,1008390524693437,1008390524743878
117,117,"Agent 1",1,43759,43759,32768,1,"gemm",512,131072,0,128,0,112,"TCP_TCP_TA_DATA_STALL_CYCLES",53624.000000,1008390524693437,1008390524743878
117,117,"Agent 1",1,43759,43759,32768,1,"gemm",512,131072,0,128,0,112,"TCP_TCP_TA_ADDR_STALL_CYCLES",127645.000000,1008390524693437,1008390524743878
118,118,"Agent 1",1,43759,43759,32768,1,"gemm",512,131072,0,128,0,112,"SQ_INSTS_VMEM_WR",65536.000000,1008390524840479,1008390524890999
118,118,"Agent 1",1,43759,43759,32768,1,"gemm",512,131072,0,128,0,112,"SQ_VMEM_TA_CMD_FIFO_FULL",411377.000000,1008390524840479,1008390524890999
118,118,"Agent 1",1,43759,43759,32768,1,"gemm",512,131072,0,128,0,112,"TCC_WRITE_SECTORS",524288.000000,1008390524840479,1008390524890999
118,118,"Agent 1",1,43759,43759,32768,1,"gemm",512,131072,0,128,0,112,"TCP_TCP_TA_DATA_STALL_CYCLES",53147.000000,1008390524840479,1008390524890999
118,118,"Agent 1",1,43759,43759,32768,1,"gemm",512,131072,0,128,0,112,"TCP_TCP_TA_ADDR_STALL_CYCLES",133946.000000,1008390524840479,1008390524890999
119,119,"Agent 1",1,43759,43759,32768,1,"gemm",512,131072,0,128,0,112,"SQ_INSTS_VMEM_WR",65536.000000,1008390524990480,1008390525041000
119,119,"Agent 1",1,43759,43759,32768,1,"gemm",512,131072,0,128,0,112,"SQ_VMEM_TA_CMD_FIFO_FULL",408464.000000,1008390524990480,1008390525041000
119,119,"Agent 1",1,43759,43759,32768,1,"gemm",512,131072,0,128,0,112,"TCC_WRITE_SECTORS",524288.000000,1008390524990480,1008390525041000
119,119,"Agent 1",1,43759,43759,32768,1,"gemm",512,131072,0,128,0,112,"TCP_TCP_TA_DATA_STALL_CYCLES",53578.000000,1008390524990480,1008390525041000
119,119,"Agent 1",1,43759,43759,32768,1,"gemm",512,131072,0,128,0,112,"TCP_TCP_TA_ADDR_STALL_CYCLES",135620.000000,1008390524990480,1008390525041000
120,120,"Agent 1",1,43759,43759,32768,1,"gemm",512,131072,0,128,0,112,"SQ_INSTS_VMEM_WR",65536.000000,1008390525142161,1008390525193082
120,120,"Agent 1",1,43759,43759,32768,1,"gemm",512,131072,0,128,0,112,"SQ_VMEM_TA_CMD_FIFO_FULL",416014.000000,1008390525142161,1008390525193082
120,120,"Agent 1",1,43759,43759,32768,1,"gemm",512,131072,0,128,0,112,"TCC_WRITE_SECTORS",524288.000000,1008390525142161,1008390525193082
120,120,"Agent 1",1,43759,43759,32768,1,"gemm",512,131072,0,128,0,112,"TCP_TCP_TA_DATA_STALL_CYCLES",54387.000000,1008390525142161,1008390525193082
120,120,"Agent 1",1,43759,43759,32768,1,"gemm",512,131072,0,128,0,112,"TCP_TCP_TA_ADDR_STALL_CYCLES",131985.000000,1008390525142161,1008390525193082
121,121,"Agent 1",1,43759,43759,32768,1,"gemm",512,131072,0,128,0,112,"SQ_INSTS_VMEM_WR",65536.000000,1008390525294643,1008390525345163
121,121,"Agent 1",1,43759,43759,32768,1,"gemm",512,131072,0,128,0,112,"SQ_VMEM_TA_CMD_FIFO_FULL",406129.000000,1008390525294643,1008390525345163
121,121,"Agent 1",1,43759,43759,32768,1,"gemm",512,131072,0,128,0,112,"TCC_WRITE_SECTORS",524288.000000,1008390525294643,1008390525345163
121,121,"Agent 1",1,43759,43759,32768,1,"gemm",512,131072,0,128,0,112,"TCP_TCP_TA_DATA_STALL_CYCLES",53999.000000,1008390525294643,1008390525345163
121,121,"Agent 1",1,43759,43759,32768,1,"gemm",512,131072,0,128,0,112,"TCP_TCP_TA_ADDR_STALL_CYCLES",133007.000000,1008390525294643,1008390525345163
122,122,"Agent 1",1,43759,43759,32768,1,"gemm",512,131072,0,128,0,112,"SQ_INSTS_VMEM_WR",65536.000000,1008390525441924,1008390525492365
122,122,"Agent 1",1,43759,43759,32768,1,"gemm",512,131072,0,128,0,112,"SQ_VMEM_TA_CMD_FIFO_FULL",407360.000000,1008390525441924,1008390525492365
122,122,"Agent 1",1,43759,43759,32768,1,"gemm",512,131072,0,128,0,112,"TCC_WRITE_SECTORS",524288.000000,1008390525441924,1008390525492365
122,122,"Agent 1",1,43759,43759,32768,1,"gemm",512,131072,0,128,0,112,"TCP_TCP_TA_DATA_STALL_CYCLES",54576.000000,1008390525441924,1008390525492365
122,122,"Agent 1",1,43759,43759,32768,1,"gemm",512,131072,0,128,0,112,"TCP_TCP_TA_ADDR_STALL_CYCLES",133001.000000,1008390525441924,1008390525492365
123,123,"Agent 1",1,43759,43759,32768,1,"gemm",512,131072,0,128,0,112,"SQ_INSTS_VMEM_WR",65536.000000,1008390525592885,1008390525643286
123,123,"Agent 1",1,43759,43759,32768,1,"gemm",512,131072,0,128,0,112,"SQ_VMEM_TA_CMD_FIFO_FULL",390248.000000,1008390525592885,1008390525643286
123,123,"Agent 1",1,43759,43759,32768,1,"gemm",512,131072,0,128,0,112,"TCC_WRITE_SECTORS",524288.000000,1008390525592885,1008390525643286
123,123,"Agent 1",1,43759,43759,32768,1,"gemm",512,131072,0,128,0,112,"TCP_TCP_TA_DATA_STALL_CYCLES",53732.000000,1008390525592885,1008390525643286
123,123,"Agent 1",1,43759,43759,32768,1,"gemm",512,131072,0,128,0,112,"TCP_TCP_TA_ADDR_STALL_CYCLES",136256.000000,1008390525592885,1008390525643286
124,124,"Agent 1",1,43759,43759,32768,1,"gemm",512,131072,0,128,0,112,"SQ_INSTS_VMEM_WR",65536.000000,1008390525738407,1008390525789287
124,124,"Agent 1",1,43759,43759,32768,1,"gemm",512,131072,0,128,0,112,"SQ_VMEM_TA_CMD_FIFO_FULL",405121.000000,1008390525738407,1008390525789287
124,124,"Agent 1",1,43759,43759,32768,1,"gemm",512,131072,0,128,0,112,"TCC_WRITE_SECTORS",524288.000000,1008390525738407,1008390525789287
124,124,"Agent 1",1,43759,43759,32768,1,"gemm",512,131072,0,128,0,112,"TCP_TCP_TA_DATA_STALL_CYCLES",54013.000000,1008390525738407,1008390525789287
124,124,"Agent 1",1,43759,43759,32768,1,"gemm",512,131072,0,128,0,112,"TCP_TCP_TA_ADDR_STALL_CYCLES",132729.000000,1008390525738407,1008390525789287
125,125,"Agent 1",1,43759,43759,32768,1,"gemm",512,131072,0,128,0,112,"SQ_INSTS_VMEM_WR",65536.000000,1008390525886608,1008390525937049
125,125,"Agent 1",1,43759,43759,32768,1,"gemm",512,131072,0,128,0,112,"SQ_VMEM_TA_CMD_FIFO_FULL",420146.000000,1008390525886608,1008390525937049
125,125,"Agent 1",1,43759,43759,32768,1,"gemm",512,131072,0,128,0,112,"TCC_WRITE_SECTORS",524288.000000,1008390525886608,1008390525937049
125,125,"Agent 1",1,43759,43759,32768,1,"gemm",512,131072,0,128,0,112,"TCP_TCP_TA_DATA_STALL_CYCLES",53843.000000,1008390525886608,1008390525937049
125,125,"Agent 1",1,43759,43759,32768,1,"gemm",512,131072,0,128,0,112,"TCP_TCP_TA_ADDR_STALL_CYCLES",129980.000000,1008390525886608,1008390525937049
126,126,"Agent 1",1,43759,43759,32768,1,"gemm",512,131072,0,128,0,112,"SQ_INSTS_VMEM_WR",65536.000000,1008390526035729,1008390526086250
126,126,"Agent 1",1,43759,43759,32768,1,"gemm",512,131072,0,128,0,112,"SQ_VMEM_TA_CMD_FIFO_FULL",403278.000000,1008390526035729,1008390526086250
126,126,"Agent 1",1,43759,43759,32768,1,"gemm",512,131072,0,128,0,112,"TCC_WRITE_SECTORS",524288.000000,1008390526035729,1008390526086250
126,126,"Agent 1",1,43759,43759,32768,1,"gemm",512,131072,0,128,0,112,"TCP_TCP_TA_DATA_STALL_CYCLES",52975.000000,1008390526035729,1008390526086250
126,126,"Agent 1",1,43759,43759,32768,1,"gemm",512,131072,0,128,0,112,"TCP_TCP_TA_ADDR_STALL_CYCLES",128787.000000,1008390526035729,1008390526086250
127,127,"Agent 1",1,43759,43759,32768,1,"gemm",512,131072,0,128,0,112,"SQ_INSTS_VMEM_WR",65536.000000,1008390526186331,1008390526237131
127,127,"Agent 1",1,43759,43759,32768,1,"gemm",512,131072,0,128,0,112,"SQ_VMEM_TA_CMD_FIFO_FULL",403168.000000,1008390526186331,1008390526237131
127,127,"Agent 1",1,43759,43759,32768,1,"gemm",512,131072,0,128,0,112,"TCC_WRITE_SECTORS",524288.000000,1008390526186331,1008390526237131
127,127,"Agent 1",1,43759,43759,32768,1,"gemm",512,131072,0,128,0,112,"TCP_TCP_TA_DATA_STALL_CYCLES",54202.000000,1008390526186331,1008390526237131
127,127,"Agent 1",1,43759,43759,32768,1,"gemm",512,131072,0,128,0,112,"TCP_TCP_TA_ADDR_STALL_CYCLES",124613.000000,1008390526186331,1008390526237131
128,128,"Agent 1",1,43759,43759,32768,1,"gemm",512,131072,0,128,0,112,"SQ_INSTS_VMEM_WR",65536.000000,1008390526339772,1008390526390613
128,128,"Agent 1",1,43759,43759,32768,1,"gemm",512,131072,0,128,0,112,"SQ_VMEM_TA_CMD_FIFO_FULL",413307.000000,1008390526339772,1008390526390613
128,128,"Agent 1",1,43759,43759,32768,1,"gemm",512,131072,0,128,0,112,"TCC_WRITE_SECTORS",524288.000000,1008390526339772,1008390526390613
128,128,"Agent 1",1,43759,43759,32768,1,"gemm",512,131072,0,128,0,112,"TCP_TCP_TA_DATA_STALL_CYCLES",53523.000000,1008390526339772,1008390526390613
128,128,"Agent 1",1,43759,43759,32768,1,"gemm",512,131072,0,128,0,112,"TCP_TCP_TA_ADDR_STALL_CYCLES",130344.000000,1008390526339772,1008390526390613
129,129,"Agent 1",1,43759,43759,32768,1,"gemm",512,131072,0,128,0,112,"SQ_INSTS_VMEM_WR",65536.000000,1008390526488134,1008390526538374
129,129,"Agent 1",1,43759,43759,32768,1,"gemm",512,131072,0,128,0,112,"SQ_VMEM_TA_CMD_FIFO_FULL",413853.000000,1008390526488134,1008390526538374
129,129,"Agent 1",1,43759,43759,32768,1,"gemm",512,131072,0,128,0,112,"TCC_WRITE_SECTORS",524288.000000,1008390526488134,1008390526538374
129,129,"Agent 1",1,43759,43759,32768,1,"gemm",512,131072,0,128,0,112,"TCP_TCP_TA_DATA_STALL_CYCLES",54216.000000,1008390526488134,1008390526538374
129,129,"Agent 1",1,43759,43759,32768,1,"gemm",512,131072,0,128,0,112,"TCP_TCP_TA_ADDR_STALL_CYCLES",130343.000000,1008390526488134,1008390526538374
130,130,"Agent 1",1,43759,43759,32768,1,"gemm",512,131072,0,128,0,112,"SQ_INSTS_VMEM_WR",65536.000000,1008390526636775,1008390526687415
130,130,"Agent 1",1,43759,43759,32768,1,"gemm",512,131072,0,128,0,112,"SQ_VMEM_TA_CMD_FIFO_FULL",420289.000000,1008390526636775,1008390526687415
130,130,"Agent 1",1,43759,43759,32768,1,"gemm",512,131072,0,128,0,112,"TCC_WRITE_SECTORS",524288.000000,1008390526636775,1008390526687415
130,130,"Agent 1",1,43759,43759,32768,1,"gemm",512,131072,0,128,0,112,"TCP_TCP_TA_DATA_STALL_CYCLES",53636.000000,1008390526636775,1008390526687415
130,130,"Agent 1",1,43759,43759,32768,1,"gemm",512,131072,0,128,0,112,"TCP_TCP_TA_ADDR_STALL_CYCLES",130256.000000,1008390526636775,1008390526687415
131,131,"Agent 1",1,43759,43759,32768,1,"gemm",512,131072,0,128,0,112,"SQ_INSTS_VMEM_WR",65536.000000,1008390526789056,1008390526839697
131,131,"Agent 1",1,43759,43759,32768,1,"gemm",512,131072,0,128,0,112,"SQ_VMEM_TA_CMD_FIFO_FULL",412178.000000,1008390526789056,1008390526839697
131,131,"Agent 1",1,43759,43759,32768,1,"gemm",512,131072,0,128,0,112,"TCC_WRITE_SECTORS",524288.000000,1008390526789056,1008390526839697
131,131,"Agent 1",1,43759,43759,32768,1,"gemm",512,131072,0,128,0,112,"TCP_TCP_TA_DATA_STALL_CYCLES",53180.000000,1008390526789056,1008390526839697
131,131,"Agent 1",1,43759,43759,32768,1,"gemm",512,131072,0,128,0,112,"TCP_TCP_TA_ADDR_STALL_CYCLES",131997.000000,1008390526789056,1008390526839697
132,132,"Agent 1",1,43759,43759,32768,1,"gemm",512,131072,0,128,0,112,"SQ_INSTS_VMEM_WR",65536.000000,1008390526936738,1008390526987618
132,132,"Agent 1",1,43759,43759,32768,1,"gemm",512,131072,0,128,0,112,"SQ_VMEM_TA_CMD_FIFO_FULL",410123.000000,1008390526936738,1008390526987618
132,132,"Agent 1",1,43759,43759,32768,1,"gemm",512,131072,0,128,0,112,"TCC_WRITE_SECTORS",524288.000000,1008390526936738,1008390526987618
132,132,"Agent 1",1,43759,43759,32768,1,"gemm",512,131072,0,128,0,112,"TCP_TCP_TA_DATA_STALL_CYCLES",54664.000000,1008390526936738,1008390526987618
132,132,"Agent 1",1,43759,43759,32768,1,"gemm",512,131072,0,128,0,112,"TCP_TCP_TA_ADDR_STALL_CYCLES",130469.000000,1008390526936738,1008390526987618
133,133,"Agent 1",1,43759,43759,32768,1,"gemm",512,131072,0,128,0,112,"SQ_INSTS_VMEM_WR",65536.000000,1008390527082659,1008390527133219
133,133,"Agent 1",1,43759,43759,32768,1,"gemm",512,131072,0,128,0,112,"SQ_VMEM_TA_CMD_FIFO_FULL",398981.000000,1008390527082659,1008390527133219
133,133,"Agent 1",1,43759,43759,32768,1,"gemm",512,131072,0,128,0,112,"TCC_WRITE_SECTORS",524288.000000,1008390527082659,1008390527133219
133,133,"Agent 1",1,43759,43759,32768,1,"gemm",512,131072,0,128,0,112,"TCP_TCP_TA_DATA_STALL_CYCLES",53116.000000,1008390527082659,1008390527133219
133,133,"Agent 1",1,43759,43759,32768,1,"gemm",512,131072,0,128,0,112,"TCP_TCP_TA_ADDR_STALL_CYCLES",126998.000000,1008390527082659,1008390527133219
134,134,"Agent 1",1,43759,43759,32768,1,"gemm",512,131072,0,128,0,112,"SQ_INSTS_VMEM_WR",65536.000000,1008390527232220,1008390527282701
134,134,"Agent 1",1,43759,43759,32768,1,"gemm",512,131072,0,128,0,112,"SQ_VMEM_TA_CMD_FIFO_FULL",409839.000000,1008390527232220,1008390527282701
134,134,"Agent 1",1,43759,43759,32768,1,"gemm",512,131072,0,128,0,112,"TCC_WRITE_SECTORS",524288.000000,1008390527232220,1008390527282701
134,134,"Agent 1",1,43759,43759,32768,1,"gemm",512,131072,0,128,0,112,"TCP_TCP_TA_DATA_STALL_CYCLES",52812.000000,1008390527232220,1008390527282701
134,134,"Agent 1",1,43759,43759,32768,1,"gemm",512,131072,0,128,0,112,"TCP_TCP_TA_ADDR_STALL_CYCLES",131191.000000,1008390527232220,1008390527282701
135,135,"Agent 1",1,43759,43759,32768,1,"gemm",512,131072,0,128,0,112,"SQ_INSTS_VMEM_WR",65536.000000,1008390527383782,1008390527434342
135,135,"Agent 1",1,43759,43759,32768,1,"gemm",512,131072,0,128,0,112,"SQ_VMEM_TA_CMD_FIFO_FULL",416372.000000,1008390527383782,1008390527434342
135,135,"Agent 1",1,43759,43759,32768,1,"gemm",512,131072,0,128,0,112,"TCC_WRITE_SECTORS",524288.000000,1008390527383782,1008390527434342
135,135,"Agent 1",1,43759,43759,32768,1,"gemm",512,131072,0,128,0,112,"TCP_TCP_TA_DATA_STALL_CYCLES",53705.000000,1008390527383782,1008390527434342
135,135,"Agent 1",1,43759,43759,32768,1,"gemm",512,131072,0,128,0,112,"TCP_TCP_TA_ADDR_STALL_CYCLES",128423.000000,1008390527383782,1008390527434342
136,136,"Agent 1",1,43759,43759,32768,1,"gemm",512,131072,0,128,0,112,"SQ_INSTS_VMEM_WR",65536.000000,1008390527531663,1008390527582343
136,136,"Agent 1",1,43759,43759,32768,1,"gemm",512,131072,0,128,0,112,"SQ_VMEM_TA_CMD_FIFO_FULL",400398.000000,1008390527531663,1008390527582343
136,136,"Agent 1",1,43759,43759,32768,1,"gemm",512,131072,0,128,0,112,"TCC_WRITE_SECTORS",524288.000000,1008390527531663,1008390527582343
136,136,"Agent 1",1,43759,43759,32768,1,"gemm",512,131072,0,128,0,112,"TCP_TCP_TA_DATA_STALL_CYCLES",53815.000000,1008390527531663,1008390527582343
136,136,"Agent 1",1,43759,43759,32768,1,"gemm",512,131072,0,128,0,112,"TCP_TCP_TA_ADDR_STALL_CYCLES",130819.000000,1008390527531663,1008390527582343
137,137,"Agent 1",1,43759,43759,32768,1,"gemm",512,131072,0,128,0,112,"SQ_INSTS_VMEM_WR",65536.000000,1008390527679944,1008390527730505
137,137,"Agent 1",1,43759,43759,32768,1,"gemm",512,131072,0,128,0,112,"SQ_VMEM_TA_CMD_FIFO_FULL",396445.000000,1008390527679944,1008390527730505
137,137,"Agent 1",1,43759,43759,32768,1,"gemm",512,131072,0,128,0,112,"TCC_WRITE_SECTORS",524288.000000,1008390527679944,1008390527730505
137,137,"Agent 1",1,43759,43759,32768,1,"gemm",512,131072,0,128,0,112,"TCP_TCP_TA_DATA_STALL_CYCLES",54115.000000,1008390527679944,1008390527730505
137,137,"Agent 1",1,43759,43759,32768,1,"gemm",512,131072,0,128,0,112,"TCP_TCP_TA_ADDR_STALL_CYCLES",130530.000000,1008390527679944,1008390527730505
138,138,"Agent 1",1,43759,43759,32768,1,"gemm",512,131072,0,128,0,112,"SQ_INSTS_VMEM_WR",65536.000000,1008390527828026,1008390527878546
138,138,"Agent 1",1,43759,43759,32768,1,"gemm",512,131072,0,128,0,112,"SQ_VMEM_TA_CMD_FIFO_FULL",403155.000000,1008390527828026,1008390527878546
138,138,"Agent 1",1,43759,43759,32768,1,"gemm",512,131072,0,128,0,112,"TCC_WRITE_SECTORS",524288.000000,1008390527828026,1008390527878546
138,138,"Agent 1",1,43759,43759,32768,1,"gemm",512,131072,0,128,0,112,"TCP_TCP_TA_DATA_STALL_CYCLES",53458.000000,1008390527828026,1008390527878546
138,138,"Agent 1",1,43759,43759,32768,1,"gemm",512,131072,0,128,0,112,"TCP_TCP_TA_ADDR_STALL_CYCLES",131226.000000,1008390527828026,1008390527878546
139,139,"Agent 1",1,43759,43759,32768,1,"gemm",512,131072,0,128,0,112,"SQ_INSTS_VMEM_WR",65536.000000,1008390527977627,1008390528028427
139,139,"Agent 1",1,43759,43759,32768,1,"gemm",512,131072,0,128,0,112,"SQ_VMEM_TA_CMD_FIFO_FULL",389823.000000,1008390527977627,1008390528028427
139,139,"Agent 1",1,43759,43759,32768,1,"gemm",512,131072,0,128,0,112,"TCC_WRITE_SECTORS",524288.000000,1008390527977627,1008390528028427
139,139,"Agent 1",1,43759,43759,32768,1,"gemm",512,131072,0,128,0,112,"TCP_TCP_TA_DATA_STALL_CYCLES",54352.000000,1008390527977627,1008390528028427
139,139,"Agent 1",1,43759,43759,32768,1,"gemm",512,131072,0,128,0,112,"TCP_TCP_TA_ADDR_STALL_CYCLES",129309.000000,1008390527977627,1008390528028427
140,140,"Agent 1",1,43759,43759,32768,1,"gemm",512,131072,0,128,0,112,"SQ_INSTS_VMEM_WR",65536.000000,1008390528125748,1008390528176709
140,140,"Agent 1",1,43759,43759,32768,1,"gemm",512,131072,0,128,0,112,"SQ_VMEM_TA_CMD_FIFO_FULL",402669.000000,1008390528125748,1008390528176709
140,140,"Agent 1",1,43759,43759,32768,1,"gemm",512,131072,0,128,0,112,"TCC_WRITE_SECTORS",524288.000000,1008390528125748,1008390528176709
140,140,"Agent 1",1,43759,43759,32768,1,"gemm",512,131072,0,128,0,112,"TCP_TCP_TA_DATA_STALL_CYCLES",53792.000000,1008390528125748,1008390528176709
140,140,"Agent 1",1,43759,43759,32768,1,"gemm",512,131072,0,128,0,112,"TCP_TCP_TA_ADDR_STALL_CYCLES",128402.000000,1008390528125748,1008390528176709
141,141,"Agent 1",1,43759,43759,32768,1,"gemm",512,131072,0,128,0,112,"SQ_INSTS_VMEM_WR",65536.000000,1008390528276310,1008390528326910
141,141,"Agent 1",1,43759,43759,32768,1,"gemm",512,131072,0,128,0,112,"SQ_VMEM_TA_CMD_FIFO_FULL",407850.000000,1008390528276310,1008390528326910
141,141,"Agent 1",1,43759,43759,32768,1,"gemm",512,131072,0,128,0,112,"TCC_WRITE_SECTORS",524288.000000,1008390528276310,1008390528326910
141,141,"Agent 1",1,43759,43759,32768,1,"gemm",512,131072,0,128,0,112,"TCP_TCP_TA_DATA_STALL_CYCLES",53851.000000,1008390528276310,1008390528326910
141,141,"Agent 1",1,43759,43759,32768,1,"gemm",512,131072,0,128,0,112,"TCP_TCP_TA_ADDR_STALL_CYCLES",135093.000000,1008390528276310,1008390528326910
142,142,"Agent 1",1,43759,43759,32768,1,"gemm",512,131072,0,128,0,112,"SQ_INSTS_VMEM_WR",65536.000000,1008390528432311,1008390528482871
142,142,"Agent 1",1,43759,43759,32768,1,"gemm",512,131072,0,128,0,112,"SQ_VMEM_TA_CMD_FIFO_FULL",405117.000000,1008390528432311,1008390528482871
142,142,"Agent 1",1,43759,43759,32768,1,"gemm",512,131072,0,128,0,112,"TCC_WRITE_SECTORS",524288.000000,1008390528432311,1008390528482871
142,142,"Agent 1",1,43759,43759,32768,1,"gemm",512,131072,0,128,0,112,"TCP_TCP_TA_DATA_STALL_CYCLES",52667.000000,1008390528432311,1008390528482871
142,142,"Agent 1",1,43759,43759,32768,1,"gemm",512,131072,0,128,0,112,"TCP_TCP_TA_ADDR_STALL_CYCLES",129426.000000,1008390528432311,1008390528482871
143,143,"Agent 1",1,43759,43759,32768,1,"gemm",512,131072,0,128,0,112,"SQ_INSTS_VMEM_WR",65536.000000,1008390528581272,1008390528632073
143,143,"Agent 1",1,43759,43759,32768,1,"gemm",512,131072,0,128,0,112,"SQ_VMEM_TA_CMD_FIFO_FULL",402525.000000,1008390528581272,1008390528632073
143,143,"Agent 1",1,43759,43759,32768,1,"gemm",512,131072,0,128,0,112,"TCC_WRITE_SECTORS",524288.000000,1008390528581272,1008390528632073
143,143,"Agent 1",1,43759,43759,32768,1,"gemm",512,131072,0,128,0,112,"TCP_TCP_TA_DATA_STALL_CYCLES",53856.000000,1008390528581272,1008390528632073
143,143,"Agent 1",1,43759,43759,32768,1,"gemm",512,131072,0,128,0,112,"TCP_TCP_TA_ADDR_STALL_CYCLES",128422.000000,1008390528581272,1008390528632073
144,144,"Agent 1",1,43759,43759,32768,1,"gemm",512,131072,0,128,0,112,"SQ_INSTS_VMEM_WR",65536.000000,1008390528734954,1008390528785954
144,144,"Agent 1",1,43759,43759,32768,1,"gemm",512,131072,0,128,0,112,"SQ_VMEM_TA_CMD_FIFO_FULL",407251.000000,1008390528734954,1008390528785954
144,144,"Agent 1",1,43759,43759,32768,1,"gemm",512,131072,0,128,0,112,"TCC_WRITE_SECTORS",524288.000000,1008390528734954,1008390528785954
144,144,"Agent 1",1,43759,43759,32768,1,"gemm",512,131072,0,128,0,112,"TCP_TCP_TA_DATA_STALL_CYCLES",54241.000000,1008390528734954,1008390528785954
144,144,"Agent 1",1,43759,43759,32768,1,"gemm",512,131072,0,128,0,112,"TCP_TCP_TA_ADDR_STALL_CYCLES",130633.000000,1008390528734954,1008390528785954
145,145,"Agent 1",1,43759,43759,32768,1,"gemm",512,131072,0,128,0,112,"SQ_INSTS_VMEM_WR",65536.000000,1008390528885355,1008390528935996
145,145,"Agent 1",1,43759,43759,32768,1,"gemm",512,131072,0,128,0,112,"SQ_VMEM_TA_CMD_FIFO_FULL",401247.000000,1008390528885355,1008390528935996
145,145,"Agent 1",1,43759,43759,32768,1,"gemm",512,131072,0,128,0,112,"TCC_WRITE_SECTORS",524288.000000,1008390528885355,1008390528935996
145,145,"Agent 1",1,43759,43759,32768,1,"gemm",512,131072,0,128,0,112,"TCP_TCP_TA_DATA_STALL_CYCLES",53032.000000,1008390528885355,1008390528935996
145,145,"Agent 1",1,43759,43759,32768,1,"gemm",512,131072,0,128,0,112,"TCP_TCP_TA_ADDR_STALL_CYCLES",130051.000000,1008390528885355,1008390528935996
146,146,"Agent 1",1,43759,43759,32768,1,"gemm",512,131072,0,128,0,112,"SQ_INSTS_VMEM_WR",65536.000000,1008390529036036,1008390529086557
146,146,"Agent 1",1,43759,43759,32768,1,"gemm",512,131072,0,128,0,112,"SQ_VMEM_TA_CMD_FIFO_FULL",393265.000000,1008390529036036,1008390529086557
146,146,"Agent 1",1,43759,43759,32768,1,"gemm",512,131072,0,128,0,112,"TCC_WRITE_SECTORS",524288.000000,1008390529036036,1008390529086557
146,146,"Agent 1",1,43759,43759,32768,1,"gemm",512,131072,0,128,0,112,"TCP_TCP_TA_DATA_STALL_CYCLES",53588.000000,1008390529036036,1008390529086557
146,146,"Agent 1",1,43759,43759,32768,1,"gemm",512,131072,0,128,0,112,"TCP_TCP_TA_ADDR_STALL_CYCLES",130476.000000,1008390529036036,1008390529086557
147,147,"Agent 1",1,43759,43759,32768,1,"gemm",512,131072,0,128,0,112,"SQ_INSTS_VMEM_WR",65536.000000,1008390529188038,1008390529238798
147,147,"Agent 1",1,43759,43759,32768,1,"gemm",512,131072,0,128,0,112,"SQ_VMEM_TA_CMD_FIFO_FULL",409570.000000,1008390529188038,1008390529238798
147,147,"Agent 1",1,43759,43759,32768,1,"gemm",512,131072,0,128,0,112,"TCC_WRITE_SECTORS",524288.000000,1008390529188038,1008390529238798
147,147,"Agent 1",1,43759,43759,32768,1,"gemm",512,131072,0,128,0,112,"TCP_TCP_TA_DATA_STALL_CYCLES",52789.000000,1008390529188038,1008390529238798
147,147,"Agent 1",1,43759,43759,32768,1,"gemm",512,131072,0,128,0,112,"TCP_TCP_TA_ADDR_STALL_CYCLES",132794.000000,1008390529188038,1008390529238798
148,148,"Agent 1",1,43759,43759,32768,1,"gemm",512,131072,0,128,0,112,"SQ_INSTS_VMEM_WR",65536.000000,1008390529342399,1008390529393200
148,148,"Agent 1",1,43759,43759,32768,1,"gemm",512,131072,0,128,0,112,"SQ_VMEM_TA_CMD_FIFO_FULL",397800.000000,1008390529342399,1008390529393200
148,148,"Agent 1",1,43759,43759,32768,1,"gemm",512,131072,0,128,0,112,"TCC_WRITE_SECTORS",524288.000000,1008390529342399,1008390529393200
148,148,"Agent 1",1,43759,43759,32768,1,"gemm",512,131072,0,128,0,112,"TCP_TCP_TA_DATA_STALL_CYCLES",53209.000000,1008390529342399,1008390529393200
148,148,"Agent 1",1,43759,43759,32768,1,"gemm",512,131072,0,128,0,112,"TCP_TCP_TA_ADDR_STALL_CYCLES",132078.000000,1008390529342399,1008390529393200
149,149,"Agent 1",1,43759,43759,32768,1,"gemm",512,131072,0,128,0,112,"SQ_INSTS_VMEM_WR",65536.000000,1008390529494721,1008390529545361
149,149,"Agent 1",1,43759,43759,32768,1,"gemm",512,131072,0,128,0,112,"SQ_VMEM_TA_CMD_FIFO_FULL",405198.000000,1008390529494721,1008390529545361
149,149,"Agent 1",1,43759,43759,32768,1,"gemm",512,131072,0,128,0,112,"TCC_WRITE_SECTORS",524288.000000,1008390529494721,1008390529545361
149,149,"Agent 1",1,43759,43759,32768,1,"gemm",512,131072,0,128,0,112,"TCP_TCP_TA_DATA_STALL_CYCLES",53690.000000,1008390529494721,1008390529545361
149,149,"Agent 1",1,43759,43759,32768,1,"gemm",512,131072,0,128,0,112,"TCP_TCP_TA_ADDR_STALL_CYCLES",127323.000000,1008390529494721,1008390529545361
150,150,"Agent 1",1,43759,43759,32768,1,"gemm",512,131072,0,128,0,112,"SQ_INSTS_VMEM_WR",65536.000000,1008390529642522,1008390529693002
150,150,"Agent 1",1,43759,43759,32768,1,"gemm",512,131072,0,128,0,112,"SQ_VMEM_TA_CMD_FIFO_FULL",404744.000000,1008390529642522,1008390529693002
150,150,"Agent 1",1,43759,43759,32768,1,"gemm",512,131072,0,128,0,112,"TCC_WRITE_SECTORS",524288.000000,1008390529642522,1008390529693002
150,150,"Agent 1",1,43759,43759,32768,1,"gemm",512,131072,0,128,0,112,"TCP_TCP_TA_DATA_STALL_CYCLES",53290.000000,1008390529642522,1008390529693002
150,150,"Agent 1",1,43759,43759,32768,1,"gemm",512,131072,0,128,0,112,"TCP_TCP_TA_ADDR_STALL_CYCLES",125425.000000,1008390529642522,1008390529693002
151,151,"Agent 1",1,43759,43759,32768,1,"gemm",512,131072,0,128,0,112,"SQ_INSTS_VMEM_WR",65536.000000,1008390529797003,1008390529847724
151,151,"Agent 1",1,43759,43759,32768,1,"gemm",512,131072,0,128,0,112,"SQ_VMEM_TA_CMD_FIFO_FULL",404389.000000,1008390529797003,1008390529847724
151,151,"Agent 1",1,43759,43759,32768,1,"gemm",512,131072,0,128,0,112,"TCC_WRITE_SECTORS",524288.000000,1008390529797003,1008390529847724
151,151,"Agent 1",1,43759,43759,32768,1,"gemm",512,131072,0,128,0,112,"TCP_TCP_TA_DATA_STALL_CYCLES",53193.000000,1008390529797003,1008390529847724
151,151,"Agent 1",1,43759,43759,32768,1,"gemm",512,131072,0,128,0,112,"TCP_TCP_TA_ADDR_STALL_CYCLES",134418.000000,1008390529797003,1008390529847724
152,152,"Agent 1",1,43759,43759,32768,1,"gemm",512,131072,0,128,0,112,"SQ_INSTS_VMEM_WR",65536.000000,1008390529947965,1008390529999085
152,152,"Agent 1",1,43759,43759,32768,1,"gemm",512,131072,0,128,0,112,"SQ_VMEM_TA_CMD_FIFO_FULL",412760.000000,1008390529947965,1008390529999085
152,152,"Agent 1",1,43759,43759,32768,1,"gemm",512,131072,0,128,0,112,"TCC_WRITE_SECTORS",524288.000000,1008390529947965,1008390529999085
152,152,"Agent 1",1,43759,43759,32768,1,"gemm",512,131072,0,128,0,112,"TCP_TCP_TA_DATA_STALL_CYCLES",53755.000000,1008390529947965,1008390529999085
152,152,"Agent 1",1,43759,43759,32768,1,"gemm",512,131072,0,128,0,112,"TCP_TCP_TA_ADDR_STALL_CYCLES",132950.000000,1008390529947965,1008390529999085
153,153,"Agent 1",1,43759,43759,32768,1,"gemm",512,131072,0,128,0,112,"SQ_INSTS_VMEM_WR",65536.000000,1008390530103926,1008390530154487
153,153,"Agent 1",1,43759,43759,32768,1,"gemm",512,131072,0,128,0,112,"SQ_VMEM_TA_CMD_FIFO_FULL",406546.000000,1008390530103926,1008390530154487
153,153,"Agent 1",1,43759,43759,32768,1,"gemm",512,131072,0,128,0,112,"TCC_WRITE_SECTORS",524288.000000,1008390530103926,1008390530154487
153,153,"Agent 1",1,43759,43759,32768,1,"gemm",512,131072,0,128,0,112,"TCP_TCP_TA_DATA_STALL_CYCLES",53035.000000,1008390530103926,1008390530154487
153,153,"Agent 1",1,43759,43759,32768,1,"gemm",512,131072,0,128,0,112,"TCP_TCP_TA_ADDR_STALL_CYCLES",128039.000000,1008390530103926,1008390530154487
154,154,"Agent 1",1,43759,43759,32768,1,"gemm",512,131072,0,128,0,112,"SQ_INSTS_VMEM_WR",65536.000000,1008390530251727,1008390530302208
154,154,"Agent 1",1,43759,43759,32768,1,"gemm",512,131072,0,128,0,112,"SQ_VMEM_TA_CMD_FIFO_FULL",416759.000000,1008390530251727,1008390530302208
154,154,"Agent 1",1,43759,43759,32768,1,"gemm",512,131072,0,128,0,112,"TCC_WRITE_SECTORS",524288.000000,1008390530251727,1008390530302208
154,154,"Agent 1",1,43759,43759,32768,1,"gemm",512,131072,0,128,0,112,"TCP_TCP_TA_DATA_STALL_CYCLES",53507.000000,1008390530251727,1008390530302208
154,154,"Agent 1",1,43759,43759,32768,1,"gemm",512,131072,0,128,0,112,"TCP_TCP_TA_ADDR_STALL_CYCLES",134854.000000,1008390530251727,1008390530302208
155,155,"Agent 1",1,43759,43759,32768,1,"gemm",512,131072,0,128,0,112,"SQ_INSTS_VMEM_WR",65536.000000,1008390530407769,1008390530458609
155,155,"Agent 1",1,43759,43759,32768,1,"gemm",512,131072,0,128,0,112,"SQ_VMEM_TA_CMD_FIFO_FULL",402415.000000,1008390530407769,1008390530458609
155,155,"Agent 1",1,43759,43759,32768,1,"gemm",512,131072,0,128,0,112,"TCC_WRITE_SECTORS",524288.000000,1008390530407769,1008390530458609
155,155,"Agent 1",1,43759,43759,32768,1,"gemm",512,131072,0,128,0,112,"TCP_TCP_TA_DATA_STALL_CYCLES",54383.000000,1008390530407769,1008390530458609
155,155,"Agent 1",1,43759,43759,32768,1,"gemm",512,131072,0,128,0,112,"TCP_TCP_TA_ADDR_STALL_CYCLES",122854.000000,1008390530407769,1008390530458609
156,156,"Agent 1",1,43759,43759,32768,1,"gemm",512,131072,0,128,0,112,"SQ_INSTS_VMEM_WR",65536.000000,1008390530558530,1008390530609171
156,156,"Agent 1",1,43759,43759,32768,1,"gemm",512,131072,0,128,0,112,"SQ_VMEM_TA_CMD_FIFO_FULL",389067.000000,1008390530558530,1008390530609171
156,156,"Agent 1",1,43759,43759,32768,1,"gemm",512,131072,0,128,0,112,"TCC_WRITE_SECTORS",524288.000000,1008390530558530,1008390530609171
156,156,"Agent 1",1,43759,43759,32768,1,"gemm",512,131072,0,128,0,112,"TCP_TCP_TA_DATA_STALL_CYCLES",53853.000000,1008390530558530,1008390530609171
156,156,"Agent 1",1,43759,43759,32768,1,"gemm",512,131072,0,128,0,112,"TCP_TCP_TA_ADDR_STALL_CYCLES",135898.000000,1008390530558530,1008390530609171
157,157,"Agent 1",1,43759,43759,32768,1,"gemm",512,131072,0,128,0,112,"SQ_INSTS_VMEM_WR",65536.000000,1008390530713132,1008390530763452
157,157,"Agent 1",1,43759,43759,32768,1,"gemm",512,131072,0,128,0,112,"SQ_VMEM_TA_CMD_FIFO_FULL",408687.000000,1008390530713132,1008390530763452
157,157,"Agent 1",1,43759,43759,32768,1,"gemm",512,131072,0,128,0,112,"TCC_WRITE_SECTORS",524288.000000,1008390530713132,1008390530763452
157,157,"Agent 1",1,43759,43759,32768,1,"gemm",512,131072,0,128,0,112,"TCP_TCP_TA_DATA_STALL_CYCLES",53125.000000,1008390530713132,1008390530763452
157,157,"Agent 1",1,43759,43759,32768,1,"gemm",512,131072,0,128,0,112,"TCP_TCP_TA_ADDR_STALL_CYCLES",126893.000000,1008390530713132,1008390530763452
158,158,"Agent 1",1,43759,43759,32768,1,"gemm",512,131072,0,128,0,112,"SQ_INSTS_VMEM_WR",65536.000000,1008390530864253,1008390530914693
158,158,"Agent 1",1,43759,43759,32768,1,"gemm",512,131072,0,128,0,112,"SQ_VMEM_TA_CMD_FIFO_FULL",401700.000000,1008390530864253,1008390530914693
158,158,"Agent 1",1,43759,43759,32768,1,"gemm",512,131072,0,128,0,112,"TCC_WRITE_SECTORS",524288.000000,1008390530864253,1008390530914693
158,158,"Agent 1",1,43759,43759,32768,1,"gemm",512,131072,0,128,0,112,"TCP_TCP_TA_DATA_STALL_CYCLES",53282.000000,1008390530864253,1008390530914693
158,158,"Agent 1",1,43759,43759,32768,1,"gemm",512,131072,0,128,0,112,"TCP_TCP_TA_ADDR_STALL_CYCLES",128484.000000,1008390530864253,1008390530914693
159,159,"Agent 1",1,43759,43759,32768,1,"gemm",512,131072,0,128,0,112,"SQ_INSTS_VMEM_WR",65536.000000,1008390531029614,1008390531080375
159,159,"Agent 1",1,43759,43759,32768,1,"gemm",512,131072,0,128,0,112,"SQ_VMEM_TA_CMD_FIFO_FULL",405193.000000,1008390531029614,1008390531080375
159,159,"Agent 1",1,43759,43759,32768,1,"gemm",512,131072,0,128,0,112,"TCC_WRITE_SECTORS",524288.000000,1008390531029614,1008390531080375
159,159,"Agent 1",1,43759,43759,32768,1,"gemm",512,131072,0,128,0,112,"TCP_TCP_TA_DATA_STALL_CYCLES",52680.000000,1008390531029614,1008390531080375
159,159,"Agent 1",1,43759,43759,32768,1,"gemm",512,131072,0,128,0,112,"TCP_TCP_TA_ADDR_STALL_CYCLES",127449.000000,1008390531029614,1008390531080375
160,160,"Agent 1",1,43759,43759,32768,1,"gemm",512,131072,0,128,0,112,"SQ_INSTS_VMEM_WR",65536.000000,1008390531178536,1008390531229536
160,160,"Agent 1",1,43759,43759,32768,1,"gemm",512,131072,0,128,0,112,"SQ_VMEM_TA_CMD_FIFO_FULL",395575.000000,1008390531178536,1008390531229536
160,160,"Agent 1",1,43759,43759,32768,1,"gemm",512,131072,0,128,0,112,"TCC_WRITE_SECTORS",524288.000000,1008390531178536,1008390531229536
160,160,"Agent 1",1,43759,43759,32768,1,"gemm",512,131072,0,128,0,112,"TCP_TCP_TA_DATA_STALL_CYCLES",54491.000000,1008390531178536,1008390531229536
160,160,"Agent 1",1,43759,43759,32768,1,"gemm",512,131072,0,128,0,112,"TCP_TCP_TA_ADDR_STALL_CYCLES",126375.000000,1008390531178536,1008390531229536
161,161,"Agent 1",1,43759,43759,32768,1,"gemm",512,131072,0,128,0,112,"SQ_INSTS_VMEM_WR",65536.000000,1008390531328977,1008390531379578
161,161,"Agent 1",1,43759,43759,32768,1,"gemm",512,131072,0,128,0,112,"SQ_VMEM_TA_CMD_FIFO_FULL",411940.000000,1008390531328977,1008390531379578
161,161,"Agent 1",1,43759,43759,32768,1,"gemm",512,131072,0,128,0,112,"TCC_WRITE_SECTORS",524288.000000,1008390531328977,1008390531379578
161,161,"Agent 1",1,43759,43759,32768,1,"gemm",512,131072,0,128,0,112,"TCP_TCP_TA_DATA_STALL_CYCLES",54695.000000,1008390531328977,1008390531379578
161,161,"Agent 1",1,43759,43759,32768,1,"gemm",512,131072,0,128,0,112,"TCP_TCP_TA_ADDR_STALL_CYCLES",130061.000000,1008390531328977,1008390531379578
162,162,"Agent 1",1,43759,43759,32768,1,"gemm",512,131072,0,128,0,112,"SQ_INSTS_VMEM_WR",65536.000000,1008390531482339,1008390531532699
162,162,"Agent 1",1,43759,43759,32768,1,"gemm",512,131072,0,128,0,112,"SQ_VMEM_TA_CMD_FIFO_FULL",402427.000000,1008390531482339,1008390531532699
162,162,"Agent 1",1,43759,43759,32768,1,"gemm",512,131072,0,128,0,112,"TCC_WRITE_SECTORS",524288.000000,1008390531482339,1008390531532699
162,162,"Agent 1",1,43759,43759,32768,1,"gemm",512,131072,0,128,0,112,"TCP_TCP_TA_DATA_STALL_CYCLES",53279.000000,1008390531482339,1008390531532699
162,162,"Agent 1",1,43759,43759,32768,1,"gemm",512,131072,0,128,0,112,"TCP_TCP_TA_ADDR_STALL_CYCLES",136222.000000,1008390531482339,1008390531532699
163,163,"Agent 1",1,43759,43759,32768,1,"gemm",512,131072,0,128,0,112,"SQ_INSTS_VMEM_WR",65536.000000,1008390531636020,1008390531686660
163,163,"Agent 1",1,43759,43759,32768,1,"gemm",512,131072,0,128,0,112,"SQ_VMEM_TA_CMD_FIFO_FULL",393240.000000,1008390531636020,1008390531686660
163,163,"Agent 1",1,43759,43759,32768,1,"gemm",512,131072,0,128,0,112,"TCC_WRITE_SECTORS",524288.000000,1008390531636020,1008390531686660
163,163,"Agent 1",1,43759,43759,32768,1,"gemm",512,131072,0,128,0,112,"TCP_TCP_TA_DATA_STALL_CYCLES",54190.000000,1008390531636020,1008390531686660
163,163,"Agent 1",1,43759,43759,32768,1,"gemm",512,131072,0,128,0,112,"TCP_TCP_TA_ADDR_STALL_CYCLES",134893.000000,1008390531636020,1008390531686660
164,164,"Agent 1",1,43759,43759,32768,1,"gemm",512,131072,0,128,0,112,"SQ_INSTS_VMEM_WR",65536.000000,1008390531790901,1008390531841902
164,164,"Agent 1",1,43759,43759,32768,1,"gemm",512,131072,0,128,0,112,"SQ_VMEM_TA_CMD_FIFO_FULL",414574.000000,1008390531790901,1008390531841902
164,164,"Agent 1",1,43759,43759,32768,1,"gemm",512,131072,0,128,0,112,"TCC_WRITE_SECTORS",524288.000000,1008390531790901,1008390531841902
164,164,"Agent 1",1,43759,43759,32768,1,"gemm",512,131072,0,128,0,112,"TCP_TCP_TA_DATA_STALL_CYCLES",54205.000000,1008390531790901,1008390531841902
164,164,"Agent 1",1,43759,43759,32768,1,"gemm",512,131072,0,128,0,112,"TCP_TCP_TA_ADDR_STALL_CYCLES",130201.000000,1008390531790901,1008390531841902
165,165,"Agent 1",1,43759,43759,32768,1,"gemm",512,131072,0,128,0,112,"SQ_INSTS_VMEM_WR",65536.000000,1008390531945063,1008390531995663
165,165,"Agent 1",1,43759,43759,32768,1,"gemm",512,131072,0,128,0,112,"SQ_VMEM_TA_CMD_FIFO_FULL",407309.000000,1008390531945063,1008390531995663
165,165,"Agent 1",1,43759,43759,32768,1,"gemm",512,131072,0,128,0,112,"TCC_WRITE_SECTORS",524288.000000,1008390531945063,1008390531995663
165,165,"Agent 1",1,43759,43759,32768,1,"gemm",512,131072,0,128,0,112,"TCP_TCP_TA_DATA_STALL_CYCLES",53759.000000,1008390531945063,1008390531995663
165,165,"Agent 1",1,43759,43759,32768,1,"gemm",512,131072,0,128,0,112,"TCP_TCP_TA_ADDR_STALL_CYCLES",130218.000000,1008390531945063,1008390531995663
166,166,"Agent 1",1,43759,43759,32768,1,"gemm",512,131072,0,128,0,112,"SQ_INSTS_VMEM_WR",65536.000000,1008390532102504,1008390532153105
166,166,"Agent 1",1,43759,43759,32768,1,"gemm",512,131072,0,128,0,112,"SQ_VMEM_TA_CMD_FIFO_FULL",411007.000000,1008390532102504,1008390532153105
166,166,"Agent 1",1,43759,43759,32768,1,"gemm",512,131072,0,128,0,112,"TCC_WRITE_SECTORS",524288.000000,1008390532102504,1008390532153105
166,166,"Agent 1",1,43759,43759,32768,1,"gemm",512,131072,0,128,0,112,"TCP_TCP_TA_DATA_STALL_CYCLES",53386.000000,1008390532102504,1008390532153105
166,166,"Agent 1",1,43759,43759,32768,1,"gemm",512,131072,0,128,0,112,"TCP_TCP_TA_ADDR_STALL_CYCLES",129363.000000,1008390532102504,1008390532153105
167,167,"Agent 1",1,43759,43759,32768,1,"gemm",512,131072,0,128,0,112,"SQ_INSTS_VMEM_WR",65536.000000,1008390532259586,1008390532310386
167,167,"Agent 1",1,43759,43759,32768,1,"gemm",512,131072,0,128,0,112,"SQ_VMEM_TA_CMD_FIFO_FULL",405629.000000,1008390532259586,1008390532310386
167,167,"Agent 1",1,43759,43759,32768,1,"gemm",512,131072,0,128,0,112,"TCC_WRITE_SECTORS",524288.000000,1008390532259586,1008390532310386
167,167,"Agent 1",1,43759,43759,32768,1,"gemm",512,131072,0,128,0,112,"TCP_TCP_TA_DATA_STALL_CYCLES",53311.000000,1008390532259586,1008390532310386
167,167,"Agent 1",1,43759,43759,32768,1,"gemm",512,131072,0,128,0,112,"TCP_TCP_TA_ADDR_STALL_CYCLES",129114.000000,1008390532259586,1008390532310386
168,168,"Agent 1",1,43759,43759,32768,1,"gemm",512,131072,0,128,0,112,"SQ_INSTS_VMEM_WR",65536.000000,1008390532417227,1008390532468147
168,168,"Agent 1",1,43759,43759,32768,1,"gemm",512,131072,0,128,0,112,"SQ_VMEM_TA_CMD_FIFO_FULL",410581.000000,1008390532417227,1008390532468147
168,168,"Agent 1",1,43759,43759,32768,1,"gemm",512,131072,0,128,0,112,"TCC_WRITE_SECTORS",524288.000000,1008390532417227,1008390532468147
168,168,"Agent 1",1,43759,43759,32768,1,"gemm",512,131072,0,128,0,112,"TCP_TCP_TA_DATA_STALL_CYCLES",54252.000000,1008390532417227,1008390532468147
168,168,"Agent 1",1,43759,43759,32768,1,"gemm",512,131072,0,128,0,112,"TCP_TCP_TA_ADDR_STALL_CYCLES",130955.000000,1008390532417227,1008390532468147
169,169,"Agent 1",1,43759,43759,32768,1,"gemm",512,131072,0,128,0,112,"SQ_INSTS_VMEM_WR",65536.000000,1008390532570748,1008390532621389
169,169,"Agent 1",1,43759,43759,32768,1,"gemm",512,131072,0,128,0,112,"SQ_VMEM_TA_CMD_FIFO_FULL",405706.000000,1008390532570748,1008390532621389
169,169,"Agent 1",1,43759,43759,32768,1,"gemm",512,131072,0,128,0,112,"TCC_WRITE_SECTORS",524288.000000,1008390532570748,1008390532621389
169,169,"Agent 1",1,43759,43759,32768,1,"gemm",512,131072,0,128,0,112,"TCP_TCP_TA_DATA_STALL_CYCLES",53818.000000,1008390532570748,1008390532621389
169,169,"Agent 1",1,43759,43759,32768,1,"gemm",512,131072,0,128,0,112,"TCP_TCP_TA_ADDR_STALL_CYCLES",133385.000000,1008390532570748,1008390532621389
170,170,"Agent 1",1,43759,43759,32768,1,"gemm",512,131072,0,128,0,112,"SQ_INSTS_VMEM_WR",65536.000000,1008390532720950,1008390532771270
170,170,"Agent 1",1,43759,43759,32768,1,"gemm",512,131072,0,128,0,112,"SQ_VMEM_TA_CMD_FIFO_FULL",414393.000000,1008390532720950,1008390532771270
170,170,"Agent 1",1,43759,43759,32768,1,"gemm",512,131072,0,128,0,112,"TCC_WRITE_SECTORS",524288.000000,1008390532720950,1008390532771270
170,170,"Agent 1",1,43759,43759,32768,1,"gemm",512,131072,0,128,0,112,"TCP_TCP_TA_DATA_STALL_CYCLES",53684.000000,1008390532720950,1008390532771270
170,170,"Agent 1",1,43759,43759,32768,1,"gemm",512,131072,0,128,0,112,"TCP_TCP_TA_ADDR_STALL_CYCLES",131110.000000,1008390532720950,1008390532771270
171,171,"Agent 1",1,43759,43759,32768,1,"gemm",512,131072,0,128,0,112,"SQ_INSTS_VMEM_WR",65536.000000,1008390532871431,1008390532922112
171,171,"Agent 1",1,43759,43759,32768,1,"gemm",512,131072,0,128,0,112,"SQ_VMEM_TA_CMD_FIFO_FULL",408479.000000,1008390532871431,1008390532922112
171,171,"Agent 1",1,43759,43759,32768,1,"gemm",512,131072,0,128,0,112,"TCC_WRITE_SECTORS",524288.000000,1008390532871431,1008390532922112
171,171,"Agent 1",1,43759,43759,32768,1,"gemm",512,131072,0,128,0,112,"TCP_TCP_TA_DATA_STALL_CYCLES",53643.000000,1008390532871431,1008390532922112
171,171,"Agent 1",1,43759,43759,32768,1,"gemm",512,131072,0,128,0,112,"TCP_TCP_TA_ADDR_STALL_CYCLES",130771.000000,1008390532871431,1008390532922112
172,172,"Agent 1",1,43759,43759,32768,1,"gemm",512,131072,0,128,0,112,"SQ_INSTS_VMEM_WR",65536.000000,1008390533031592,1008390533082593
172,172,"Agent 1",1,43759,43759,32768,1,"gemm",512,131072,0,128,0,112,"SQ_VMEM_TA_CMD_FIFO_FULL",405970.000000,1008390533031592,1008390533082593
172,172,"Agent 1",1,43759,43759,32768,1,"gemm",512,131072,0,128,0,112,"TCC_WRITE_SECTORS",524288.000000,1008390533031592,1008390533082593
172,172,"Agent 1",1,43759,43759,32768,1,"gemm",512,131072,0,128,0,112,"TCP_TCP_TA_DATA_STALL_CYCLES",54031.000000,1008390533031592,1008390533082593
172,172,"Agent 1",1,43759,43759,32768,1,"gemm",512,131072,0,128,0,112,"TCP_TCP_TA_ADDR_STALL_CYCLES",130052.000000,1008390533031592,1008390533082593
173,173,"Agent 1",1,43759,43759,32768,1,"gemm",512,131072,0,128,0,112,"SQ_INSTS_VMEM_WR",65536.000000,1008390533183154,1008390533233874
173,173,"Agent 1",1,43759,43759,32768,1,"gemm",512,131072,0,128,0,112,"SQ_VMEM_TA_CMD_FIFO_FULL",403981.000000,1008390533183154,1008390533233874
173,173,"Agent 1",1,43759,43759,32768,1,"gemm",512,131072,0,128,0,112,"TCC_WRITE_SECTORS",524288.000000,1008390533183154,1008390533233874
173,173,"Agent 1",1,43759,43759,32768,1,"gemm",512,131072,0,128,0,112,"TCP_TCP_TA_DATA_STALL_CYCLES",53925.000000,1008390533183154,1008390533233874
173,173,"Agent 1",1,43759,43759,32768,1,"gemm",512,131072,0,128,0,112,"TCP_TCP_TA_ADDR_STALL_CYCLES",127070.000000,1008390533183154,1008390533233874
174,174,"Agent 1",1,43759,43759,32768,1,"gemm",512,131072,0,128,0,112,"SQ_INSTS_VMEM_WR",65536.000000,1008390533341715,1008390533392316
174,174,"Agent 1",1,43759,43759,32768,1,"gemm",512,131072,0,128,0,112,"SQ_VMEM_TA_CMD_FIFO_FULL",401880.000000,1008390533341715,1008390533392316
174,174,"Agent 1",1,43759,43759,32768,1,"gemm",512,131072,0,128,0,112,"TCC_WRITE_SECTORS",524288.000000,1008390533341715,1008390533392316
174,174,"Agent 1",1,43759,43759,32768,1,"gemm",512,131072,0,128,0,112,"TCP_TCP_TA_DATA_STALL_CYCLES",52867.000000,1008390533341715,1008390533392316
174,174,"Agent 1",1,43759,43759,32768,1,"gemm",512,131072,0,128,0,112,"TCP_TCP_TA_ADDR_STALL_CYCLES",129330.000000,1008390533341715,1008390533392316
175,175,"Agent 1",1,43759,43759,32768,1,"gemm",512,131072,0,128,0,112,"SQ_INSTS_VMEM_WR",65536.000000,1008390533496477,1008390533547077
175,175,"Agent 1",1,43759,43759,32768,1,"gemm",512,131072,0,128,0,112,"SQ_VMEM_TA_CMD_FIFO_FULL",411777.000000,1008390533496477,1008390533547077
175,175,"Agent 1",1,43759,43759,32768,1,"gemm",512,131072,0,128,0,112,"TCC_WRITE_SECTORS",524288.000000,1008390533496477,1008390533547077
175,175,"Agent 1",1,43759,43759,32768,1,"gemm",512,131072,0,128,0,112,"TCP_TCP_TA_DATA_STALL_CYCLES",54438.000000,1008390533496477,1008390533547077
175,175,"Agent 1",1,43759,43759,32768,1,"gemm",512,131072,0,128,0,112,"TCP_TCP_TA_ADDR_STALL_CYCLES",127698.000000,1008390533496477,1008390533547077
176,176,"Agent 1",1,43759,43759,32768,1,"gemm",512,131072,0,128,0,112,"SQ_INSTS_VMEM_WR",65536.000000,1008390533652798,1008390533703799
176,176,"Agent 1",1,43759,43759,32768,1,"gemm",512,131072,0,128,0,112,"SQ_VMEM_TA_CMD_FIFO_FULL",406798.000000,1008390533652798,1008390533703799
176,176,"Agent 1",1,43759,43759,32768,1,"gemm",512,131072,0,128,0,112,"TCC_WRITE_SECTORS",524288.000000,1008390533652798,1008390533703799
176,176,"Agent 1",1,43759,43759,32768,1,"gemm",512,131072,0,128,0,112,"TCP_TCP_TA_DATA_STALL_CYCLES",53975.000000,1008390533652798,1008390533703799
176,176,"Agent 1",1,43759,43759,32768,1,"gemm",512,131072,0,128,0,112,"TCP_TCP_TA_ADDR_STALL_CYCLES",132589.000000,1008390533652798,1008390533703799
177,177,"Agent 1",1,43759,43759,32768,1,"gemm",512,131072,0,128,0,112,"SQ_INSTS_VMEM_WR",65536.000000,1008390533809600,1008390533860160
177,177,"Agent 1",1,43759,43759,32768,1,"gemm",512,131072,0,128,0,112,"SQ_VMEM_TA_CMD_FIFO_FULL",409876.000000,1008390533809600,1008390533860160
177,177,"Agent 1",1,43759,43759,32768,1,"gemm",512,131072,0,128,0,112,"TCC_WRITE_SECTORS",524288.000000,1008390533809600,1008390533860160
177,177,"Agent 1",1,43759,43759,32768,1,"gemm",512,131072,0,128,0,112,"TCP_TCP_TA_DATA_STALL_CYCLES",52832.000000,1008390533809600,1008390533860160
177,177,"Agent 1",1,43759,43759,32768,1,"gemm",512,131072,0,128,0,112,"TCP_TCP_TA_ADDR_STALL_CYCLES",129445.000000,1008390533809600,1008390533860160
178,178,"Agent 1",1,43759,43759,32768,1,"gemm",512,131072,0,128,0,112,"SQ_INSTS_VMEM_WR",65536.000000,1008390533959441,1008390534009881
178,178,"Agent 1",1,43759,43759,32768,1,"gemm",512,131072,0,128,0,112,"SQ_VMEM_TA_CMD_FIFO_FULL",404382.000000,1008390533959441,1008390534009881
178,178,"Agent 1",1,43759,43759,32768,1,"gemm",512,131072,0,128,0,112,"TCC_WRITE_SECTORS",524288.000000,1008390533959441,1008390534009881
178,178,"Agent 1",1,43759,43759,32768,1,"gemm",512,131072,0,128,0,112,"TCP_TCP_TA_DATA_STALL_CYCLES",53713.000000,1008390533959441,1008390534009881
178,178,"Agent 1",1,43759,43759,32768,1,"gemm",512,131072,0,128,0,112,"TCP_TCP_TA_ADDR_STALL_CYCLES",134507.000000,1008390533959441,1008390534009881
179,179,"Agent 1",1,43759,43759,32768,1,"gemm",512,131072,0,128,0,112,"SQ_INSTS_VMEM_WR",65536.000000,1008390534113882,1008390534164563
179,179,"Agent 1",1,43759,43759,32768,1,"gemm",512,131072,0,128,0,112,"SQ_VMEM_TA_CMD_FIFO_FULL",414306.000000,1008390534113882,1008390534164563
179,179,"Agent 1",1,43759,43759,32768,1,"gemm",512,131072,0,128,0,112,"TCC_WRITE_SECTORS",524288.000000,1008390534113882,1008390534164563
179,179,"Agent 1",1,43759,43759,32768,1,"gemm",512,131072,0,128,0,112,"TCP_TCP_TA_DATA_STALL_CYCLES",53424.000000,1008390534113882,1008390534164563
179,179,"Agent 1",1,43759,43759,32768,1,"gemm",512,131072,0,128,0,112,"TCP_TCP_TA_ADDR_STALL_CYCLES",129635.000000,1008390534113882,1008390534164563
180,180,"Agent 1",1,43759,43759,32768,1,"gemm",512,131072,0,128,0,112,"SQ_INSTS_VMEM_WR",65536.000000,1008390534265844,1008390534316644
180,180,"Agent 1",1,43759,43759,32768,1,"gemm",512,131072,0,128,0,112,"SQ_VMEM_TA_CMD_FIFO_FULL",397311.000000,1008390534265844,1008390534316644
180,180,"Agent 1",1,43759,43759,32768,1,"gemm",512,131072,0,128,0,112,"TCC_WRITE_SECTORS",524288.000000,1008390534265844,1008390534316644
180,180,"Agent 1",1,43759,43759,32768,1,"gemm",512,131072,0,128,0,112,"TCP_TCP_TA_DATA_STALL_CYCLES",54814.000000,1008390534265844,1008390534316644
180,180,"Agent 1",1,43759,43759,32768,1,"gemm",512,131072,0,128,0,112,"TCP_TCP_TA_ADDR_STALL_CYCLES",130105.000000,1008390534265844,1008390534316644
181,181,"Agent 1",1,43759,43759,32768,1,"gemm",512,131072,0,128,0,112,"SQ_INSTS_VMEM_WR",65536.000000,1008390534418045,1008390534468685
181,181,"Agent 1",1,43759,43759,32768,1,"gemm",512,131072,0,128,0,112,"SQ_VMEM_TA_CMD_FIFO_FULL",402856.000000,1008390534418045,1008390534468685
181,181,"Agent 1",1,43759,43759,32768,1,"gemm",512,131072,0,128,0,112,"TCC_WRITE_SECTORS",524288.000000,1008390534418045,1008390534468685
181,181,"Agent 1",1,43759,43759,32768,1,"gemm",512,131072,0,128,0,112,"TCP_TCP_TA_DATA_STALL_CYCLES",52979.000000,1008390534418045,1008390534468685
181,181,"Agent 1",1,43759,43759,32768,1,"gemm",512,131072,0,128,0,112,"TCP_TCP_TA_ADDR_STALL_CYCLES",137256.000000,1008390534418045,1008390534468685
182,182,"Agent 1",1,43759,43759,32768,1,"gemm",512,131072,0,128,0,112,"SQ_INSTS_VMEM_WR",65536.000000,1008390534568366,1008390534618767
182,182,"Agent 1",1,43759,43759,32768,1,"gemm",512,131072,0,128,0,112,"SQ_VMEM_TA_CMD_FIFO_FULL",409234.000000,1008390534568366,1008390534618767
182,182,"Agent 1",1,43759,43759,32768,1,"gemm",512,131072,0,128,0,112,"TCC_WRITE_SECTORS",524288.000000,1008390534568366,1008390534618767
182,182,"Agent 1",1,43759,43759,32768,1,"gemm",512,131072,0,128,0,112,"TCP_TCP_TA_DATA_STALL_CYCLES",54182.000000,1008390534568366,1008390534618767
182,182,"Agent 1",1,43759,43759,32768,1,"gemm",512,131072,0,128,0,112,"TCP_TCP_TA_ADDR_STALL_CYCLES",136632.000000,1008390534568366,1008390534618767
183,183,"Agent 1",1,43759,43759,32768,1,"gemm",512,131072,0,128,0,112,"SQ_INSTS_VMEM_WR",65536.000000,1008390534720368,1008390534771088
183,183,"Agent 1",1,43759,43759,32768,1,"gemm",512,131072,0,128,0,112,"SQ_VMEM_TA_CMD_FIFO_FULL",409516.000000,1008390534720368,1008390534771088
183,183,"Agent 1",1,43759,43759,32768,1,"gemm",512,131072,0,128,0,112,"TCC_WRITE_SECTORS",524288.000000,1008390534720368,1008390534771088
183,183,"Agent 1",1,43759,43759,32768,1,"gemm",512,131072,0,128,0,112,"TCP_TCP_TA_DATA_STALL_CYCLES",54355.000000,1008390534720368,1008390534771088
183,183,"Agent 1",1,43759,43759,32768,1,"gemm",512,131072,0,128,0,112,"TCP_TCP_TA_ADDR_STALL_CYCLES",129466.000000,1008390534720368,1008390534771088
184,184,"Agent 1",1,43759,43759,32768,1,"gemm",512,131072,0,128,0,112,"SQ_INSTS_VMEM_WR",65536.000000,1008390534877489,1008390534928410
184,184,"Agent 1",1,43759,43759,32768,1,"gemm",512,131072,0,128,0,112,"SQ_VMEM_TA_CMD_FIFO_FULL",406720.000000,1008390534877489,1008390534928410
184,184,"Agent 1",1,43759,43759,32768,1,"gemm",512,131072,0,128,0,112,"TCC_WRITE_SECTORS",524288.000000,1008390534877489,1008390534928410
184,184,"Agent 1",1,43759,43759,32768,1,"gemm",512,131072,0,128,0,112,"TCP_TCP_TA_DATA_STALL_CYCLES",54139.000000,1008390534877489,1008390534928410
184,184,"Agent 1",1,43759,43759,32768,1,"gemm",512,131072,0,128,0,112,"TCP_TCP_TA_ADDR_STALL_CYCLES",128014.000000,1008390534877489,1008390534928410
185,185,"Agent 1",1,43759,43759,32768,1,"gemm",512,131072,0,128,0,112,"SQ_INSTS_VMEM_WR",65536.000000,1008390535042931,1008390535093531
185,185,"Agent 1",1,43759,43759,32768,1,"gemm",512,131072,0,128,0,112,"SQ_VMEM_TA_CMD_FIFO_FULL",415370.000000,1008390535042931,1008390535093531
185,185,"Agent 1",1,43759,43759,32768,1,"gemm",512,131072,0,128,0,112,"TCC_WRITE_SECTORS",524288.000000,1008390535042931,1008390535093531
185,185,"Agent 1",1,43759,43759,32768,1,"gemm",512,131072,0,128,0,112,"TCP_TCP_TA_DATA_STALL_CYCLES",53382.000000,1008390535042931,1008390535093531
185,185,"Agent 1",1,43759,43759,32768,1,"gemm",512,131072,0,128,0,112,"TCP_TCP_TA_ADDR_STALL_CYCLES",131912.000000,1008390535042931,1008390535093531
186,186,"Agent 1",1,43759,43759,32768,1,"gemm",512,131072,0,128,0,112,"SQ_INSTS_VMEM_WR",65536.000000,1008390535201532,1008390535252013
186,186,"Agent 1",1,43759,43759,32768,1,"gemm",512,131072,0,128,0,112,"SQ_VMEM_TA_CMD_FIFO_FULL",401634.000000,1008390535201532,1008390535252013
186,186,"Agent 1",1,43759,43759,32768,1,"gemm",512,131072,0,128,0,112,"TCC_WRITE_SECTORS",524288.000000,1008390535201532,1008390535252013
186,186,"Agent 1",1,43759,43759,32768,1,"gemm",512,131072,0,128,0,112,"TCP_TCP_TA_DATA_STALL_CYCLES",53549.000000,1008390535201532,1008390535252013
186,186,"Agent 1",1,43759,43759,32768,1,"gemm",512,131072,0,128,0,112,"TCP_TCP_TA_ADDR_STALL_CYCLES",127983.000000,1008390535201532,1008390535252013
187,187,"Agent 1",1,43759,43759,32768,1,"gemm",512,131072,0,128,0,112,"SQ_INSTS_VMEM_WR",65536.000000,1008390535355933,1008390535406574
187,187,"Agent 1",1,43759,43759,32768,1,"gemm",512,131072,0,128,0,112,"SQ_VMEM_TA_CMD_FIFO_FULL",405648.000000,1008390535355933,1008390535406574
187,187,"Agent 1",1,43759,43759,32768,1,"gemm",512,131072,0,128,0,112,"TCC_WRITE_SECTORS",524288.000000,1008390535355933,1008390535406574
187,187,"Agent 1",1,43759,43759,32768,1,"gemm",512,131072,0,128,0,112,"TCP_TCP_TA_DATA_STALL_CYCLES",54112.000000,1008390535355933,1008390535406574
187,187,"Agent 1",1,43759,43759,32768,1,"gemm",512,131072,0,128,0,112,"TCP_TCP_TA_ADDR_STALL_CYCLES",125496.000000,1008390535355933,1008390535406574
188,188,"Agent 1",1,43759,43759,32768,1,"gemm",512,131072,0,128,0,112,"SQ_INSTS_VMEM_WR",65536.000000,1008390535506495,1008390535557495
188,188,"Agent 1",1,43759,43759,32768,1,"gemm",512,131072,0,128,0,112,"SQ_VMEM_TA_CMD_FIFO_FULL",408828.000000,1008390535506495,1008390535557495
188,188,"Agent 1",1,43759,43759,32768,1,"gemm",512,131072,0,128,0,112,"TCC_WRITE_SECTORS",524288.000000,1008390535506495,1008390535557495
188,188,"Agent 1",1,43759,43759,32768,1,"gemm",512,131072,0,128,0,112,"TCP_TCP_TA_DATA_STALL_CYCLES",53603.000000,1008390535506495,1008390535557495
188,188,"Agent 1",1,43759,43759,32768,1,"gemm",512,131072,0,128,0,112,"TCP_TCP_TA_ADDR_STALL_CYCLES",127460.000000,1008390535506495,1008390535557495
189,189,"Agent 1",1,43759,43759,32768,1,"gemm",512,131072,0,128,0,112,"SQ_INSTS_VMEM_WR",65536.000000,1008390535666616,1008390535717137
189,189,"Agent 1",1,43759,43759,32768,1,"gemm",512,131072,0,128,0,112,"SQ_VMEM_TA_CMD_FIFO_FULL",402588.000000,1008390535666616,1008390535717137
189,189,"Agent 1",1,43759,43759,32768,1,"gemm",512,131072,0,128,0,112,"TCC_WRITE_SECTORS",524288.000000,1008390535666616,1008390535717137
189,189,"Agent 1",1,43759,43759,32768,1,"gemm",512,131072,0,128,0,112,"TCP_TCP_TA_DATA_STALL_CYCLES",53210.000000,1008390535666616,1008390535717137
189,189,"Agent 1",1,43759,43759,32768,1,"gemm",512,131072,0,128,0,112,"TCP_TCP_TA_ADDR_STALL_CYCLES",133986.000000,1008390535666616,1008390535717137
190,190,"Agent 1",1,43759,43759,32768,1,"gemm",512,131072,0,128,0,112,"SQ_INSTS_VMEM_WR",65536.000000,1008390535822418,1008390535872698
190,190,"Agent 1",1,43759,43759,32768,1,"gemm",512,131072,0,128,0,112,"SQ_VMEM_TA_CMD_FIFO_FULL",388171.000000,1008390535822418,1008390535872698
190,190,"Agent 1",1,43759,43759,32768,1,"gemm",512,131072,0,128,0,112,"TCC_WRITE_SECTORS",524288.000000,1008390535822418,1008390535872698
190,190,"Agent 1",1,43759,43759,32768,1,"gemm",512,131072,0,128,0,112,"TCP_TCP_TA_DATA_STALL_CYCLES",53241.000000,1008390535822418,1008390535872698
190,190,"Agent 1",1,43759,43759,32768,1,"gemm",512,131072,0,128,0,112,"TCP_TCP_TA_ADDR_STALL_CYCLES",132948.000000,1008390535822418,1008390535872698
191,191,"Agent 1",1,43759,43759,32768,1,"gemm",512,131072,0,128,0,112,"SQ_INSTS_VMEM_WR",65536.000000,1008390535979419,1008390536030100
191,191,"Agent 1",1,43759,43759,32768,1,"gemm",512,131072,0,128,0,112,"SQ_VMEM_TA_CMD_FIFO_FULL",386442.000000,1008390535979419,1008390536030100
191,191,"Agent 1",1,43759,43759,32768,1,"gemm",512,131072,0,128,0,112,"TCC_WRITE_SECTORS",524288.000000,1008390535979419,1008390536030100
191,191,"Agent 1",1,43759,43759,32768,1,"gemm",512,131072,0,128,0,112,"TCP_TCP_TA_DATA_STALL_CYCLES",53341.000000,1008390535979419,1008390536030100
191,191,"Agent 1",1,43759,43759,32768,1,"gemm",512,131072,0,128,0,112,"TCP_TCP_TA_ADDR_STALL_CYCLES",127401.000000,1008390535979419,1008390536030100
192,192,"Agent 1",1,43759,43759,32768,1,"gemm",512,131072,0,128,0,112,"SQ_INSTS_VMEM_WR",65536.000000,1008390536131620,1008390536182621
192,192,"Agent 1",1,43759,43759,32768,1,"gemm",512,131072,0,128,0,112,"SQ_VMEM_TA_CMD_FIFO_FULL",410321.000000,1008390536131620,1008390536182621
192,192,"Agent 1",1,43759,43759,32768,1,"gemm",512,131072,0,128,0,112,"TCC_WRITE_SECTORS",524288.000000,1008390536131620,1008390536182621
192,192,"Agent 1",1,43759,43759,32768,1,"gemm",512,131072,0,128,0,112,"TCP_TCP_TA_DATA_STALL_CYCLES",53982.000000,1008390536131620,1008390536182621
192,192,"Agent 1",1,43759,43759,32768,1,"gemm",512,131072,0,128,0,112,"TCP_TCP_TA_ADDR_STALL_CYCLES",133847.000000,1008390536131620,1008390536182621
193,193,"Agent 1",1,43759,43759,32768,1,"gemm",512,131072,0,128,0,112,"SQ_INSTS_VMEM_WR",65536.000000,1008390536286622,1008390536337222
193,193,"Agent 1",1,43759,43759,32768,1,"gemm",512,131072,0,128,0,112,"SQ_VMEM_TA_CMD_FIFO_FULL",418084.000000,1008390536286622,1008390536337222
193,193,"Agent 1",1,43759,43759,32768,1,"gemm",512,131072,0,128,0,112,"TCC_WRITE_SECTORS",524288.000000,1008390536286622,1008390536337222
193,193,"Agent 1",1,43759,43759,32768,1,"gemm",512,131072,0,128,0,112,"TCP_TCP_TA_DATA_STALL_CYCLES",54107.000000,1008390536286622,1008390536337222
193,193,"Agent 1",1,43759,43759,32768,1,"gemm",512,131072,0,128,0,112,"TCP_TCP_TA_ADDR_STALL_CYCLES",131403.000000,1008390536286622,1008390536337222
194,194,"Agent 1",1,43759,43759,32768,1,"gemm",512,131072,0,128,0,112,"SQ_INSTS_VMEM_WR",65536.000000,1008390536439303,1008390536489744
194,194,"Agent 1",1,43759,43759,32768,1,"gemm",512,131072,0,128,0,112,"SQ_VMEM_TA_CMD_FIFO_FULL",415203.000000,1008390536439303,1008390536489744
194,194,"Agent 1",1,43759,43759,32768,1,"gemm",512,131072,0,128,0,112,"TCC_WRITE_SECTORS",524288.000000,1008390536439303,1008390536489744
194,194,"Agent 1",1,43759,43759,32768,1,"gemm",512,131072,0,128,0,112,"TCP_TCP_TA_DATA_STALL_CYCLES",52489.000000,1008390536439303,1008390536489744
194,194,"Agent 1",1,43759,43759,32768,1,"gemm",512,131072,0,128,0,112,"TCP_TCP_TA_ADDR_STALL_CYCLES",123953.000000,1008390536439303,1008390536489744
195,195,"Agent 1",1,43759,43759,32768,1,"gemm",512,131072,0,128,0,112,"SQ_INSTS_VMEM_WR",65536.000000,1008390536599905,1008390536650705
195,195,"Agent 1",1,43759,43759,32768,1,"gemm",512,131072,0,128,0,112,"SQ_VMEM_TA_CMD_FIFO_FULL",414508.000000,1008390536599905,1008390536650705
195,195,"Agent 1",1,43759,43759,32768,1,"gemm",512,131072,0,128,0,112,"TCC_WRITE_SECTORS",524288.000000,1008390536599905,1008390536650705
195,195,"Agent 1",1,43759,43759,32768,1,"gemm",512,131072,0,128,0,112,"TCP_TCP_TA_DATA_STALL_CYCLES",53634.000000,1008390536599905,1008390536650705
195,195,"Agent 1",1,43759,43759,32768,1,"gemm",512,131072,0,128,0,112,"TCP_TCP_TA_ADDR_STALL_CYCLES",131238.000000,1008390536599905,1008390536650705
196,196,"Agent 1",1,43759,43759,32768,1,"gemm",512,131072,0,128,0,112,"SQ_INSTS_VMEM_WR",65536.000000,1008390536756386,1008390536807267
196,196,"Agent 1",1,43759,43759,32768,1,"gemm",512,131072,0,128,0,112,"SQ_VMEM_TA_CMD_FIFO_FULL",403885.000000,1008390536756386,1008390536807267
196,196,"Agent 1",1,43759,43759,32768,1,"gemm",512,131072,0,128,0,112,"TCC_WRITE_SECTORS",524288.000000,1008390536756386,1008390536807267
196,196,"Agent 1",1,43759,43759,32768,1,"gemm",512,131072,0,128,0,112,"TCP_TCP_TA_DATA_STALL_CYCLES",53289.000000,1008390536756386,1008390536807267
196,196,"Agent 1",1,43759,43759,32768,1,"gemm",512,131072,0,128,0,112,"TCP_TCP_TA_ADDR_STALL_CYCLES",133723.000000,1008390536756386,1008390536807267
197,197,"Agent 1",1,43759,43759,32768,1,"gemm",512,131072,0,128,0,112,"SQ_INSTS_VMEM_WR",65536.000000,1008390536912907,1008390536963508
197,197,"Agent 1",1,43759,43759,32768,1,"gemm",512,131072,0,128,0,112,"SQ_VMEM_TA_CMD_FIFO_FULL",403750.000000,1008390536912907,1008390536963508
197,197,"Agent 1",1,43759,43759,32768,1,"gemm",512,131072,0,128,0,112,"TCC_WRITE_SECTORS",524288.000000,1008390536912907,1008390536963508
197,197,"Agent 1",1,43759,43759,32768,1,"gemm",512,131072,0,128,0,112,"TCP_TCP_TA_DATA_STALL_CYCLES",53777.000000,1008390536912907,1008390536963508
197,197,"Agent 1",1,43759,43759,32768,1,"gemm",512,131072,0,128,0,112,"TCP_TCP_TA_ADDR_STALL_CYCLES",130518.000000,1008390536912907,1008390536963508
198,198,"Agent 1",1,43759,43759,32768,1,"gemm",512,131072,0,128,0,112,"SQ_INSTS_VMEM_WR",65536.000000,1008390537071149,1008390537121669
198,198,"Agent 1",1,43759,43759,32768,1,"gemm",512,131072,0,128,0,112,"SQ_VMEM_TA_CMD_FIFO_FULL",407297.000000,1008390537071149,1008390537121669
198,198,"Agent 1",1,43759,43759,32768,1,"gemm",512,131072,0,128,0,112,"TCC_WRITE_SECTORS",524288.000000,1008390537071149,1008390537121669
198,198,"Agent 1",1,43759,43759,32768,1,"gemm",512,131072,0,128,0,112,"TCP_TCP_TA_DATA_STALL_CYCLES",53380.000000,1008390537071149,1008390537121669
198,198,"Agent 1",1,43759,43759,32768,1,"gemm",512,131072,0,128,0,112,"TCP_TCP_TA_ADDR_STALL_CYCLES",131130.000000,1008390537071149,1008390537121669
199,199,"Agent 1",1,43759,43759,32768,1,"gemm",512,131072,0,128,0,112,"SQ_INSTS_VMEM_WR",65536.000000,1008390537229030,1008390537279711
199,199,"Agent 1",1,43759,43759,32768,1,"gemm",512,131072,0,128,0,112,"SQ_VMEM_TA_CMD_FIFO_FULL",398163.000000,1008390537229030,1008390537279711
199,199,"Agent 1",1,43759,43759,32768,1,"gemm",512,131072,0,128,0,112,"TCC_WRITE_SECTORS",524288.000000,1008390537229030,1008390537279711
199,199,"Agent 1",1,43759,43759,32768,1,"gemm",512,131072,0,128,0,112,"TCP_TCP_TA_DATA_STALL_CYCLES",52899.000000,1008390537229030,1008390537279711
199,199,"Agent 1",1,43759,43759,32768,1,"gemm",512,131072,0,128,0,112,"TCP_TCP_TA_ADDR_STALL_CYCLES",133259.000000,1008390537229030,1008390537279711
200,200,"Agent 1",1,43759,43759,32768,1,"gemm",512,131072,0,128,0,112,"SQ_INSTS_VMEM_WR",65536.000000,1008390537381072,1008390537432352
200,200,"Agent 1",1,43759,43759,32768,1,"gemm",512,131072,0,128,0,112,"SQ_VMEM_TA_CMD_FIFO_FULL",405712.000000,1008390537381072,1008390537432352
200,200,"Agent 1",1,43759,43759,32768,1,"gemm",512,131072,0,128,0,112,"TCC_WRITE_SECTORS",524288.000000,1008390537381072,1008390537432352
200,200,"Agent 1",1,43759,43759,32768,1,"gemm",512,131072,0,128,0,112,"TCP_TCP_TA_DATA_STALL_CYCLES",54409.000000,1008390537381072,1008390537432352
200,200,"Agent 1",1,43759,43759,32768,1,"gemm",512,131072,0,128,0,112,"TCP_TCP_TA_ADDR_STALL_CYCLES",131939.000000,1008390537381072,1008390537432352
201,201,"Agent 1",1,43759,43759,32768,1,"gemm",512,131072,0,128,0,112,"SQ_INSTS_VMEM_WR",65536.000000,1008390537532033,1008390537582474
201,201,"Agent 1",1,43759,43759,32768,1,"gemm",512,131072,0,128,0,112,"SQ_VMEM_TA_CMD_FIFO_FULL",410777.000000,1008390537532033,1008390537582474
201,201,"Agent 1",1,43759,43759,32768,1,"gemm",512,131072,0,128,0,112,"TCC_WRITE_SECTORS",524288.000000,1008390537532033,1008390537582474
201,201,"Agent 1",1,43759,43759,32768,1,"gemm",512,131072,0,128,0,112,"TCP_TCP_TA_DATA_STALL_CYCLES",53431.000000,1008390537532033,1008390537582474
201,201,"Agent 1",1,43759,43759,32768,1,"gemm",512,131072,0,128,0,112,"TCP_TCP_TA_ADDR_STALL_CYCLES",127810.000000,1008390537532033,1008390537582474
202,202,"Agent 1",1,43759,43759,32768,1,"gemm",512,131072,0,128,0,112,"SQ_INSTS_VMEM_WR",65536.000000,1008390537687674,1008390537738475
202,202,"Agent 1",1,43759,43759,32768,1,"gemm",512,131072,0,128,0,112,"SQ_VMEM_TA_CMD_FIFO_FULL",416624.000000,1008390537687674,1008390537738475
202,202,"Agent 1",1,43759,43759,32768,1,"gemm",512,131072,0,128,0,112,"TCC_WRITE_SECTORS",524288.000000,1008390537687674,1008390537738475
202,202,"Agent 1",1,43759,43759,32768,1,"gemm",512,131072,0,128,0,112,"TCP_TCP_TA_DATA_STALL_CYCLES",53457.000000,1008390537687674,1008390537738475
202,202,"Agent 1",1,43759,43759,32768,1,"gemm",512,131072,0,128,0,112,"TCP_TCP_TA_ADDR_STALL_CYCLES",133837.000000,1008390537687674,1008390537738475
203,203,"Agent 1",1,43759,43759,32768,1,"gemm",512,131072,0,128,0,112,"SQ_INSTS_VMEM_WR",65536.000000,1008390537840436,1008390537891116
203,203,"Agent 1",1,43759,43759,32768,1,"gemm",512,131072,0,128,0,112,"SQ_VMEM_TA_CMD_FIFO_FULL",416828.000000,1008390537840436,1008390537891116
203,203,"Agent 1",1,43759,43759,32768,1,"gemm",512,131072,0,128,0,112,"TCC_WRITE_SECTORS",524288.000000,1008390537840436,1008390537891116
203,203,"Agent 1",1,43759,43759,32768,1,"gemm",512,131072,0,128,0,112,"TCP_TCP_TA_DATA_STALL_CYCLES",54492.000000,1008390537840436,1008390537891116
203,203,"Agent 1",1,43759,43759,32768,1,"gemm",512,131072,0,128,0,112,"TCP_TCP_TA_ADDR_STALL_CYCLES",133507.000000,1008390537840436,1008390537891116
204,204,"Agent 1",1,43759,43759,32768,1,"gemm",512,131072,0,128,0,112,"SQ_INSTS_VMEM_WR",65536.000000,1008390537991877,1008390538042758
204,204,"Agent 1",1,43759,43759,32768,1,"gemm",512,131072,0,128,0,112,"SQ_VMEM_TA_CMD_FIFO_FULL",407573.000000,1008390537991877,1008390538042758
204,204,"Agent 1",1,43759,43759,32768,1,"gemm",512,131072,0,128,0,112,"TCC_WRITE_SECTORS",524288.000000,1008390537991877,1008390538042758
204,204,"Agent 1",1,43759,43759,32768,1,"gemm",512,131072,0,128,0,112,"TCP_TCP_TA_DATA_STALL_CYCLES",54105.000000,1008390537991877,1008390538042758
204,204,"Agent 1",1,43759,43759,32768,1,"gemm",512,131072,0,128,0,112,"TCP_TCP_TA_ADDR_STALL_CYCLES",132384.000000,1008390537991877,1008390538042758
205,205,"Agent 1",1,43759,43759,32768,1,"gemm",512,131072,0,128,0,112,"SQ_INSTS_VMEM_WR",65536.000000,1008390538145959,1008390538196479
205,205,"Agent 1",1,43759,43759,32768,1,"gemm",512,131072,0,128,0,112,"SQ_VMEM_TA_CMD_FIFO_FULL",406786.000000,1008390538145959,1008390538196479
205,205,"Agent 1",1,43759,43759,32768,1,"gemm",512,131072,0,128,0,112,"TCC_WRITE_SECTORS",524288.000000,1008390538145959,1008390538196479
205,205,"Agent 1",1,43759,43759,32768,1,"gemm",512,131072,0,128,0,112,"TCP_TCP_TA_DATA_STALL_CYCLES",54564.000000,1008390538145959,1008390538196479
205,205,"Agent 1",1,43759,43759,32768,1,"gemm",512,131072,0,128,0,112,"TCP_TCP_TA_ADDR_STALL_CYCLES",133910.000000,1008390538145959,1008390538196479
206,206,"Agent 1",1,43759,43759,32768,1,"gemm",512,131072,0,128,0,112,"SQ_INSTS_VMEM_WR",65536.000000,1008390538298640,1008390538349120
206,206,"Agent 1",1,43759,43759,32768,1,"gemm",512,131072,0,128,0,112,"SQ_VMEM_TA_CMD_FIFO_FULL",412328.000000,1008390538298640,1008390538349120
206,206,"Agent 1",1,43759,43759,32768,1,"gemm",512,131072,0,128,0,112,"TCC_WRITE_SECTORS",524288.000000,1008390538298640,1008390538349120
206,206,"Agent 1",1,43759,43759,32768,1,"gemm",512,131072,0,128,0,112,"TCP_TCP_TA_DATA_STALL_CYCLES",53329.000000,1008390538298640,1008390538349120
206,206,"Agent 1",1,43759,43759,32768,1,"gemm",512,131072,0,128,0,112,"TCP_TCP_TA_ADDR_STALL_CYCLES",129821.000000,1008390538298640,1008390538349120
207,207,"Agent 1",1,43759,43759,32768,1,"gemm",512,131072,0,128,0,112,"SQ_INSTS_VMEM_WR",65536.000000,1008390538451001,1008390538501562
207,207,"Agent 1",1,43759,43759,32768,1,"gemm",512,131072,0,128,0,112,"SQ_VMEM_TA_CMD_FIFO_FULL",410915.000000,1008390538451001,1008390538501562
207,207,"Agent 1",1,43759,43759,32768,1,"gemm",512,131072,0,128,0,112,"TCC_WRITE_SECTORS",524288.000000,1008390538451001,1008390538501562
207,207,"Agent 1",1,43759,43759,32768,1,"gemm",512,131072,0,128,0,112,"TCP_TCP_TA_DATA_STALL_CYCLES",53528.000000,1008390538451001,1008390538501562
207,207,"Agent 1",1,43759,43759,32768,1,"gemm",512,131072,0,128,0,112,"TCP_TCP_TA_ADDR_STALL_CYCLES",128508.000000,1008390538451001,1008390538501562
208,208,"Agent 1",1,43759,43759,32768,1,"gemm",512,131072,0,128,0,112,"SQ_INSTS_VMEM_WR",65536.000000,1008390538598483,1008390538649283
208,208,"Agent 1",1,43759,43759,32768,1,"gemm",512,131072,0,128,0,112,"SQ_VMEM_TA_CMD_FIFO_FULL",409036.000000,1008390538598483,1008390538649283
208,208,"Agent 1",1,43759,43759,32768,1,"gemm",512,131072,0,128,0,112,"TCC_WRITE_SECTORS",524288.000000,1008390538598483,1008390538649283
208,208,"Agent 1",1,43759,43759,32768,1,"gemm",512,131072,0,128,0,112,"TCP_TCP_TA_DATA_STALL_CYCLES",54429.000000,1008390538598483,1008390538649283
208,208,"Agent 1",1,43759,43759,32768,1,"gemm",512,131072,0,128,0,112,"TCP_TCP_TA_ADDR_STALL_CYCLES",130837.000000,1008390538598483,1008390538649283
209,209,"Agent 1",1,43759,43759,32768,1,"gemm",512,131072,0,128,0,112,"SQ_INSTS_VMEM_WR",65536.000000,1008390538754044,1008390538804485
209,209,"Agent 1",1,43759,43759,32768,1,"gemm",512,131072,0,128,0,112,"SQ_VMEM_TA_CMD_FIFO_FULL",406538.000000,1008390538754044,1008390538804485
209,209,"Agent 1",1,43759,43759,32768,1,"gemm",512,131072,0,128,0,112,"TCC_WRITE_SECTORS",524288.000000,1008390538754044,1008390538804485
209,209,"Agent 1",1,43759,43759,32768,1,"gemm",512,131072,0,128,0,112,"TCP_TCP_TA_DATA_STALL_CYCLES",53871.000000,1008390538754044,1008390538804485
209,209,"Agent 1",1,43759,43759,32768,1,"gemm",512,131072,0,128,0,112,"TCP_TCP_TA_ADDR_STALL_CYCLES",132315.000000,1008390538754044,1008390538804485
210,210,"Agent 1",1,43759,43759,32768,1,"gemm",512,131072,0,128,0,112,"SQ_INSTS_VMEM_WR",65536.000000,1008390538902365,1008390538952686
210,210,"Agent 1",1,43759,43759,32768,1,"gemm",512,131072,0,128,0,112,"SQ_VMEM_TA_CMD_FIFO_FULL",408538.000000,1008390538902365,1008390538952686
210,210,"Agent 1",1,43759,43759,32768,1,"gemm",512,131072,0,128,0,112,"TCC_WRITE_SECTORS",524288.000000,1008390538902365,1008390538952686
210,210,"Agent 1",1,43759,43759,32768,1,"gemm",512,131072,0,128,0,112,"TCP_TCP_TA_DATA_STALL_CYCLES",52982.000000,1008390538902365,1008390538952686
210,210,"Agent 1",1,43759,43759,32768,1,"gemm",512,131072,0,128,0,112,"TCP_TCP_TA_ADDR_STALL_CYCLES",129274.000000,1008390538902365,1008390538952686
211,211,"Agent 1",1,43759,43759,32768,1,"gemm",512,131072,0,128,0,112,"SQ_INSTS_VMEM_WR",65536.000000,1008390539052687,1008390539103367
211,211,"Agent 1",1,43759,43759,32768,1,"gemm",512,131072,0,128,0,112,"SQ_VMEM_TA_CMD_FIFO_FULL",396376.000000,1008390539052687,1008390539103367
211,211,"Agent 1",1,43759,43759,32768,1,"gemm",512,131072,0,128,0,112,"TCC_WRITE_SECTORS",524288.000000,1008390539052687,1008390539103367
211,211,"Agent 1",1,43759,43759,32768,1,"gemm",512,131072,0,128,0,112,"TCP_TCP_TA_DATA_STALL_CYCLES",53129.000000,1008390539052687,1008390539103367
211,211,"Agent 1",1,43759,43759,32768,1,"gemm",512,131072,0,128,0,112,"TCP_TCP_TA_ADDR_STALL_CYCLES",130126.000000,1008390539052687,1008390539103367
212,212,"Agent 1",1,43759,43759,32768,1,"gemm",512,131072,0,128,0,112,"SQ_INSTS_VMEM_WR",65536.000000,1008390539201688,1008390539252529
212,212,"Agent 1",1,43759,43759,32768,1,"gemm",512,131072,0,128,0,112,"SQ_VMEM_TA_CMD_FIFO_FULL",417546.000000,1008390539201688,1008390539252529
212,212,"Agent 1",1,43759,43759,32768,1,"gemm",512,131072,0,128,0,112,"TCC_WRITE_SECTORS",524288.000000,1008390539201688,1008390539252529
212,212,"Agent 1",1,43759,43759,32768,1,"gemm",512,131072,0,128,0,112,"TCP_TCP_TA_DATA_STALL_CYCLES",52998.000000,1008390539201688,1008390539252529
212,212,"Agent 1",1,43759,43759,32768,1,"gemm",512,131072,0,128,0,112,"TCP_TCP_TA_ADDR_STALL_CYCLES",130706.000000,1008390539201688,1008390539252529
213,213,"Agent 1",1,43759,43759,32768,1,"gemm",512,131072,0,128,0,112,"SQ_INSTS_VMEM_WR",65536.000000,1008390539349529,1008390539400090
213,213,"Agent 1",1,43759,43759,32768,1,"gemm",512,131072,0,128,0,112,"SQ_VMEM_TA_CMD_FIFO_FULL",412717.000000,1008390539349529,1008390539400090
213,213,"Agent 1",1,43759,43759,32768,1,"gemm",512,131072,0,128,0,112,"TCC_WRITE_SECTORS",524288.000000,1008390539349529,1008390539400090
213,213,"Agent 1",1,43759,43759,32768,1,"gemm",512,131072,0,128,0,112,"TCP_TCP_TA_DATA_STALL_CYCLES",53483.000000,1008390539349529,1008390539400090
213,213,"Agent 1",1,43759,43759,32768,1,"gemm",512,131072,0,128,0,112,"TCP_TCP_TA_ADDR_STALL_CYCLES",128978.000000,1008390539349529,1008390539400090
214,214,"Agent 1",1,43759,43759,32768,1,"gemm",512,131072,0,128,0,112,"SQ_INSTS_VMEM_WR",65536.000000,1008390539500251,1008390539550811
214,214,"Agent 1",1,43759,43759,32768,1,"gemm",512,131072,0,128,0,112,"SQ_VMEM_TA_CMD_FIFO_FULL",396265.000000,1008390539500251,1008390539550811
214,214,"Agent 1",1,43759,43759,32768,1,"gemm",512,131072,0,128,0,112,"TCC_WRITE_SECTORS",524288.000000,1008390539500251,1008390539550811
214,214,"Agent 1",1,43759,43759,32768,1,"gemm",512,131072,0,128,0,112,"TCP_TCP_TA_DATA_STALL_CYCLES",54258.000000,1008390539500251,1008390539550811
214,214,"Agent 1",1,43759,43759,32768,1,"gemm",512,131072,0,128,0,112,"TCP_TCP_TA_ADDR_STALL_CYCLES",129648.000000,1008390539500251,1008390539550811
215,215,"Agent 1",1,43759,43759,32768,1,"gemm",512,131072,0,128,0,112,"SQ_INSTS_VMEM_WR",65536.000000,1008390539649972,1008390539700573
215,215,"Agent 1",1,43759,43759,32768,1,"gemm",512,131072,0,128,0,112,"SQ_VMEM_TA_CMD_FIFO_FULL",413725.000000,1008390539649972,1008390539700573
215,215,"Agent 1",1,43759,43759,32768,1,"gemm",512,131072,0,128,0,112,"TCC_WRITE_SECTORS",524288.000000,1008390539649972,1008390539700573
215,215,"Agent 1",1,43759,43759,32768,1,"gemm",512,131072,0,128,0,112,"TCP_TCP_TA_DATA_STALL_CYCLES",52831.000000,1008390539649972,1008390539700573
215,215,"Agent 1",1,43759,43759,32768,1,"gemm",512,131072,0,128,0,112,"TCP_TCP_TA_ADDR_STALL_CYCLES",131032.000000,1008390539649972,1008390539700573
216,216,"Agent 1",1,43759,43759,32768,1,"gemm",512,131072,0,128,0,112,"SQ_INSTS_VMEM_WR",65536.000000,1008390539803454,1008390539854414
216,216,"Agent 1",1,43759,43759,32768,1,"gemm",512,131072,0,128,0,112,"SQ_VMEM_TA_CMD_FIFO_FULL",417600.000000,1008390539803454,1008390539854414
216,216,"Agent 1",1,43759,43759,32768,1,"gemm",512,131072,0,128,0,112,"TCC_WRITE_SECTORS",524288.000000,1008390539803454,1008390539854414
216,216,"Agent 1",1,43759,43759,32768,1,"gemm",512,131072,0,128,0,112,"TCP_TCP_TA_DATA_STALL_CYCLES",54392.000000,1008390539803454,1008390539854414
216,216,"Agent 1",1,43759,43759,32768,1,"gemm",512,131072,0,128,0,112,"TCP_TCP_TA_ADDR_STALL_CYCLES",137831.000000,1008390539803454,1008390539854414
217,217,"Agent 1",1,43759,43759,32768,1,"gemm",512,131072,0,128,0,112,"SQ_INSTS_VMEM_WR",65536.000000,1008390539952335,1008390540003015
217,217,"Agent 1",1,43759,43759,32768,1,"gemm",512,131072,0,128,0,112,"SQ_VMEM_TA_CMD_FIFO_FULL",409966.000000,1008390539952335,1008390540003015
217,217,"Agent 1",1,43759,43759,32768,1,"gemm",512,131072,0,128,0,112,"TCC_WRITE_SECTORS",524288.000000,1008390539952335,1008390540003015
217,217,"Agent 1",1,43759,43759,32768,1,"gemm",512,131072,0,128,0,112,"TCP_TCP_TA_DATA_STALL_CYCLES",54124.000000,1008390539952335,1008390540003015
217,217,"Agent 1",1,43759,43759,32768,1,"gemm",512,131072,0,128,0,112,"TCP_TCP_TA_ADDR_STALL_CYCLES",132023.000000,1008390539952335,1008390540003015
218,218,"Agent 1",1,43759,43759,32768,1,"gemm",512,131072,0,128,0,112,"SQ_INSTS_VMEM_WR",65536.000000,1008390540097656,1008390540148217
218,218,"Agent 1",1,43759,43759,32768,1,"gemm",512,131072,0,128,0,112,"SQ_VMEM_TA_CMD_FIFO_FULL",403319.000000,1008390540097656,1008390540148217
218,218,"Agent 1",1,43759,43759,32768,1,"gemm",512,131072,0,128,0,112,"TCC_WRITE_SECTORS",524288.000000,1008390540097656,1008390540148217
218,218,"Agent 1",1,43759,43759,32768,1,"gemm",512,131072,0,128,0,112,"TCP_TCP_TA_DATA_STALL_CYCLES",52393.000000,1008390540097656,1008390540148217
218,218,"Agent 1",1,43759,43759,32768,1,"gemm",512,131072,0,128,0,112,"TCP_TCP_TA_ADDR_STALL_CYCLES",136733.000000,1008390540097656,1008390540148217
219,219,"Agent 1",1,43759,43759,32768,1,"gemm",512,131072,0,128,0,112,"SQ_INSTS_VMEM_WR",65536.000000,1008390540247742,1008390540298463
219,219,"Agent 1",1,43759,43759,32768,1,"gemm",512,131072,0,128,0,112,"SQ_VMEM_TA_CMD_FIFO_FULL",400847.000000,1008390540247742,1008390540298463
219,219,"Agent 1",1,43759,43759,32768,1,"gemm",512,131072,0,128,0,112,"TCC_WRITE_SECTORS",524288.000000,1008390540247742,1008390540298463
219,219,"Agent 1",1,43759,43759,32768,1,"gemm",512,131072,0,128,0,112,"TCP_TCP_TA_DATA_STALL_CYCLES",53687.000000,1008390540247742,1008390540298463
219,219,"Agent 1",1,43759,43759,32768,1,"gemm",512,131072,0,128,0,112,"TCP_TCP_TA_ADDR_STALL_CYCLES",131422.000000,1008390540247742,1008390540298463
220,220,"Agent 1",1,43759,43759,32768,1,"gemm",512,131072,0,128,0,112,"SQ_INSTS_VMEM_WR",65536.000000,1008390540401183,1008390540452143
220,220,"Agent 1",1,43759,43759,32768,1,"gemm",512,131072,0,128,0,112,"SQ_VMEM_TA_CMD_FIFO_FULL",400710.000000,1008390540401183,1008390540452143
220,220,"Agent 1",1,43759,43759,32768,1,"gemm",512,131072,0,128,0,112,"TCC_WRITE_SECTORS",524288.000000,1008390540401183,1008390540452143
220,220,"Agent 1",1,43759,43759,32768,1,"gemm",512,131072,0,128,0,112,"TCP_TCP_TA_DATA_STALL_CYCLES",53704.000000,1008390540401183,1008390540452143
220,220,"Agent 1",1,43759,43759,32768,1,"gemm",512,131072,0,128,0,112,"TCP_TCP_TA_ADDR_STALL_CYCLES",130250.000000,1008390540401183,1008390540452143
221,221,"Agent 1",1,43759,43759,32768,1,"gemm",512,131072,0,128,0,112,"SQ_INSTS_VMEM_WR",65536.000000,1008390540550864,1008390540601505
221,221,"Agent 1",1,43759,43759,32768,1,"gemm",512,131072,0,128,0,112,"SQ_VMEM_TA_CMD_FIFO_FULL",401066.000000,1008390540550864,1008390540601505
221,221,"Agent 1",1,43759,43759,32768,1,"gemm",512,131072,0,128,0,112,"TCC_WRITE_SECTORS",524288.000000,1008390540550864,1008390540601505
221,221,"Agent 1",1,43759,43759,32768,1,"gemm",512,131072,0,128,0,112,"TCP_TCP_TA_DATA_STALL_CYCLES",53995.000000,1008390540550864,1008390540601505
221,221,"Agent 1",1,43759,43759,32768,1,"gemm",512,131072,0,128,0,112,"TCP_TCP_TA_ADDR_STALL_CYCLES",133455.000000,1008390540550864,1008390540601505
222,222,"Agent 1",1,43759,43759,32768,1,"gemm",512,131072,0,128,0,112,"SQ_INSTS_VMEM_WR",65536.000000,1008390540703985,1008390540754426
222,222,"Agent 1",1,43759,43759,32768,1,"gemm",512,131072,0,128,0,112,"SQ_VMEM_TA_CMD_FIFO_FULL",404768.000000,1008390540703985,1008390540754426
222,222,"Agent 1",1,43759,43759,32768,1,"gemm",512,131072,0,128,0,112,"TCC_WRITE_SECTORS",524288.000000,1008390540703985,1008390540754426
222,222,"Agent 1",1,43759,43759,32768,1,"gemm",512,131072,0,128,0,112,"TCP_TCP_TA_DATA_STALL_CYCLES",53144.000000,1008390540703985,1008390540754426
222,222,"Agent 1",1,43759,43759,32768,1,"gemm",512,131072,0,128,0,112,"TCP_TCP_TA_ADDR_STALL_CYCLES",130069.000000,1008390540703985,1008390540754426
223,223,"Agent 1",1,43759,43759,32768,1,"gemm",512,131072,0,128,0,112,"SQ_INSTS_VMEM_WR",65536.000000,1008390540853787,1008390540904387
223,223,"Agent 1",1,43759,43759,32768,1,"gemm",512,131072,0,128,0,112,"SQ_VMEM_TA_CMD_FIFO_FULL",410286.000000,1008390540853787,1008390540904387
223,223,"Agent 1",1,43759,43759,32768,1,"gemm",512,131072,0,128,0,112,"TCC_WRITE_SECTORS",524288.000000,1008390540853787,1008390540904387
223,223,"Agent 1",1,43759,43759,32768,1,"gemm",512,131072,0,128,0,112,"TCP_TCP_TA_DATA_STALL_CYCLES",53056.000000,1008390540853787,1008390540904387
223,223,"Agent 1",1,43759,43759,32768,1,"gemm",512,131072,0,128,0,112,"TCP_TCP_TA_ADDR_STALL_CYCLES",129877.000000,1008390540853787,1008390540904387
224,224,"Agent 1",1,43759,43759,32768,1,"gemm",512,131072,0,128,0,112,"SQ_INSTS_VMEM_WR",65536.000000,1008390541000068,1008390541050829
224,224,"Agent 1",1,43759,43759,32768,1,"gemm",512,131072,0,128,0,112,"SQ_VMEM_TA_CMD_FIFO_FULL",413152.000000,1008390541000068,1008390541050829
224,224,"Agent 1",1,43759,43759,32768,1,"gemm",512,131072,0,128,0,112,"TCC_WRITE_SECTORS",524288.000000,1008390541000068,1008390541050829
224,224,"Agent 1",1,43759,43759,32768,1,"gemm",512,131072,0,128,0,112,"TCP_TCP_TA_DATA_STALL_CYCLES",54945.000000,1008390541000068,1008390541050829
224,224,"Agent 1",1,43759,43759,32768,1,"gemm",512,131072,0,128,0,112,"TCP_TCP_TA_ADDR_STALL_CYCLES",125111.000000,1008390541000068,1008390541050829
225,225,"Agent 1",1,43759,43759,32768,1,"gemm",512,131072,0,128,0,112,"SQ_INSTS_VMEM_WR",65536.000000,1008390541148189,1008390541198750
225,225,"Agent 1",1,43759,43759,32768,1,"gemm",512,131072,0,128,0,112,"SQ_VMEM_TA_CMD_FIFO_FULL",407445.000000,1008390541148189,1008390541198750
225,225,"Agent 1",1,43759,43759,32768,1,"gemm",512,131072,0,128,0,112,"TCC_WRITE_SECTORS",524288.000000,1008390541148189,1008390541198750
225,225,"Agent 1",1,43759,43759,32768,1,"gemm",512,131072,0,128,0,112,"TCP_TCP_TA_DATA_STALL_CYCLES",53144.000000,1008390541148189,1008390541198750
225,225,"Agent 1",1,43759,43759,32768,1,"gemm",512,131072,0,128,0,112,"TCP_TCP_TA_ADDR_STALL_CYCLES",127805.000000,1008390541148189,1008390541198750
226,226,"Agent 1",1,43759,43759,32768,1,"gemm",512,131072,0,128,0,112,"SQ_INSTS_VMEM_WR",65536.000000,1008390541300911,1008390541351391
226,226,"Agent 1",1,43759,43759,32768,1,"gemm",512,131072,0,128,0,112,"SQ_VMEM_TA_CMD_FIFO_FULL",395802.000000,1008390541300911,1008390541351391
226,226,"Agent 1",1,43759,43759,32768,1,"gemm",512,131072,0,128,0,112,"TCC_WRITE_SECTORS",524288.000000,1008390541300911,1008390541351391
226,226,"Agent 1",1,43759,43759,32768,1,"gemm",512,131072,0,128,0,112,"TCP_TCP_TA_DATA_STALL_CYCLES",53664.000000,1008390541300911,1008390541351391
226,226,"Agent 1",1,43759,43759,32768,1,"gemm",512,131072,0,128,0,112,"TCP_TCP_TA_ADDR_STALL_CYCLES",133567.000000,1008390541300911,1008390541351391
227,227,"Agent 1",1,43759,43759,32768,1,"gemm",512,131072,0,128,0,112,"SQ_INSTS_VMEM_WR",65536.000000,1008390541454672,1008390541505593
227,227,"Agent 1",1,43759,43759,32768,1,"gemm",512,131072,0,128,0,112,"SQ_VMEM_TA_CMD_FIFO_FULL",402209.000000,1008390541454672,1008390541505593
227,227,"Agent 1",1,43759,43759,32768,1,"gemm",512,131072,0,128,0,112,"TCC_WRITE_SECTORS",524288.000000,1008390541454672,1008390541505593
227,227,"Agent 1",1,43759,43759,32768,1,"gemm",512,131072,0,128,0,112,"TCP_TCP_TA_DATA_STALL_CYCLES",54757.000000,1008390541454672,1008390541505593
227,227,"Agent 1",1,43759,43759,32768,1,"gemm",512,131072,0,128,0,112,"TCP_TCP_TA_ADDR_STALL_CYCLES",131333.000000,1008390541454672,1008390541505593
228,228,"Agent 1",1,43759,43759,32768,1,"gemm",512,131072,0,128,0,112,"SQ_INSTS_VMEM_WR",65536.000000,1008390541600833,1008390541651754
228,228,"Agent 1",1,43759,43759,32768,1,"gemm",512,131072,0,128,0,112,"SQ_VMEM_TA_CMD_FIFO_FULL",413313.000000,1008390541600833,1008390541651754
228,228,"Agent 1",1,43759,43759,32768,1,"gemm",512,131072,0,128,0,112,"TCC_WRITE_SECTORS",524288.000000,1008390541600833,1008390541651754
228,228,"Agent 1",1,43759,43759,32768,1,"gemm",512,131072,0,128,0,112,"TCP_TCP_TA_DATA_STALL_CYCLES",53909.000000,1008390541600833,1008390541651754
228,228,"Agent 1",1,43759,43759,32768,1,"gemm",512,131072,0,128,0,112,"TCP_TCP_TA_ADDR_STALL_CYCLES",128775.000000,1008390541600833,1008390541651754
229,229,"Agent 1",1,43759,43759,32768,1,"gemm",512,131072,0,128,0,112,"SQ_INSTS_VMEM_WR",65536.000000,1008390541749515,1008390541800035
229,229,"Agent 1",1,43759,43759,32768,1,"gemm",512,131072,0,128,0,112,"SQ_VMEM_TA_CMD_FIFO_FULL",398307.000000,1008390541749515,1008390541800035
229,229,"Agent 1",1,43759,43759,32768,1,"gemm",512,131072,0,128,0,112,"TCC_WRITE_SECTORS",524288.000000,1008390541749515,1008390541800035
229,229,"Agent 1",1,43759,43759,32768,1,"gemm",512,131072,0,128,0,112,"TCP_TCP_TA_DATA_STALL_CYCLES",54712.000000,1008390541749515,1008390541800035
229,229,"Agent 1",1,43759,43759,32768,1,"gemm",512,131072,0,128,0,112,"TCP_TCP_TA_ADDR_STALL_CYCLES",127926.000000,1008390541749515,1008390541800035
230,230,"Agent 1",1,43759,43759,32768,1,"gemm",512,131072,0,128,0,112,"SQ_INSTS_VMEM_WR",65536.000000,1008390541894916,1008390541945397
230,230,"Agent 1",1,43759,43759,32768,1,"gemm",512,131072,0,128,0,112,"SQ_VMEM_TA_CMD_FIFO_FULL",406264.000000,1008390541894916,1008390541945397
230,230,"Agent 1",1,43759,43759,32768,1,"gemm",512,131072,0,128,0,112,"TCC_WRITE_SECTORS",524288.000000,1008390541894916,1008390541945397
230,230,"Agent 1",1,43759,43759,32768,1,"gemm",512,131072,0,128,0,112,"TCP_TCP_TA_DATA_STALL_CYCLES",52922.000000,1008390541894916,1008390541945397
230,230,"Agent 1",1,43759,43759,32768,1,"gemm",512,131072,0,128,0,112,"TCP_TCP_TA_ADDR_STALL_CYCLES",126969.000000,1008390541894916,1008390541945397
231,231,"Agent 1",1,43759,43759,32768,1,"gemm",512,131072,0,128,0,112,"SQ_INSTS_VMEM_WR",65536.000000,1008390542038837,1008390542089558
231,231,"Agent 1",1,43759,43759,32768,1,"gemm",512,131072,0,128,0,112,"SQ_VMEM_TA_CMD_FIFO_FULL",395664.000000,1008390542038837,1008390542089558
231,231,"Agent 1",1,43759,43759,32768,1,"gemm",512,131072,0,128,0,112,"TCC_WRITE_SECTORS",524288.000000,1008390542038837,1008390542089558
231,231,"Agent 1",1,43759,43759,32768,1,"gemm",512,131072,0,128,0,112,"TCP_TCP_TA_DATA_STALL_CYCLES",54035.000000,1008390542038837,1008390542089558
231,231,"Agent 1",1,43759,43759,32768,1,"gemm",512,131072,0,128,0,112,"TCP_TCP_TA_ADDR_STALL_CYCLES",128091.000000,1008390542038837,1008390542089558
232,232,"Agent 1",1,43759,43759,32768,1,"gemm",512,131072,0,128,0,112,"SQ_INSTS_VMEM_WR",65536.000000,1008390542182879,1008390542233919
232,232,"Agent 1",1,43759,43759,32768,1,"gemm",512,131072,0,128,0,112,"SQ_VMEM_TA_CMD_FIFO_FULL",419061.000000,1008390542182879,1008390542233919
232,232,"Agent 1",1,43759,43759,32768,1,"gemm",512,131072,0,128,0,112,"TCC_WRITE_SECTORS",524288.000000,1008390542182879,1008390542233919
232,232,"Agent 1",1,43759,43759,32768,1,"gemm",512,131072,0,128,0,112,"TCP_TCP_TA_DATA_STALL_CYCLES",54545.000000,1008390542182879,1008390542233919
232,232,"Agent 1",1,43759,43759,32768,1,"gemm",512,131072,0,128,0,112,"TCP_TCP_TA_ADDR_STALL_CYCLES",134544.000000,1008390542182879,1008390542233919
233,233,"Agent 1",1,43759,43759,32768,1,"gemm",512,131072,0,128,0,112,"SQ_INSTS_VMEM_WR",65536.000000,1008390542326240,1008390542376960
233,233,"Agent 1",1,43759,43759,32768,1,"gemm",512,131072,0,128,0,112,"SQ_VMEM_TA_CMD_FIFO_FULL",411927.000000,1008390542326240,1008390542376960
233,233,"Agent 1",1,43759,43759,32768,1,"gemm",512,131072,0,128,0,112,"TCC_WRITE_SECTORS",524288.000000,1008390542326240,1008390542376960
233,233,"Agent 1",1,43759,43759,32768,1,"gemm",512,131072,0,128,0,112,"TCP_TCP_TA_DATA_STALL_CYCLES",53907.000000,1008390542326240,1008390542376960
233,233,"Agent 1",1,43759,43759,32768,1,"gemm",512,131072,0,128,0,112,"TCP_TCP_TA_ADDR_STALL_CYCLES",128353.000000,1008390542326240,1008390542376960
234,234,"Agent 1",1,43759,43759,32768,1,"gemm",512,131072,0,128,0,112,"SQ_INSTS_VMEM_WR",65536.000000,1008390542476641,1008390542527082
234,234,"Agent 1",1,43759,43759,32768,1,"gemm",512,131072,0,128,0,112,"SQ_VMEM_TA_CMD_FIFO_FULL",415877.000000,1008390542476641,1008390542527082
234,234,"Agent 1",1,43759,43759,32768,1,"gemm",512,131072,0,128,0,112,"TCC_WRITE_SECTORS",524288.000000,1008390542476641,1008390542527082
234,234,"Agent 1",1,43759,43759,32768,1,"gemm",512,131072,0,128,0,112,"TCP_TCP_TA_DATA_STALL_CYCLES",53750.000000,1008390542476641,1008390542527082
234,234,"Agent 1",1,43759,43759,32768,1,"gemm",512,131072,0,128,0,112,"TCP_TCP_TA_ADDR_STALL_CYCLES",130958.000000,1008390542476641,1008390542527082
235,235,"Agent 1",1,43759,43759,32768,1,"gemm",512,131072,0,128,0,112,"SQ_INSTS_VMEM_WR",65536.000000,1008390542625163,1008390542675643
235,235,"Agent 1",1,43759,43759,32768,1,"gemm",512,131072,0,128,0,112,"SQ_VMEM_TA_CMD_FIFO_FULL",404892.000000,1008390542625163,1008390542675643
235,235,"Agent 1",1,43759,43759,32768,1,"gemm",512,131072,0,128,0,112,"TCC_WRITE_SECTORS",524288.000000,1008390542625163,1008390542675643
235,235,"Agent 1",1,43759,43759,32768,1,"gemm",512,131072,0,128,0,112,"TCP_TCP_TA_DATA_STALL_CYCLES",53074.000000,1008390542625163,1008390542675643
235,235,"Agent 1",1,43759,43759,32768,1,"gemm",512,131072,0,128,0,112,"TCP_TCP_TA_ADDR_STALL_CYCLES",130777.000000,1008390542625163,1008390542675643
236,236,"Agent 1",1,43759,43759,32768,1,"gemm",512,131072,0,128,0,112,"SQ_INSTS_VMEM_WR",65536.000000,1008390542777324,1008390542828285
236,236,"Agent 1",1,43759,43759,32768,1,"gemm",512,131072,0,128,0,112,"SQ_VMEM_TA_CMD_FIFO_FULL",409329.000000,1008390542777324,1008390542828285
236,236,"Agent 1",1,43759,43759,32768,1,"gemm",512,131072,0,128,0,112,"TCC_WRITE_SECTORS",524288.000000,1008390542777324,1008390542828285
236,236,"Agent 1",1,43759,43759,32768,1,"gemm",512,131072,0,128,0,112,"TCP_TCP_TA_DATA_STALL_CYCLES",55002.000000,1008390542777324,1008390542828285
236,236,"Agent 1",1,43759,43759,32768,1,"gemm",512,131072,0,128,0,112,"TCP_TCP_TA_ADDR_STALL_CYCLES",132743.000000,1008390542777324,1008390542828285
237,237,"Agent 1",1,43759,43759,32768,1,"gemm",512,131072,0,128,0,112,"SQ_INSTS_VMEM_WR",65536.000000,1008390542926045,1008390542976606
237,237,"Agent 1",1,43759,43759,32768,1,"gemm",512,131072,0,128,0,112,"SQ_VMEM_TA_CMD_FIFO_FULL",408479.000000,1008390542926045,1008390542976606
237,237,"Agent 1",1,43759,43759,32768,1,"gemm",512,131072,0,128,0,112,"TCC_WRITE_SECTORS",524288.000000,1008390542926045,1008390542976606
237,237,"Agent 1",1,43759,43759,32768,1,"gemm",512,131072,0,128,0,112,"TCP_TCP_TA_DATA_STALL_CYCLES",53763.000000,1008390542926045,1008390542976606
237,237,"Agent 1",1,43759,43759,32768,1,"gemm",512,131072,0,128,0,112,"TCP_TCP_TA_ADDR_STALL_CYCLES",131222.000000,1008390542926045,1008390542976606
238,238,"Agent 1",1,43759,43759,32768,1,"gemm",512,131072,0,128,0,112,"SQ_INSTS_VMEM_WR",65536.000000,1008390543075127,1008390543125607
238,238,"Agent 1",1,43759,43759,32768,1,"gemm",512,131072,0,128,0,112,"SQ_VMEM_TA_CMD_FIFO_FULL",395288.000000,1008390543075127,1008390543125607
238,238,"Agent 1",1,43759,43759,32768,1,"gemm",512,131072,0,128,0,112,"TCC_WRITE_SECTORS",524288.000000,1008390543075127,1008390543125607
238,238,"Agent 1",1,43759,43759,32768,1,"gemm",512,131072,0,128,0,112,"TCP_TCP_TA_DATA_STALL_CYCLES",53808.000000,1008390543075127,1008390543125607
238,238,"Agent 1",1,43759,43759,32768,1,"gemm",512,131072,0,128,0,112,"TCP_TCP_TA_ADDR_STALL_CYCLES",131080.000000,1008390543075127,1008390543125607
239,239,"Agent 1",1,43759,43759,32768,1,"gemm",512,131072,0,128,0,112,"SQ_INSTS_VMEM_WR",65536.000000,1008390543222768,1008390543273489
239,239,"Agent 1",1,43759,43759,32768,1,"gemm",512,131072,0,128,0,112,"SQ_VMEM_TA_CMD_FIFO_FULL",402598.000000,1008390543222768,1008390543273489
239,239,"Agent 1",1,43759,43759,32768,1,"gemm",512,131072,0,128,0,112,"TCC_WRITE_SECTORS",524288.000000,1008390543222768,1008390543273489
239,239,"Agent 1",1,43759,43759,32768,1,"gemm",512,131072,0,128,0,112,"TCP_TCP_TA_DATA_STALL_CYCLES",53204.000000,1008390543222768,1008390543273489
239,239,"Agent 1",1,43759,43759,32768,1,"gemm",512,131072,0,128,0,112,"TCP_TCP_TA_ADDR_STALL_CYCLES",130327.000000,1008390543222768,1008390543273489
240,240,"Agent 1",1,43759,43759,32768,1,"gemm",512,131072,0,128,0,112,"SQ_INSTS_VMEM_WR",65536.000000,1008390543369289,1008390543420210
240,240,"Agent 1",1,43759,43759,32768,1,"gemm",512,131072,0,128,0,112,"SQ_VMEM_TA_CMD_FIFO_FULL",380969.000000,1008390543369289,1008390543420210
240,240,"Agent 1",1,43759,43759,32768,1,"gemm",512,131072,0,128,0,112,"TCC_WRITE_SECTORS",524288.000000,1008390543369289,1008390543420210
240,240,"Agent 1",1,43759,43759,32768,1,"gemm",512,131072,0,128,0,112,"TCP_TCP_TA_DATA_STALL_CYCLES",53572.000000,1008390543369289,1008390543420210
240,240,"Agent 1",1,43759,43759,32768,1,"gemm",512,131072,0,128,0,112,"TCP_TCP_TA_ADDR_STALL_CYCLES",139791.000000,1008390543369289,1008390543420210
241,241,"Agent 1",1,43759,43759,32768,1,"gemm",512,131072,0,128,0,112,"SQ_INSTS_VMEM_WR",65536.000000,1008390543515491,1008390543565891
241,241,"Agent 1",1,43759,43759,32768,1,"gemm",512,131072,0,128,0,112,"SQ_VMEM_TA_CMD_FIFO_FULL",404502.000000,1008390543515491,1008390543565891
241,241,"Agent 1",1,43759,43759,32768,1,"gemm",512,131072,0,128,0,112,"TCC_WRITE_SECTORS",524288.000000,1008390543515491,1008390543565891
241,241,"Agent 1",1,43759,43759,32768,1,"gemm",512,131072,0,128,0,112,"TCP_TCP_TA_DATA_STALL_CYCLES",53464.000000,1008390543515491,1008390543565891
241,241,"Agent 1",1,43759,43759,32768,1,"gemm",512,131072,0,128,0,112,"TCP_TCP_TA_ADDR_STALL_CYCLES",127190.000000,1008390543515491,1008390543565891
242,242,"Agent 1",1,43759,43759,32768,1,"gemm",512,131072,0,128,0,112,"SQ_INSTS_VMEM_WR",65536.000000,1008390543664052,1008390543714692
242,242,"Agent 1",1,43759,43759,32768,1,"gemm",512,131072,0,128,0,112,"SQ_VMEM_TA_CMD_FIFO_FULL",399156.000000,1008390543664052,1008390543714692
242,242,"Agent 1",1,43759,43759,32768,1,"gemm",512,131072,0,128,0,112,"TCC_WRITE_SECTORS",524288.000000,1008390543664052,1008390543714692
242,242,"Agent 1",1,43759,43759,32768,1,"gemm",512,131072,0,128,0,112,"TCP_TCP_TA_DATA_STALL_CYCLES",54402.000000,1008390543664052,1008390543714692
242,242,"Agent 1",1,43759,43759,32768,1,"gemm",512,131072,0,128,0,112,"TCP_TCP_TA_ADDR_STALL_CYCLES",134048.000000,1008390543664052,1008390543714692
243,243,"Agent 1",1,43759,43759,32768,1,"gemm",512,131072,0,128,0,112,"SQ_INSTS_VMEM_WR",65536.000000,1008390543812573,1008390543863414
243,243,"Agent 1",1,43759,43759,32768,1,"gemm",512,131072,0,128,0,112,"SQ_VMEM_TA_CMD_FIFO_FULL",397812.000000,1008390543812573,1008390543863414
243,243,"Agent 1",1,43759,43759,32768,1,"gemm",512,131072,0,128,0,112,"TCC_WRITE_SECTORS",524288.000000,1008390543812573,1008390543863414
243,243,"Agent 1",1,43759,43759,32768,1,"gemm",512,131072,0,128,0,112,"TCP_TCP_TA_DATA_STALL_CYCLES",54042.000000,1008390543812573,1008390543863414
243,243,"Agent 1",1,43759,43759,32768,1,"gemm",512,131072,0,128,0,112,"TCP_TCP_TA_ADDR_STALL_CYCLES",129029.000000,1008390543812573,1008390543863414
244,244,"Agent 1",1,43759,43759,32768,1,"gemm",512,131072,0,128,0,112,"SQ_INSTS_VMEM_WR",65536.000000,1008390543958815,1008390544009455
244,244,"Agent 1",1,43759,43759,32768,1,"gemm",512,131072,0,128,0,112,"SQ_VMEM_TA_CMD_FIFO_FULL",409098.000000,1008390543958815,1008390544009455
244,244,"Agent 1",1,43759,43759,32768,1,"gemm",512,131072,0,128,0,112,"TCC_WRITE_SECTORS",524288.000000,1008390543958815,1008390544009455
244,244,"Agent 1",1,43759,43759,32768,1,"gemm",512,131072,0,128,0,112,"TCP_TCP_TA_DATA_STALL_CYCLES",53516.000000,1008390543958815,1008390544009455
244,244,"Agent 1",1,43759,43759,32768,1,"gemm",512,131072,0,128,0,112,"TCP_TCP_TA_ADDR_STALL_CYCLES",132743.000000,1008390543958815,1008390544009455
245,245,"Agent 1",1,43759,43759,32768,1,"gemm",512,131072,0,128,0,112,"SQ_INSTS_VMEM_WR",65536.000000,1008390544105536,1008390544156016
245,245,"Agent 1",1,43759,43759,32768,1,"gemm",512,131072,0,128,0,112,"SQ_VMEM_TA_CMD_FIFO_FULL",406424.000000,1008390544105536,1008390544156016
245,245,"Agent 1",1,43759,43759,32768,1,"gemm",512,131072,0,128,0,112,"TCC_WRITE_SECTORS",524288.000000,1008390544105536,1008390544156016
245,245,"Agent 1",1,43759,43759,32768,1,"gemm",512,131072,0,128,0,112,"TCP_TCP_TA_DATA_STALL_CYCLES",53746.000000,1008390544105536,1008390544156016
245,245,"Agent 1",1,43759,43759,32768,1,"gemm",512,131072,0,128,0,112,"TCP_TCP_TA_ADDR_STALL_CYCLES",129938.000000,1008390544105536,1008390544156016
246,246,"Agent 1",1,43759,43759,32768,1,"gemm",512,131072,0,128,0,112,"SQ_INSTS_VMEM_WR",65536.000000,1008390544250777,1008390544301378
246,246,"Agent 1",1,43759,43759,32768,1,"gemm",512,131072,0,128,0,112,"SQ_VMEM_TA_CMD_FIFO_FULL",409825.000000,1008390544250777,1008390544301378
246,246,"Agent 1",1,43759,43759,32768,1,"gemm",512,131072,0,128,0,112,"TCC_WRITE_SECTORS",524288.000000,1008390544250777,1008390544301378
246,246,"Agent 1",1,43759,43759,32768,1,"gemm",512,131072,0,128,0,112,"TCP_TCP_TA_DATA_STALL_CYCLES",52868.000000,1008390544250777,1008390544301378
246,246,"Agent 1",1,43759,43759,32768,1,"gemm",512,131072,0,128,0,112,"TCP_TCP_TA_ADDR_STALL_CYCLES",128388.000000,1008390544250777,1008390544301378
247,247,"Agent 1",1,43759,43759,32768,1,"gemm",512,131072,0,128,0,112,"SQ_INSTS_VMEM_WR",65536.000000,1008390544399219,1008390544450019
247,247,"Agent 1",1,43759,43759,32768,1,"gemm",512,131072,0,128,0,112,"SQ_VMEM_TA_CMD_FIFO_FULL",409170.000000,1008390544399219,1008390544450019
247,247,"Agent 1",1,43759,43759,32768,1,"gemm",512,131072,0,128,0,112,"TCC_WRITE_SECTORS",524288.000000,1008390544399219,1008390544450019
247,247,"Agent 1",1,43759,43759,32768,1,"gemm",512,131072,0,128,0,112,"TCP_TCP_TA_DATA_STALL_CYCLES",53120.000000,1008390544399219,1008390544450019
247,247,"Agent 1",1,43759,43759,32768,1,"gemm",512,131072,0,128,0,112,"TCP_TCP_TA_ADDR_STALL_CYCLES",124449.000000,1008390544399219,1008390544450019
248,248,"Agent 1",1,43759,43759,32768,1,"gemm",512,131072,0,128,0,112,"SQ_INSTS_VMEM_WR",65536.000000,1008390544542180,1008390544593100
248,248,"Agent 1",1,43759,43759,32768,1,"gemm",512,131072,0,128,0,112,"SQ_VMEM_TA_CMD_FIFO_FULL",400763.000000,1008390544542180,1008390544593100
248,248,"Agent 1",1,43759,43759,32768,1,"gemm",512,131072,0,128,0,112,"TCC_WRITE_SECTORS",524288.000000,1008390544542180,1008390544593100
248,248,"Agent 1",1,43759,43759,32768,1,"gemm",512,131072,0,128,0,112,"TCP_TCP_TA_DATA_STALL_CYCLES",54308.000000,1008390544542180,1008390544593100
248,248,"Agent 1",1,43759,43759,32768,1,"gemm",512,131072,0,128,0,112,"TCP_TCP_TA_ADDR_STALL_CYCLES",139482.000000,1008390544542180,1008390544593100
249,249,"Agent 1",1,43759,43759,32768,1,"gemm",512,131072,0,128,0,112,"SQ_INSTS_VMEM_WR",65536.000000,1008390544687901,1008390544738622
249,249,"Agent 1",1,43759,43759,32768,1,"gemm",512,131072,0,128,0,112,"SQ_VMEM_TA_CMD_FIFO_FULL",411716.000000,1008390544687901,1008390544738622
249,249,"Agent 1",1,43759,43759,32768,1,"gemm",512,131072,0,128,0,112,"TCC_WRITE_SECTORS",524288.000000,1008390544687901,1008390544738622
249,249,"Agent 1",1,43759,43759,32768,1,"gemm",512,131072,0,128,0,112,"TCP_TCP_TA_DATA_STALL_CYCLES",53649.000000,1008390544687901,1008390544738622
249,249,"Agent 1",1,43759,43759,32768,1,"gemm",512,131072,0,128,0,112,"TCP_TCP_TA_ADDR_STALL_CYCLES",129625.000000,1008390544687901,1008390544738622
250,250,"Agent 1",1,43759,43759,32768,1,"gemm",512,131072,0,128,0,112,"SQ_INSTS_VMEM_WR",65536.000000,1008390544834183,1008390544884783
250,250,"Agent 1",1,43759,43759,32768,1,"gemm",512,131072,0,128,0,112,"SQ_VMEM_TA_CMD_FIFO_FULL",404092.000000,1008390544834183,1008390544884783
250,250,"Agent 1",1,43759,43759,32768,1,"gemm",512,131072,0,128,0,112,"TCC_WRITE_SECTORS",524288.000000,1008390544834183,1008390544884783
250,250,"Agent 1",1,43759,43759,32768,1,"gemm",512,131072,0,128,0,112,"TCP_TCP_TA_DATA_STALL_CYCLES",53689.000000,1008390544834183,1008390544884783
250,250,"Agent 1",1,43759,43759,32768,1,"gemm",512,131072,0,128,0,112,"TCP_TCP_TA_ADDR_STALL_CYCLES",130727.000000,1008390544834183,1008390544884783
251,251,"Agent 1",1,43759,43759,32768,1,"gemm",512,131072,0,128,0,112,"SQ_INSTS_VMEM_WR",65536.000000,1008390544979144,1008390545030024
251,251,"Agent 1",1,43759,43759,32768,1,"gemm",512,131072,0,128,0,112,"SQ_VMEM_TA_CMD_FIFO_FULL",404098.000000,1008390544979144,1008390545030024
251,251,"Agent 1",1,43759,43759,32768,1,"gemm",512,131072,0,128,0,112,"TCC_WRITE_SECTORS",524288.000000,1008390544979144,1008390545030024
251,251,"Agent 1",1,43759,43759,32768,1,"gemm",512,131072,0,128,0,112,"TCP_TCP_TA_DATA_STALL_CYCLES",54162.000000,1008390544979144,1008390545030024
251,251,"Agent 1",1,43759,43759,32768,1,"gemm",512,131072,0,128,0,112,"TCP_TCP_TA_ADDR_STALL_CYCLES",136151.000000,1008390544979144,1008390545030024
252,252,"Agent 1",1,43759,43759,32768,1,"gemm",512,131072,0,128,0,112,"SQ_INSTS_VMEM_WR",65536.000000,1008390545123545,1008390545174546
252,252,"Agent 1",1,43759,43759,32768,1,"gemm",512,131072,0,128,0,112,"SQ_VMEM_TA_CMD_FIFO_FULL",416122.000000,1008390545123545,1008390545174546
252,252,"Agent 1",1,43759,43759,32768,1,"gemm",512,131072,0,128,0,112,"TCC_WRITE_SECTORS",524288.000000,1008390545123545,1008390545174546
252,252,"Agent 1",1,43759,43759,32768,1,"gemm",512,131072,0,128,0,112,"TCP_TCP_TA_DATA_STALL_CYCLES",53242.000000,1008390545123545,1008390545174546
252,252,"Agent 1",1,43759,43759,32768,1,"gemm",512,131072,0,128,0,112,"TCP_TCP_TA_ADDR_STALL_CYCLES",129621.000000,1008390545123545,1008390545174546
