"Correlation_Id","Dispatch_Id","Agent_Id","Queue_Id","Process_Id","Thread_Id","Grid_Size","Kernel_Id","Kernel_Name","Workgroup_Size","LDS_Block_Size","Scratch_Size","VGPR_Count","Accum_VGPR_Count","SGPR_Count","Counter_Name","Counter_Value","Start_Timestamp","End_Timestamp"
53,53,"Agent 1",1,43587,43587,2097152,1,"gemm",512,131072,0,128,0,112,"SQ_INSTS_VMEM_WR",524288.000000,1000818644809389,1000818645954800
53,53,"Agent 1",1,43587,43587,2097152,1,"gemm",512,131072,0,128,0,112,"SQ_VMEM_TA_CMD_FIFO_FULL",73745442.000000,1000818644809389,1000818645954800
53,53,"Agent 1",1,43587,43587,2097152,1,"gemm",512,131072,0,128,0,112,"TCC_WRITE_SECTORS",33554432.000000,1000818644809389,1000818645954800
53,53,"Agent 1",1,43587,43587,2097152,1,"gemm",512,131072,0,128,0,112,"TCP_TCP_TA_DATA_STALL_CYCLES",50473320.000000,1000818644809389,1000818645954800
53,53,"Agent 1",1,43587,43587,2097152,1,"gemm",512,131072,0,128,0,112,"TCP_TCP_TA_ADDR_STALL_CYCLES",81984184.000000,1000818644809389,1000818645954800
54,54,"Agent 1",1,43587,43587,2097152,1,"gemm",512,131072,0,128,0,112,"SQ_INSTS_VMEM_WR",524288.000000,1000818646060520,1000818647216570
54,54,"Agent 1",1,43587,43587,2097152,1,"gemm",512,131072,0,128,0,112,"SQ_VMEM_TA_CMD_FIFO_FULL",71551890.000000,1000818646060520,1000818647216570
54,54,"Agent 1",1,43587,43587,2097152,1,"gemm",512,131072,0,128,0,112,"TCC_WRITE_SECTORS",33554432.000000,1000818646060520,1000818647216570
54,54,"Agent 1",1,43587,43587,2097152,1,"gemm",512,131072,0,128,0,112,"TCP_TCP_TA_DATA_STALL_CYCLES",56663695.000000,1000818646060520,1000818647216570
54,54,"Agent 1",1,43587,43587,2097152,1,"gemm",512,131072,0,128,0,112,"TCP_TCP_TA_ADDR_STALL_CYCLES",85615197.000000,1000818646060520,1000818647216570
55,55,"Agent 1",1,43587,43587,2097152,1,"gemm",512,131072,0,128,0,112,"SQ_INSTS_VMEM_WR",524288.000000,1000818647312091,1000818648472062
55,55,"Agent 1",1,43587,43587,2097152,1,"gemm",512,131072,0,128,0,112,"SQ_VMEM_TA_CMD_FIFO_FULL",71492709.000000,1000818647312091,1000818648472062
55,55,"Agent 1",1,43587,43587,2097152,1,"gemm",512,131072,0,128,0,112,"TCC_WRITE_SECTORS",33554432.000000,1000818647312091,1000818648472062
55,55,"Agent 1",1,43587,43587,2097152,1,"gemm",512,131072,0,128,0,112,"TCP_TCP_TA_DATA_STALL_CYCLES",57949912.000000,1000818647312091,1000818648472062
55,55,"Agent 1",1,43587,43587,2097152,1,"gemm",512,131072,0,128,0,112,"TCP_TCP_TA_ADDR_STALL_CYCLES",87191756.000000,1000818647312091,1000818648472062
56,56,"Agent 1",1,43587,43587,2097152,1,"gemm",512,131072,0,128,0,112,"SQ_INSTS_VMEM_WR",524288.000000,1000818648566103,1000818649722754
56,56,"Agent 1",1,43587,43587,2097152,1,"gemm",512,131072,0,128,0,112,"SQ_VMEM_TA_CMD_FIFO_FULL",73152168.000000,1000818648566103,1000818649722754
56,56,"Agent 1",1,43587,43587,2097152,1,"gemm",512,131072,0,128,0,112,"TCC_WRITE_SECTORS",33554432.000000,1000818648566103,1000818649722754
56,56,"Agent 1",1,43587,43587,2097152,1,"gemm",512,131072,0,128,0,112,"TCP_TCP_TA_DATA_STALL_CYCLES",57089486.000000,1000818648566103,1000818649722754
56,56,"Agent 1",1,43587,43587,2097152,1,"gemm",512,131072,0,128,0,112,"TCP_TCP_TA_ADDR_STALL_CYCLES",86952498.000000,1000818648566103,1000818649722754
57,57,"Agent 1",1,43587,43587,2097152,1,"gemm",512,131072,0,128,0,112,"SQ_INSTS_VMEM_WR",524288.000000,1000818649825274,1000818650988445
57,57,"Agent 1",1,43587,43587,2097152,1,"gemm",512,131072,0,128,0,112,"SQ_VMEM_TA_CMD_FIFO_FULL",74113192.000000,1000818649825274,1000818650988445
57,57,"Agent 1",1,43587,43587,2097152,1,"gemm",512,131072,0,128,0,112,"TCC_WRITE_SECTORS",33554432.000000,1000818649825274,1000818650988445
57,57,"Agent 1",1,43587,43587,2097152,1,"gemm",512,131072,0,128,0,112,"TCP_TCP_TA_DATA_STALL_CYCLES",59104282.000000,1000818649825274,1000818650988445
57,57,"Agent 1",1,43587,43587,2097152,1,"gemm",512,131072,0,128,0,112,"TCP_TCP_TA_ADDR_STALL_CYCLES",88817643.000000,1000818649825274,1000818650988445
58,58,"Agent 1",1,43587,43587,2097152,1,"gemm",512,131072,0,128,0,112,"SQ_INSTS_VMEM_WR",524288.000000,1000818651086686,1000818652240017
58,58,"Agent 1",1,43587,43587,2097152,1,"gemm",512,131072,0,128,0,112,"SQ_VMEM_TA_CMD_FIFO_FULL",70946019.000000,1000818651086686,1000818652240017
58,58,"Agent 1",1,43587,43587,2097152,1,"gemm",512,131072,0,128,0,112,"TCC_WRITE_SECTORS",33554432.000000,1000818651086686,1000818652240017
58,58,"Agent 1",1,43587,43587,2097152,1,"gemm",512,131072,0,128,0,112,"TCP_TCP_TA_DATA_STALL_CYCLES",56210201.000000,1000818651086686,1000818652240017
58,58,"Agent 1",1,43587,43587,2097152,1,"gemm",512,131072,0,128,0,112,"TCP_TCP_TA_ADDR_STALL_CYCLES",84846361.000000,1000818651086686,1000818652240017
59,59,"Agent 1",1,43587,43587,2097152,1,"gemm",512,131072,0,128,0,112,"SQ_INSTS_VMEM_WR",524288.000000,1000818652339938,1000818653498908
59,59,"Agent 1",1,43587,43587,2097152,1,"gemm",512,131072,0,128,0,112,"SQ_VMEM_TA_CMD_FIFO_FULL",72186685.000000,1000818652339938,1000818653498908
59,59,"Agent 1",1,43587,43587,2097152,1,"gemm",512,131072,0,128,0,112,"TCC_WRITE_SECTORS",33554432.000000,1000818652339938,1000818653498908
59,59,"Agent 1",1,43587,43587,2097152,1,"gemm",512,131072,0,128,0,112,"TCP_TCP_TA_DATA_STALL_CYCLES",57858110.000000,1000818652339938,1000818653498908
59,59,"Agent 1",1,43587,43587,2097152,1,"gemm",512,131072,0,128,0,112,"TCP_TCP_TA_ADDR_STALL_CYCLES",87204853.000000,1000818652339938,1000818653498908
60,60,"Agent 1",1,43587,43587,2097152,1,"gemm",512,131072,0,128,0,112,"SQ_INSTS_VMEM_WR",524288.000000,1000818653598309,1000818654758040
60,60,"Agent 1",1,43587,43587,2097152,1,"gemm",512,131072,0,128,0,112,"SQ_VMEM_TA_CMD_FIFO_FULL",73684011.000000,1000818653598309,1000818654758040
60,60,"Agent 1",1,43587,43587,2097152,1,"gemm",512,131072,0,128,0,112,"TCC_WRITE_SECTORS",33554432.000000,1000818653598309,1000818654758040
60,60,"Agent 1",1,43587,43587,2097152,1,"gemm",512,131072,0,128,0,112,"TCP_TCP_TA_DATA_STALL_CYCLES",57399934.000000,1000818653598309,1000818654758040
60,60,"Agent 1",1,43587,43587,2097152,1,"gemm",512,131072,0,128,0,112,"TCP_TCP_TA_ADDR_STALL_CYCLES",87619511.000000,1000818653598309,1000818654758040
61,61,"Agent 1",1,43587,43587,2097152,1,"gemm",512,131072,0,128,0,112,"SQ_INSTS_VMEM_WR",524288.000000,1000818654858521,1000818656015972
61,61,"Agent 1",1,43587,43587,2097152,1,"gemm",512,131072,0,128,0,112,"SQ_VMEM_TA_CMD_FIFO_FULL",72007764.000000,1000818654858521,1000818656015972
61,61,"Agent 1",1,43587,43587,2097152,1,"gemm",512,131072,0,128,0,112,"TCC_WRITE_SECTORS",33554432.000000,1000818654858521,1000818656015972
61,61,"Agent 1",1,43587,43587,2097152,1,"gemm",512,131072,0,128,0,112,"TCP_TCP_TA_DATA_STALL_CYCLES",56795916.000000,1000818654858521,1000818656015972
61,61,"Agent 1",1,43587,43587,2097152,1,"gemm",512,131072,0,128,0,112,"TCP_TCP_TA_ADDR_STALL_CYCLES",86020197.000000,1000818654858521,1000818656015972
62,62,"Agent 1",1,43587,43587,2097152,1,"gemm",512,131072,0,128,0,112,"SQ_INSTS_VMEM_WR",524288.000000,1000818656120972,1000818657282863
62,62,"Agent 1",1,43587,43587,2097152,1,"gemm",512,131072,0,128,0,112,"SQ_VMEM_TA_CMD_FIFO_FULL",74042734.000000,1000818656120972,1000818657282863
62,62,"Agent 1",1,43587,43587,2097152,1,"gemm",512,131072,0,128,0,112,"TCC_WRITE_SECTORS",33554432.000000,1000818656120972,1000818657282863
62,62,"Agent 1",1,43587,43587,2097152,1,"gemm",512,131072,0,128,0,112,"TCP_TCP_TA_DATA_STALL_CYCLES",56749570.000000,1000818656120972,1000818657282863
62,62,"Agent 1",1,43587,43587,2097152,1,"gemm",512,131072,0,128,0,112,"TCP_TCP_TA_ADDR_STALL_CYCLES",87099393.000000,1000818656120972,1000818657282863
63,63,"Agent 1",1,43587,43587,2097152,1,"gemm",512,131072,0,128,0,112,"SQ_INSTS_VMEM_WR",524288.000000,1000818657384664,1000818658541115
63,63,"Agent 1",1,43587,43587,2097152,1,"gemm",512,131072,0,128,0,112,"SQ_VMEM_TA_CMD_FIFO_FULL",73726280.000000,1000818657384664,1000818658541115
63,63,"Agent 1",1,43587,43587,2097152,1,"gemm",512,131072,0,128,0,112,"TCC_WRITE_SECTORS",33554432.000000,1000818657384664,1000818658541115
63,63,"Agent 1",1,43587,43587,2097152,1,"gemm",512,131072,0,128,0,112,"TCP_TCP_TA_DATA_STALL_CYCLES",56482531.000000,1000818657384664,1000818658541115
63,63,"Agent 1",1,43587,43587,2097152,1,"gemm",512,131072,0,128,0,112,"TCP_TCP_TA_ADDR_STALL_CYCLES",86059541.000000,1000818657384664,1000818658541115
64,64,"Agent 1",1,43587,43587,2097152,1,"gemm",512,131072,0,128,0,112,"SQ_INSTS_VMEM_WR",524288.000000,1000818658653596,1000818659810766
64,64,"Agent 1",1,43587,43587,2097152,1,"gemm",512,131072,0,128,0,112,"SQ_VMEM_TA_CMD_FIFO_FULL",72991007.000000,1000818658653596,1000818659810766
64,64,"Agent 1",1,43587,43587,2097152,1,"gemm",512,131072,0,128,0,112,"TCC_WRITE_SECTORS",33554432.000000,1000818658653596,1000818659810766
64,64,"Agent 1",1,43587,43587,2097152,1,"gemm",512,131072,0,128,0,112,"TCP_TCP_TA_DATA_STALL_CYCLES",57669046.000000,1000818658653596,1000818659810766
64,64,"Agent 1",1,43587,43587,2097152,1,"gemm",512,131072,0,128,0,112,"TCP_TCP_TA_ADDR_STALL_CYCLES",86975057.000000,1000818658653596,1000818659810766
65,65,"Agent 1",1,43587,43587,2097152,1,"gemm",512,131072,0,128,0,112,"SQ_INSTS_VMEM_WR",524288.000000,1000818659923008,1000818661079338
65,65,"Agent 1",1,43587,43587,2097152,1,"gemm",512,131072,0,128,0,112,"SQ_VMEM_TA_CMD_FIFO_FULL",72922119.000000,1000818659923008,1000818661079338
65,65,"Agent 1",1,43587,43587,2097152,1,"gemm",512,131072,0,128,0,112,"TCC_WRITE_SECTORS",33554432.000000,1000818659923008,1000818661079338
65,65,"Agent 1",1,43587,43587,2097152,1,"gemm",512,131072,0,128,0,112,"TCP_TCP_TA_DATA_STALL_CYCLES",56789897.000000,1000818659923008,1000818661079338
65,65,"Agent 1",1,43587,43587,2097152,1,"gemm",512,131072,0,128,0,112,"TCP_TCP_TA_ADDR_STALL_CYCLES",86044726.000000,1000818659923008,1000818661079338
66,66,"Agent 1",1,43587,43587,2097152,1,"gemm",512,131072,0,128,0,112,"SQ_INSTS_VMEM_WR",524288.000000,1000818661193899,1000818662355830
66,66,"Agent 1",1,43587,43587,2097152,1,"gemm",512,131072,0,128,0,112,"SQ_VMEM_TA_CMD_FIFO_FULL",73788224.000000,1000818661193899,1000818662355830
66,66,"Agent 1",1,43587,43587,2097152,1,"gemm",512,131072,0,128,0,112,"TCC_WRITE_SECTORS",33554432.000000,1000818661193899,1000818662355830
66,66,"Agent 1",1,43587,43587,2097152,1,"gemm",512,131072,0,128,0,112,"TCP_TCP_TA_DATA_STALL_CYCLES",58684196.000000,1000818661193899,1000818662355830
66,66,"Agent 1",1,43587,43587,2097152,1,"gemm",512,131072,0,128,0,112,"TCP_TCP_TA_ADDR_STALL_CYCLES",89084499.000000,1000818661193899,1000818662355830
67,67,"Agent 1",1,43587,43587,2097152,1,"gemm",512,131072,0,128,0,112,"SQ_INSTS_VMEM_WR",524288.000000,1000818662463311,1000818663624962
67,67,"Agent 1",1,43587,43587,2097152,1,"gemm",512,131072,0,128,0,112,"SQ_VMEM_TA_CMD_FIFO_FULL",73971250.000000,1000818662463311,1000818663624962
67,67,"Agent 1",1,43587,43587,2097152,1,"gemm",512,131072,0,128,0,112,"TCC_WRITE_SECTORS",33554432.000000,1000818662463311,1000818663624962
67,67,"Agent 1",1,43587,43587,2097152,1,"gemm",512,131072,0,128,0,112,"TCP_TCP_TA_DATA_STALL_CYCLES",57283093.000000,1000818662463311,1000818663624962
67,67,"Agent 1",1,43587,43587,2097152,1,"gemm",512,131072,0,128,0,112,"TCP_TCP_TA_ADDR_STALL_CYCLES",86830340.000000,1000818662463311,1000818663624962
68,68,"Agent 1",1,43587,43587,2097152,1,"gemm",512,131072,0,128,0,112,"SQ_INSTS_VMEM_WR",524288.000000,1000818663734443,1000818664891413
68,68,"Agent 1",1,43587,43587,2097152,1,"gemm",512,131072,0,128,0,112,"SQ_VMEM_TA_CMD_FIFO_FULL",73319351.000000,1000818663734443,1000818664891413
68,68,"Agent 1",1,43587,43587,2097152,1,"gemm",512,131072,0,128,0,112,"TCC_WRITE_SECTORS",33554432.000000,1000818663734443,1000818664891413
68,68,"Agent 1",1,43587,43587,2097152,1,"gemm",512,131072,0,128,0,112,"TCP_TCP_TA_DATA_STALL_CYCLES",58261142.000000,1000818663734443,1000818664891413
68,68,"Agent 1",1,43587,43587,2097152,1,"gemm",512,131072,0,128,0,112,"TCP_TCP_TA_ADDR_STALL_CYCLES",87937150.000000,1000818663734443,1000818664891413
69,69,"Agent 1",1,43587,43587,2097152,1,"gemm",512,131072,0,128,0,112,"SQ_INSTS_VMEM_WR",524288.000000,1000818665007454,1000818666171665
69,69,"Agent 1",1,43587,43587,2097152,1,"gemm",512,131072,0,128,0,112,"SQ_VMEM_TA_CMD_FIFO_FULL",75751555.000000,1000818665007454,1000818666171665
69,69,"Agent 1",1,43587,43587,2097152,1,"gemm",512,131072,0,128,0,112,"TCC_WRITE_SECTORS",33554432.000000,1000818665007454,1000818666171665
69,69,"Agent 1",1,43587,43587,2097152,1,"gemm",512,131072,0,128,0,112,"TCP_TCP_TA_DATA_STALL_CYCLES",57591427.000000,1000818665007454,1000818666171665
69,69,"Agent 1",1,43587,43587,2097152,1,"gemm",512,131072,0,128,0,112,"TCP_TCP_TA_ADDR_STALL_CYCLES",88398039.000000,1000818665007454,1000818666171665
70,70,"Agent 1",1,43587,43587,2097152,1,"gemm",512,131072,0,128,0,112,"SQ_INSTS_VMEM_WR",524288.000000,1000818666287146,1000818667445557
70,70,"Agent 1",1,43587,43587,2097152,1,"gemm",512,131072,0,128,0,112,"SQ_VMEM_TA_CMD_FIFO_FULL",72901220.000000,1000818666287146,1000818667445557
70,70,"Agent 1",1,43587,43587,2097152,1,"gemm",512,131072,0,128,0,112,"TCC_WRITE_SECTORS",33554432.000000,1000818666287146,1000818667445557
70,70,"Agent 1",1,43587,43587,2097152,1,"gemm",512,131072,0,128,0,112,"TCP_TCP_TA_DATA_STALL_CYCLES",56147286.000000,1000818666287146,1000818667445557
70,70,"Agent 1",1,43587,43587,2097152,1,"gemm",512,131072,0,128,0,112,"TCP_TCP_TA_ADDR_STALL_CYCLES",85332827.000000,1000818666287146,1000818667445557
71,71,"Agent 1",1,43587,43587,2097152,1,"gemm",512,131072,0,128,0,112,"SQ_INSTS_VMEM_WR",524288.000000,1000818667568398,1000818668725009
71,71,"Agent 1",1,43587,43587,2097152,1,"gemm",512,131072,0,128,0,112,"SQ_VMEM_TA_CMD_FIFO_FULL",72581806.000000,1000818667568398,1000818668725009
71,71,"Agent 1",1,43587,43587,2097152,1,"gemm",512,131072,0,128,0,112,"TCC_WRITE_SECTORS",33554432.000000,1000818667568398,1000818668725009
71,71,"Agent 1",1,43587,43587,2097152,1,"gemm",512,131072,0,128,0,112,"TCP_TCP_TA_DATA_STALL_CYCLES",55730679.000000,1000818667568398,1000818668725009
71,71,"Agent 1",1,43587,43587,2097152,1,"gemm",512,131072,0,128,0,112,"TCP_TCP_TA_ADDR_STALL_CYCLES",85136740.000000,1000818667568398,1000818668725009
72,72,"Agent 1",1,43587,43587,2097152,1,"gemm",512,131072,0,128,0,112,"SQ_INSTS_VMEM_WR",524288.000000,1000818668834610,1000818669998220
72,72,"Agent 1",1,43587,43587,2097152,1,"gemm",512,131072,0,128,0,112,"SQ_VMEM_TA_CMD_FIFO_FULL",74059625.000000,1000818668834610,1000818669998220
72,72,"Agent 1",1,43587,43587,2097152,1,"gemm",512,131072,0,128,0,112,"TCC_WRITE_SECTORS",33554432.000000,1000818668834610,1000818669998220
72,72,"Agent 1",1,43587,43587,2097152,1,"gemm",512,131072,0,128,0,112,"TCP_TCP_TA_DATA_STALL_CYCLES",58335579.000000,1000818668834610,1000818669998220
72,72,"Agent 1",1,43587,43587,2097152,1,"gemm",512,131072,0,128,0,112,"TCP_TCP_TA_ADDR_STALL_CYCLES",88999979.000000,1000818668834610,1000818669998220
73,73,"Agent 1",1,43587,43587,2097152,1,"gemm",512,131072,0,128,0,112,"SQ_INSTS_VMEM_WR",524288.000000,1000818670110741,1000818671263712
73,73,"Agent 1",1,43587,43587,2097152,1,"gemm",512,131072,0,128,0,112,"SQ_VMEM_TA_CMD_FIFO_FULL",71736272.000000,1000818670110741,1000818671263712
73,73,"Agent 1",1,43587,43587,2097152,1,"gemm",512,131072,0,128,0,112,"TCC_WRITE_SECTORS",33554432.000000,1000818670110741,1000818671263712
73,73,"Agent 1",1,43587,43587,2097152,1,"gemm",512,131072,0,128,0,112,"TCP_TCP_TA_DATA_STALL_CYCLES",55856631.000000,1000818670110741,1000818671263712
73,73,"Agent 1",1,43587,43587,2097152,1,"gemm",512,131072,0,128,0,112,"TCP_TCP_TA_ADDR_STALL_CYCLES",84056482.000000,1000818670110741,1000818671263712
74,74,"Agent 1",1,43587,43587,2097152,1,"gemm",512,131072,0,128,0,112,"SQ_INSTS_VMEM_WR",524288.000000,1000818671381593,1000818672539244
74,74,"Agent 1",1,43587,43587,2097152,1,"gemm",512,131072,0,128,0,112,"SQ_VMEM_TA_CMD_FIFO_FULL",71521859.000000,1000818671381593,1000818672539244
74,74,"Agent 1",1,43587,43587,2097152,1,"gemm",512,131072,0,128,0,112,"TCC_WRITE_SECTORS",33554432.000000,1000818671381593,1000818672539244
74,74,"Agent 1",1,43587,43587,2097152,1,"gemm",512,131072,0,128,0,112,"TCP_TCP_TA_DATA_STALL_CYCLES",56447561.000000,1000818671381593,1000818672539244
74,74,"Agent 1",1,43587,43587,2097152,1,"gemm",512,131072,0,128,0,112,"TCP_TCP_TA_ADDR_STALL_CYCLES",84976700.000000,1000818671381593,1000818672539244
75,75,"Agent 1",1,43587,43587,2097152,1,"gemm",512,131072,0,128,0,112,"SQ_INSTS_VMEM_WR",524288.000000,1000818672668445,1000818673820416
75,75,"Agent 1",1,43587,43587,2097152,1,"gemm",512,131072,0,128,0,112,"SQ_VMEM_TA_CMD_FIFO_FULL",71689818.000000,1000818672668445,1000818673820416
75,75,"Agent 1",1,43587,43587,2097152,1,"gemm",512,131072,0,128,0,112,"TCC_WRITE_SECTORS",33554432.000000,1000818672668445,1000818673820416
75,75,"Agent 1",1,43587,43587,2097152,1,"gemm",512,131072,0,128,0,112,"TCP_TCP_TA_DATA_STALL_CYCLES",56370921.000000,1000818672668445,1000818673820416
75,75,"Agent 1",1,43587,43587,2097152,1,"gemm",512,131072,0,128,0,112,"TCP_TCP_TA_ADDR_STALL_CYCLES",85321281.000000,1000818672668445,1000818673820416
76,76,"Agent 1",1,43587,43587,2097152,1,"gemm",512,131072,0,128,0,112,"SQ_INSTS_VMEM_WR",524288.000000,1000818673943777,1000818675104947
76,76,"Agent 1",1,43587,43587,2097152,1,"gemm",512,131072,0,128,0,112,"SQ_VMEM_TA_CMD_FIFO_FULL",75574901.000000,1000818673943777,1000818675104947
76,76,"Agent 1",1,43587,43587,2097152,1,"gemm",512,131072,0,128,0,112,"TCC_WRITE_SECTORS",33554432.000000,1000818673943777,1000818675104947
76,76,"Agent 1",1,43587,43587,2097152,1,"gemm",512,131072,0,128,0,112,"TCP_TCP_TA_DATA_STALL_CYCLES",58390356.000000,1000818673943777,1000818675104947
76,76,"Agent 1",1,43587,43587,2097152,1,"gemm",512,131072,0,128,0,112,"TCP_TCP_TA_ADDR_STALL_CYCLES",90027683.000000,1000818673943777,1000818675104947
77,77,"Agent 1",1,43587,43587,2097152,1,"gemm",512,131072,0,128,0,112,"SQ_INSTS_VMEM_WR",524288.000000,1000818675236789,1000818676394079
77,77,"Agent 1",1,43587,43587,2097152,1,"gemm",512,131072,0,128,0,112,"SQ_VMEM_TA_CMD_FIFO_FULL",72909380.000000,1000818675236789,1000818676394079
77,77,"Agent 1",1,43587,43587,2097152,1,"gemm",512,131072,0,128,0,112,"TCC_WRITE_SECTORS",33554432.000000,1000818675236789,1000818676394079
77,77,"Agent 1",1,43587,43587,2097152,1,"gemm",512,131072,0,128,0,112,"TCP_TCP_TA_DATA_STALL_CYCLES",57008668.000000,1000818675236789,1000818676394079
77,77,"Agent 1",1,43587,43587,2097152,1,"gemm",512,131072,0,128,0,112,"TCP_TCP_TA_ADDR_STALL_CYCLES",85731642.000000,1000818675236789,1000818676394079
78,78,"Agent 1",1,43587,43587,2097152,1,"gemm",512,131072,0,128,0,112,"SQ_INSTS_VMEM_WR",524288.000000,1000818676516600,1000818677675131
78,78,"Agent 1",1,43587,43587,2097152,1,"gemm",512,131072,0,128,0,112,"SQ_VMEM_TA_CMD_FIFO_FULL",74764952.000000,1000818676516600,1000818677675131
78,78,"Agent 1",1,43587,43587,2097152,1,"gemm",512,131072,0,128,0,112,"TCC_WRITE_SECTORS",33554432.000000,1000818676516600,1000818677675131
78,78,"Agent 1",1,43587,43587,2097152,1,"gemm",512,131072,0,128,0,112,"TCP_TCP_TA_DATA_STALL_CYCLES",57577719.000000,1000818676516600,1000818677675131
78,78,"Agent 1",1,43587,43587,2097152,1,"gemm",512,131072,0,128,0,112,"TCP_TCP_TA_ADDR_STALL_CYCLES",87468274.000000,1000818676516600,1000818677675131
79,79,"Agent 1",1,43587,43587,2097152,1,"gemm",512,131072,0,128,0,112,"SQ_INSTS_VMEM_WR",524288.000000,1000818677797532,1000818678952663
79,79,"Agent 1",1,43587,43587,2097152,1,"gemm",512,131072,0,128,0,112,"SQ_VMEM_TA_CMD_FIFO_FULL",74034811.000000,1000818677797532,1000818678952663
79,79,"Agent 1",1,43587,43587,2097152,1,"gemm",512,131072,0,128,0,112,"TCC_WRITE_SECTORS",33554432.000000,1000818677797532,1000818678952663
79,79,"Agent 1",1,43587,43587,2097152,1,"gemm",512,131072,0,128,0,112,"TCP_TCP_TA_DATA_STALL_CYCLES",56538986.000000,1000818677797532,1000818678952663
79,79,"Agent 1",1,43587,43587,2097152,1,"gemm",512,131072,0,128,0,112,"TCP_TCP_TA_ADDR_STALL_CYCLES",86081830.000000,1000818677797532,1000818678952663
80,80,"Agent 1",1,43587,43587,2097152,1,"gemm",512,131072,0,128,0,112,"SQ_INSTS_VMEM_WR",524288.000000,1000818679079624,1000818680235555
80,80,"Agent 1",1,43587,43587,2097152,1,"gemm",512,131072,0,128,0,112,"SQ_VMEM_TA_CMD_FIFO_FULL",74411535.000000,1000818679079624,1000818680235555
80,80,"Agent 1",1,43587,43587,2097152,1,"gemm",512,131072,0,128,0,112,"TCC_WRITE_SECTORS",33554432.000000,1000818679079624,1000818680235555
80,80,"Agent 1",1,43587,43587,2097152,1,"gemm",512,131072,0,128,0,112,"TCP_TCP_TA_DATA_STALL_CYCLES",55907089.000000,1000818679079624,1000818680235555
80,80,"Agent 1",1,43587,43587,2097152,1,"gemm",512,131072,0,128,0,112,"TCP_TCP_TA_ADDR_STALL_CYCLES",85598814.000000,1000818679079624,1000818680235555
81,81,"Agent 1",1,43587,43587,2097152,1,"gemm",512,131072,0,128,0,112,"SQ_INSTS_VMEM_WR",524288.000000,1000818680357396,1000818681518847
81,81,"Agent 1",1,43587,43587,2097152,1,"gemm",512,131072,0,128,0,112,"SQ_VMEM_TA_CMD_FIFO_FULL",75383959.000000,1000818680357396,1000818681518847
81,81,"Agent 1",1,43587,43587,2097152,1,"gemm",512,131072,0,128,0,112,"TCC_WRITE_SECTORS",33554432.000000,1000818680357396,1000818681518847
81,81,"Agent 1",1,43587,43587,2097152,1,"gemm",512,131072,0,128,0,112,"TCP_TCP_TA_DATA_STALL_CYCLES",55636994.000000,1000818680357396,1000818681518847
81,81,"Agent 1",1,43587,43587,2097152,1,"gemm",512,131072,0,128,0,112,"TCP_TCP_TA_ADDR_STALL_CYCLES",86773086.000000,1000818680357396,1000818681518847
82,82,"Agent 1",1,43587,43587,2097152,1,"gemm",512,131072,0,128,0,112,"SQ_INSTS_VMEM_WR",524288.000000,1000818681644248,1000818682797538
82,82,"Agent 1",1,43587,43587,2097152,1,"gemm",512,131072,0,128,0,112,"SQ_VMEM_TA_CMD_FIFO_FULL",72200304.000000,1000818681644248,1000818682797538
82,82,"Agent 1",1,43587,43587,2097152,1,"gemm",512,131072,0,128,0,112,"TCC_WRITE_SECTORS",33554432.000000,1000818681644248,1000818682797538
82,82,"Agent 1",1,43587,43587,2097152,1,"gemm",512,131072,0,128,0,112,"TCP_TCP_TA_DATA_STALL_CYCLES",56625198.000000,1000818681644248,1000818682797538
82,82,"Agent 1",1,43587,43587,2097152,1,"gemm",512,131072,0,128,0,112,"TCP_TCP_TA_ADDR_STALL_CYCLES",85556522.000000,1000818681644248,1000818682797538
83,83,"Agent 1",1,43587,43587,2097152,1,"gemm",512,131072,0,128,0,112,"SQ_INSTS_VMEM_WR",524288.000000,1000818682923339,1000818684080790
83,83,"Agent 1",1,43587,43587,2097152,1,"gemm",512,131072,0,128,0,112,"SQ_VMEM_TA_CMD_FIFO_FULL",72803619.000000,1000818682923339,1000818684080790
83,83,"Agent 1",1,43587,43587,2097152,1,"gemm",512,131072,0,128,0,112,"TCC_WRITE_SECTORS",33554432.000000,1000818682923339,1000818684080790
83,83,"Agent 1",1,43587,43587,2097152,1,"gemm",512,131072,0,128,0,112,"TCP_TCP_TA_DATA_STALL_CYCLES",57276550.000000,1000818682923339,1000818684080790
83,83,"Agent 1",1,43587,43587,2097152,1,"gemm",512,131072,0,128,0,112,"TCP_TCP_TA_ADDR_STALL_CYCLES",86091626.000000,1000818682923339,1000818684080790
84,84,"Agent 1",1,43587,43587,2097152,1,"gemm",512,131072,0,128,0,112,"SQ_INSTS_VMEM_WR",524288.000000,1000818684208471,1000818685366842
84,84,"Agent 1",1,43587,43587,2097152,1,"gemm",512,131072,0,128,0,112,"SQ_VMEM_TA_CMD_FIFO_FULL",73187552.000000,1000818684208471,1000818685366842
84,84,"Agent 1",1,43587,43587,2097152,1,"gemm",512,131072,0,128,0,112,"TCC_WRITE_SECTORS",33554432.000000,1000818684208471,1000818685366842
84,84,"Agent 1",1,43587,43587,2097152,1,"gemm",512,131072,0,128,0,112,"TCP_TCP_TA_DATA_STALL_CYCLES",56870310.000000,1000818684208471,1000818685366842
84,84,"Agent 1",1,43587,43587,2097152,1,"gemm",512,131072,0,128,0,112,"TCP_TCP_TA_ADDR_STALL_CYCLES",85855790.000000,1000818684208471,1000818685366842
85,85,"Agent 1",1,43587,43587,2097152,1,"gemm",512,131072,0,128,0,112,"SQ_INSTS_VMEM_WR",524288.000000,1000818685497883,1000818686656934
85,85,"Agent 1",1,43587,43587,2097152,1,"gemm",512,131072,0,128,0,112,"SQ_VMEM_TA_CMD_FIFO_FULL",72257257.000000,1000818685497883,1000818686656934
85,85,"Agent 1",1,43587,43587,2097152,1,"gemm",512,131072,0,128,0,112,"TCC_WRITE_SECTORS",33554432.000000,1000818685497883,1000818686656934
85,85,"Agent 1",1,43587,43587,2097152,1,"gemm",512,131072,0,128,0,112,"TCP_TCP_TA_DATA_STALL_CYCLES",57478478.000000,1000818685497883,1000818686656934
85,85,"Agent 1",1,43587,43587,2097152,1,"gemm",512,131072,0,128,0,112,"TCP_TCP_TA_ADDR_STALL_CYCLES",86406673.000000,1000818685497883,1000818686656934
86,86,"Agent 1",1,43587,43587,2097152,1,"gemm",512,131072,0,128,0,112,"SQ_INSTS_VMEM_WR",524288.000000,1000818686781455,1000818687939466
86,86,"Agent 1",1,43587,43587,2097152,1,"gemm",512,131072,0,128,0,112,"SQ_VMEM_TA_CMD_FIFO_FULL",71918077.000000,1000818686781455,1000818687939466
86,86,"Agent 1",1,43587,43587,2097152,1,"gemm",512,131072,0,128,0,112,"TCC_WRITE_SECTORS",33554432.000000,1000818686781455,1000818687939466
86,86,"Agent 1",1,43587,43587,2097152,1,"gemm",512,131072,0,128,0,112,"TCP_TCP_TA_DATA_STALL_CYCLES",57664083.000000,1000818686781455,1000818687939466
86,86,"Agent 1",1,43587,43587,2097152,1,"gemm",512,131072,0,128,0,112,"TCP_TCP_TA_ADDR_STALL_CYCLES",86188043.000000,1000818686781455,1000818687939466
87,87,"Agent 1",1,43587,43587,2097152,1,"gemm",512,131072,0,128,0,112,"SQ_INSTS_VMEM_WR",524288.000000,1000818688062267,1000818689218758
87,87,"Agent 1",1,43587,43587,2097152,1,"gemm",512,131072,0,128,0,112,"SQ_VMEM_TA_CMD_FIFO_FULL",73592187.000000,1000818688062267,1000818689218758
87,87,"Agent 1",1,43587,43587,2097152,1,"gemm",512,131072,0,128,0,112,"TCC_WRITE_SECTORS",33554432.000000,1000818688062267,1000818689218758
87,87,"Agent 1",1,43587,43587,2097152,1,"gemm",512,131072,0,128,0,112,"TCP_TCP_TA_DATA_STALL_CYCLES",56062151.000000,1000818688062267,1000818689218758
87,87,"Agent 1",1,43587,43587,2097152,1,"gemm",512,131072,0,128,0,112,"TCP_TCP_TA_ADDR_STALL_CYCLES",86425168.000000,1000818688062267,1000818689218758
88,88,"Agent 1",1,43587,43587,2097152,1,"gemm",512,131072,0,128,0,112,"SQ_INSTS_VMEM_WR",524288.000000,1000818689354479,1000818690514409
88,88,"Agent 1",1,43587,43587,2097152,1,"gemm",512,131072,0,128,0,112,"SQ_VMEM_TA_CMD_FIFO_FULL",71567263.000000,1000818689354479,1000818690514409
88,88,"Agent 1",1,43587,43587,2097152,1,"gemm",512,131072,0,128,0,112,"TCC_WRITE_SECTORS",33554432.000000,1000818689354479,1000818690514409
88,88,"Agent 1",1,43587,43587,2097152,1,"gemm",512,131072,0,128,0,112,"TCP_TCP_TA_DATA_STALL_CYCLES",57539436.000000,1000818689354479,1000818690514409
88,88,"Agent 1",1,43587,43587,2097152,1,"gemm",512,131072,0,128,0,112,"TCP_TCP_TA_ADDR_STALL_CYCLES",86172385.000000,1000818689354479,1000818690514409
89,89,"Agent 1",1,43587,43587,2097152,1,"gemm",512,131072,0,128,0,112,"SQ_INSTS_VMEM_WR",524288.000000,1000818690638691,1000818691797981
89,89,"Agent 1",1,43587,43587,2097152,1,"gemm",512,131072,0,128,0,112,"SQ_VMEM_TA_CMD_FIFO_FULL",72415498.000000,1000818690638691,1000818691797981
89,89,"Agent 1",1,43587,43587,2097152,1,"gemm",512,131072,0,128,0,112,"TCC_WRITE_SECTORS",33554432.000000,1000818690638691,1000818691797981
89,89,"Agent 1",1,43587,43587,2097152,1,"gemm",512,131072,0,128,0,112,"TCP_TCP_TA_DATA_STALL_CYCLES",58740585.000000,1000818690638691,1000818691797981
89,89,"Agent 1",1,43587,43587,2097152,1,"gemm",512,131072,0,128,0,112,"TCP_TCP_TA_ADDR_STALL_CYCLES",87601146.000000,1000818690638691,1000818691797981
90,90,"Agent 1",1,43587,43587,2097152,1,"gemm",512,131072,0,128,0,112,"SQ_INSTS_VMEM_WR",524288.000000,1000818691912222,1000818693074993
90,90,"Agent 1",1,43587,43587,2097152,1,"gemm",512,131072,0,128,0,112,"SQ_VMEM_TA_CMD_FIFO_FULL",73653569.000000,1000818691912222,1000818693074993
90,90,"Agent 1",1,43587,43587,2097152,1,"gemm",512,131072,0,128,0,112,"TCC_WRITE_SECTORS",33554432.000000,1000818691912222,1000818693074993
90,90,"Agent 1",1,43587,43587,2097152,1,"gemm",512,131072,0,128,0,112,"TCP_TCP_TA_DATA_STALL_CYCLES",57045664.000000,1000818691912222,1000818693074993
90,90,"Agent 1",1,43587,43587,2097152,1,"gemm",512,131072,0,128,0,112,"TCP_TCP_TA_ADDR_STALL_CYCLES",86537653.000000,1000818691912222,1000818693074993
91,91,"Agent 1",1,43587,43587,2097152,1,"gemm",512,131072,0,128,0,112,"SQ_INSTS_VMEM_WR",524288.000000,1000818693191034,1000818694348685
91,91,"Agent 1",1,43587,43587,2097152,1,"gemm",512,131072,0,128,0,112,"SQ_VMEM_TA_CMD_FIFO_FULL",73266466.000000,1000818693191034,1000818694348685
91,91,"Agent 1",1,43587,43587,2097152,1,"gemm",512,131072,0,128,0,112,"TCC_WRITE_SECTORS",33554432.000000,1000818693191034,1000818694348685
91,91,"Agent 1",1,43587,43587,2097152,1,"gemm",512,131072,0,128,0,112,"TCP_TCP_TA_DATA_STALL_CYCLES",56964733.000000,1000818693191034,1000818694348685
91,91,"Agent 1",1,43587,43587,2097152,1,"gemm",512,131072,0,128,0,112,"TCP_TCP_TA_ADDR_STALL_CYCLES",86368400.000000,1000818693191034,1000818694348685
92,92,"Agent 1",1,43587,43587,2097152,1,"gemm",512,131072,0,128,0,112,"SQ_INSTS_VMEM_WR",524288.000000,1000818694472206,1000818695631017
92,92,"Agent 1",1,43587,43587,2097152,1,"gemm",512,131072,0,128,0,112,"SQ_VMEM_TA_CMD_FIFO_FULL",73995036.000000,1000818694472206,1000818695631017
92,92,"Agent 1",1,43587,43587,2097152,1,"gemm",512,131072,0,128,0,112,"TCC_WRITE_SECTORS",33554432.000000,1000818694472206,1000818695631017
92,92,"Agent 1",1,43587,43587,2097152,1,"gemm",512,131072,0,128,0,112,"TCP_TCP_TA_DATA_STALL_CYCLES",57575039.000000,1000818694472206,1000818695631017
92,92,"Agent 1",1,43587,43587,2097152,1,"gemm",512,131072,0,128,0,112,"TCP_TCP_TA_ADDR_STALL_CYCLES",88506064.000000,1000818694472206,1000818695631017
93,93,"Agent 1",1,43587,43587,2097152,1,"gemm",512,131072,0,128,0,112,"SQ_INSTS_VMEM_WR",524288.000000,1000818695748018,1000818696905828
93,93,"Agent 1",1,43587,43587,2097152,1,"gemm",512,131072,0,128,0,112,"SQ_VMEM_TA_CMD_FIFO_FULL",73488760.000000,1000818695748018,1000818696905828
93,93,"Agent 1",1,43587,43587,2097152,1,"gemm",512,131072,0,128,0,112,"TCC_WRITE_SECTORS",33554432.000000,1000818695748018,1000818696905828
93,93,"Agent 1",1,43587,43587,2097152,1,"gemm",512,131072,0,128,0,112,"TCP_TCP_TA_DATA_STALL_CYCLES",57621385.000000,1000818695748018,1000818696905828
93,93,"Agent 1",1,43587,43587,2097152,1,"gemm",512,131072,0,128,0,112,"TCP_TCP_TA_ADDR_STALL_CYCLES",87727144.000000,1000818695748018,1000818696905828
94,94,"Agent 1",1,43587,43587,2097152,1,"gemm",512,131072,0,128,0,112,"SQ_INSTS_VMEM_WR",524288.000000,1000818697047910,1000818698200440
94,94,"Agent 1",1,43587,43587,2097152,1,"gemm",512,131072,0,128,0,112,"SQ_VMEM_TA_CMD_FIFO_FULL",72131101.000000,1000818697047910,1000818698200440
94,94,"Agent 1",1,43587,43587,2097152,1,"gemm",512,131072,0,128,0,112,"TCC_WRITE_SECTORS",33554432.000000,1000818697047910,1000818698200440
94,94,"Agent 1",1,43587,43587,2097152,1,"gemm",512,131072,0,128,0,112,"TCP_TCP_TA_DATA_STALL_CYCLES",55815704.000000,1000818697047910,1000818698200440
94,94,"Agent 1",1,43587,43587,2097152,1,"gemm",512,131072,0,128,0,112,"TCP_TCP_TA_ADDR_STALL_CYCLES",84530115.000000,1000818697047910,1000818698200440
95,95,"Agent 1",1,43587,43587,2097152,1,"gemm",512,131072,0,128,0,112,"SQ_INSTS_VMEM_WR",524288.000000,1000818698331481,1000818699494332
95,95,"Agent 1",1,43587,43587,2097152,1,"gemm",512,131072,0,128,0,112,"SQ_VMEM_TA_CMD_FIFO_FULL",73347105.000000,1000818698331481,1000818699494332
95,95,"Agent 1",1,43587,43587,2097152,1,"gemm",512,131072,0,128,0,112,"TCC_WRITE_SECTORS",33554432.000000,1000818698331481,1000818699494332
95,95,"Agent 1",1,43587,43587,2097152,1,"gemm",512,131072,0,128,0,112,"TCP_TCP_TA_DATA_STALL_CYCLES",58623608.000000,1000818698331481,1000818699494332
95,95,"Agent 1",1,43587,43587,2097152,1,"gemm",512,131072,0,128,0,112,"TCP_TCP_TA_ADDR_STALL_CYCLES",88705611.000000,1000818698331481,1000818699494332
96,96,"Agent 1",1,43587,43587,2097152,1,"gemm",512,131072,0,128,0,112,"SQ_INSTS_VMEM_WR",524288.000000,1000818699606373,1000818700765104
96,96,"Agent 1",1,43587,43587,2097152,1,"gemm",512,131072,0,128,0,112,"SQ_VMEM_TA_CMD_FIFO_FULL",74304842.000000,1000818699606373,1000818700765104
96,96,"Agent 1",1,43587,43587,2097152,1,"gemm",512,131072,0,128,0,112,"TCC_WRITE_SECTORS",33554432.000000,1000818699606373,1000818700765104
96,96,"Agent 1",1,43587,43587,2097152,1,"gemm",512,131072,0,128,0,112,"TCP_TCP_TA_DATA_STALL_CYCLES",56980678.000000,1000818699606373,1000818700765104
96,96,"Agent 1",1,43587,43587,2097152,1,"gemm",512,131072,0,128,0,112,"TCP_TCP_TA_ADDR_STALL_CYCLES",87426769.000000,1000818699606373,1000818700765104
97,97,"Agent 1",1,43587,43587,2097152,1,"gemm",512,131072,0,128,0,112,"SQ_INSTS_VMEM_WR",524288.000000,1000818700897625,1000818702057916
97,97,"Agent 1",1,43587,43587,2097152,1,"gemm",512,131072,0,128,0,112,"SQ_VMEM_TA_CMD_FIFO_FULL",74751275.000000,1000818700897625,1000818702057916
97,97,"Agent 1",1,43587,43587,2097152,1,"gemm",512,131072,0,128,0,112,"TCC_WRITE_SECTORS",33554432.000000,1000818700897625,1000818702057916
97,97,"Agent 1",1,43587,43587,2097152,1,"gemm",512,131072,0,128,0,112,"TCP_TCP_TA_DATA_STALL_CYCLES",56212844.000000,1000818700897625,1000818702057916
97,97,"Agent 1",1,43587,43587,2097152,1,"gemm",512,131072,0,128,0,112,"TCP_TCP_TA_ADDR_STALL_CYCLES",86422146.000000,1000818700897625,1000818702057916
98,98,"Agent 1",1,43587,43587,2097152,1,"gemm",512,131072,0,128,0,112,"SQ_INSTS_VMEM_WR",524288.000000,1000818702186677,1000818703344248
98,98,"Agent 1",1,43587,43587,2097152,1,"gemm",512,131072,0,128,0,112,"SQ_VMEM_TA_CMD_FIFO_FULL",73395729.000000,1000818702186677,1000818703344248
98,98,"Agent 1",1,43587,43587,2097152,1,"gemm",512,131072,0,128,0,112,"TCC_WRITE_SECTORS",33554432.000000,1000818702186677,1000818703344248
98,98,"Agent 1",1,43587,43587,2097152,1,"gemm",512,131072,0,128,0,112,"TCP_TCP_TA_DATA_STALL_CYCLES",56659197.000000,1000818702186677,1000818703344248
98,98,"Agent 1",1,43587,43587,2097152,1,"gemm",512,131072,0,128,0,112,"TCP_TCP_TA_ADDR_STALL_CYCLES",86093046.000000,1000818702186677,1000818703344248
99,99,"Agent 1",1,43587,43587,2097152,1,"gemm",512,131072,0,128,0,112,"SQ_INSTS_VMEM_WR",524288.000000,1000818703461329,1000818704618419
99,99,"Agent 1",1,43587,43587,2097152,1,"gemm",512,131072,0,128,0,112,"SQ_VMEM_TA_CMD_FIFO_FULL",74845634.000000,1000818703461329,1000818704618419
99,99,"Agent 1",1,43587,43587,2097152,1,"gemm",512,131072,0,128,0,112,"TCC_WRITE_SECTORS",33554432.000000,1000818703461329,1000818704618419
99,99,"Agent 1",1,43587,43587,2097152,1,"gemm",512,131072,0,128,0,112,"TCP_TCP_TA_DATA_STALL_CYCLES",55660166.000000,1000818703461329,1000818704618419
99,99,"Agent 1",1,43587,43587,2097152,1,"gemm",512,131072,0,128,0,112,"TCP_TCP_TA_ADDR_STALL_CYCLES",86081043.000000,1000818703461329,1000818704618419
100,100,"Agent 1",1,43587,43587,2097152,1,"gemm",512,131072,0,128,0,112,"SQ_INSTS_VMEM_WR",524288.000000,1000818704736221,1000818705900351
100,100,"Agent 1",1,43587,43587,2097152,1,"gemm",512,131072,0,128,0,112,"SQ_VMEM_TA_CMD_FIFO_FULL",76482353.000000,1000818704736221,1000818705900351
100,100,"Agent 1",1,43587,43587,2097152,1,"gemm",512,131072,0,128,0,112,"TCC_WRITE_SECTORS",33554432.000000,1000818704736221,1000818705900351
100,100,"Agent 1",1,43587,43587,2097152,1,"gemm",512,131072,0,128,0,112,"TCP_TCP_TA_DATA_STALL_CYCLES",57483726.000000,1000818704736221,1000818705900351
100,100,"Agent 1",1,43587,43587,2097152,1,"gemm",512,131072,0,128,0,112,"TCP_TCP_TA_ADDR_STALL_CYCLES",89222897.000000,1000818704736221,1000818705900351
101,101,"Agent 1",1,43587,43587,2097152,1,"gemm",512,131072,0,128,0,112,"SQ_INSTS_VMEM_WR",524288.000000,1000818706036513,1000818707191563
101,101,"Agent 1",1,43587,43587,2097152,1,"gemm",512,131072,0,128,0,112,"SQ_VMEM_TA_CMD_FIFO_FULL",71244427.000000,1000818706036513,1000818707191563
101,101,"Agent 1",1,43587,43587,2097152,1,"gemm",512,131072,0,128,0,112,"TCC_WRITE_SECTORS",33554432.000000,1000818706036513,1000818707191563
101,101,"Agent 1",1,43587,43587,2097152,1,"gemm",512,131072,0,128,0,112,"TCP_TCP_TA_DATA_STALL_CYCLES",57821493.000000,1000818706036513,1000818707191563
101,101,"Agent 1",1,43587,43587,2097152,1,"gemm",512,131072,0,128,0,112,"TCP_TCP_TA_ADDR_STALL_CYCLES",86553237.000000,1000818706036513,1000818707191563
102,102,"Agent 1",1,43587,43587,2097152,1,"gemm",512,131072,0,128,0,112,"SQ_INSTS_VMEM_WR",524288.000000,1000818707316564,1000818708477135
102,102,"Agent 1",1,43587,43587,2097152,1,"gemm",512,131072,0,128,0,112,"SQ_VMEM_TA_CMD_FIFO_FULL",73744398.000000,1000818707316564,1000818708477135
102,102,"Agent 1",1,43587,43587,2097152,1,"gemm",512,131072,0,128,0,112,"TCC_WRITE_SECTORS",33554432.000000,1000818707316564,1000818708477135
102,102,"Agent 1",1,43587,43587,2097152,1,"gemm",512,131072,0,128,0,112,"TCP_TCP_TA_DATA_STALL_CYCLES",58933239.000000,1000818707316564,1000818708477135
102,102,"Agent 1",1,43587,43587,2097152,1,"gemm",512,131072,0,128,0,112,"TCP_TCP_TA_ADDR_STALL_CYCLES",87914648.000000,1000818707316564,1000818708477135
103,103,"Agent 1",1,43587,43587,2097152,1,"gemm",512,131072,0,128,0,112,"SQ_INSTS_VMEM_WR",524288.000000,1000818708606067,1000818709761718
103,103,"Agent 1",1,43587,43587,2097152,1,"gemm",512,131072,0,128,0,112,"SQ_VMEM_TA_CMD_FIFO_FULL",72812022.000000,1000818708606067,1000818709761718
103,103,"Agent 1",1,43587,43587,2097152,1,"gemm",512,131072,0,128,0,112,"TCC_WRITE_SECTORS",33554432.000000,1000818708606067,1000818709761718
103,103,"Agent 1",1,43587,43587,2097152,1,"gemm",512,131072,0,128,0,112,"TCP_TCP_TA_DATA_STALL_CYCLES",56975673.000000,1000818708606067,1000818709761718
103,103,"Agent 1",1,43587,43587,2097152,1,"gemm",512,131072,0,128,0,112,"TCP_TCP_TA_ADDR_STALL_CYCLES",85659617.000000,1000818708606067,1000818709761718
104,104,"Agent 1",1,43587,43587,2097152,1,"gemm",512,131072,0,128,0,112,"SQ_INSTS_VMEM_WR",524288.000000,1000818709892318,1000818711051449
104,104,"Agent 1",1,43587,43587,2097152,1,"gemm",512,131072,0,128,0,112,"SQ_VMEM_TA_CMD_FIFO_FULL",74117257.000000,1000818709892318,1000818711051449
104,104,"Agent 1",1,43587,43587,2097152,1,"gemm",512,131072,0,128,0,112,"TCC_WRITE_SECTORS",33554432.000000,1000818709892318,1000818711051449
104,104,"Agent 1",1,43587,43587,2097152,1,"gemm",512,131072,0,128,0,112,"TCP_TCP_TA_DATA_STALL_CYCLES",57137390.000000,1000818709892318,1000818711051449
104,104,"Agent 1",1,43587,43587,2097152,1,"gemm",512,131072,0,128,0,112,"TCP_TCP_TA_ADDR_STALL_CYCLES",87738055.000000,1000818709892318,1000818711051449
105,105,"Agent 1",1,43587,43587,2097152,1,"gemm",512,131072,0,128,0,112,"SQ_INSTS_VMEM_WR",524288.000000,1000818711173690,1000818712335980
105,105,"Agent 1",1,43587,43587,2097152,1,"gemm",512,131072,0,128,0,112,"SQ_VMEM_TA_CMD_FIFO_FULL",75410117.000000,1000818711173690,1000818712335980
105,105,"Agent 1",1,43587,43587,2097152,1,"gemm",512,131072,0,128,0,112,"TCC_WRITE_SECTORS",33554432.000000,1000818711173690,1000818712335980
105,105,"Agent 1",1,43587,43587,2097152,1,"gemm",512,131072,0,128,0,112,"TCP_TCP_TA_DATA_STALL_CYCLES",57261772.000000,1000818711173690,1000818712335980
105,105,"Agent 1",1,43587,43587,2097152,1,"gemm",512,131072,0,128,0,112,"TCP_TCP_TA_ADDR_STALL_CYCLES",88040888.000000,1000818711173690,1000818712335980
106,106,"Agent 1",1,43587,43587,2097152,1,"gemm",512,131072,0,128,0,112,"SQ_INSTS_VMEM_WR",524288.000000,1000818712465581,1000818713622552
106,106,"Agent 1",1,43587,43587,2097152,1,"gemm",512,131072,0,128,0,112,"SQ_VMEM_TA_CMD_FIFO_FULL",73107404.000000,1000818712465581,1000818713622552
106,106,"Agent 1",1,43587,43587,2097152,1,"gemm",512,131072,0,128,0,112,"TCC_WRITE_SECTORS",33554432.000000,1000818712465581,1000818713622552
106,106,"Agent 1",1,43587,43587,2097152,1,"gemm",512,131072,0,128,0,112,"TCP_TCP_TA_DATA_STALL_CYCLES",57103684.000000,1000818712465581,1000818713622552
106,106,"Agent 1",1,43587,43587,2097152,1,"gemm",512,131072,0,128,0,112,"TCP_TCP_TA_ADDR_STALL_CYCLES",86856033.000000,1000818712465581,1000818713622552
107,107,"Agent 1",1,43587,43587,2097152,1,"gemm",512,131072,0,128,0,112,"SQ_INSTS_VMEM_WR",524288.000000,1000818713737833,1000818714896324
107,107,"Agent 1",1,43587,43587,2097152,1,"gemm",512,131072,0,128,0,112,"SQ_VMEM_TA_CMD_FIFO_FULL",74320737.000000,1000818713737833,1000818714896324
107,107,"Agent 1",1,43587,43587,2097152,1,"gemm",512,131072,0,128,0,112,"TCC_WRITE_SECTORS",33554432.000000,1000818713737833,1000818714896324
107,107,"Agent 1",1,43587,43587,2097152,1,"gemm",512,131072,0,128,0,112,"TCP_TCP_TA_DATA_STALL_CYCLES",55697555.000000,1000818713737833,1000818714896324
107,107,"Agent 1",1,43587,43587,2097152,1,"gemm",512,131072,0,128,0,112,"TCP_TCP_TA_ADDR_STALL_CYCLES",85943227.000000,1000818713737833,1000818714896324
108,108,"Agent 1",1,43587,43587,2097152,1,"gemm",512,131072,0,128,0,112,"SQ_INSTS_VMEM_WR",524288.000000,1000818715033205,1000818716192416
108,108,"Agent 1",1,43587,43587,2097152,1,"gemm",512,131072,0,128,0,112,"SQ_VMEM_TA_CMD_FIFO_FULL",73852467.000000,1000818715033205,1000818716192416
108,108,"Agent 1",1,43587,43587,2097152,1,"gemm",512,131072,0,128,0,112,"TCC_WRITE_SECTORS",33554432.000000,1000818715033205,1000818716192416
108,108,"Agent 1",1,43587,43587,2097152,1,"gemm",512,131072,0,128,0,112,"TCP_TCP_TA_DATA_STALL_CYCLES",57779644.000000,1000818715033205,1000818716192416
108,108,"Agent 1",1,43587,43587,2097152,1,"gemm",512,131072,0,128,0,112,"TCP_TCP_TA_ADDR_STALL_CYCLES",87706727.000000,1000818715033205,1000818716192416
109,109,"Agent 1",1,43587,43587,2097152,1,"gemm",512,131072,0,128,0,112,"SQ_INSTS_VMEM_WR",524288.000000,1000818716310217,1000818717468067
109,109,"Agent 1",1,43587,43587,2097152,1,"gemm",512,131072,0,128,0,112,"SQ_VMEM_TA_CMD_FIFO_FULL",74416059.000000,1000818716310217,1000818717468067
109,109,"Agent 1",1,43587,43587,2097152,1,"gemm",512,131072,0,128,0,112,"TCC_WRITE_SECTORS",33554432.000000,1000818716310217,1000818717468067
109,109,"Agent 1",1,43587,43587,2097152,1,"gemm",512,131072,0,128,0,112,"TCP_TCP_TA_DATA_STALL_CYCLES",57401654.000000,1000818716310217,1000818717468067
109,109,"Agent 1",1,43587,43587,2097152,1,"gemm",512,131072,0,128,0,112,"TCP_TCP_TA_ADDR_STALL_CYCLES",87093959.000000,1000818716310217,1000818717468067
110,110,"Agent 1",1,43587,43587,2097152,1,"gemm",512,131072,0,128,0,112,"SQ_INSTS_VMEM_WR",524288.000000,1000818717595789,1000818718753599
110,110,"Agent 1",1,43587,43587,2097152,1,"gemm",512,131072,0,128,0,112,"SQ_VMEM_TA_CMD_FIFO_FULL",74310940.000000,1000818717595789,1000818718753599
110,110,"Agent 1",1,43587,43587,2097152,1,"gemm",512,131072,0,128,0,112,"TCC_WRITE_SECTORS",33554432.000000,1000818717595789,1000818718753599
110,110,"Agent 1",1,43587,43587,2097152,1,"gemm",512,131072,0,128,0,112,"TCP_TCP_TA_DATA_STALL_CYCLES",55848981.000000,1000818717595789,1000818718753599
110,110,"Agent 1",1,43587,43587,2097152,1,"gemm",512,131072,0,128,0,112,"TCP_TCP_TA_ADDR_STALL_CYCLES",85932999.000000,1000818717595789,1000818718753599
111,111,"Agent 1",1,43587,43587,2097152,1,"gemm",512,131072,0,128,0,112,"SQ_INSTS_VMEM_WR",524288.000000,1000818718877120,1000818720034811
111,111,"Agent 1",1,43587,43587,2097152,1,"gemm",512,131072,0,128,0,112,"SQ_VMEM_TA_CMD_FIFO_FULL",75309118.000000,1000818718877120,1000818720034811
111,111,"Agent 1",1,43587,43587,2097152,1,"gemm",512,131072,0,128,0,112,"TCC_WRITE_SECTORS",33554432.000000,1000818718877120,1000818720034811
111,111,"Agent 1",1,43587,43587,2097152,1,"gemm",512,131072,0,128,0,112,"TCP_TCP_TA_DATA_STALL_CYCLES",56117405.000000,1000818718877120,1000818720034811
111,111,"Agent 1",1,43587,43587,2097152,1,"gemm",512,131072,0,128,0,112,"TCP_TCP_TA_ADDR_STALL_CYCLES",86243744.000000,1000818718877120,1000818720034811
112,112,"Agent 1",1,43587,43587,2097152,1,"gemm",512,131072,0,128,0,112,"SQ_INSTS_VMEM_WR",524288.000000,1000818720148412,1000818721319863
112,112,"Agent 1",1,43587,43587,2097152,1,"gemm",512,131072,0,128,0,112,"SQ_VMEM_TA_CMD_FIFO_FULL",77968416.000000,1000818720148412,1000818721319863
112,112,"Agent 1",1,43587,43587,2097152,1,"gemm",512,131072,0,128,0,112,"TCC_WRITE_SECTORS",33554432.000000,1000818720148412,1000818721319863
112,112,"Agent 1",1,43587,43587,2097152,1,"gemm",512,131072,0,128,0,112,"TCP_TCP_TA_DATA_STALL_CYCLES",59593245.000000,1000818720148412,1000818721319863
112,112,"Agent 1",1,43587,43587,2097152,1,"gemm",512,131072,0,128,0,112,"TCP_TCP_TA_ADDR_STALL_CYCLES",91938581.000000,1000818720148412,1000818721319863
113,113,"Agent 1",1,43587,43587,2097152,1,"gemm",512,131072,0,128,0,112,"SQ_INSTS_VMEM_WR",524288.000000,1000818721442864,1000818722599114
113,113,"Agent 1",1,43587,43587,2097152,1,"gemm",512,131072,0,128,0,112,"SQ_VMEM_TA_CMD_FIFO_FULL",73802141.000000,1000818721442864,1000818722599114
113,113,"Agent 1",1,43587,43587,2097152,1,"gemm",512,131072,0,128,0,112,"TCC_WRITE_SECTORS",33554432.000000,1000818721442864,1000818722599114
113,113,"Agent 1",1,43587,43587,2097152,1,"gemm",512,131072,0,128,0,112,"TCP_TCP_TA_DATA_STALL_CYCLES",56373006.000000,1000818721442864,1000818722599114
113,113,"Agent 1",1,43587,43587,2097152,1,"gemm",512,131072,0,128,0,112,"TCP_TCP_TA_ADDR_STALL_CYCLES",86112403.000000,1000818721442864,1000818722599114
114,114,"Agent 1",1,43587,43587,2097152,1,"gemm",512,131072,0,128,0,112,"SQ_INSTS_VMEM_WR",524288.000000,1000818722722836,1000818723882926
114,114,"Agent 1",1,43587,43587,2097152,1,"gemm",512,131072,0,128,0,112,"SQ_VMEM_TA_CMD_FIFO_FULL",76925014.000000,1000818722722836,1000818723882926
114,114,"Agent 1",1,43587,43587,2097152,1,"gemm",512,131072,0,128,0,112,"TCC_WRITE_SECTORS",33554432.000000,1000818722722836,1000818723882926
114,114,"Agent 1",1,43587,43587,2097152,1,"gemm",512,131072,0,128,0,112,"TCP_TCP_TA_DATA_STALL_CYCLES",56568566.000000,1000818722722836,1000818723882926
114,114,"Agent 1",1,43587,43587,2097152,1,"gemm",512,131072,0,128,0,112,"TCP_TCP_TA_ADDR_STALL_CYCLES",88117148.000000,1000818722722836,1000818723882926
115,115,"Agent 1",1,43587,43587,2097152,1,"gemm",512,131072,0,128,0,112,"SQ_INSTS_VMEM_WR",524288.000000,1000818724003327,1000818725162098
115,115,"Agent 1",1,43587,43587,2097152,1,"gemm",512,131072,0,128,0,112,"SQ_VMEM_TA_CMD_FIFO_FULL",73667306.000000,1000818724003327,1000818725162098
115,115,"Agent 1",1,43587,43587,2097152,1,"gemm",512,131072,0,128,0,112,"TCC_WRITE_SECTORS",33554432.000000,1000818724003327,1000818725162098
115,115,"Agent 1",1,43587,43587,2097152,1,"gemm",512,131072,0,128,0,112,"TCP_TCP_TA_DATA_STALL_CYCLES",56670707.000000,1000818724003327,1000818725162098
115,115,"Agent 1",1,43587,43587,2097152,1,"gemm",512,131072,0,128,0,112,"TCP_TCP_TA_ADDR_STALL_CYCLES",86725151.000000,1000818724003327,1000818725162098
116,116,"Agent 1",1,43587,43587,2097152,1,"gemm",512,131072,0,128,0,112,"SQ_INSTS_VMEM_WR",524288.000000,1000818725277699,1000818726434630
116,116,"Agent 1",1,43587,43587,2097152,1,"gemm",512,131072,0,128,0,112,"SQ_VMEM_TA_CMD_FIFO_FULL",72084328.000000,1000818725277699,1000818726434630
116,116,"Agent 1",1,43587,43587,2097152,1,"gemm",512,131072,0,128,0,112,"TCC_WRITE_SECTORS",33554432.000000,1000818725277699,1000818726434630
116,116,"Agent 1",1,43587,43587,2097152,1,"gemm",512,131072,0,128,0,112,"TCP_TCP_TA_DATA_STALL_CYCLES",57904420.000000,1000818725277699,1000818726434630
116,116,"Agent 1",1,43587,43587,2097152,1,"gemm",512,131072,0,128,0,112,"TCP_TCP_TA_ADDR_STALL_CYCLES",86650588.000000,1000818725277699,1000818726434630
117,117,"Agent 1",1,43587,43587,2097152,1,"gemm",512,131072,0,128,0,112,"SQ_INSTS_VMEM_WR",524288.000000,1000818726553791,1000818727705401
117,117,"Agent 1",1,43587,43587,2097152,1,"gemm",512,131072,0,128,0,112,"SQ_VMEM_TA_CMD_FIFO_FULL",70710080.000000,1000818726553791,1000818727705401
117,117,"Agent 1",1,43587,43587,2097152,1,"gemm",512,131072,0,128,0,112,"TCC_WRITE_SECTORS",33554432.000000,1000818726553791,1000818727705401
117,117,"Agent 1",1,43587,43587,2097152,1,"gemm",512,131072,0,128,0,112,"TCP_TCP_TA_DATA_STALL_CYCLES",55732875.000000,1000818726553791,1000818727705401
117,117,"Agent 1",1,43587,43587,2097152,1,"gemm",512,131072,0,128,0,112,"TCP_TCP_TA_ADDR_STALL_CYCLES",84003310.000000,1000818726553791,1000818727705401
118,118,"Agent 1",1,43587,43587,2097152,1,"gemm",512,131072,0,128,0,112,"SQ_INSTS_VMEM_WR",524288.000000,1000818727818762,1000818728975533
118,118,"Agent 1",1,43587,43587,2097152,1,"gemm",512,131072,0,128,0,112,"SQ_VMEM_TA_CMD_FIFO_FULL",75284129.000000,1000818727818762,1000818728975533
118,118,"Agent 1",1,43587,43587,2097152,1,"gemm",512,131072,0,128,0,112,"TCC_WRITE_SECTORS",33554432.000000,1000818727818762,1000818728975533
118,118,"Agent 1",1,43587,43587,2097152,1,"gemm",512,131072,0,128,0,112,"TCP_TCP_TA_DATA_STALL_CYCLES",56292030.000000,1000818727818762,1000818728975533
118,118,"Agent 1",1,43587,43587,2097152,1,"gemm",512,131072,0,128,0,112,"TCP_TCP_TA_ADDR_STALL_CYCLES",86869075.000000,1000818727818762,1000818728975533
119,119,"Agent 1",1,43587,43587,2097152,1,"gemm",512,131072,0,128,0,112,"SQ_INSTS_VMEM_WR",524288.000000,1000818729088054,1000818730247385
119,119,"Agent 1",1,43587,43587,2097152,1,"gemm",512,131072,0,128,0,112,"SQ_VMEM_TA_CMD_FIFO_FULL",72418886.000000,1000818729088054,1000818730247385
119,119,"Agent 1",1,43587,43587,2097152,1,"gemm",512,131072,0,128,0,112,"TCC_WRITE_SECTORS",33554432.000000,1000818729088054,1000818730247385
119,119,"Agent 1",1,43587,43587,2097152,1,"gemm",512,131072,0,128,0,112,"TCP_TCP_TA_DATA_STALL_CYCLES",57548656.000000,1000818729088054,1000818730247385
119,119,"Agent 1",1,43587,43587,2097152,1,"gemm",512,131072,0,128,0,112,"TCP_TCP_TA_ADDR_STALL_CYCLES",86503715.000000,1000818729088054,1000818730247385
120,120,"Agent 1",1,43587,43587,2097152,1,"gemm",512,131072,0,128,0,112,"SQ_INSTS_VMEM_WR",524288.000000,1000818730372346,1000818731525796
120,120,"Agent 1",1,43587,43587,2097152,1,"gemm",512,131072,0,128,0,112,"SQ_VMEM_TA_CMD_FIFO_FULL",72986770.000000,1000818730372346,1000818731525796
120,120,"Agent 1",1,43587,43587,2097152,1,"gemm",512,131072,0,128,0,112,"TCC_WRITE_SECTORS",33554432.000000,1000818730372346,1000818731525796
120,120,"Agent 1",1,43587,43587,2097152,1,"gemm",512,131072,0,128,0,112,"TCP_TCP_TA_DATA_STALL_CYCLES",56310917.000000,1000818730372346,1000818731525796
120,120,"Agent 1",1,43587,43587,2097152,1,"gemm",512,131072,0,128,0,112,"TCP_TCP_TA_ADDR_STALL_CYCLES",85608178.000000,1000818730372346,1000818731525796
121,121,"Agent 1",1,43587,43587,2097152,1,"gemm",512,131072,0,128,0,112,"SQ_INSTS_VMEM_WR",524288.000000,1000818731650558,1000818732810088
121,121,"Agent 1",1,43587,43587,2097152,1,"gemm",512,131072,0,128,0,112,"SQ_VMEM_TA_CMD_FIFO_FULL",73640680.000000,1000818731650558,1000818732810088
121,121,"Agent 1",1,43587,43587,2097152,1,"gemm",512,131072,0,128,0,112,"TCC_WRITE_SECTORS",33554432.000000,1000818731650558,1000818732810088
121,121,"Agent 1",1,43587,43587,2097152,1,"gemm",512,131072,0,128,0,112,"TCP_TCP_TA_DATA_STALL_CYCLES",55308963.000000,1000818731650558,1000818732810088
121,121,"Agent 1",1,43587,43587,2097152,1,"gemm",512,131072,0,128,0,112,"TCP_TCP_TA_ADDR_STALL_CYCLES",84870728.000000,1000818731650558,1000818732810088
122,122,"Agent 1",1,43587,43587,2097152,1,"gemm",512,131072,0,128,0,112,"SQ_INSTS_VMEM_WR",524288.000000,1000818732934809,1000818734095820
122,122,"Agent 1",1,43587,43587,2097152,1,"gemm",512,131072,0,128,0,112,"SQ_VMEM_TA_CMD_FIFO_FULL",75811524.000000,1000818732934809,1000818734095820
122,122,"Agent 1",1,43587,43587,2097152,1,"gemm",512,131072,0,128,0,112,"TCC_WRITE_SECTORS",33554432.000000,1000818732934809,1000818734095820
122,122,"Agent 1",1,43587,43587,2097152,1,"gemm",512,131072,0,128,0,112,"TCP_TCP_TA_DATA_STALL_CYCLES",56792446.000000,1000818732934809,1000818734095820
122,122,"Agent 1",1,43587,43587,2097152,1,"gemm",512,131072,0,128,0,112,"TCP_TCP_TA_ADDR_STALL_CYCLES",87591036.000000,1000818732934809,1000818734095820
123,123,"Agent 1",1,43587,43587,2097152,1,"gemm",512,131072,0,128,0,112,"SQ_INSTS_VMEM_WR",524288.000000,1000818734220581,1000818735378152
123,123,"Agent 1",1,43587,43587,2097152,1,"gemm",512,131072,0,128,0,112,"SQ_VMEM_TA_CMD_FIFO_FULL",74509878.000000,1000818734220581,1000818735378152
123,123,"Agent 1",1,43587,43587,2097152,1,"gemm",512,131072,0,128,0,112,"TCC_WRITE_SECTORS",33554432.000000,1000818734220581,1000818735378152
123,123,"Agent 1",1,43587,43587,2097152,1,"gemm",512,131072,0,128,0,112,"TCP_TCP_TA_DATA_STALL_CYCLES",56401435.000000,1000818734220581,1000818735378152
123,123,"Agent 1",1,43587,43587,2097152,1,"gemm",512,131072,0,128,0,112,"TCP_TCP_TA_ADDR_STALL_CYCLES",87032886.000000,1000818734220581,1000818735378152
124,124,"Agent 1",1,43587,43587,2097152,1,"gemm",512,131072,0,128,0,112,"SQ_INSTS_VMEM_WR",524288.000000,1000818735497273,1000818736656243
124,124,"Agent 1",1,43587,43587,2097152,1,"gemm",512,131072,0,128,0,112,"SQ_VMEM_TA_CMD_FIFO_FULL",74730095.000000,1000818735497273,1000818736656243
124,124,"Agent 1",1,43587,43587,2097152,1,"gemm",512,131072,0,128,0,112,"TCC_WRITE_SECTORS",33554432.000000,1000818735497273,1000818736656243
124,124,"Agent 1",1,43587,43587,2097152,1,"gemm",512,131072,0,128,0,112,"TCP_TCP_TA_DATA_STALL_CYCLES",56127598.000000,1000818735497273,1000818736656243
124,124,"Agent 1",1,43587,43587,2097152,1,"gemm",512,131072,0,128,0,112,"TCP_TCP_TA_ADDR_STALL_CYCLES",87393058.000000,1000818735497273,1000818736656243
125,125,"Agent 1",1,43587,43587,2097152,1,"gemm",512,131072,0,128,0,112,"SQ_INSTS_VMEM_WR",524288.000000,1000818736773405,1000818737933655
125,125,"Agent 1",1,43587,43587,2097152,1,"gemm",512,131072,0,128,0,112,"SQ_VMEM_TA_CMD_FIFO_FULL",73277298.000000,1000818736773405,1000818737933655
125,125,"Agent 1",1,43587,43587,2097152,1,"gemm",512,131072,0,128,0,112,"TCC_WRITE_SECTORS",33554432.000000,1000818736773405,1000818737933655
125,125,"Agent 1",1,43587,43587,2097152,1,"gemm",512,131072,0,128,0,112,"TCP_TCP_TA_DATA_STALL_CYCLES",58592083.000000,1000818736773405,1000818737933655
125,125,"Agent 1",1,43587,43587,2097152,1,"gemm",512,131072,0,128,0,112,"TCP_TCP_TA_ADDR_STALL_CYCLES",88343536.000000,1000818736773405,1000818737933655
126,126,"Agent 1",1,43587,43587,2097152,1,"gemm",512,131072,0,128,0,112,"SQ_INSTS_VMEM_WR",524288.000000,1000818738060736,1000818739223867
126,126,"Agent 1",1,43587,43587,2097152,1,"gemm",512,131072,0,128,0,112,"SQ_VMEM_TA_CMD_FIFO_FULL",73560848.000000,1000818738060736,1000818739223867
126,126,"Agent 1",1,43587,43587,2097152,1,"gemm",512,131072,0,128,0,112,"TCC_WRITE_SECTORS",33554432.000000,1000818738060736,1000818739223867
126,126,"Agent 1",1,43587,43587,2097152,1,"gemm",512,131072,0,128,0,112,"TCP_TCP_TA_DATA_STALL_CYCLES",58172896.000000,1000818738060736,1000818739223867
126,126,"Agent 1",1,43587,43587,2097152,1,"gemm",512,131072,0,128,0,112,"TCP_TCP_TA_ADDR_STALL_CYCLES",87726552.000000,1000818738060736,1000818739223867
127,127,"Agent 1",1,43587,43587,2097152,1,"gemm",512,131072,0,128,0,112,"SQ_INSTS_VMEM_WR",524288.000000,1000818739335468,1000818740493199
127,127,"Agent 1",1,43587,43587,2097152,1,"gemm",512,131072,0,128,0,112,"SQ_VMEM_TA_CMD_FIFO_FULL",73642209.000000,1000818739335468,1000818740493199
127,127,"Agent 1",1,43587,43587,2097152,1,"gemm",512,131072,0,128,0,112,"TCC_WRITE_SECTORS",33554432.000000,1000818739335468,1000818740493199
127,127,"Agent 1",1,43587,43587,2097152,1,"gemm",512,131072,0,128,0,112,"TCP_TCP_TA_DATA_STALL_CYCLES",57451186.000000,1000818739335468,1000818740493199
127,127,"Agent 1",1,43587,43587,2097152,1,"gemm",512,131072,0,128,0,112,"TCP_TCP_TA_ADDR_STALL_CYCLES",86666308.000000,1000818739335468,1000818740493199
128,128,"Agent 1",1,43587,43587,2097152,1,"gemm",512,131072,0,128,0,112,"SQ_INSTS_VMEM_WR",524288.000000,1000818740614280,1000818741774090
128,128,"Agent 1",1,43587,43587,2097152,1,"gemm",512,131072,0,128,0,112,"SQ_VMEM_TA_CMD_FIFO_FULL",72811258.000000,1000818740614280,1000818741774090
128,128,"Agent 1",1,43587,43587,2097152,1,"gemm",512,131072,0,128,0,112,"TCC_WRITE_SECTORS",33554432.000000,1000818740614280,1000818741774090
128,128,"Agent 1",1,43587,43587,2097152,1,"gemm",512,131072,0,128,0,112,"TCP_TCP_TA_DATA_STALL_CYCLES",56552379.000000,1000818740614280,1000818741774090
128,128,"Agent 1",1,43587,43587,2097152,1,"gemm",512,131072,0,128,0,112,"TCP_TCP_TA_ADDR_STALL_CYCLES",85172669.000000,1000818740614280,1000818741774090
129,129,"Agent 1",1,43587,43587,2097152,1,"gemm",512,131072,0,128,0,112,"SQ_INSTS_VMEM_WR",524288.000000,1000818741889172,1000818743047262
129,129,"Agent 1",1,43587,43587,2097152,1,"gemm",512,131072,0,128,0,112,"SQ_VMEM_TA_CMD_FIFO_FULL",75723971.000000,1000818741889172,1000818743047262
129,129,"Agent 1",1,43587,43587,2097152,1,"gemm",512,131072,0,128,0,112,"TCC_WRITE_SECTORS",33554432.000000,1000818741889172,1000818743047262
129,129,"Agent 1",1,43587,43587,2097152,1,"gemm",512,131072,0,128,0,112,"TCP_TCP_TA_DATA_STALL_CYCLES",55938260.000000,1000818741889172,1000818743047262
129,129,"Agent 1",1,43587,43587,2097152,1,"gemm",512,131072,0,128,0,112,"TCP_TCP_TA_ADDR_STALL_CYCLES",87275463.000000,1000818741889172,1000818743047262
130,130,"Agent 1",1,43587,43587,2097152,1,"gemm",512,131072,0,128,0,112,"SQ_INSTS_VMEM_WR",524288.000000,1000818743161503,1000818744318954
130,130,"Agent 1",1,43587,43587,2097152,1,"gemm",512,131072,0,128,0,112,"SQ_VMEM_TA_CMD_FIFO_FULL",71725688.000000,1000818743161503,1000818744318954
130,130,"Agent 1",1,43587,43587,2097152,1,"gemm",512,131072,0,128,0,112,"TCC_WRITE_SECTORS",33554432.000000,1000818743161503,1000818744318954
130,130,"Agent 1",1,43587,43587,2097152,1,"gemm",512,131072,0,128,0,112,"TCP_TCP_TA_DATA_STALL_CYCLES",56963603.000000,1000818743161503,1000818744318954
130,130,"Agent 1",1,43587,43587,2097152,1,"gemm",512,131072,0,128,0,112,"TCP_TCP_TA_ADDR_STALL_CYCLES",86094250.000000,1000818743161503,1000818744318954
131,131,"Agent 1",1,43587,43587,2097152,1,"gemm",512,131072,0,128,0,112,"SQ_INSTS_VMEM_WR",524288.000000,1000818744424995,1000818745584325
131,131,"Agent 1",1,43587,43587,2097152,1,"gemm",512,131072,0,128,0,112,"SQ_VMEM_TA_CMD_FIFO_FULL",74259548.000000,1000818744424995,1000818745584325
131,131,"Agent 1",1,43587,43587,2097152,1,"gemm",512,131072,0,128,0,112,"TCC_WRITE_SECTORS",33554432.000000,1000818744424995,1000818745584325
131,131,"Agent 1",1,43587,43587,2097152,1,"gemm",512,131072,0,128,0,112,"TCP_TCP_TA_DATA_STALL_CYCLES",56659910.000000,1000818744424995,1000818745584325
131,131,"Agent 1",1,43587,43587,2097152,1,"gemm",512,131072,0,128,0,112,"TCP_TCP_TA_ADDR_STALL_CYCLES",87146355.000000,1000818744424995,1000818745584325
132,132,"Agent 1",1,43587,43587,2097152,1,"gemm",512,131072,0,128,0,112,"SQ_INSTS_VMEM_WR",524288.000000,1000818745691366,1000818746854297
132,132,"Agent 1",1,43587,43587,2097152,1,"gemm",512,131072,0,128,0,112,"SQ_VMEM_TA_CMD_FIFO_FULL",74533642.000000,1000818745691366,1000818746854297
132,132,"Agent 1",1,43587,43587,2097152,1,"gemm",512,131072,0,128,0,112,"TCC_WRITE_SECTORS",33554432.000000,1000818745691366,1000818746854297
132,132,"Agent 1",1,43587,43587,2097152,1,"gemm",512,131072,0,128,0,112,"TCP_TCP_TA_DATA_STALL_CYCLES",58771658.000000,1000818745691366,1000818746854297
132,132,"Agent 1",1,43587,43587,2097152,1,"gemm",512,131072,0,128,0,112,"TCP_TCP_TA_ADDR_STALL_CYCLES",88737229.000000,1000818745691366,1000818746854297
133,133,"Agent 1",1,43587,43587,2097152,1,"gemm",512,131072,0,128,0,112,"SQ_INSTS_VMEM_WR",524288.000000,1000818746966338,1000818748128549
133,133,"Agent 1",1,43587,43587,2097152,1,"gemm",512,131072,0,128,0,112,"SQ_VMEM_TA_CMD_FIFO_FULL",75162949.000000,1000818746966338,1000818748128549
133,133,"Agent 1",1,43587,43587,2097152,1,"gemm",512,131072,0,128,0,112,"TCC_WRITE_SECTORS",33554432.000000,1000818746966338,1000818748128549
133,133,"Agent 1",1,43587,43587,2097152,1,"gemm",512,131072,0,128,0,112,"TCP_TCP_TA_DATA_STALL_CYCLES",57327487.000000,1000818746966338,1000818748128549
133,133,"Agent 1",1,43587,43587,2097152,1,"gemm",512,131072,0,128,0,112,"TCP_TCP_TA_ADDR_STALL_CYCLES",88118109.000000,1000818746966338,1000818748128549
134,134,"Agent 1",1,43587,43587,2097152,1,"gemm",512,131072,0,128,0,112,"SQ_INSTS_VMEM_WR",524288.000000,1000818748237270,1000818749394720
134,134,"Agent 1",1,43587,43587,2097152,1,"gemm",512,131072,0,128,0,112,"SQ_VMEM_TA_CMD_FIFO_FULL",72454912.000000,1000818748237270,1000818749394720
134,134,"Agent 1",1,43587,43587,2097152,1,"gemm",512,131072,0,128,0,112,"TCC_WRITE_SECTORS",33554432.000000,1000818748237270,1000818749394720
134,134,"Agent 1",1,43587,43587,2097152,1,"gemm",512,131072,0,128,0,112,"TCP_TCP_TA_DATA_STALL_CYCLES",57427974.000000,1000818748237270,1000818749394720
134,134,"Agent 1",1,43587,43587,2097152,1,"gemm",512,131072,0,128,0,112,"TCP_TCP_TA_ADDR_STALL_CYCLES",87124033.000000,1000818748237270,1000818749394720
135,135,"Agent 1",1,43587,43587,2097152,1,"gemm",512,131072,0,128,0,112,"SQ_INSTS_VMEM_WR",524288.000000,1000818749505801,1000818750657052
135,135,"Agent 1",1,43587,43587,2097152,1,"gemm",512,131072,0,128,0,112,"SQ_VMEM_TA_CMD_FIFO_FULL",70948707.000000,1000818749505801,1000818750657052
135,135,"Agent 1",1,43587,43587,2097152,1,"gemm",512,131072,0,128,0,112,"TCC_WRITE_SECTORS",33554432.000000,1000818749505801,1000818750657052
135,135,"Agent 1",1,43587,43587,2097152,1,"gemm",512,131072,0,128,0,112,"TCP_TCP_TA_DATA_STALL_CYCLES",56646225.000000,1000818749505801,1000818750657052
135,135,"Agent 1",1,43587,43587,2097152,1,"gemm",512,131072,0,128,0,112,"TCP_TCP_TA_ADDR_STALL_CYCLES",84726622.000000,1000818749505801,1000818750657052
136,136,"Agent 1",1,43587,43587,2097152,1,"gemm",512,131072,0,128,0,112,"SQ_INSTS_VMEM_WR",524288.000000,1000818750768253,1000818751927624
136,136,"Agent 1",1,43587,43587,2097152,1,"gemm",512,131072,0,128,0,112,"SQ_VMEM_TA_CMD_FIFO_FULL",72830994.000000,1000818750768253,1000818751927624
136,136,"Agent 1",1,43587,43587,2097152,1,"gemm",512,131072,0,128,0,112,"TCC_WRITE_SECTORS",33554432.000000,1000818750768253,1000818751927624
136,136,"Agent 1",1,43587,43587,2097152,1,"gemm",512,131072,0,128,0,112,"TCP_TCP_TA_DATA_STALL_CYCLES",56891492.000000,1000818750768253,1000818751927624
136,136,"Agent 1",1,43587,43587,2097152,1,"gemm",512,131072,0,128,0,112,"TCP_TCP_TA_ADDR_STALL_CYCLES",86089048.000000,1000818750768253,1000818751927624
137,137,"Agent 1",1,43587,43587,2097152,1,"gemm",512,131072,0,128,0,112,"SQ_INSTS_VMEM_WR",524288.000000,1000818752056985,1000818753212235
137,137,"Agent 1",1,43587,43587,2097152,1,"gemm",512,131072,0,128,0,112,"SQ_VMEM_TA_CMD_FIFO_FULL",72028744.000000,1000818752056985,1000818753212235
137,137,"Agent 1",1,43587,43587,2097152,1,"gemm",512,131072,0,128,0,112,"TCC_WRITE_SECTORS",33554432.000000,1000818752056985,1000818753212235
137,137,"Agent 1",1,43587,43587,2097152,1,"gemm",512,131072,0,128,0,112,"TCP_TCP_TA_DATA_STALL_CYCLES",55698629.000000,1000818752056985,1000818753212235
137,137,"Agent 1",1,43587,43587,2097152,1,"gemm",512,131072,0,128,0,112,"TCP_TCP_TA_ADDR_STALL_CYCLES",84703684.000000,1000818752056985,1000818753212235
138,138,"Agent 1",1,43587,43587,2097152,1,"gemm",512,131072,0,128,0,112,"SQ_INSTS_VMEM_WR",524288.000000,1000818753332517,1000818754495927
138,138,"Agent 1",1,43587,43587,2097152,1,"gemm",512,131072,0,128,0,112,"SQ_VMEM_TA_CMD_FIFO_FULL",74633026.000000,1000818753332517,1000818754495927
138,138,"Agent 1",1,43587,43587,2097152,1,"gemm",512,131072,0,128,0,112,"TCC_WRITE_SECTORS",33554432.000000,1000818753332517,1000818754495927
138,138,"Agent 1",1,43587,43587,2097152,1,"gemm",512,131072,0,128,0,112,"TCP_TCP_TA_DATA_STALL_CYCLES",56793450.000000,1000818753332517,1000818754495927
138,138,"Agent 1",1,43587,43587,2097152,1,"gemm",512,131072,0,128,0,112,"TCP_TCP_TA_ADDR_STALL_CYCLES",87671595.000000,1000818753332517,1000818754495927
139,139,"Agent 1",1,43587,43587,2097152,1,"gemm",512,131072,0,128,0,112,"SQ_INSTS_VMEM_WR",524288.000000,1000818754608688,1000818755760059
139,139,"Agent 1",1,43587,43587,2097152,1,"gemm",512,131072,0,128,0,112,"SQ_VMEM_TA_CMD_FIFO_FULL",72154155.000000,1000818754608688,1000818755760059
139,139,"Agent 1",1,43587,43587,2097152,1,"gemm",512,131072,0,128,0,112,"TCC_WRITE_SECTORS",33554432.000000,1000818754608688,1000818755760059
139,139,"Agent 1",1,43587,43587,2097152,1,"gemm",512,131072,0,128,0,112,"TCP_TCP_TA_DATA_STALL_CYCLES",54833927.000000,1000818754608688,1000818755760059
139,139,"Agent 1",1,43587,43587,2097152,1,"gemm",512,131072,0,128,0,112,"TCP_TCP_TA_ADDR_STALL_CYCLES",83486888.000000,1000818754608688,1000818755760059
140,140,"Agent 1",1,43587,43587,2097152,1,"gemm",512,131072,0,128,0,112,"SQ_INSTS_VMEM_WR",524288.000000,1000818755873060,1000818757037671
140,140,"Agent 1",1,43587,43587,2097152,1,"gemm",512,131072,0,128,0,112,"SQ_VMEM_TA_CMD_FIFO_FULL",76204331.000000,1000818755873060,1000818757037671
140,140,"Agent 1",1,43587,43587,2097152,1,"gemm",512,131072,0,128,0,112,"TCC_WRITE_SECTORS",33554432.000000,1000818755873060,1000818757037671
140,140,"Agent 1",1,43587,43587,2097152,1,"gemm",512,131072,0,128,0,112,"TCP_TCP_TA_DATA_STALL_CYCLES",57499604.000000,1000818755873060,1000818757037671
140,140,"Agent 1",1,43587,43587,2097152,1,"gemm",512,131072,0,128,0,112,"TCP_TCP_TA_ADDR_STALL_CYCLES",88775993.000000,1000818755873060,1000818757037671
141,141,"Agent 1",1,43587,43587,2097152,1,"gemm",512,131072,0,128,0,112,"SQ_INSTS_VMEM_WR",524288.000000,1000818757152992,1000818758311082
141,141,"Agent 1",1,43587,43587,2097152,1,"gemm",512,131072,0,128,0,112,"SQ_VMEM_TA_CMD_FIFO_FULL",74638412.000000,1000818757152992,1000818758311082
141,141,"Agent 1",1,43587,43587,2097152,1,"gemm",512,131072,0,128,0,112,"TCC_WRITE_SECTORS",33554432.000000,1000818757152992,1000818758311082
141,141,"Agent 1",1,43587,43587,2097152,1,"gemm",512,131072,0,128,0,112,"TCP_TCP_TA_DATA_STALL_CYCLES",56386726.000000,1000818757152992,1000818758311082
141,141,"Agent 1",1,43587,43587,2097152,1,"gemm",512,131072,0,128,0,112,"TCP_TCP_TA_ADDR_STALL_CYCLES",86774918.000000,1000818757152992,1000818758311082
142,142,"Agent 1",1,43587,43587,2097152,1,"gemm",512,131072,0,128,0,112,"SQ_INSTS_VMEM_WR",524288.000000,1000818758417123,1000818759573934
142,142,"Agent 1",1,43587,43587,2097152,1,"gemm",512,131072,0,128,0,112,"SQ_VMEM_TA_CMD_FIFO_FULL",71797765.000000,1000818758417123,1000818759573934
142,142,"Agent 1",1,43587,43587,2097152,1,"gemm",512,131072,0,128,0,112,"TCC_WRITE_SECTORS",33554432.000000,1000818758417123,1000818759573934
142,142,"Agent 1",1,43587,43587,2097152,1,"gemm",512,131072,0,128,0,112,"TCP_TCP_TA_DATA_STALL_CYCLES",57276958.000000,1000818758417123,1000818759573934
142,142,"Agent 1",1,43587,43587,2097152,1,"gemm",512,131072,0,128,0,112,"TCP_TCP_TA_ADDR_STALL_CYCLES",86452302.000000,1000818758417123,1000818759573934
143,143,"Agent 1",1,43587,43587,2097152,1,"gemm",512,131072,0,128,0,112,"SQ_INSTS_VMEM_WR",524288.000000,1000818759701615,1000818760862546
143,143,"Agent 1",1,43587,43587,2097152,1,"gemm",512,131072,0,128,0,112,"SQ_VMEM_TA_CMD_FIFO_FULL",74394949.000000,1000818759701615,1000818760862546
143,143,"Agent 1",1,43587,43587,2097152,1,"gemm",512,131072,0,128,0,112,"TCC_WRITE_SECTORS",33554432.000000,1000818759701615,1000818760862546
143,143,"Agent 1",1,43587,43587,2097152,1,"gemm",512,131072,0,128,0,112,"TCP_TCP_TA_DATA_STALL_CYCLES",56457803.000000,1000818759701615,1000818760862546
143,143,"Agent 1",1,43587,43587,2097152,1,"gemm",512,131072,0,128,0,112,"TCP_TCP_TA_ADDR_STALL_CYCLES",87098332.000000,1000818759701615,1000818760862546
144,144,"Agent 1",1,43587,43587,2097152,1,"gemm",512,131072,0,128,0,112,"SQ_INSTS_VMEM_WR",524288.000000,1000818760975347,1000818762133797
144,144,"Agent 1",1,43587,43587,2097152,1,"gemm",512,131072,0,128,0,112,"SQ_VMEM_TA_CMD_FIFO_FULL",73101045.000000,1000818760975347,1000818762133797
144,144,"Agent 1",1,43587,43587,2097152,1,"gemm",512,131072,0,128,0,112,"TCC_WRITE_SECTORS",33554432.000000,1000818760975347,1000818762133797
144,144,"Agent 1",1,43587,43587,2097152,1,"gemm",512,131072,0,128,0,112,"TCP_TCP_TA_DATA_STALL_CYCLES",56164311.000000,1000818760975347,1000818762133797
144,144,"Agent 1",1,43587,43587,2097152,1,"gemm",512,131072,0,128,0,112,"TCP_TCP_TA_ADDR_STALL_CYCLES",85742321.000000,1000818760975347,1000818762133797
145,145,"Agent 1",1,43587,43587,2097152,1,"gemm",512,131072,0,128,0,112,"SQ_INSTS_VMEM_WR",524288.000000,1000818762247358,1000818763409889
145,145,"Agent 1",1,43587,43587,2097152,1,"gemm",512,131072,0,128,0,112,"SQ_VMEM_TA_CMD_FIFO_FULL",74425859.000000,1000818762247358,1000818763409889
145,145,"Agent 1",1,43587,43587,2097152,1,"gemm",512,131072,0,128,0,112,"TCC_WRITE_SECTORS",33554432.000000,1000818762247358,1000818763409889
145,145,"Agent 1",1,43587,43587,2097152,1,"gemm",512,131072,0,128,0,112,"TCP_TCP_TA_DATA_STALL_CYCLES",58556705.000000,1000818762247358,1000818763409889
145,145,"Agent 1",1,43587,43587,2097152,1,"gemm",512,131072,0,128,0,112,"TCP_TCP_TA_ADDR_STALL_CYCLES",88565437.000000,1000818762247358,1000818763409889
146,146,"Agent 1",1,43587,43587,2097152,1,"gemm",512,131072,0,128,0,112,"SQ_INSTS_VMEM_WR",524288.000000,1000818763528730,1000818764683781
146,146,"Agent 1",1,43587,43587,2097152,1,"gemm",512,131072,0,128,0,112,"SQ_VMEM_TA_CMD_FIFO_FULL",71703689.000000,1000818763528730,1000818764683781
146,146,"Agent 1",1,43587,43587,2097152,1,"gemm",512,131072,0,128,0,112,"TCC_WRITE_SECTORS",33554432.000000,1000818763528730,1000818764683781
146,146,"Agent 1",1,43587,43587,2097152,1,"gemm",512,131072,0,128,0,112,"TCP_TCP_TA_DATA_STALL_CYCLES",55690545.000000,1000818763528730,1000818764683781
146,146,"Agent 1",1,43587,43587,2097152,1,"gemm",512,131072,0,128,0,112,"TCP_TCP_TA_ADDR_STALL_CYCLES",84665197.000000,1000818763528730,1000818764683781
147,147,"Agent 1",1,43587,43587,2097152,1,"gemm",512,131072,0,128,0,112,"SQ_INSTS_VMEM_WR",524288.000000,1000818764799622,1000818765961112
147,147,"Agent 1",1,43587,43587,2097152,1,"gemm",512,131072,0,128,0,112,"SQ_VMEM_TA_CMD_FIFO_FULL",75612885.000000,1000818764799622,1000818765961112
147,147,"Agent 1",1,43587,43587,2097152,1,"gemm",512,131072,0,128,0,112,"TCC_WRITE_SECTORS",33554432.000000,1000818764799622,1000818765961112
147,147,"Agent 1",1,43587,43587,2097152,1,"gemm",512,131072,0,128,0,112,"TCP_TCP_TA_DATA_STALL_CYCLES",55711897.000000,1000818764799622,1000818765961112
147,147,"Agent 1",1,43587,43587,2097152,1,"gemm",512,131072,0,128,0,112,"TCP_TCP_TA_ADDR_STALL_CYCLES",86287854.000000,1000818764799622,1000818765961112
148,148,"Agent 1",1,43587,43587,2097152,1,"gemm",512,131072,0,128,0,112,"SQ_INSTS_VMEM_WR",524288.000000,1000818766079274,1000818767246364
148,148,"Agent 1",1,43587,43587,2097152,1,"gemm",512,131072,0,128,0,112,"SQ_VMEM_TA_CMD_FIFO_FULL",75362647.000000,1000818766079274,1000818767246364
148,148,"Agent 1",1,43587,43587,2097152,1,"gemm",512,131072,0,128,0,112,"TCC_WRITE_SECTORS",33554432.000000,1000818766079274,1000818767246364
148,148,"Agent 1",1,43587,43587,2097152,1,"gemm",512,131072,0,128,0,112,"TCP_TCP_TA_DATA_STALL_CYCLES",59207389.000000,1000818766079274,1000818767246364
148,148,"Agent 1",1,43587,43587,2097152,1,"gemm",512,131072,0,128,0,112,"TCP_TCP_TA_ADDR_STALL_CYCLES",90120961.000000,1000818766079274,1000818767246364
149,149,"Agent 1",1,43587,43587,2097152,1,"gemm",512,131072,0,128,0,112,"SQ_INSTS_VMEM_WR",524288.000000,1000818767359405,1000818768517096
149,149,"Agent 1",1,43587,43587,2097152,1,"gemm",512,131072,0,128,0,112,"SQ_VMEM_TA_CMD_FIFO_FULL",73627979.000000,1000818767359405,1000818768517096
149,149,"Agent 1",1,43587,43587,2097152,1,"gemm",512,131072,0,128,0,112,"TCC_WRITE_SECTORS",33554432.000000,1000818767359405,1000818768517096
149,149,"Agent 1",1,43587,43587,2097152,1,"gemm",512,131072,0,128,0,112,"TCP_TCP_TA_DATA_STALL_CYCLES",55936140.000000,1000818767359405,1000818768517096
149,149,"Agent 1",1,43587,43587,2097152,1,"gemm",512,131072,0,128,0,112,"TCP_TCP_TA_ADDR_STALL_CYCLES",85954747.000000,1000818767359405,1000818768517096
150,150,"Agent 1",1,43587,43587,2097152,1,"gemm",512,131072,0,128,0,112,"SQ_INSTS_VMEM_WR",524288.000000,1000818768625337,1000818769786228
150,150,"Agent 1",1,43587,43587,2097152,1,"gemm",512,131072,0,128,0,112,"SQ_VMEM_TA_CMD_FIFO_FULL",74723898.000000,1000818768625337,1000818769786228
150,150,"Agent 1",1,43587,43587,2097152,1,"gemm",512,131072,0,128,0,112,"TCC_WRITE_SECTORS",33554432.000000,1000818768625337,1000818769786228
150,150,"Agent 1",1,43587,43587,2097152,1,"gemm",512,131072,0,128,0,112,"TCP_TCP_TA_DATA_STALL_CYCLES",57556883.000000,1000818768625337,1000818769786228
150,150,"Agent 1",1,43587,43587,2097152,1,"gemm",512,131072,0,128,0,112,"TCP_TCP_TA_ADDR_STALL_CYCLES",88030828.000000,1000818768625337,1000818769786228
151,151,"Agent 1",1,43587,43587,2097152,1,"gemm",512,131072,0,128,0,112,"SQ_INSTS_VMEM_WR",524288.000000,1000818769892869,1000818771047639
151,151,"Agent 1",1,43587,43587,2097152,1,"gemm",512,131072,0,128,0,112,"SQ_VMEM_TA_CMD_FIFO_FULL",70432461.000000,1000818769892869,1000818771047639
151,151,"Agent 1",1,43587,43587,2097152,1,"gemm",512,131072,0,128,0,112,"TCC_WRITE_SECTORS",33554432.000000,1000818769892869,1000818771047639
151,151,"Agent 1",1,43587,43587,2097152,1,"gemm",512,131072,0,128,0,112,"TCP_TCP_TA_DATA_STALL_CYCLES",58197931.000000,1000818769892869,1000818771047639
151,151,"Agent 1",1,43587,43587,2097152,1,"gemm",512,131072,0,128,0,112,"TCP_TCP_TA_ADDR_STALL_CYCLES",86186950.000000,1000818769892869,1000818771047639
152,152,"Agent 1",1,43587,43587,2097152,1,"gemm",512,131072,0,128,0,112,"SQ_INSTS_VMEM_WR",524288.000000,1000818771155800,1000818772321091
152,152,"Agent 1",1,43587,43587,2097152,1,"gemm",512,131072,0,128,0,112,"SQ_VMEM_TA_CMD_FIFO_FULL",76469223.000000,1000818771155800,1000818772321091
152,152,"Agent 1",1,43587,43587,2097152,1,"gemm",512,131072,0,128,0,112,"TCC_WRITE_SECTORS",33554432.000000,1000818771155800,1000818772321091
152,152,"Agent 1",1,43587,43587,2097152,1,"gemm",512,131072,0,128,0,112,"TCP_TCP_TA_DATA_STALL_CYCLES",58466692.000000,1000818771155800,1000818772321091
152,152,"Agent 1",1,43587,43587,2097152,1,"gemm",512,131072,0,128,0,112,"TCP_TCP_TA_ADDR_STALL_CYCLES",90186634.000000,1000818771155800,1000818772321091
153,153,"Agent 1",1,43587,43587,2097152,1,"gemm",512,131072,0,128,0,112,"SQ_INSTS_VMEM_WR",524288.000000,1000818772438450,1000818773596661
153,153,"Agent 1",1,43587,43587,2097152,1,"gemm",512,131072,0,128,0,112,"SQ_VMEM_TA_CMD_FIFO_FULL",71997620.000000,1000818772438450,1000818773596661
153,153,"Agent 1",1,43587,43587,2097152,1,"gemm",512,131072,0,128,0,112,"TCC_WRITE_SECTORS",33554432.000000,1000818772438450,1000818773596661
153,153,"Agent 1",1,43587,43587,2097152,1,"gemm",512,131072,0,128,0,112,"TCP_TCP_TA_DATA_STALL_CYCLES",58781642.000000,1000818772438450,1000818773596661
153,153,"Agent 1",1,43587,43587,2097152,1,"gemm",512,131072,0,128,0,112,"TCP_TCP_TA_ADDR_STALL_CYCLES",87438528.000000,1000818772438450,1000818773596661
154,154,"Agent 1",1,43587,43587,2097152,1,"gemm",512,131072,0,128,0,112,"SQ_INSTS_VMEM_WR",524288.000000,1000818773710421,1000818774871711
154,154,"Agent 1",1,43587,43587,2097152,1,"gemm",512,131072,0,128,0,112,"SQ_VMEM_TA_CMD_FIFO_FULL",74388670.000000,1000818773710421,1000818774871711
154,154,"Agent 1",1,43587,43587,2097152,1,"gemm",512,131072,0,128,0,112,"TCC_WRITE_SECTORS",33554432.000000,1000818773710421,1000818774871711
154,154,"Agent 1",1,43587,43587,2097152,1,"gemm",512,131072,0,128,0,112,"TCP_TCP_TA_DATA_STALL_CYCLES",55387538.000000,1000818773710421,1000818774871711
154,154,"Agent 1",1,43587,43587,2097152,1,"gemm",512,131072,0,128,0,112,"TCP_TCP_TA_ADDR_STALL_CYCLES",84866222.000000,1000818773710421,1000818774871711
155,155,"Agent 1",1,43587,43587,2097152,1,"gemm",512,131072,0,128,0,112,"SQ_INSTS_VMEM_WR",524288.000000,1000818774980752,1000818776138403
155,155,"Agent 1",1,43587,43587,2097152,1,"gemm",512,131072,0,128,0,112,"SQ_VMEM_TA_CMD_FIFO_FULL",73996238.000000,1000818774980752,1000818776138403
155,155,"Agent 1",1,43587,43587,2097152,1,"gemm",512,131072,0,128,0,112,"TCC_WRITE_SECTORS",33554432.000000,1000818774980752,1000818776138403
155,155,"Agent 1",1,43587,43587,2097152,1,"gemm",512,131072,0,128,0,112,"TCP_TCP_TA_DATA_STALL_CYCLES",56206262.000000,1000818774980752,1000818776138403
155,155,"Agent 1",1,43587,43587,2097152,1,"gemm",512,131072,0,128,0,112,"TCP_TCP_TA_ADDR_STALL_CYCLES",86015292.000000,1000818774980752,1000818776138403
156,156,"Agent 1",1,43587,43587,2097152,1,"gemm",512,131072,0,128,0,112,"SQ_INSTS_VMEM_WR",524288.000000,1000818776245404,1000818777401575
156,156,"Agent 1",1,43587,43587,2097152,1,"gemm",512,131072,0,128,0,112,"SQ_VMEM_TA_CMD_FIFO_FULL",72617192.000000,1000818776245404,1000818777401575
156,156,"Agent 1",1,43587,43587,2097152,1,"gemm",512,131072,0,128,0,112,"TCC_WRITE_SECTORS",33554432.000000,1000818776245404,1000818777401575
156,156,"Agent 1",1,43587,43587,2097152,1,"gemm",512,131072,0,128,0,112,"TCP_TCP_TA_DATA_STALL_CYCLES",56012140.000000,1000818776245404,1000818777401575
156,156,"Agent 1",1,43587,43587,2097152,1,"gemm",512,131072,0,128,0,112,"TCP_TCP_TA_ADDR_STALL_CYCLES",85164339.000000,1000818776245404,1000818777401575
157,157,"Agent 1",1,43587,43587,2097152,1,"gemm",512,131072,0,128,0,112,"SQ_INSTS_VMEM_WR",524288.000000,1000818777505016,1000818778667826
157,157,"Agent 1",1,43587,43587,2097152,1,"gemm",512,131072,0,128,0,112,"SQ_VMEM_TA_CMD_FIFO_FULL",74278966.000000,1000818777505016,1000818778667826
157,157,"Agent 1",1,43587,43587,2097152,1,"gemm",512,131072,0,128,0,112,"TCC_WRITE_SECTORS",33554432.000000,1000818777505016,1000818778667826
157,157,"Agent 1",1,43587,43587,2097152,1,"gemm",512,131072,0,128,0,112,"TCP_TCP_TA_DATA_STALL_CYCLES",58664489.000000,1000818777505016,1000818778667826
157,157,"Agent 1",1,43587,43587,2097152,1,"gemm",512,131072,0,128,0,112,"TCP_TCP_TA_ADDR_STALL_CYCLES",88906778.000000,1000818777505016,1000818778667826
158,158,"Agent 1",1,43587,43587,2097152,1,"gemm",512,131072,0,128,0,112,"SQ_INSTS_VMEM_WR",524288.000000,1000818778781107,1000818779937118
158,158,"Agent 1",1,43587,43587,2097152,1,"gemm",512,131072,0,128,0,112,"SQ_VMEM_TA_CMD_FIFO_FULL",73202258.000000,1000818778781107,1000818779937118
158,158,"Agent 1",1,43587,43587,2097152,1,"gemm",512,131072,0,128,0,112,"TCC_WRITE_SECTORS",33554432.000000,1000818778781107,1000818779937118
158,158,"Agent 1",1,43587,43587,2097152,1,"gemm",512,131072,0,128,0,112,"TCP_TCP_TA_DATA_STALL_CYCLES",55969993.000000,1000818778781107,1000818779937118
158,158,"Agent 1",1,43587,43587,2097152,1,"gemm",512,131072,0,128,0,112,"TCP_TCP_TA_ADDR_STALL_CYCLES",85258977.000000,1000818778781107,1000818779937118
159,159,"Agent 1",1,43587,43587,2097152,1,"gemm",512,131072,0,128,0,112,"SQ_INSTS_VMEM_WR",524288.000000,1000818780051679,1000818781211490
159,159,"Agent 1",1,43587,43587,2097152,1,"gemm",512,131072,0,128,0,112,"SQ_VMEM_TA_CMD_FIFO_FULL",74410951.000000,1000818780051679,1000818781211490
159,159,"Agent 1",1,43587,43587,2097152,1,"gemm",512,131072,0,128,0,112,"TCC_WRITE_SECTORS",33554432.000000,1000818780051679,1000818781211490
159,159,"Agent 1",1,43587,43587,2097152,1,"gemm",512,131072,0,128,0,112,"TCP_TCP_TA_DATA_STALL_CYCLES",56384547.000000,1000818780051679,1000818781211490
159,159,"Agent 1",1,43587,43587,2097152,1,"gemm",512,131072,0,128,0,112,"TCP_TCP_TA_ADDR_STALL_CYCLES",86826753.000000,1000818780051679,1000818781211490
160,160,"Agent 1",1,43587,43587,2097152,1,"gemm",512,131072,0,128,0,112,"SQ_INSTS_VMEM_WR",524288.000000,1000818781320291,1000818782482781
160,160,"Agent 1",1,43587,43587,2097152,1,"gemm",512,131072,0,128,0,112,"SQ_VMEM_TA_CMD_FIFO_FULL",75663420.000000,1000818781320291,1000818782482781
160,160,"Agent 1",1,43587,43587,2097152,1,"gemm",512,131072,0,128,0,112,"TCC_WRITE_SECTORS",33554432.000000,1000818781320291,1000818782482781
160,160,"Agent 1",1,43587,43587,2097152,1,"gemm",512,131072,0,128,0,112,"TCP_TCP_TA_DATA_STALL_CYCLES",57410976.000000,1000818781320291,1000818782482781
160,160,"Agent 1",1,43587,43587,2097152,1,"gemm",512,131072,0,128,0,112,"TCP_TCP_TA_ADDR_STALL_CYCLES",88618276.000000,1000818781320291,1000818782482781
161,161,"Agent 1",1,43587,43587,2097152,1,"gemm",512,131072,0,128,0,112,"SQ_INSTS_VMEM_WR",524288.000000,1000818782596382,1000818783756353
161,161,"Agent 1",1,43587,43587,2097152,1,"gemm",512,131072,0,128,0,112,"SQ_VMEM_TA_CMD_FIFO_FULL",74736365.000000,1000818782596382,1000818783756353
161,161,"Agent 1",1,43587,43587,2097152,1,"gemm",512,131072,0,128,0,112,"TCC_WRITE_SECTORS",33554432.000000,1000818782596382,1000818783756353
161,161,"Agent 1",1,43587,43587,2097152,1,"gemm",512,131072,0,128,0,112,"TCP_TCP_TA_DATA_STALL_CYCLES",57622188.000000,1000818782596382,1000818783756353
161,161,"Agent 1",1,43587,43587,2097152,1,"gemm",512,131072,0,128,0,112,"TCP_TCP_TA_ADDR_STALL_CYCLES",88094017.000000,1000818782596382,1000818783756353
162,162,"Agent 1",1,43587,43587,2097152,1,"gemm",512,131072,0,128,0,112,"SQ_INSTS_VMEM_WR",524288.000000,1000818783869874,1000818785032245
162,162,"Agent 1",1,43587,43587,2097152,1,"gemm",512,131072,0,128,0,112,"SQ_VMEM_TA_CMD_FIFO_FULL",74030200.000000,1000818783869874,1000818785032245
162,162,"Agent 1",1,43587,43587,2097152,1,"gemm",512,131072,0,128,0,112,"TCC_WRITE_SECTORS",33554432.000000,1000818783869874,1000818785032245
162,162,"Agent 1",1,43587,43587,2097152,1,"gemm",512,131072,0,128,0,112,"TCP_TCP_TA_DATA_STALL_CYCLES",57885887.000000,1000818783869874,1000818785032245
162,162,"Agent 1",1,43587,43587,2097152,1,"gemm",512,131072,0,128,0,112,"TCP_TCP_TA_ADDR_STALL_CYCLES",87120324.000000,1000818783869874,1000818785032245
163,163,"Agent 1",1,43587,43587,2097152,1,"gemm",512,131072,0,128,0,112,"SQ_INSTS_VMEM_WR",524288.000000,1000818785147046,1000818786301696
163,163,"Agent 1",1,43587,43587,2097152,1,"gemm",512,131072,0,128,0,112,"SQ_VMEM_TA_CMD_FIFO_FULL",70412459.000000,1000818785147046,1000818786301696
163,163,"Agent 1",1,43587,43587,2097152,1,"gemm",512,131072,0,128,0,112,"TCC_WRITE_SECTORS",33554432.000000,1000818785147046,1000818786301696
163,163,"Agent 1",1,43587,43587,2097152,1,"gemm",512,131072,0,128,0,112,"TCP_TCP_TA_DATA_STALL_CYCLES",56306913.000000,1000818785147046,1000818786301696
163,163,"Agent 1",1,43587,43587,2097152,1,"gemm",512,131072,0,128,0,112,"TCP_TCP_TA_ADDR_STALL_CYCLES",83943706.000000,1000818785147046,1000818786301696
164,164,"Agent 1",1,43587,43587,2097152,1,"gemm",512,131072,0,128,0,112,"SQ_INSTS_VMEM_WR",524288.000000,1000818786411857,1000818787571828
164,164,"Agent 1",1,43587,43587,2097152,1,"gemm",512,131072,0,128,0,112,"SQ_VMEM_TA_CMD_FIFO_FULL",75583423.000000,1000818786411857,1000818787571828
164,164,"Agent 1",1,43587,43587,2097152,1,"gemm",512,131072,0,128,0,112,"TCC_WRITE_SECTORS",33554432.000000,1000818786411857,1000818787571828
164,164,"Agent 1",1,43587,43587,2097152,1,"gemm",512,131072,0,128,0,112,"TCP_TCP_TA_DATA_STALL_CYCLES",56811422.000000,1000818786411857,1000818787571828
164,164,"Agent 1",1,43587,43587,2097152,1,"gemm",512,131072,0,128,0,112,"TCP_TCP_TA_ADDR_STALL_CYCLES",87925180.000000,1000818786411857,1000818787571828
165,165,"Agent 1",1,43587,43587,2097152,1,"gemm",512,131072,0,128,0,112,"SQ_INSTS_VMEM_WR",524288.000000,1000818787677069,1000818788836000
165,165,"Agent 1",1,43587,43587,2097152,1,"gemm",512,131072,0,128,0,112,"SQ_VMEM_TA_CMD_FIFO_FULL",73077402.000000,1000818787677069,1000818788836000
165,165,"Agent 1",1,43587,43587,2097152,1,"gemm",512,131072,0,128,0,112,"TCC_WRITE_SECTORS",33554432.000000,1000818787677069,1000818788836000
165,165,"Agent 1",1,43587,43587,2097152,1,"gemm",512,131072,0,128,0,112,"TCP_TCP_TA_DATA_STALL_CYCLES",56746112.000000,1000818787677069,1000818788836000
165,165,"Agent 1",1,43587,43587,2097152,1,"gemm",512,131072,0,128,0,112,"TCP_TCP_TA_ADDR_STALL_CYCLES",86190249.000000,1000818787677069,1000818788836000
166,166,"Agent 1",1,43587,43587,2097152,1,"gemm",512,131072,0,128,0,112,"SQ_INSTS_VMEM_WR",524288.000000,1000818788942080,1000818790103251
166,166,"Agent 1",1,43587,43587,2097152,1,"gemm",512,131072,0,128,0,112,"SQ_VMEM_TA_CMD_FIFO_FULL",72691754.000000,1000818788942080,1000818790103251
166,166,"Agent 1",1,43587,43587,2097152,1,"gemm",512,131072,0,128,0,112,"TCC_WRITE_SECTORS",33554432.000000,1000818788942080,1000818790103251
166,166,"Agent 1",1,43587,43587,2097152,1,"gemm",512,131072,0,128,0,112,"TCP_TCP_TA_DATA_STALL_CYCLES",57437063.000000,1000818788942080,1000818790103251
166,166,"Agent 1",1,43587,43587,2097152,1,"gemm",512,131072,0,128,0,112,"TCP_TCP_TA_ADDR_STALL_CYCLES",87601435.000000,1000818788942080,1000818790103251
167,167,"Agent 1",1,43587,43587,2097152,1,"gemm",512,131072,0,128,0,112,"SQ_INSTS_VMEM_WR",524288.000000,1000818790212332,1000818791367303
167,167,"Agent 1",1,43587,43587,2097152,1,"gemm",512,131072,0,128,0,112,"SQ_VMEM_TA_CMD_FIFO_FULL",73818055.000000,1000818790212332,1000818791367303
167,167,"Agent 1",1,43587,43587,2097152,1,"gemm",512,131072,0,128,0,112,"TCC_WRITE_SECTORS",33554432.000000,1000818790212332,1000818791367303
167,167,"Agent 1",1,43587,43587,2097152,1,"gemm",512,131072,0,128,0,112,"TCP_TCP_TA_DATA_STALL_CYCLES",55859785.000000,1000818790212332,1000818791367303
167,167,"Agent 1",1,43587,43587,2097152,1,"gemm",512,131072,0,128,0,112,"TCP_TCP_TA_ADDR_STALL_CYCLES",85344025.000000,1000818790212332,1000818791367303
168,168,"Agent 1",1,43587,43587,2097152,1,"gemm",512,131072,0,128,0,112,"SQ_INSTS_VMEM_WR",524288.000000,1000818791477704,1000818792641074
168,168,"Agent 1",1,43587,43587,2097152,1,"gemm",512,131072,0,128,0,112,"SQ_VMEM_TA_CMD_FIFO_FULL",73379421.000000,1000818791477704,1000818792641074
168,168,"Agent 1",1,43587,43587,2097152,1,"gemm",512,131072,0,128,0,112,"TCC_WRITE_SECTORS",33554432.000000,1000818791477704,1000818792641074
168,168,"Agent 1",1,43587,43587,2097152,1,"gemm",512,131072,0,128,0,112,"TCP_TCP_TA_DATA_STALL_CYCLES",58874780.000000,1000818791477704,1000818792641074
168,168,"Agent 1",1,43587,43587,2097152,1,"gemm",512,131072,0,128,0,112,"TCP_TCP_TA_ADDR_STALL_CYCLES",88577766.000000,1000818791477704,1000818792641074
169,169,"Agent 1",1,43587,43587,2097152,1,"gemm",512,131072,0,128,0,112,"SQ_INSTS_VMEM_WR",524288.000000,1000818792748675,1000818793907166
169,169,"Agent 1",1,43587,43587,2097152,1,"gemm",512,131072,0,128,0,112,"SQ_VMEM_TA_CMD_FIFO_FULL",73395453.000000,1000818792748675,1000818793907166
169,169,"Agent 1",1,43587,43587,2097152,1,"gemm",512,131072,0,128,0,112,"TCC_WRITE_SECTORS",33554432.000000,1000818792748675,1000818793907166
169,169,"Agent 1",1,43587,43587,2097152,1,"gemm",512,131072,0,128,0,112,"TCP_TCP_TA_DATA_STALL_CYCLES",56449169.000000,1000818792748675,1000818793907166
169,169,"Agent 1",1,43587,43587,2097152,1,"gemm",512,131072,0,128,0,112,"TCP_TCP_TA_ADDR_STALL_CYCLES",85900728.000000,1000818792748675,1000818793907166
170,170,"Agent 1",1,43587,43587,2097152,1,"gemm",512,131072,0,128,0,112,"SQ_INSTS_VMEM_WR",524288.000000,1000818794012607,1000818795169458
170,170,"Agent 1",1,43587,43587,2097152,1,"gemm",512,131072,0,128,0,112,"SQ_VMEM_TA_CMD_FIFO_FULL",74042321.000000,1000818794012607,1000818795169458
170,170,"Agent 1",1,43587,43587,2097152,1,"gemm",512,131072,0,128,0,112,"TCC_WRITE_SECTORS",33554432.000000,1000818794012607,1000818795169458
170,170,"Agent 1",1,43587,43587,2097152,1,"gemm",512,131072,0,128,0,112,"TCP_TCP_TA_DATA_STALL_CYCLES",56469601.000000,1000818794012607,1000818795169458
170,170,"Agent 1",1,43587,43587,2097152,1,"gemm",512,131072,0,128,0,112,"TCP_TCP_TA_ADDR_STALL_CYCLES",86067750.000000,1000818794012607,1000818795169458
171,171,"Agent 1",1,43587,43587,2097152,1,"gemm",512,131072,0,128,0,112,"SQ_INSTS_VMEM_WR",524288.000000,1000818795285179,1000818796449709
171,171,"Agent 1",1,43587,43587,2097152,1,"gemm",512,131072,0,128,0,112,"SQ_VMEM_TA_CMD_FIFO_FULL",76045960.000000,1000818795285179,1000818796449709
171,171,"Agent 1",1,43587,43587,2097152,1,"gemm",512,131072,0,128,0,112,"TCC_WRITE_SECTORS",33554432.000000,1000818795285179,1000818796449709
171,171,"Agent 1",1,43587,43587,2097152,1,"gemm",512,131072,0,128,0,112,"TCP_TCP_TA_DATA_STALL_CYCLES",57113819.000000,1000818795285179,1000818796449709
171,171,"Agent 1",1,43587,43587,2097152,1,"gemm",512,131072,0,128,0,112,"TCP_TCP_TA_ADDR_STALL_CYCLES",88460526.000000,1000818795285179,1000818796449709
172,172,"Agent 1",1,43587,43587,2097152,1,"gemm",512,131072,0,128,0,112,"SQ_INSTS_VMEM_WR",524288.000000,1000818796563830,1000818797716361
172,172,"Agent 1",1,43587,43587,2097152,1,"gemm",512,131072,0,128,0,112,"SQ_VMEM_TA_CMD_FIFO_FULL",71290994.000000,1000818796563830,1000818797716361
172,172,"Agent 1",1,43587,43587,2097152,1,"gemm",512,131072,0,128,0,112,"TCC_WRITE_SECTORS",33554432.000000,1000818796563830,1000818797716361
172,172,"Agent 1",1,43587,43587,2097152,1,"gemm",512,131072,0,128,0,112,"TCP_TCP_TA_DATA_STALL_CYCLES",56053197.000000,1000818796563830,1000818797716361
172,172,"Agent 1",1,43587,43587,2097152,1,"gemm",512,131072,0,128,0,112,"TCP_TCP_TA_ADDR_STALL_CYCLES",84019002.000000,1000818796563830,1000818797716361
173,173,"Agent 1",1,43587,43587,2097152,1,"gemm",512,131072,0,128,0,112,"SQ_INSTS_VMEM_WR",524288.000000,1000818797820842,1000818798981653
173,173,"Agent 1",1,43587,43587,2097152,1,"gemm",512,131072,0,128,0,112,"SQ_VMEM_TA_CMD_FIFO_FULL",75554288.000000,1000818797820842,1000818798981653
173,173,"Agent 1",1,43587,43587,2097152,1,"gemm",512,131072,0,128,0,112,"TCC_WRITE_SECTORS",33554432.000000,1000818797820842,1000818798981653
173,173,"Agent 1",1,43587,43587,2097152,1,"gemm",512,131072,0,128,0,112,"TCP_TCP_TA_DATA_STALL_CYCLES",56567645.000000,1000818797820842,1000818798981653
173,173,"Agent 1",1,43587,43587,2097152,1,"gemm",512,131072,0,128,0,112,"TCP_TCP_TA_ADDR_STALL_CYCLES",87471013.000000,1000818797820842,1000818798981653
174,174,"Agent 1",1,43587,43587,2097152,1,"gemm",512,131072,0,128,0,112,"SQ_INSTS_VMEM_WR",524288.000000,1000818799094894,1000818800253344
174,174,"Agent 1",1,43587,43587,2097152,1,"gemm",512,131072,0,128,0,112,"SQ_VMEM_TA_CMD_FIFO_FULL",72052011.000000,1000818799094894,1000818800253344
174,174,"Agent 1",1,43587,43587,2097152,1,"gemm",512,131072,0,128,0,112,"TCC_WRITE_SECTORS",33554432.000000,1000818799094894,1000818800253344
174,174,"Agent 1",1,43587,43587,2097152,1,"gemm",512,131072,0,128,0,112,"TCP_TCP_TA_DATA_STALL_CYCLES",56584399.000000,1000818799094894,1000818800253344
174,174,"Agent 1",1,43587,43587,2097152,1,"gemm",512,131072,0,128,0,112,"TCP_TCP_TA_ADDR_STALL_CYCLES",85234286.000000,1000818799094894,1000818800253344
175,175,"Agent 1",1,43587,43587,2097152,1,"gemm",512,131072,0,128,0,112,"SQ_INSTS_VMEM_WR",524288.000000,1000818800363585,1000818801524236
175,175,"Agent 1",1,43587,43587,2097152,1,"gemm",512,131072,0,128,0,112,"SQ_VMEM_TA_CMD_FIFO_FULL",74500377.000000,1000818800363585,1000818801524236
175,175,"Agent 1",1,43587,43587,2097152,1,"gemm",512,131072,0,128,0,112,"TCC_WRITE_SECTORS",33554432.000000,1000818800363585,1000818801524236
175,175,"Agent 1",1,43587,43587,2097152,1,"gemm",512,131072,0,128,0,112,"TCP_TCP_TA_DATA_STALL_CYCLES",57099326.000000,1000818800363585,1000818801524236
175,175,"Agent 1",1,43587,43587,2097152,1,"gemm",512,131072,0,128,0,112,"TCP_TCP_TA_ADDR_STALL_CYCLES",87399193.000000,1000818800363585,1000818801524236
176,176,"Agent 1",1,43587,43587,2097152,1,"gemm",512,131072,0,128,0,112,"SQ_INSTS_VMEM_WR",524288.000000,1000818801632037,1000818802790487
176,176,"Agent 1",1,43587,43587,2097152,1,"gemm",512,131072,0,128,0,112,"SQ_VMEM_TA_CMD_FIFO_FULL",73419262.000000,1000818801632037,1000818802790487
176,176,"Agent 1",1,43587,43587,2097152,1,"gemm",512,131072,0,128,0,112,"TCC_WRITE_SECTORS",33554432.000000,1000818801632037,1000818802790487
176,176,"Agent 1",1,43587,43587,2097152,1,"gemm",512,131072,0,128,0,112,"TCP_TCP_TA_DATA_STALL_CYCLES",55363156.000000,1000818801632037,1000818802790487
176,176,"Agent 1",1,43587,43587,2097152,1,"gemm",512,131072,0,128,0,112,"TCP_TCP_TA_ADDR_STALL_CYCLES",85473543.000000,1000818801632037,1000818802790487
177,177,"Agent 1",1,43587,43587,2097152,1,"gemm",512,131072,0,128,0,112,"SQ_INSTS_VMEM_WR",524288.000000,1000818802892888,1000818804055259
177,177,"Agent 1",1,43587,43587,2097152,1,"gemm",512,131072,0,128,0,112,"SQ_VMEM_TA_CMD_FIFO_FULL",75411659.000000,1000818802892888,1000818804055259
177,177,"Agent 1",1,43587,43587,2097152,1,"gemm",512,131072,0,128,0,112,"TCC_WRITE_SECTORS",33554432.000000,1000818802892888,1000818804055259
177,177,"Agent 1",1,43587,43587,2097152,1,"gemm",512,131072,0,128,0,112,"TCP_TCP_TA_DATA_STALL_CYCLES",57434470.000000,1000818802892888,1000818804055259
177,177,"Agent 1",1,43587,43587,2097152,1,"gemm",512,131072,0,128,0,112,"TCP_TCP_TA_ADDR_STALL_CYCLES",87760520.000000,1000818802892888,1000818804055259
178,178,"Agent 1",1,43587,43587,2097152,1,"gemm",512,131072,0,128,0,112,"SQ_INSTS_VMEM_WR",524288.000000,1000818804162660,1000818805324951
178,178,"Agent 1",1,43587,43587,2097152,1,"gemm",512,131072,0,128,0,112,"SQ_VMEM_TA_CMD_FIFO_FULL",75299448.000000,1000818804162660,1000818805324951
178,178,"Agent 1",1,43587,43587,2097152,1,"gemm",512,131072,0,128,0,112,"TCC_WRITE_SECTORS",33554432.000000,1000818804162660,1000818805324951
178,178,"Agent 1",1,43587,43587,2097152,1,"gemm",512,131072,0,128,0,112,"TCP_TCP_TA_DATA_STALL_CYCLES",56139518.000000,1000818804162660,1000818805324951
178,178,"Agent 1",1,43587,43587,2097152,1,"gemm",512,131072,0,128,0,112,"TCP_TCP_TA_ADDR_STALL_CYCLES",86772167.000000,1000818804162660,1000818805324951
179,179,"Agent 1",1,43587,43587,2097152,1,"gemm",512,131072,0,128,0,112,"SQ_INSTS_VMEM_WR",524288.000000,1000818805433232,1000818806589002
179,179,"Agent 1",1,43587,43587,2097152,1,"gemm",512,131072,0,128,0,112,"SQ_VMEM_TA_CMD_FIFO_FULL",72385210.000000,1000818805433232,1000818806589002
179,179,"Agent 1",1,43587,43587,2097152,1,"gemm",512,131072,0,128,0,112,"TCC_WRITE_SECTORS",33554432.000000,1000818805433232,1000818806589002
179,179,"Agent 1",1,43587,43587,2097152,1,"gemm",512,131072,0,128,0,112,"TCP_TCP_TA_DATA_STALL_CYCLES",56144639.000000,1000818805433232,1000818806589002
179,179,"Agent 1",1,43587,43587,2097152,1,"gemm",512,131072,0,128,0,112,"TCP_TCP_TA_ADDR_STALL_CYCLES",85280013.000000,1000818805433232,1000818806589002
180,180,"Agent 1",1,43587,43587,2097152,1,"gemm",512,131072,0,128,0,112,"SQ_INSTS_VMEM_WR",524288.000000,1000818806690843,1000818807849854
180,180,"Agent 1",1,43587,43587,2097152,1,"gemm",512,131072,0,128,0,112,"SQ_VMEM_TA_CMD_FIFO_FULL",72418275.000000,1000818806690843,1000818807849854
180,180,"Agent 1",1,43587,43587,2097152,1,"gemm",512,131072,0,128,0,112,"TCC_WRITE_SECTORS",33554432.000000,1000818806690843,1000818807849854
180,180,"Agent 1",1,43587,43587,2097152,1,"gemm",512,131072,0,128,0,112,"TCP_TCP_TA_DATA_STALL_CYCLES",56032969.000000,1000818806690843,1000818807849854
180,180,"Agent 1",1,43587,43587,2097152,1,"gemm",512,131072,0,128,0,112,"TCP_TCP_TA_ADDR_STALL_CYCLES",85381478.000000,1000818806690843,1000818807849854
181,181,"Agent 1",1,43587,43587,2097152,1,"gemm",512,131072,0,128,0,112,"SQ_INSTS_VMEM_WR",524288.000000,1000818807959615,1000818809119266
181,181,"Agent 1",1,43587,43587,2097152,1,"gemm",512,131072,0,128,0,112,"SQ_VMEM_TA_CMD_FIFO_FULL",74377723.000000,1000818807959615,1000818809119266
181,181,"Agent 1",1,43587,43587,2097152,1,"gemm",512,131072,0,128,0,112,"TCC_WRITE_SECTORS",33554432.000000,1000818807959615,1000818809119266
181,181,"Agent 1",1,43587,43587,2097152,1,"gemm",512,131072,0,128,0,112,"TCP_TCP_TA_DATA_STALL_CYCLES",55794121.000000,1000818807959615,1000818809119266
181,181,"Agent 1",1,43587,43587,2097152,1,"gemm",512,131072,0,128,0,112,"TCP_TCP_TA_ADDR_STALL_CYCLES",86216282.000000,1000818807959615,1000818809119266
182,182,"Agent 1",1,43587,43587,2097152,1,"gemm",512,131072,0,128,0,112,"SQ_INSTS_VMEM_WR",524288.000000,1000818809224787,1000818810382837
182,182,"Agent 1",1,43587,43587,2097152,1,"gemm",512,131072,0,128,0,112,"SQ_VMEM_TA_CMD_FIFO_FULL",74362774.000000,1000818809224787,1000818810382837
182,182,"Agent 1",1,43587,43587,2097152,1,"gemm",512,131072,0,128,0,112,"TCC_WRITE_SECTORS",33554432.000000,1000818809224787,1000818810382837
182,182,"Agent 1",1,43587,43587,2097152,1,"gemm",512,131072,0,128,0,112,"TCP_TCP_TA_DATA_STALL_CYCLES",56114209.000000,1000818809224787,1000818810382837
182,182,"Agent 1",1,43587,43587,2097152,1,"gemm",512,131072,0,128,0,112,"TCP_TCP_TA_ADDR_STALL_CYCLES",86057591.000000,1000818809224787,1000818810382837
183,183,"Agent 1",1,43587,43587,2097152,1,"gemm",512,131072,0,128,0,112,"SQ_INSTS_VMEM_WR",524288.000000,1000818810485958,1000818811642769
183,183,"Agent 1",1,43587,43587,2097152,1,"gemm",512,131072,0,128,0,112,"SQ_VMEM_TA_CMD_FIFO_FULL",73099671.000000,1000818810485958,1000818811642769
183,183,"Agent 1",1,43587,43587,2097152,1,"gemm",512,131072,0,128,0,112,"TCC_WRITE_SECTORS",33554432.000000,1000818810485958,1000818811642769
183,183,"Agent 1",1,43587,43587,2097152,1,"gemm",512,131072,0,128,0,112,"TCP_TCP_TA_DATA_STALL_CYCLES",55907362.000000,1000818810485958,1000818811642769
183,183,"Agent 1",1,43587,43587,2097152,1,"gemm",512,131072,0,128,0,112,"TCP_TCP_TA_ADDR_STALL_CYCLES",85126963.000000,1000818810485958,1000818811642769
184,184,"Agent 1",1,43587,43587,2097152,1,"gemm",512,131072,0,128,0,112,"SQ_INSTS_VMEM_WR",524288.000000,1000818811748090,1000818812904420
184,184,"Agent 1",1,43587,43587,2097152,1,"gemm",512,131072,0,128,0,112,"SQ_VMEM_TA_CMD_FIFO_FULL",73145331.000000,1000818811748090,1000818812904420
184,184,"Agent 1",1,43587,43587,2097152,1,"gemm",512,131072,0,128,0,112,"TCC_WRITE_SECTORS",33554432.000000,1000818811748090,1000818812904420
184,184,"Agent 1",1,43587,43587,2097152,1,"gemm",512,131072,0,128,0,112,"TCP_TCP_TA_DATA_STALL_CYCLES",55554059.000000,1000818811748090,1000818812904420
184,184,"Agent 1",1,43587,43587,2097152,1,"gemm",512,131072,0,128,0,112,"TCP_TCP_TA_ADDR_STALL_CYCLES",84853109.000000,1000818811748090,1000818812904420
185,185,"Agent 1",1,43587,43587,2097152,1,"gemm",512,131072,0,128,0,112,"SQ_INSTS_VMEM_WR",524288.000000,1000818813010181,1000818814170112
185,185,"Agent 1",1,43587,43587,2097152,1,"gemm",512,131072,0,128,0,112,"SQ_VMEM_TA_CMD_FIFO_FULL",75372785.000000,1000818813010181,1000818814170112
185,185,"Agent 1",1,43587,43587,2097152,1,"gemm",512,131072,0,128,0,112,"TCC_WRITE_SECTORS",33554432.000000,1000818813010181,1000818814170112
185,185,"Agent 1",1,43587,43587,2097152,1,"gemm",512,131072,0,128,0,112,"TCP_TCP_TA_DATA_STALL_CYCLES",55481673.000000,1000818813010181,1000818814170112
185,185,"Agent 1",1,43587,43587,2097152,1,"gemm",512,131072,0,128,0,112,"TCP_TCP_TA_ADDR_STALL_CYCLES",86176972.000000,1000818813010181,1000818814170112
186,186,"Agent 1",1,43587,43587,2097152,1,"gemm",512,131072,0,128,0,112,"SQ_INSTS_VMEM_WR",524288.000000,1000818814272193,1000818815424763
186,186,"Agent 1",1,43587,43587,2097152,1,"gemm",512,131072,0,128,0,112,"SQ_VMEM_TA_CMD_FIFO_FULL",71748744.000000,1000818814272193,1000818815424763
186,186,"Agent 1",1,43587,43587,2097152,1,"gemm",512,131072,0,128,0,112,"TCC_WRITE_SECTORS",33554432.000000,1000818814272193,1000818815424763
186,186,"Agent 1",1,43587,43587,2097152,1,"gemm",512,131072,0,128,0,112,"TCP_TCP_TA_DATA_STALL_CYCLES",56376535.000000,1000818814272193,1000818815424763
186,186,"Agent 1",1,43587,43587,2097152,1,"gemm",512,131072,0,128,0,112,"TCP_TCP_TA_ADDR_STALL_CYCLES",85234064.000000,1000818814272193,1000818815424763
187,187,"Agent 1",1,43587,43587,2097152,1,"gemm",512,131072,0,128,0,112,"SQ_INSTS_VMEM_WR",524288.000000,1000818815526804,1000818816692135
187,187,"Agent 1",1,43587,43587,2097152,1,"gemm",512,131072,0,128,0,112,"SQ_VMEM_TA_CMD_FIFO_FULL",74252084.000000,1000818815526804,1000818816692135
187,187,"Agent 1",1,43587,43587,2097152,1,"gemm",512,131072,0,128,0,112,"TCC_WRITE_SECTORS",33554432.000000,1000818815526804,1000818816692135
187,187,"Agent 1",1,43587,43587,2097152,1,"gemm",512,131072,0,128,0,112,"TCP_TCP_TA_DATA_STALL_CYCLES",57199038.000000,1000818815526804,1000818816692135
187,187,"Agent 1",1,43587,43587,2097152,1,"gemm",512,131072,0,128,0,112,"TCP_TCP_TA_ADDR_STALL_CYCLES",87219185.000000,1000818815526804,1000818816692135
188,188,"Agent 1",1,43587,43587,2097152,1,"gemm",512,131072,0,128,0,112,"SQ_INSTS_VMEM_WR",524288.000000,1000818816796936,1000818817956747
188,188,"Agent 1",1,43587,43587,2097152,1,"gemm",512,131072,0,128,0,112,"SQ_VMEM_TA_CMD_FIFO_FULL",73787277.000000,1000818816796936,1000818817956747
188,188,"Agent 1",1,43587,43587,2097152,1,"gemm",512,131072,0,128,0,112,"TCC_WRITE_SECTORS",33554432.000000,1000818816796936,1000818817956747
188,188,"Agent 1",1,43587,43587,2097152,1,"gemm",512,131072,0,128,0,112,"TCP_TCP_TA_DATA_STALL_CYCLES",57080087.000000,1000818816796936,1000818817956747
188,188,"Agent 1",1,43587,43587,2097152,1,"gemm",512,131072,0,128,0,112,"TCP_TCP_TA_ADDR_STALL_CYCLES",86979064.000000,1000818816796936,1000818817956747
189,189,"Agent 1",1,43587,43587,2097152,1,"gemm",512,131072,0,128,0,112,"SQ_INSTS_VMEM_WR",524288.000000,1000818818061748,1000818819221958
189,189,"Agent 1",1,43587,43587,2097152,1,"gemm",512,131072,0,128,0,112,"SQ_VMEM_TA_CMD_FIFO_FULL",74711254.000000,1000818818061748,1000818819221958
189,189,"Agent 1",1,43587,43587,2097152,1,"gemm",512,131072,0,128,0,112,"TCC_WRITE_SECTORS",33554432.000000,1000818818061748,1000818819221958
189,189,"Agent 1",1,43587,43587,2097152,1,"gemm",512,131072,0,128,0,112,"TCP_TCP_TA_DATA_STALL_CYCLES",56480300.000000,1000818818061748,1000818819221958
189,189,"Agent 1",1,43587,43587,2097152,1,"gemm",512,131072,0,128,0,112,"TCP_TCP_TA_ADDR_STALL_CYCLES",86469277.000000,1000818818061748,1000818819221958
190,190,"Agent 1",1,43587,43587,2097152,1,"gemm",512,131072,0,128,0,112,"SQ_INSTS_VMEM_WR",524288.000000,1000818819331999,1000818820491170
190,190,"Agent 1",1,43587,43587,2097152,1,"gemm",512,131072,0,128,0,112,"SQ_VMEM_TA_CMD_FIFO_FULL",73486175.000000,1000818819331999,1000818820491170
190,190,"Agent 1",1,43587,43587,2097152,1,"gemm",512,131072,0,128,0,112,"TCC_WRITE_SECTORS",33554432.000000,1000818819331999,1000818820491170
190,190,"Agent 1",1,43587,43587,2097152,1,"gemm",512,131072,0,128,0,112,"TCP_TCP_TA_DATA_STALL_CYCLES",56913057.000000,1000818819331999,1000818820491170
190,190,"Agent 1",1,43587,43587,2097152,1,"gemm",512,131072,0,128,0,112,"TCP_TCP_TA_ADDR_STALL_CYCLES",86557513.000000,1000818819331999,1000818820491170
191,191,"Agent 1",1,43587,43587,2097152,1,"gemm",512,131072,0,128,0,112,"SQ_INSTS_VMEM_WR",524288.000000,1000818820591531,1000818821747741
191,191,"Agent 1",1,43587,43587,2097152,1,"gemm",512,131072,0,128,0,112,"SQ_VMEM_TA_CMD_FIFO_FULL",73257708.000000,1000818820591531,1000818821747741
191,191,"Agent 1",1,43587,43587,2097152,1,"gemm",512,131072,0,128,0,112,"TCC_WRITE_SECTORS",33554432.000000,1000818820591531,1000818821747741
191,191,"Agent 1",1,43587,43587,2097152,1,"gemm",512,131072,0,128,0,112,"TCP_TCP_TA_DATA_STALL_CYCLES",56193349.000000,1000818820591531,1000818821747741
191,191,"Agent 1",1,43587,43587,2097152,1,"gemm",512,131072,0,128,0,112,"TCP_TCP_TA_ADDR_STALL_CYCLES",85637335.000000,1000818820591531,1000818821747741
192,192,"Agent 1",1,43587,43587,2097152,1,"gemm",512,131072,0,128,0,112,"SQ_INSTS_VMEM_WR",524288.000000,1000818821852902,1000818823011953
192,192,"Agent 1",1,43587,43587,2097152,1,"gemm",512,131072,0,128,0,112,"SQ_VMEM_TA_CMD_FIFO_FULL",73734086.000000,1000818821852902,1000818823011953
192,192,"Agent 1",1,43587,43587,2097152,1,"gemm",512,131072,0,128,0,112,"TCC_WRITE_SECTORS",33554432.000000,1000818821852902,1000818823011953
192,192,"Agent 1",1,43587,43587,2097152,1,"gemm",512,131072,0,128,0,112,"TCP_TCP_TA_DATA_STALL_CYCLES",56970470.000000,1000818821852902,1000818823011953
192,192,"Agent 1",1,43587,43587,2097152,1,"gemm",512,131072,0,128,0,112,"TCP_TCP_TA_ADDR_STALL_CYCLES",86706889.000000,1000818821852902,1000818823011953
193,193,"Agent 1",1,43587,43587,2097152,1,"gemm",512,131072,0,128,0,112,"SQ_INSTS_VMEM_WR",524288.000000,1000818823116794,1000818824277445
193,193,"Agent 1",1,43587,43587,2097152,1,"gemm",512,131072,0,128,0,112,"SQ_VMEM_TA_CMD_FIFO_FULL",73453488.000000,1000818823116794,1000818824277445
193,193,"Agent 1",1,43587,43587,2097152,1,"gemm",512,131072,0,128,0,112,"TCC_WRITE_SECTORS",33554432.000000,1000818823116794,1000818824277445
193,193,"Agent 1",1,43587,43587,2097152,1,"gemm",512,131072,0,128,0,112,"TCP_TCP_TA_DATA_STALL_CYCLES",57440664.000000,1000818823116794,1000818824277445
193,193,"Agent 1",1,43587,43587,2097152,1,"gemm",512,131072,0,128,0,112,"TCP_TCP_TA_ADDR_STALL_CYCLES",87103186.000000,1000818823116794,1000818824277445
194,194,"Agent 1",1,43587,43587,2097152,1,"gemm",512,131072,0,128,0,112,"SQ_INSTS_VMEM_WR",524288.000000,1000818824380245,1000818825542776
194,194,"Agent 1",1,43587,43587,2097152,1,"gemm",512,131072,0,128,0,112,"SQ_VMEM_TA_CMD_FIFO_FULL",72603402.000000,1000818824380245,1000818825542776
194,194,"Agent 1",1,43587,43587,2097152,1,"gemm",512,131072,0,128,0,112,"TCC_WRITE_SECTORS",33554432.000000,1000818824380245,1000818825542776
194,194,"Agent 1",1,43587,43587,2097152,1,"gemm",512,131072,0,128,0,112,"TCP_TCP_TA_DATA_STALL_CYCLES",58316765.000000,1000818824380245,1000818825542776
194,194,"Agent 1",1,43587,43587,2097152,1,"gemm",512,131072,0,128,0,112,"TCP_TCP_TA_ADDR_STALL_CYCLES",87284009.000000,1000818824380245,1000818825542776
195,195,"Agent 1",1,43587,43587,2097152,1,"gemm",512,131072,0,128,0,112,"SQ_INSTS_VMEM_WR",524288.000000,1000818825646177,1000818826806388
195,195,"Agent 1",1,43587,43587,2097152,1,"gemm",512,131072,0,128,0,112,"SQ_VMEM_TA_CMD_FIFO_FULL",72649955.000000,1000818825646177,1000818826806388
195,195,"Agent 1",1,43587,43587,2097152,1,"gemm",512,131072,0,128,0,112,"TCC_WRITE_SECTORS",33554432.000000,1000818825646177,1000818826806388
195,195,"Agent 1",1,43587,43587,2097152,1,"gemm",512,131072,0,128,0,112,"TCP_TCP_TA_DATA_STALL_CYCLES",57089584.000000,1000818825646177,1000818826806388
195,195,"Agent 1",1,43587,43587,2097152,1,"gemm",512,131072,0,128,0,112,"TCP_TCP_TA_ADDR_STALL_CYCLES",86238360.000000,1000818825646177,1000818826806388
196,196,"Agent 1",1,43587,43587,2097152,1,"gemm",512,131072,0,128,0,112,"SQ_INSTS_VMEM_WR",524288.000000,1000818826912429,1000818828073439
196,196,"Agent 1",1,43587,43587,2097152,1,"gemm",512,131072,0,128,0,112,"SQ_VMEM_TA_CMD_FIFO_FULL",74944863.000000,1000818826912429,1000818828073439
196,196,"Agent 1",1,43587,43587,2097152,1,"gemm",512,131072,0,128,0,112,"TCC_WRITE_SECTORS",33554432.000000,1000818826912429,1000818828073439
196,196,"Agent 1",1,43587,43587,2097152,1,"gemm",512,131072,0,128,0,112,"TCP_TCP_TA_DATA_STALL_CYCLES",56385424.000000,1000818826912429,1000818828073439
196,196,"Agent 1",1,43587,43587,2097152,1,"gemm",512,131072,0,128,0,112,"TCP_TCP_TA_ADDR_STALL_CYCLES",86358365.000000,1000818826912429,1000818828073439
197,197,"Agent 1",1,43587,43587,2097152,1,"gemm",512,131072,0,128,0,112,"SQ_INSTS_VMEM_WR",524288.000000,1000818828173040,1000818829334651
197,197,"Agent 1",1,43587,43587,2097152,1,"gemm",512,131072,0,128,0,112,"SQ_VMEM_TA_CMD_FIFO_FULL",75374717.000000,1000818828173040,1000818829334651
197,197,"Agent 1",1,43587,43587,2097152,1,"gemm",512,131072,0,128,0,112,"TCC_WRITE_SECTORS",33554432.000000,1000818828173040,1000818829334651
197,197,"Agent 1",1,43587,43587,2097152,1,"gemm",512,131072,0,128,0,112,"TCP_TCP_TA_DATA_STALL_CYCLES",57304771.000000,1000818828173040,1000818829334651
197,197,"Agent 1",1,43587,43587,2097152,1,"gemm",512,131072,0,128,0,112,"TCP_TCP_TA_ADDR_STALL_CYCLES",87789652.000000,1000818828173040,1000818829334651
198,198,"Agent 1",1,43587,43587,2097152,1,"gemm",512,131072,0,128,0,112,"SQ_INSTS_VMEM_WR",524288.000000,1000818829439332,1000818830597543
198,198,"Agent 1",1,43587,43587,2097152,1,"gemm",512,131072,0,128,0,112,"SQ_VMEM_TA_CMD_FIFO_FULL",73190844.000000,1000818829439332,1000818830597543
198,198,"Agent 1",1,43587,43587,2097152,1,"gemm",512,131072,0,128,0,112,"TCC_WRITE_SECTORS",33554432.000000,1000818829439332,1000818830597543
198,198,"Agent 1",1,43587,43587,2097152,1,"gemm",512,131072,0,128,0,112,"TCP_TCP_TA_DATA_STALL_CYCLES",56445466.000000,1000818829439332,1000818830597543
198,198,"Agent 1",1,43587,43587,2097152,1,"gemm",512,131072,0,128,0,112,"TCP_TCP_TA_ADDR_STALL_CYCLES",86020284.000000,1000818829439332,1000818830597543
199,199,"Agent 1",1,43587,43587,2097152,1,"gemm",512,131072,0,128,0,112,"SQ_INSTS_VMEM_WR",524288.000000,1000818830702423,1000818831866994
199,199,"Agent 1",1,43587,43587,2097152,1,"gemm",512,131072,0,128,0,112,"SQ_VMEM_TA_CMD_FIFO_FULL",75660676.000000,1000818830702423,1000818831866994
199,199,"Agent 1",1,43587,43587,2097152,1,"gemm",512,131072,0,128,0,112,"TCC_WRITE_SECTORS",33554432.000000,1000818830702423,1000818831866994
199,199,"Agent 1",1,43587,43587,2097152,1,"gemm",512,131072,0,128,0,112,"TCP_TCP_TA_DATA_STALL_CYCLES",57075722.000000,1000818830702423,1000818831866994
199,199,"Agent 1",1,43587,43587,2097152,1,"gemm",512,131072,0,128,0,112,"TCP_TCP_TA_ADDR_STALL_CYCLES",88982860.000000,1000818830702423,1000818831866994
200,200,"Agent 1",1,43587,43587,2097152,1,"gemm",512,131072,0,128,0,112,"SQ_INSTS_VMEM_WR",524288.000000,1000818831970795,1000818833129446
200,200,"Agent 1",1,43587,43587,2097152,1,"gemm",512,131072,0,128,0,112,"SQ_VMEM_TA_CMD_FIFO_FULL",72771025.000000,1000818831970795,1000818833129446
200,200,"Agent 1",1,43587,43587,2097152,1,"gemm",512,131072,0,128,0,112,"TCC_WRITE_SECTORS",33554432.000000,1000818831970795,1000818833129446
200,200,"Agent 1",1,43587,43587,2097152,1,"gemm",512,131072,0,128,0,112,"TCP_TCP_TA_DATA_STALL_CYCLES",55665181.000000,1000818831970795,1000818833129446
200,200,"Agent 1",1,43587,43587,2097152,1,"gemm",512,131072,0,128,0,112,"TCP_TCP_TA_ADDR_STALL_CYCLES",85015130.000000,1000818831970795,1000818833129446
201,201,"Agent 1",1,43587,43587,2097152,1,"gemm",512,131072,0,128,0,112,"SQ_INSTS_VMEM_WR",524288.000000,1000818833235087,1000818834398577
201,201,"Agent 1",1,43587,43587,2097152,1,"gemm",512,131072,0,128,0,112,"SQ_VMEM_TA_CMD_FIFO_FULL",74309578.000000,1000818833235087,1000818834398577
201,201,"Agent 1",1,43587,43587,2097152,1,"gemm",512,131072,0,128,0,112,"TCC_WRITE_SECTORS",33554432.000000,1000818833235087,1000818834398577
201,201,"Agent 1",1,43587,43587,2097152,1,"gemm",512,131072,0,128,0,112,"TCP_TCP_TA_DATA_STALL_CYCLES",57268270.000000,1000818833235087,1000818834398577
201,201,"Agent 1",1,43587,43587,2097152,1,"gemm",512,131072,0,128,0,112,"TCP_TCP_TA_ADDR_STALL_CYCLES",87061873.000000,1000818833235087,1000818834398577
202,202,"Agent 1",1,43587,43587,2097152,1,"gemm",512,131072,0,128,0,112,"SQ_INSTS_VMEM_WR",524288.000000,1000818834500898,1000818835663149
202,202,"Agent 1",1,43587,43587,2097152,1,"gemm",512,131072,0,128,0,112,"SQ_VMEM_TA_CMD_FIFO_FULL",72863769.000000,1000818834500898,1000818835663149
202,202,"Agent 1",1,43587,43587,2097152,1,"gemm",512,131072,0,128,0,112,"TCC_WRITE_SECTORS",33554432.000000,1000818834500898,1000818835663149
202,202,"Agent 1",1,43587,43587,2097152,1,"gemm",512,131072,0,128,0,112,"TCP_TCP_TA_DATA_STALL_CYCLES",58925415.000000,1000818834500898,1000818835663149
202,202,"Agent 1",1,43587,43587,2097152,1,"gemm",512,131072,0,128,0,112,"TCP_TCP_TA_ADDR_STALL_CYCLES",88400877.000000,1000818834500898,1000818835663149
203,203,"Agent 1",1,43587,43587,2097152,1,"gemm",512,131072,0,128,0,112,"SQ_INSTS_VMEM_WR",524288.000000,1000818835767484,1000818836926175
203,203,"Agent 1",1,43587,43587,2097152,1,"gemm",512,131072,0,128,0,112,"SQ_VMEM_TA_CMD_FIFO_FULL",72779910.000000,1000818835767484,1000818836926175
203,203,"Agent 1",1,43587,43587,2097152,1,"gemm",512,131072,0,128,0,112,"TCC_WRITE_SECTORS",33554432.000000,1000818835767484,1000818836926175
203,203,"Agent 1",1,43587,43587,2097152,1,"gemm",512,131072,0,128,0,112,"TCP_TCP_TA_DATA_STALL_CYCLES",56006536.000000,1000818835767484,1000818836926175
203,203,"Agent 1",1,43587,43587,2097152,1,"gemm",512,131072,0,128,0,112,"TCP_TCP_TA_ADDR_STALL_CYCLES",85065031.000000,1000818835767484,1000818836926175
204,204,"Agent 1",1,43587,43587,2097152,1,"gemm",512,131072,0,128,0,112,"SQ_INSTS_VMEM_WR",524288.000000,1000818837047175,1000818838209785
204,204,"Agent 1",1,43587,43587,2097152,1,"gemm",512,131072,0,128,0,112,"SQ_VMEM_TA_CMD_FIFO_FULL",76852867.000000,1000818837047175,1000818838209785
204,204,"Agent 1",1,43587,43587,2097152,1,"gemm",512,131072,0,128,0,112,"TCC_WRITE_SECTORS",33554432.000000,1000818837047175,1000818838209785
204,204,"Agent 1",1,43587,43587,2097152,1,"gemm",512,131072,0,128,0,112,"TCP_TCP_TA_DATA_STALL_CYCLES",57380257.000000,1000818837047175,1000818838209785
204,204,"Agent 1",1,43587,43587,2097152,1,"gemm",512,131072,0,128,0,112,"TCP_TCP_TA_ADDR_STALL_CYCLES",88932090.000000,1000818837047175,1000818838209785
205,205,"Agent 1",1,43587,43587,2097152,1,"gemm",512,131072,0,128,0,112,"SQ_INSTS_VMEM_WR",524288.000000,1000818838312426,1000818839468757
205,205,"Agent 1",1,43587,43587,2097152,1,"gemm",512,131072,0,128,0,112,"SQ_VMEM_TA_CMD_FIFO_FULL",73049655.000000,1000818838312426,1000818839468757
205,205,"Agent 1",1,43587,43587,2097152,1,"gemm",512,131072,0,128,0,112,"TCC_WRITE_SECTORS",33554432.000000,1000818838312426,1000818839468757
205,205,"Agent 1",1,43587,43587,2097152,1,"gemm",512,131072,0,128,0,112,"TCP_TCP_TA_DATA_STALL_CYCLES",56500702.000000,1000818838312426,1000818839468757
205,205,"Agent 1",1,43587,43587,2097152,1,"gemm",512,131072,0,128,0,112,"TCP_TCP_TA_ADDR_STALL_CYCLES",85797888.000000,1000818838312426,1000818839468757
206,206,"Agent 1",1,43587,43587,2097152,1,"gemm",512,131072,0,128,0,112,"SQ_INSTS_VMEM_WR",524288.000000,1000818839568598,1000818840729089
206,206,"Agent 1",1,43587,43587,2097152,1,"gemm",512,131072,0,128,0,112,"SQ_VMEM_TA_CMD_FIFO_FULL",72575038.000000,1000818839568598,1000818840729089
206,206,"Agent 1",1,43587,43587,2097152,1,"gemm",512,131072,0,128,0,112,"TCC_WRITE_SECTORS",33554432.000000,1000818839568598,1000818840729089
206,206,"Agent 1",1,43587,43587,2097152,1,"gemm",512,131072,0,128,0,112,"TCP_TCP_TA_DATA_STALL_CYCLES",57874955.000000,1000818839568598,1000818840729089
206,206,"Agent 1",1,43587,43587,2097152,1,"gemm",512,131072,0,128,0,112,"TCP_TCP_TA_ADDR_STALL_CYCLES",88014191.000000,1000818839568598,1000818840729089
207,207,"Agent 1",1,43587,43587,2097152,1,"gemm",512,131072,0,128,0,112,"SQ_INSTS_VMEM_WR",524288.000000,1000818840831490,1000818841991940
207,207,"Agent 1",1,43587,43587,2097152,1,"gemm",512,131072,0,128,0,112,"SQ_VMEM_TA_CMD_FIFO_FULL",74587403.000000,1000818840831490,1000818841991940
207,207,"Agent 1",1,43587,43587,2097152,1,"gemm",512,131072,0,128,0,112,"TCC_WRITE_SECTORS",33554432.000000,1000818840831490,1000818841991940
207,207,"Agent 1",1,43587,43587,2097152,1,"gemm",512,131072,0,128,0,112,"TCP_TCP_TA_DATA_STALL_CYCLES",56491814.000000,1000818840831490,1000818841991940
207,207,"Agent 1",1,43587,43587,2097152,1,"gemm",512,131072,0,128,0,112,"TCP_TCP_TA_ADDR_STALL_CYCLES",86770690.000000,1000818840831490,1000818841991940
208,208,"Agent 1",1,43587,43587,2097152,1,"gemm",512,131072,0,128,0,112,"SQ_INSTS_VMEM_WR",524288.000000,1000818842092861,1000818843257872
208,208,"Agent 1",1,43587,43587,2097152,1,"gemm",512,131072,0,128,0,112,"SQ_VMEM_TA_CMD_FIFO_FULL",76111793.000000,1000818842092861,1000818843257872
208,208,"Agent 1",1,43587,43587,2097152,1,"gemm",512,131072,0,128,0,112,"TCC_WRITE_SECTORS",33554432.000000,1000818842092861,1000818843257872
208,208,"Agent 1",1,43587,43587,2097152,1,"gemm",512,131072,0,128,0,112,"TCP_TCP_TA_DATA_STALL_CYCLES",57530203.000000,1000818842092861,1000818843257872
208,208,"Agent 1",1,43587,43587,2097152,1,"gemm",512,131072,0,128,0,112,"TCP_TCP_TA_ADDR_STALL_CYCLES",88843937.000000,1000818842092861,1000818843257872
209,209,"Agent 1",1,43587,43587,2097152,1,"gemm",512,131072,0,128,0,112,"SQ_INSTS_VMEM_WR",524288.000000,1000818843357353,1000818844520603
209,209,"Agent 1",1,43587,43587,2097152,1,"gemm",512,131072,0,128,0,112,"SQ_VMEM_TA_CMD_FIFO_FULL",74629280.000000,1000818843357353,1000818844520603
209,209,"Agent 1",1,43587,43587,2097152,1,"gemm",512,131072,0,128,0,112,"TCC_WRITE_SECTORS",33554432.000000,1000818843357353,1000818844520603
209,209,"Agent 1",1,43587,43587,2097152,1,"gemm",512,131072,0,128,0,112,"TCP_TCP_TA_DATA_STALL_CYCLES",58529949.000000,1000818843357353,1000818844520603
209,209,"Agent 1",1,43587,43587,2097152,1,"gemm",512,131072,0,128,0,112,"TCP_TCP_TA_ADDR_STALL_CYCLES",88237246.000000,1000818843357353,1000818844520603
210,210,"Agent 1",1,43587,43587,2097152,1,"gemm",512,131072,0,128,0,112,"SQ_INSTS_VMEM_WR",524288.000000,1000818844617924,1000818845779335
210,210,"Agent 1",1,43587,43587,2097152,1,"gemm",512,131072,0,128,0,112,"SQ_VMEM_TA_CMD_FIFO_FULL",74463717.000000,1000818844617924,1000818845779335
210,210,"Agent 1",1,43587,43587,2097152,1,"gemm",512,131072,0,128,0,112,"TCC_WRITE_SECTORS",33554432.000000,1000818844617924,1000818845779335
210,210,"Agent 1",1,43587,43587,2097152,1,"gemm",512,131072,0,128,0,112,"TCP_TCP_TA_DATA_STALL_CYCLES",57361334.000000,1000818844617924,1000818845779335
210,210,"Agent 1",1,43587,43587,2097152,1,"gemm",512,131072,0,128,0,112,"TCP_TCP_TA_ADDR_STALL_CYCLES",88159534.000000,1000818844617924,1000818845779335
211,211,"Agent 1",1,43587,43587,2097152,1,"gemm",512,131072,0,128,0,112,"SQ_INSTS_VMEM_WR",524288.000000,1000818845874416,1000818847033947
211,211,"Agent 1",1,43587,43587,2097152,1,"gemm",512,131072,0,128,0,112,"SQ_VMEM_TA_CMD_FIFO_FULL",74810619.000000,1000818845874416,1000818847033947
211,211,"Agent 1",1,43587,43587,2097152,1,"gemm",512,131072,0,128,0,112,"TCC_WRITE_SECTORS",33554432.000000,1000818845874416,1000818847033947
211,211,"Agent 1",1,43587,43587,2097152,1,"gemm",512,131072,0,128,0,112,"TCP_TCP_TA_DATA_STALL_CYCLES",57608400.000000,1000818845874416,1000818847033947
211,211,"Agent 1",1,43587,43587,2097152,1,"gemm",512,131072,0,128,0,112,"TCP_TCP_TA_ADDR_STALL_CYCLES",88196797.000000,1000818845874416,1000818847033947
212,212,"Agent 1",1,43587,43587,2097152,1,"gemm",512,131072,0,128,0,112,"SQ_INSTS_VMEM_WR",524288.000000,1000818847136147,1000818848287918
212,212,"Agent 1",1,43587,43587,2097152,1,"gemm",512,131072,0,128,0,112,"SQ_VMEM_TA_CMD_FIFO_FULL",71266256.000000,1000818847136147,1000818848287918
212,212,"Agent 1",1,43587,43587,2097152,1,"gemm",512,131072,0,128,0,112,"TCC_WRITE_SECTORS",33554432.000000,1000818847136147,1000818848287918
212,212,"Agent 1",1,43587,43587,2097152,1,"gemm",512,131072,0,128,0,112,"TCP_TCP_TA_DATA_STALL_CYCLES",55481819.000000,1000818847136147,1000818848287918
212,212,"Agent 1",1,43587,43587,2097152,1,"gemm",512,131072,0,128,0,112,"TCP_TCP_TA_ADDR_STALL_CYCLES",83505070.000000,1000818847136147,1000818848287918
213,213,"Agent 1",1,43587,43587,2097152,1,"gemm",512,131072,0,128,0,112,"SQ_INSTS_VMEM_WR",524288.000000,1000818848390559,1000818849555730
213,213,"Agent 1",1,43587,43587,2097152,1,"gemm",512,131072,0,128,0,112,"SQ_VMEM_TA_CMD_FIFO_FULL",73602742.000000,1000818848390559,1000818849555730
213,213,"Agent 1",1,43587,43587,2097152,1,"gemm",512,131072,0,128,0,112,"TCC_WRITE_SECTORS",33554432.000000,1000818848390559,1000818849555730
213,213,"Agent 1",1,43587,43587,2097152,1,"gemm",512,131072,0,128,0,112,"TCP_TCP_TA_DATA_STALL_CYCLES",59659462.000000,1000818848390559,1000818849555730
213,213,"Agent 1",1,43587,43587,2097152,1,"gemm",512,131072,0,128,0,112,"TCP_TCP_TA_ADDR_STALL_CYCLES",89632440.000000,1000818848390559,1000818849555730
214,214,"Agent 1",1,43587,43587,2097152,1,"gemm",512,131072,0,128,0,112,"SQ_INSTS_VMEM_WR",524288.000000,1000818849659171,1000818850822181
214,214,"Agent 1",1,43587,43587,2097152,1,"gemm",512,131072,0,128,0,112,"SQ_VMEM_TA_CMD_FIFO_FULL",73231688.000000,1000818849659171,1000818850822181
214,214,"Agent 1",1,43587,43587,2097152,1,"gemm",512,131072,0,128,0,112,"TCC_WRITE_SECTORS",33554432.000000,1000818849659171,1000818850822181
214,214,"Agent 1",1,43587,43587,2097152,1,"gemm",512,131072,0,128,0,112,"TCP_TCP_TA_DATA_STALL_CYCLES",57839942.000000,1000818849659171,1000818850822181
214,214,"Agent 1",1,43587,43587,2097152,1,"gemm",512,131072,0,128,0,112,"TCP_TCP_TA_ADDR_STALL_CYCLES",87381947.000000,1000818849659171,1000818850822181
215,215,"Agent 1",1,43587,43587,2097152,1,"gemm",512,131072,0,128,0,112,"SQ_INSTS_VMEM_WR",524288.000000,1000818850924862,1000818852088233
215,215,"Agent 1",1,43587,43587,2097152,1,"gemm",512,131072,0,128,0,112,"SQ_VMEM_TA_CMD_FIFO_FULL",74091331.000000,1000818850924862,1000818852088233
215,215,"Agent 1",1,43587,43587,2097152,1,"gemm",512,131072,0,128,0,112,"TCC_WRITE_SECTORS",33554432.000000,1000818850924862,1000818852088233
215,215,"Agent 1",1,43587,43587,2097152,1,"gemm",512,131072,0,128,0,112,"TCP_TCP_TA_DATA_STALL_CYCLES",56734996.000000,1000818850924862,1000818852088233
215,215,"Agent 1",1,43587,43587,2097152,1,"gemm",512,131072,0,128,0,112,"TCP_TCP_TA_ADDR_STALL_CYCLES",86572941.000000,1000818850924862,1000818852088233
216,216,"Agent 1",1,43587,43587,2097152,1,"gemm",512,131072,0,128,0,112,"SQ_INSTS_VMEM_WR",524288.000000,1000818852189514,1000818853356605
216,216,"Agent 1",1,43587,43587,2097152,1,"gemm",512,131072,0,128,0,112,"SQ_VMEM_TA_CMD_FIFO_FULL",73759047.000000,1000818852189514,1000818853356605
216,216,"Agent 1",1,43587,43587,2097152,1,"gemm",512,131072,0,128,0,112,"TCC_WRITE_SECTORS",33554432.000000,1000818852189514,1000818853356605
216,216,"Agent 1",1,43587,43587,2097152,1,"gemm",512,131072,0,128,0,112,"TCP_TCP_TA_DATA_STALL_CYCLES",60580853.000000,1000818852189514,1000818853356605
216,216,"Agent 1",1,43587,43587,2097152,1,"gemm",512,131072,0,128,0,112,"TCP_TCP_TA_ADDR_STALL_CYCLES",90721908.000000,1000818852189514,1000818853356605
217,217,"Agent 1",1,43587,43587,2097152,1,"gemm",512,131072,0,128,0,112,"SQ_INSTS_VMEM_WR",524288.000000,1000818853454726,1000818854618096
217,217,"Agent 1",1,43587,43587,2097152,1,"gemm",512,131072,0,128,0,112,"SQ_VMEM_TA_CMD_FIFO_FULL",73048304.000000,1000818853454726,1000818854618096
217,217,"Agent 1",1,43587,43587,2097152,1,"gemm",512,131072,0,128,0,112,"TCC_WRITE_SECTORS",33554432.000000,1000818853454726,1000818854618096
217,217,"Agent 1",1,43587,43587,2097152,1,"gemm",512,131072,0,128,0,112,"TCP_TCP_TA_DATA_STALL_CYCLES",58068343.000000,1000818853454726,1000818854618096
217,217,"Agent 1",1,43587,43587,2097152,1,"gemm",512,131072,0,128,0,112,"TCP_TCP_TA_ADDR_STALL_CYCLES",87190882.000000,1000818853454726,1000818854618096
218,218,"Agent 1",1,43587,43587,2097152,1,"gemm",512,131072,0,128,0,112,"SQ_INSTS_VMEM_WR",524288.000000,1000818854717697,1000818855875588
218,218,"Agent 1",1,43587,43587,2097152,1,"gemm",512,131072,0,128,0,112,"SQ_VMEM_TA_CMD_FIFO_FULL",75176801.000000,1000818854717697,1000818855875588
218,218,"Agent 1",1,43587,43587,2097152,1,"gemm",512,131072,0,128,0,112,"TCC_WRITE_SECTORS",33554432.000000,1000818854717697,1000818855875588
218,218,"Agent 1",1,43587,43587,2097152,1,"gemm",512,131072,0,128,0,112,"TCP_TCP_TA_DATA_STALL_CYCLES",55745232.000000,1000818854717697,1000818855875588
218,218,"Agent 1",1,43587,43587,2097152,1,"gemm",512,131072,0,128,0,112,"TCP_TCP_TA_ADDR_STALL_CYCLES",86326421.000000,1000818854717697,1000818855875588
219,219,"Agent 1",1,43587,43587,2097152,1,"gemm",512,131072,0,128,0,112,"SQ_INSTS_VMEM_WR",524288.000000,1000818855977749,1000818857138159
219,219,"Agent 1",1,43587,43587,2097152,1,"gemm",512,131072,0,128,0,112,"SQ_VMEM_TA_CMD_FIFO_FULL",73880219.000000,1000818855977749,1000818857138159
219,219,"Agent 1",1,43587,43587,2097152,1,"gemm",512,131072,0,128,0,112,"TCC_WRITE_SECTORS",33554432.000000,1000818855977749,1000818857138159
219,219,"Agent 1",1,43587,43587,2097152,1,"gemm",512,131072,0,128,0,112,"TCP_TCP_TA_DATA_STALL_CYCLES",57904737.000000,1000818855977749,1000818857138159
219,219,"Agent 1",1,43587,43587,2097152,1,"gemm",512,131072,0,128,0,112,"TCP_TCP_TA_ADDR_STALL_CYCLES",87510237.000000,1000818855977749,1000818857138159
220,220,"Agent 1",1,43587,43587,2097152,1,"gemm",512,131072,0,128,0,112,"SQ_INSTS_VMEM_WR",524288.000000,1000818857235360,1000818858392131
220,220,"Agent 1",1,43587,43587,2097152,1,"gemm",512,131072,0,128,0,112,"SQ_VMEM_TA_CMD_FIFO_FULL",71023543.000000,1000818857235360,1000818858392131
220,220,"Agent 1",1,43587,43587,2097152,1,"gemm",512,131072,0,128,0,112,"TCC_WRITE_SECTORS",33554432.000000,1000818857235360,1000818858392131
220,220,"Agent 1",1,43587,43587,2097152,1,"gemm",512,131072,0,128,0,112,"TCP_TCP_TA_DATA_STALL_CYCLES",56587458.000000,1000818857235360,1000818858392131
220,220,"Agent 1",1,43587,43587,2097152,1,"gemm",512,131072,0,128,0,112,"TCP_TCP_TA_ADDR_STALL_CYCLES",84975494.000000,1000818857235360,1000818858392131
221,221,"Agent 1",1,43587,43587,2097152,1,"gemm",512,131072,0,128,0,112,"SQ_INSTS_VMEM_WR",524288.000000,1000818858488052,1000818859646903
221,221,"Agent 1",1,43587,43587,2097152,1,"gemm",512,131072,0,128,0,112,"SQ_VMEM_TA_CMD_FIFO_FULL",74212437.000000,1000818858488052,1000818859646903
221,221,"Agent 1",1,43587,43587,2097152,1,"gemm",512,131072,0,128,0,112,"TCC_WRITE_SECTORS",33554432.000000,1000818858488052,1000818859646903
221,221,"Agent 1",1,43587,43587,2097152,1,"gemm",512,131072,0,128,0,112,"TCP_TCP_TA_DATA_STALL_CYCLES",56161817.000000,1000818858488052,1000818859646903
221,221,"Agent 1",1,43587,43587,2097152,1,"gemm",512,131072,0,128,0,112,"TCP_TCP_TA_ADDR_STALL_CYCLES",86597557.000000,1000818858488052,1000818859646903
222,222,"Agent 1",1,43587,43587,2097152,1,"gemm",512,131072,0,128,0,112,"SQ_INSTS_VMEM_WR",524288.000000,1000818859744063,1000818860905034
222,222,"Agent 1",1,43587,43587,2097152,1,"gemm",512,131072,0,128,0,112,"SQ_VMEM_TA_CMD_FIFO_FULL",73153123.000000,1000818859744063,1000818860905034
222,222,"Agent 1",1,43587,43587,2097152,1,"gemm",512,131072,0,128,0,112,"TCC_WRITE_SECTORS",33554432.000000,1000818859744063,1000818860905034
222,222,"Agent 1",1,43587,43587,2097152,1,"gemm",512,131072,0,128,0,112,"TCP_TCP_TA_DATA_STALL_CYCLES",57639996.000000,1000818859744063,1000818860905034
222,222,"Agent 1",1,43587,43587,2097152,1,"gemm",512,131072,0,128,0,112,"TCP_TCP_TA_ADDR_STALL_CYCLES",87377016.000000,1000818859744063,1000818860905034
223,223,"Agent 1",1,43587,43587,2097152,1,"gemm",512,131072,0,128,0,112,"SQ_INSTS_VMEM_WR",524288.000000,1000818861008515,1000818862161846
223,223,"Agent 1",1,43587,43587,2097152,1,"gemm",512,131072,0,128,0,112,"SQ_VMEM_TA_CMD_FIFO_FULL",72347576.000000,1000818861008515,1000818862161846
223,223,"Agent 1",1,43587,43587,2097152,1,"gemm",512,131072,0,128,0,112,"TCC_WRITE_SECTORS",33554432.000000,1000818861008515,1000818862161846
223,223,"Agent 1",1,43587,43587,2097152,1,"gemm",512,131072,0,128,0,112,"TCP_TCP_TA_DATA_STALL_CYCLES",55054649.000000,1000818861008515,1000818862161846
223,223,"Agent 1",1,43587,43587,2097152,1,"gemm",512,131072,0,128,0,112,"TCP_TCP_TA_ADDR_STALL_CYCLES",83474015.000000,1000818861008515,1000818862161846
224,224,"Agent 1",1,43587,43587,2097152,1,"gemm",512,131072,0,128,0,112,"SQ_INSTS_VMEM_WR",524288.000000,1000818862262007,1000818863429457
224,224,"Agent 1",1,43587,43587,2097152,1,"gemm",512,131072,0,128,0,112,"SQ_VMEM_TA_CMD_FIFO_FULL",74848719.000000,1000818862262007,1000818863429457
224,224,"Agent 1",1,43587,43587,2097152,1,"gemm",512,131072,0,128,0,112,"TCC_WRITE_SECTORS",33554432.000000,1000818862262007,1000818863429457
224,224,"Agent 1",1,43587,43587,2097152,1,"gemm",512,131072,0,128,0,112,"TCP_TCP_TA_DATA_STALL_CYCLES",58000504.000000,1000818862262007,1000818863429457
224,224,"Agent 1",1,43587,43587,2097152,1,"gemm",512,131072,0,128,0,112,"TCP_TCP_TA_ADDR_STALL_CYCLES",87939129.000000,1000818862262007,1000818863429457
225,225,"Agent 1",1,43587,43587,2097152,1,"gemm",512,131072,0,128,0,112,"SQ_INSTS_VMEM_WR",524288.000000,1000818863536338,1000818864699789
225,225,"Agent 1",1,43587,43587,2097152,1,"gemm",512,131072,0,128,0,112,"SQ_VMEM_TA_CMD_FIFO_FULL",74050719.000000,1000818863536338,1000818864699789
225,225,"Agent 1",1,43587,43587,2097152,1,"gemm",512,131072,0,128,0,112,"TCC_WRITE_SECTORS",33554432.000000,1000818863536338,1000818864699789
225,225,"Agent 1",1,43587,43587,2097152,1,"gemm",512,131072,0,128,0,112,"TCP_TCP_TA_DATA_STALL_CYCLES",56789199.000000,1000818863536338,1000818864699789
225,225,"Agent 1",1,43587,43587,2097152,1,"gemm",512,131072,0,128,0,112,"TCP_TCP_TA_ADDR_STALL_CYCLES",86744961.000000,1000818863536338,1000818864699789
226,226,"Agent 1",1,43587,43587,2097152,1,"gemm",512,131072,0,128,0,112,"SQ_INSTS_VMEM_WR",524288.000000,1000818864799870,1000818865963801
226,226,"Agent 1",1,43587,43587,2097152,1,"gemm",512,131072,0,128,0,112,"SQ_VMEM_TA_CMD_FIFO_FULL",71467037.000000,1000818864799870,1000818865963801
226,226,"Agent 1",1,43587,43587,2097152,1,"gemm",512,131072,0,128,0,112,"TCC_WRITE_SECTORS",33554432.000000,1000818864799870,1000818865963801
226,226,"Agent 1",1,43587,43587,2097152,1,"gemm",512,131072,0,128,0,112,"TCP_TCP_TA_DATA_STALL_CYCLES",58711070.000000,1000818864799870,1000818865963801
226,226,"Agent 1",1,43587,43587,2097152,1,"gemm",512,131072,0,128,0,112,"TCP_TCP_TA_ADDR_STALL_CYCLES",86911051.000000,1000818864799870,1000818865963801
227,227,"Agent 1",1,43587,43587,2097152,1,"gemm",512,131072,0,128,0,112,"SQ_INSTS_VMEM_WR",524288.000000,1000818866066642,1000818867234012
227,227,"Agent 1",1,43587,43587,2097152,1,"gemm",512,131072,0,128,0,112,"SQ_VMEM_TA_CMD_FIFO_FULL",76075013.000000,1000818866066642,1000818867234012
227,227,"Agent 1",1,43587,43587,2097152,1,"gemm",512,131072,0,128,0,112,"TCC_WRITE_SECTORS",33554432.000000,1000818866066642,1000818867234012
227,227,"Agent 1",1,43587,43587,2097152,1,"gemm",512,131072,0,128,0,112,"TCP_TCP_TA_DATA_STALL_CYCLES",58570893.000000,1000818866066642,1000818867234012
227,227,"Agent 1",1,43587,43587,2097152,1,"gemm",512,131072,0,128,0,112,"TCP_TCP_TA_ADDR_STALL_CYCLES",89968923.000000,1000818866066642,1000818867234012
228,228,"Agent 1",1,43587,43587,2097152,1,"gemm",512,131072,0,128,0,112,"SQ_INSTS_VMEM_WR",524288.000000,1000818867332053,1000818868485584
228,228,"Agent 1",1,43587,43587,2097152,1,"gemm",512,131072,0,128,0,112,"SQ_VMEM_TA_CMD_FIFO_FULL",72468619.000000,1000818867332053,1000818868485584
228,228,"Agent 1",1,43587,43587,2097152,1,"gemm",512,131072,0,128,0,112,"TCC_WRITE_SECTORS",33554432.000000,1000818867332053,1000818868485584
228,228,"Agent 1",1,43587,43587,2097152,1,"gemm",512,131072,0,128,0,112,"TCP_TCP_TA_DATA_STALL_CYCLES",55937551.000000,1000818867332053,1000818868485584
228,228,"Agent 1",1,43587,43587,2097152,1,"gemm",512,131072,0,128,0,112,"TCP_TCP_TA_ADDR_STALL_CYCLES",85316824.000000,1000818867332053,1000818868485584
229,229,"Agent 1",1,43587,43587,2097152,1,"gemm",512,131072,0,128,0,112,"SQ_INSTS_VMEM_WR",524288.000000,1000818868581265,1000818869746355
229,229,"Agent 1",1,43587,43587,2097152,1,"gemm",512,131072,0,128,0,112,"SQ_VMEM_TA_CMD_FIFO_FULL",76725048.000000,1000818868581265,1000818869746355
229,229,"Agent 1",1,43587,43587,2097152,1,"gemm",512,131072,0,128,0,112,"TCC_WRITE_SECTORS",33554432.000000,1000818868581265,1000818869746355
229,229,"Agent 1",1,43587,43587,2097152,1,"gemm",512,131072,0,128,0,112,"TCP_TCP_TA_DATA_STALL_CYCLES",56658042.000000,1000818868581265,1000818869746355
229,229,"Agent 1",1,43587,43587,2097152,1,"gemm",512,131072,0,128,0,112,"TCP_TCP_TA_ADDR_STALL_CYCLES",87916070.000000,1000818868581265,1000818869746355
230,230,"Agent 1",1,43587,43587,2097152,1,"gemm",512,131072,0,128,0,112,"SQ_INSTS_VMEM_WR",524288.000000,1000818869846636,1000818871007927
230,230,"Agent 1",1,43587,43587,2097152,1,"gemm",512,131072,0,128,0,112,"SQ_VMEM_TA_CMD_FIFO_FULL",75048520.000000,1000818869846636,1000818871007927
230,230,"Agent 1",1,43587,43587,2097152,1,"gemm",512,131072,0,128,0,112,"TCC_WRITE_SECTORS",33554432.000000,1000818869846636,1000818871007927
230,230,"Agent 1",1,43587,43587,2097152,1,"gemm",512,131072,0,128,0,112,"TCP_TCP_TA_DATA_STALL_CYCLES",57910238.000000,1000818869846636,1000818871007927
230,230,"Agent 1",1,43587,43587,2097152,1,"gemm",512,131072,0,128,0,112,"TCP_TCP_TA_ADDR_STALL_CYCLES",88569610.000000,1000818869846636,1000818871007927
231,231,"Agent 1",1,43587,43587,2097152,1,"gemm",512,131072,0,128,0,112,"SQ_INSTS_VMEM_WR",524288.000000,1000818871106848,1000818872269099
231,231,"Agent 1",1,43587,43587,2097152,1,"gemm",512,131072,0,128,0,112,"SQ_VMEM_TA_CMD_FIFO_FULL",74160966.000000,1000818871106848,1000818872269099
231,231,"Agent 1",1,43587,43587,2097152,1,"gemm",512,131072,0,128,0,112,"TCC_WRITE_SECTORS",33554432.000000,1000818871106848,1000818872269099
231,231,"Agent 1",1,43587,43587,2097152,1,"gemm",512,131072,0,128,0,112,"TCP_TCP_TA_DATA_STALL_CYCLES",56735265.000000,1000818871106848,1000818872269099
231,231,"Agent 1",1,43587,43587,2097152,1,"gemm",512,131072,0,128,0,112,"TCP_TCP_TA_ADDR_STALL_CYCLES",86423628.000000,1000818871106848,1000818872269099
232,232,"Agent 1",1,43587,43587,2097152,1,"gemm",512,131072,0,128,0,112,"SQ_INSTS_VMEM_WR",524288.000000,1000818872367659,1000818873537550
232,232,"Agent 1",1,43587,43587,2097152,1,"gemm",512,131072,0,128,0,112,"SQ_VMEM_TA_CMD_FIFO_FULL",75577981.000000,1000818872367659,1000818873537550
232,232,"Agent 1",1,43587,43587,2097152,1,"gemm",512,131072,0,128,0,112,"TCC_WRITE_SECTORS",33554432.000000,1000818872367659,1000818873537550
232,232,"Agent 1",1,43587,43587,2097152,1,"gemm",512,131072,0,128,0,112,"TCP_TCP_TA_DATA_STALL_CYCLES",59515537.000000,1000818872367659,1000818873537550
232,232,"Agent 1",1,43587,43587,2097152,1,"gemm",512,131072,0,128,0,112,"TCP_TCP_TA_ADDR_STALL_CYCLES",90242375.000000,1000818872367659,1000818873537550
233,233,"Agent 1",1,43587,43587,2097152,1,"gemm",512,131072,0,128,0,112,"SQ_INSTS_VMEM_WR",524288.000000,1000818873634311,1000818874795122
233,233,"Agent 1",1,43587,43587,2097152,1,"gemm",512,131072,0,128,0,112,"SQ_VMEM_TA_CMD_FIFO_FULL",72532791.000000,1000818873634311,1000818874795122
233,233,"Agent 1",1,43587,43587,2097152,1,"gemm",512,131072,0,128,0,112,"TCC_WRITE_SECTORS",33554432.000000,1000818873634311,1000818874795122
233,233,"Agent 1",1,43587,43587,2097152,1,"gemm",512,131072,0,128,0,112,"TCP_TCP_TA_DATA_STALL_CYCLES",58813419.000000,1000818873634311,1000818874795122
233,233,"Agent 1",1,43587,43587,2097152,1,"gemm",512,131072,0,128,0,112,"TCP_TCP_TA_ADDR_STALL_CYCLES",87556521.000000,1000818873634311,1000818874795122
234,234,"Agent 1",1,43587,43587,2097152,1,"gemm",512,131072,0,128,0,112,"SQ_INSTS_VMEM_WR",524288.000000,1000818874893923,1000818876063293
234,234,"Agent 1",1,43587,43587,2097152,1,"gemm",512,131072,0,128,0,112,"SQ_VMEM_TA_CMD_FIFO_FULL",73468958.000000,1000818874893923,1000818876063293
234,234,"Agent 1",1,43587,43587,2097152,1,"gemm",512,131072,0,128,0,112,"TCC_WRITE_SECTORS",33554432.000000,1000818874893923,1000818876063293
234,234,"Agent 1",1,43587,43587,2097152,1,"gemm",512,131072,0,128,0,112,"TCP_TCP_TA_DATA_STALL_CYCLES",61249208.000000,1000818874893923,1000818876063293
234,234,"Agent 1",1,43587,43587,2097152,1,"gemm",512,131072,0,128,0,112,"TCP_TCP_TA_ADDR_STALL_CYCLES",90806059.000000,1000818874893923,1000818876063293
235,235,"Agent 1",1,43587,43587,2097152,1,"gemm",512,131072,0,128,0,112,"SQ_INSTS_VMEM_WR",524288.000000,1000818876166694,1000818877331985
235,235,"Agent 1",1,43587,43587,2097152,1,"gemm",512,131072,0,128,0,112,"SQ_VMEM_TA_CMD_FIFO_FULL",76467752.000000,1000818876166694,1000818877331985
235,235,"Agent 1",1,43587,43587,2097152,1,"gemm",512,131072,0,128,0,112,"TCC_WRITE_SECTORS",33554432.000000,1000818876166694,1000818877331985
235,235,"Agent 1",1,43587,43587,2097152,1,"gemm",512,131072,0,128,0,112,"TCP_TCP_TA_DATA_STALL_CYCLES",57209688.000000,1000818876166694,1000818877331985
235,235,"Agent 1",1,43587,43587,2097152,1,"gemm",512,131072,0,128,0,112,"TCP_TCP_TA_ADDR_STALL_CYCLES",87842244.000000,1000818876166694,1000818877331985
236,236,"Agent 1",1,43587,43587,2097152,1,"gemm",512,131072,0,128,0,112,"SQ_INSTS_VMEM_WR",524288.000000,1000818877431786,1000818878595717
236,236,"Agent 1",1,43587,43587,2097152,1,"gemm",512,131072,0,128,0,112,"SQ_VMEM_TA_CMD_FIFO_FULL",75135563.000000,1000818877431786,1000818878595717
236,236,"Agent 1",1,43587,43587,2097152,1,"gemm",512,131072,0,128,0,112,"TCC_WRITE_SECTORS",33554432.000000,1000818877431786,1000818878595717
236,236,"Agent 1",1,43587,43587,2097152,1,"gemm",512,131072,0,128,0,112,"TCP_TCP_TA_DATA_STALL_CYCLES",58187188.000000,1000818877431786,1000818878595717
236,236,"Agent 1",1,43587,43587,2097152,1,"gemm",512,131072,0,128,0,112,"TCP_TCP_TA_ADDR_STALL_CYCLES",89444863.000000,1000818877431786,1000818878595717
237,237,"Agent 1",1,43587,43587,2097152,1,"gemm",512,131072,0,128,0,112,"SQ_INSTS_VMEM_WR",524288.000000,1000818878693918,1000818879855768
237,237,"Agent 1",1,43587,43587,2097152,1,"gemm",512,131072,0,128,0,112,"SQ_VMEM_TA_CMD_FIFO_FULL",74518373.000000,1000818878693918,1000818879855768
237,237,"Agent 1",1,43587,43587,2097152,1,"gemm",512,131072,0,128,0,112,"TCC_WRITE_SECTORS",33554432.000000,1000818878693918,1000818879855768
237,237,"Agent 1",1,43587,43587,2097152,1,"gemm",512,131072,0,128,0,112,"TCP_TCP_TA_DATA_STALL_CYCLES",57838866.000000,1000818878693918,1000818879855768
237,237,"Agent 1",1,43587,43587,2097152,1,"gemm",512,131072,0,128,0,112,"TCP_TCP_TA_ADDR_STALL_CYCLES",88041020.000000,1000818878693918,1000818879855768
238,238,"Agent 1",1,43587,43587,2097152,1,"gemm",512,131072,0,128,0,112,"SQ_INSTS_VMEM_WR",524288.000000,1000818879955289,1000818881112020
238,238,"Agent 1",1,43587,43587,2097152,1,"gemm",512,131072,0,128,0,112,"SQ_VMEM_TA_CMD_FIFO_FULL",72740066.000000,1000818879955289,1000818881112020
238,238,"Agent 1",1,43587,43587,2097152,1,"gemm",512,131072,0,128,0,112,"TCC_WRITE_SECTORS",33554432.000000,1000818879955289,1000818881112020
238,238,"Agent 1",1,43587,43587,2097152,1,"gemm",512,131072,0,128,0,112,"TCP_TCP_TA_DATA_STALL_CYCLES",56353652.000000,1000818879955289,1000818881112020
238,238,"Agent 1",1,43587,43587,2097152,1,"gemm",512,131072,0,128,0,112,"TCP_TCP_TA_ADDR_STALL_CYCLES",85294153.000000,1000818879955289,1000818881112020
239,239,"Agent 1",1,43587,43587,2097152,1,"gemm",512,131072,0,128,0,112,"SQ_INSTS_VMEM_WR",524288.000000,1000818881206501,1000818882371191
239,239,"Agent 1",1,43587,43587,2097152,1,"gemm",512,131072,0,128,0,112,"SQ_VMEM_TA_CMD_FIFO_FULL",74263276.000000,1000818881206501,1000818882371191
239,239,"Agent 1",1,43587,43587,2097152,1,"gemm",512,131072,0,128,0,112,"TCC_WRITE_SECTORS",33554432.000000,1000818881206501,1000818882371191
239,239,"Agent 1",1,43587,43587,2097152,1,"gemm",512,131072,0,128,0,112,"TCP_TCP_TA_DATA_STALL_CYCLES",57650853.000000,1000818881206501,1000818882371191
239,239,"Agent 1",1,43587,43587,2097152,1,"gemm",512,131072,0,128,0,112,"TCP_TCP_TA_ADDR_STALL_CYCLES",88051925.000000,1000818881206501,1000818882371191
240,240,"Agent 1",1,43587,43587,2097152,1,"gemm",512,131072,0,128,0,112,"SQ_INSTS_VMEM_WR",524288.000000,1000818882471392,1000818883631003
240,240,"Agent 1",1,43587,43587,2097152,1,"gemm",512,131072,0,128,0,112,"SQ_VMEM_TA_CMD_FIFO_FULL",72444512.000000,1000818882471392,1000818883631003
240,240,"Agent 1",1,43587,43587,2097152,1,"gemm",512,131072,0,128,0,112,"TCC_WRITE_SECTORS",33554432.000000,1000818882471392,1000818883631003
240,240,"Agent 1",1,43587,43587,2097152,1,"gemm",512,131072,0,128,0,112,"TCP_TCP_TA_DATA_STALL_CYCLES",57533904.000000,1000818882471392,1000818883631003
240,240,"Agent 1",1,43587,43587,2097152,1,"gemm",512,131072,0,128,0,112,"TCP_TCP_TA_ADDR_STALL_CYCLES",86227720.000000,1000818882471392,1000818883631003
241,241,"Agent 1",1,43587,43587,2097152,1,"gemm",512,131072,0,128,0,112,"SQ_INSTS_VMEM_WR",524288.000000,1000818883728724,1000818884898135
241,241,"Agent 1",1,43587,43587,2097152,1,"gemm",512,131072,0,128,0,112,"SQ_VMEM_TA_CMD_FIFO_FULL",76205497.000000,1000818883728724,1000818884898135
241,241,"Agent 1",1,43587,43587,2097152,1,"gemm",512,131072,0,128,0,112,"TCC_WRITE_SECTORS",33554432.000000,1000818883728724,1000818884898135
241,241,"Agent 1",1,43587,43587,2097152,1,"gemm",512,131072,0,128,0,112,"TCP_TCP_TA_DATA_STALL_CYCLES",59973409.000000,1000818883728724,1000818884898135
241,241,"Agent 1",1,43587,43587,2097152,1,"gemm",512,131072,0,128,0,112,"TCP_TCP_TA_ADDR_STALL_CYCLES",91097842.000000,1000818883728724,1000818884898135
242,242,"Agent 1",1,43587,43587,2097152,1,"gemm",512,131072,0,128,0,112,"SQ_INSTS_VMEM_WR",524288.000000,1000818884992895,1000818886148586
242,242,"Agent 1",1,43587,43587,2097152,1,"gemm",512,131072,0,128,0,112,"SQ_VMEM_TA_CMD_FIFO_FULL",71814720.000000,1000818884992895,1000818886148586
242,242,"Agent 1",1,43587,43587,2097152,1,"gemm",512,131072,0,128,0,112,"TCC_WRITE_SECTORS",33554432.000000,1000818884992895,1000818886148586
242,242,"Agent 1",1,43587,43587,2097152,1,"gemm",512,131072,0,128,0,112,"TCP_TCP_TA_DATA_STALL_CYCLES",56808290.000000,1000818884992895,1000818886148586
242,242,"Agent 1",1,43587,43587,2097152,1,"gemm",512,131072,0,128,0,112,"TCP_TCP_TA_ADDR_STALL_CYCLES",85268622.000000,1000818884992895,1000818886148586
243,243,"Agent 1",1,43587,43587,2097152,1,"gemm",512,131072,0,128,0,112,"SQ_INSTS_VMEM_WR",524288.000000,1000818886246947,1000818887407678
243,243,"Agent 1",1,43587,43587,2097152,1,"gemm",512,131072,0,128,0,112,"SQ_VMEM_TA_CMD_FIFO_FULL",73146235.000000,1000818886246947,1000818887407678
243,243,"Agent 1",1,43587,43587,2097152,1,"gemm",512,131072,0,128,0,112,"TCC_WRITE_SECTORS",33554432.000000,1000818886246947,1000818887407678
243,243,"Agent 1",1,43587,43587,2097152,1,"gemm",512,131072,0,128,0,112,"TCP_TCP_TA_DATA_STALL_CYCLES",55920432.000000,1000818886246947,1000818887407678
243,243,"Agent 1",1,43587,43587,2097152,1,"gemm",512,131072,0,128,0,112,"TCP_TCP_TA_ADDR_STALL_CYCLES",85366210.000000,1000818886246947,1000818887407678
244,244,"Agent 1",1,43587,43587,2097152,1,"gemm",512,131072,0,128,0,112,"SQ_INSTS_VMEM_WR",524288.000000,1000818887502119,1000818888664209
244,244,"Agent 1",1,43587,43587,2097152,1,"gemm",512,131072,0,128,0,112,"SQ_VMEM_TA_CMD_FIFO_FULL",73176197.000000,1000818887502119,1000818888664209
244,244,"Agent 1",1,43587,43587,2097152,1,"gemm",512,131072,0,128,0,112,"TCC_WRITE_SECTORS",33554432.000000,1000818887502119,1000818888664209
244,244,"Agent 1",1,43587,43587,2097152,1,"gemm",512,131072,0,128,0,112,"TCP_TCP_TA_DATA_STALL_CYCLES",57212430.000000,1000818887502119,1000818888664209
244,244,"Agent 1",1,43587,43587,2097152,1,"gemm",512,131072,0,128,0,112,"TCP_TCP_TA_ADDR_STALL_CYCLES",86265240.000000,1000818887502119,1000818888664209
245,245,"Agent 1",1,43587,43587,2097152,1,"gemm",512,131072,0,128,0,112,"SQ_INSTS_VMEM_WR",524288.000000,1000818888759090,1000818889921781
245,245,"Agent 1",1,43587,43587,2097152,1,"gemm",512,131072,0,128,0,112,"SQ_VMEM_TA_CMD_FIFO_FULL",73807583.000000,1000818888759090,1000818889921781
245,245,"Agent 1",1,43587,43587,2097152,1,"gemm",512,131072,0,128,0,112,"TCC_WRITE_SECTORS",33554432.000000,1000818888759090,1000818889921781
245,245,"Agent 1",1,43587,43587,2097152,1,"gemm",512,131072,0,128,0,112,"TCP_TCP_TA_DATA_STALL_CYCLES",58204220.000000,1000818888759090,1000818889921781
245,245,"Agent 1",1,43587,43587,2097152,1,"gemm",512,131072,0,128,0,112,"TCP_TCP_TA_ADDR_STALL_CYCLES",88093199.000000,1000818888759090,1000818889921781
246,246,"Agent 1",1,43587,43587,2097152,1,"gemm",512,131072,0,128,0,112,"SQ_INSTS_VMEM_WR",524288.000000,1000818890022342,1000818891183992
246,246,"Agent 1",1,43587,43587,2097152,1,"gemm",512,131072,0,128,0,112,"SQ_VMEM_TA_CMD_FIFO_FULL",73507099.000000,1000818890022342,1000818891183992
246,246,"Agent 1",1,43587,43587,2097152,1,"gemm",512,131072,0,128,0,112,"TCC_WRITE_SECTORS",33554432.000000,1000818890022342,1000818891183992
246,246,"Agent 1",1,43587,43587,2097152,1,"gemm",512,131072,0,128,0,112,"TCP_TCP_TA_DATA_STALL_CYCLES",56946364.000000,1000818890022342,1000818891183992
246,246,"Agent 1",1,43587,43587,2097152,1,"gemm",512,131072,0,128,0,112,"TCP_TCP_TA_ADDR_STALL_CYCLES",86590186.000000,1000818890022342,1000818891183992
247,247,"Agent 1",1,43587,43587,2097152,1,"gemm",512,131072,0,128,0,112,"SQ_INSTS_VMEM_WR",524288.000000,1000818891277793,1000818892432804
247,247,"Agent 1",1,43587,43587,2097152,1,"gemm",512,131072,0,128,0,112,"SQ_VMEM_TA_CMD_FIFO_FULL",73588106.000000,1000818891277793,1000818892432804
247,247,"Agent 1",1,43587,43587,2097152,1,"gemm",512,131072,0,128,0,112,"TCC_WRITE_SECTORS",33554432.000000,1000818891277793,1000818892432804
247,247,"Agent 1",1,43587,43587,2097152,1,"gemm",512,131072,0,128,0,112,"TCP_TCP_TA_DATA_STALL_CYCLES",55262293.000000,1000818891277793,1000818892432804
247,247,"Agent 1",1,43587,43587,2097152,1,"gemm",512,131072,0,128,0,112,"TCP_TCP_TA_ADDR_STALL_CYCLES",84961321.000000,1000818891277793,1000818892432804
248,248,"Agent 1",1,43587,43587,2097152,1,"gemm",512,131072,0,128,0,112,"SQ_INSTS_VMEM_WR",524288.000000,1000818892528805,1000818893690975
248,248,"Agent 1",1,43587,43587,2097152,1,"gemm",512,131072,0,128,0,112,"SQ_VMEM_TA_CMD_FIFO_FULL",72533762.000000,1000818892528805,1000818893690975
248,248,"Agent 1",1,43587,43587,2097152,1,"gemm",512,131072,0,128,0,112,"TCC_WRITE_SECTORS",33554432.000000,1000818892528805,1000818893690975
248,248,"Agent 1",1,43587,43587,2097152,1,"gemm",512,131072,0,128,0,112,"TCP_TCP_TA_DATA_STALL_CYCLES",55986595.000000,1000818892528805,1000818893690975
248,248,"Agent 1",1,43587,43587,2097152,1,"gemm",512,131072,0,128,0,112,"TCP_TCP_TA_ADDR_STALL_CYCLES",85211680.000000,1000818892528805,1000818893690975
249,249,"Agent 1",1,43587,43587,2097152,1,"gemm",512,131072,0,128,0,112,"SQ_INSTS_VMEM_WR",524288.000000,1000818893787456,1000818894944467
249,249,"Agent 1",1,43587,43587,2097152,1,"gemm",512,131072,0,128,0,112,"SQ_VMEM_TA_CMD_FIFO_FULL",73774838.000000,1000818893787456,1000818894944467
249,249,"Agent 1",1,43587,43587,2097152,1,"gemm",512,131072,0,128,0,112,"TCC_WRITE_SECTORS",33554432.000000,1000818893787456,1000818894944467
249,249,"Agent 1",1,43587,43587,2097152,1,"gemm",512,131072,0,128,0,112,"TCP_TCP_TA_DATA_STALL_CYCLES",56374449.000000,1000818893787456,1000818894944467
249,249,"Agent 1",1,43587,43587,2097152,1,"gemm",512,131072,0,128,0,112,"TCP_TCP_TA_ADDR_STALL_CYCLES",86064799.000000,1000818893787456,1000818894944467
250,250,"Agent 1",1,43587,43587,2097152,1,"gemm",512,131072,0,128,0,112,"SQ_INSTS_VMEM_WR",524288.000000,1000818895039268,1000818896202759
250,250,"Agent 1",1,43587,43587,2097152,1,"gemm",512,131072,0,128,0,112,"SQ_VMEM_TA_CMD_FIFO_FULL",75354163.000000,1000818895039268,1000818896202759
250,250,"Agent 1",1,43587,43587,2097152,1,"gemm",512,131072,0,128,0,112,"TCC_WRITE_SECTORS",33554432.000000,1000818895039268,1000818896202759
250,250,"Agent 1",1,43587,43587,2097152,1,"gemm",512,131072,0,128,0,112,"TCP_TCP_TA_DATA_STALL_CYCLES",57293077.000000,1000818895039268,1000818896202759
250,250,"Agent 1",1,43587,43587,2097152,1,"gemm",512,131072,0,128,0,112,"TCP_TCP_TA_ADDR_STALL_CYCLES",88161806.000000,1000818895039268,1000818896202759
251,251,"Agent 1",1,43587,43587,2097152,1,"gemm",512,131072,0,128,0,112,"SQ_INSTS_VMEM_WR",524288.000000,1000818896298839,1000818897461970
251,251,"Agent 1",1,43587,43587,2097152,1,"gemm",512,131072,0,128,0,112,"SQ_VMEM_TA_CMD_FIFO_FULL",74113577.000000,1000818896298839,1000818897461970
251,251,"Agent 1",1,43587,43587,2097152,1,"gemm",512,131072,0,128,0,112,"TCC_WRITE_SECTORS",33554432.000000,1000818896298839,1000818897461970
251,251,"Agent 1",1,43587,43587,2097152,1,"gemm",512,131072,0,128,0,112,"TCP_TCP_TA_DATA_STALL_CYCLES",57805127.000000,1000818896298839,1000818897461970
251,251,"Agent 1",1,43587,43587,2097152,1,"gemm",512,131072,0,128,0,112,"TCP_TCP_TA_ADDR_STALL_CYCLES",87263250.000000,1000818896298839,1000818897461970
252,252,"Agent 1",1,43587,43587,2097152,1,"gemm",512,131072,0,128,0,112,"SQ_INSTS_VMEM_WR",524288.000000,1000818897558211,1000818898719062
252,252,"Agent 1",1,43587,43587,2097152,1,"gemm",512,131072,0,128,0,112,"SQ_VMEM_TA_CMD_FIFO_FULL",73857445.000000,1000818897558211,1000818898719062
252,252,"Agent 1",1,43587,43587,2097152,1,"gemm",512,131072,0,128,0,112,"TCC_WRITE_SECTORS",33554432.000000,1000818897558211,1000818898719062
252,252,"Agent 1",1,43587,43587,2097152,1,"gemm",512,131072,0,128,0,112,"TCP_TCP_TA_DATA_STALL_CYCLES",58257068.000000,1000818897558211,1000818898719062
252,252,"Agent 1",1,43587,43587,2097152,1,"gemm",512,131072,0,128,0,112,"TCP_TCP_TA_ADDR_STALL_CYCLES",88908463.000000,1000818897558211,1000818898719062
