"Correlation_Id","Dispatch_Id","Agent_Id","Queue_Id","Process_Id","Thread_Id","Grid_Size","Kernel_Id","Kernel_Name","Workgroup_Size","LDS_Block_Size","Scratch_Size","VGPR_Count","Accum_VGPR_Count","SGPR_Count","Counter_Name","Counter_Value","Start_Timestamp","End_Timestamp"
53,53,"Agent 1",1,44272,44272,32768,1,"gemm",512,131072,0,128,0,112,"SQ_INSTS_VMEM_WR",8192.000000,1008430277113103,1008430277176463
53,53,"Agent 1",1,44272,44272,32768,1,"gemm",512,131072,0,128,0,112,"SQ_VMEM_TA_CMD_FIFO_FULL",1928244.000000,1008430277113103,1008430277176463
53,53,"Agent 1",1,44272,44272,32768,1,"gemm",512,131072,0,128,0,112,"TCC_WRITE_SECTORS",524288.000000,1008430277113103,1008430277176463
53,53,"Agent 1",1,44272,44272,32768,1,"gemm",512,131072,0,128,0,112,"TCP_TCP_TA_DATA_STALL_CYCLES",404474.000000,1008430277113103,1008430277176463
53,53,"Agent 1",1,44272,44272,32768,1,"gemm",512,131072,0,128,0,112,"TCP_TCP_TA_ADDR_STALL_CYCLES",1537815.000000,1008430277113103,1008430277176463
54,54,"Agent 1",1,44272,44272,32768,1,"gemm",512,131072,0,128,0,112,"SQ_INSTS_VMEM_WR",8192.000000,1008430277277904,1008430277331105
54,54,"Agent 1",1,44272,44272,32768,1,"gemm",512,131072,0,128,0,112,"SQ_VMEM_TA_CMD_FIFO_FULL",374690.000000,1008430277277904,1008430277331105
54,54,"Agent 1",1,44272,44272,32768,1,"gemm",512,131072,0,128,0,112,"TCC_WRITE_SECTORS",524288.000000,1008430277277904,1008430277331105
54,54,"Agent 1",1,44272,44272,32768,1,"gemm",512,131072,0,128,0,112,"TCP_TCP_TA_DATA_STALL_CYCLES",404239.000000,1008430277277904,1008430277331105
54,54,"Agent 1",1,44272,44272,32768,1,"gemm",512,131072,0,128,0,112,"TCP_TCP_TA_ADDR_STALL_CYCLES",544221.000000,1008430277277904,1008430277331105
55,55,"Agent 1",1,44272,44272,32768,1,"gemm",512,131072,0,128,0,112,"SQ_INSTS_VMEM_WR",8192.000000,1008430277425626,1008430277478346
55,55,"Agent 1",1,44272,44272,32768,1,"gemm",512,131072,0,128,0,112,"SQ_VMEM_TA_CMD_FIFO_FULL",378342.000000,1008430277425626,1008430277478346
55,55,"Agent 1",1,44272,44272,32768,1,"gemm",512,131072,0,128,0,112,"TCC_WRITE_SECTORS",524288.000000,1008430277425626,1008430277478346
55,55,"Agent 1",1,44272,44272,32768,1,"gemm",512,131072,0,128,0,112,"TCP_TCP_TA_DATA_STALL_CYCLES",404185.000000,1008430277425626,1008430277478346
55,55,"Agent 1",1,44272,44272,32768,1,"gemm",512,131072,0,128,0,112,"TCP_TCP_TA_ADDR_STALL_CYCLES",540377.000000,1008430277425626,1008430277478346
56,56,"Agent 1",1,44272,44272,32768,1,"gemm",512,131072,0,128,0,112,"SQ_INSTS_VMEM_WR",8192.000000,1008430277572667,1008430277624827
56,56,"Agent 1",1,44272,44272,32768,1,"gemm",512,131072,0,128,0,112,"SQ_VMEM_TA_CMD_FIFO_FULL",375716.000000,1008430277572667,1008430277624827
56,56,"Agent 1",1,44272,44272,32768,1,"gemm",512,131072,0,128,0,112,"TCC_WRITE_SECTORS",524288.000000,1008430277572667,1008430277624827
56,56,"Agent 1",1,44272,44272,32768,1,"gemm",512,131072,0,128,0,112,"TCP_TCP_TA_DATA_STALL_CYCLES",404088.000000,1008430277572667,1008430277624827
56,56,"Agent 1",1,44272,44272,32768,1,"gemm",512,131072,0,128,0,112,"TCP_TCP_TA_ADDR_STALL_CYCLES",535022.000000,1008430277572667,1008430277624827
57,57,"Agent 1",1,44272,44272,32768,1,"gemm",512,131072,0,128,0,112,"SQ_INSTS_VMEM_WR",8192.000000,1008430277719428,1008430277772189
57,57,"Agent 1",1,44272,44272,32768,1,"gemm",512,131072,0,128,0,112,"SQ_VMEM_TA_CMD_FIFO_FULL",348122.000000,1008430277719428,1008430277772189
57,57,"Agent 1",1,44272,44272,32768,1,"gemm",512,131072,0,128,0,112,"TCC_WRITE_SECTORS",524288.000000,1008430277719428,1008430277772189
57,57,"Agent 1",1,44272,44272,32768,1,"gemm",512,131072,0,128,0,112,"TCP_TCP_TA_DATA_STALL_CYCLES",397976.000000,1008430277719428,1008430277772189
57,57,"Agent 1",1,44272,44272,32768,1,"gemm",512,131072,0,128,0,112,"TCP_TCP_TA_ADDR_STALL_CYCLES",512716.000000,1008430277719428,1008430277772189
58,58,"Agent 1",1,44272,44272,32768,1,"gemm",512,131072,0,128,0,112,"SQ_INSTS_VMEM_WR",8192.000000,1008430277864669,1008430277917590
58,58,"Agent 1",1,44272,44272,32768,1,"gemm",512,131072,0,128,0,112,"SQ_VMEM_TA_CMD_FIFO_FULL",358799.000000,1008430277864669,1008430277917590
58,58,"Agent 1",1,44272,44272,32768,1,"gemm",512,131072,0,128,0,112,"TCC_WRITE_SECTORS",524288.000000,1008430277864669,1008430277917590
58,58,"Agent 1",1,44272,44272,32768,1,"gemm",512,131072,0,128,0,112,"TCP_TCP_TA_DATA_STALL_CYCLES",397977.000000,1008430277864669,1008430277917590
58,58,"Agent 1",1,44272,44272,32768,1,"gemm",512,131072,0,128,0,112,"TCP_TCP_TA_ADDR_STALL_CYCLES",513372.000000,1008430277864669,1008430277917590
59,59,"Agent 1",1,44272,44272,32768,1,"gemm",512,131072,0,128,0,112,"SQ_INSTS_VMEM_WR",8192.000000,1008430278011351,1008430278064071
59,59,"Agent 1",1,44272,44272,32768,1,"gemm",512,131072,0,128,0,112,"SQ_VMEM_TA_CMD_FIFO_FULL",359284.000000,1008430278011351,1008430278064071
59,59,"Agent 1",1,44272,44272,32768,1,"gemm",512,131072,0,128,0,112,"TCC_WRITE_SECTORS",524288.000000,1008430278011351,1008430278064071
59,59,"Agent 1",1,44272,44272,32768,1,"gemm",512,131072,0,128,0,112,"TCP_TCP_TA_DATA_STALL_CYCLES",397980.000000,1008430278011351,1008430278064071
59,59,"Agent 1",1,44272,44272,32768,1,"gemm",512,131072,0,128,0,112,"TCP_TCP_TA_ADDR_STALL_CYCLES",515816.000000,1008430278011351,1008430278064071
60,60,"Agent 1",1,44272,44272,32768,1,"gemm",512,131072,0,128,0,112,"SQ_INSTS_VMEM_WR",8192.000000,1008430278156432,1008430278208673
60,60,"Agent 1",1,44272,44272,32768,1,"gemm",512,131072,0,128,0,112,"SQ_VMEM_TA_CMD_FIFO_FULL",352152.000000,1008430278156432,1008430278208673
60,60,"Agent 1",1,44272,44272,32768,1,"gemm",512,131072,0,128,0,112,"TCC_WRITE_SECTORS",524288.000000,1008430278156432,1008430278208673
60,60,"Agent 1",1,44272,44272,32768,1,"gemm",512,131072,0,128,0,112,"TCP_TCP_TA_DATA_STALL_CYCLES",397966.000000,1008430278156432,1008430278208673
60,60,"Agent 1",1,44272,44272,32768,1,"gemm",512,131072,0,128,0,112,"TCP_TCP_TA_ADDR_STALL_CYCLES",515558.000000,1008430278156432,1008430278208673
61,61,"Agent 1",1,44272,44272,32768,1,"gemm",512,131072,0,128,0,112,"SQ_INSTS_VMEM_WR",8192.000000,1008430278301233,1008430278353834
61,61,"Agent 1",1,44272,44272,32768,1,"gemm",512,131072,0,128,0,112,"SQ_VMEM_TA_CMD_FIFO_FULL",353513.000000,1008430278301233,1008430278353834
61,61,"Agent 1",1,44272,44272,32768,1,"gemm",512,131072,0,128,0,112,"TCC_WRITE_SECTORS",524288.000000,1008430278301233,1008430278353834
61,61,"Agent 1",1,44272,44272,32768,1,"gemm",512,131072,0,128,0,112,"TCP_TCP_TA_DATA_STALL_CYCLES",397949.000000,1008430278301233,1008430278353834
61,61,"Agent 1",1,44272,44272,32768,1,"gemm",512,131072,0,128,0,112,"TCP_TCP_TA_ADDR_STALL_CYCLES",510812.000000,1008430278301233,1008430278353834
62,62,"Agent 1",1,44272,44272,32768,1,"gemm",512,131072,0,128,0,112,"SQ_INSTS_VMEM_WR",8192.000000,1008430278446435,1008430278499355
62,62,"Agent 1",1,44272,44272,32768,1,"gemm",512,131072,0,128,0,112,"SQ_VMEM_TA_CMD_FIFO_FULL",346757.000000,1008430278446435,1008430278499355
62,62,"Agent 1",1,44272,44272,32768,1,"gemm",512,131072,0,128,0,112,"TCC_WRITE_SECTORS",524288.000000,1008430278446435,1008430278499355
62,62,"Agent 1",1,44272,44272,32768,1,"gemm",512,131072,0,128,0,112,"TCP_TCP_TA_DATA_STALL_CYCLES",397957.000000,1008430278446435,1008430278499355
62,62,"Agent 1",1,44272,44272,32768,1,"gemm",512,131072,0,128,0,112,"TCP_TCP_TA_ADDR_STALL_CYCLES",510611.000000,1008430278446435,1008430278499355
63,63,"Agent 1",1,44272,44272,32768,1,"gemm",512,131072,0,128,0,112,"SQ_INSTS_VMEM_WR",8192.000000,1008430278594476,1008430278647236
63,63,"Agent 1",1,44272,44272,32768,1,"gemm",512,131072,0,128,0,112,"SQ_VMEM_TA_CMD_FIFO_FULL",349372.000000,1008430278594476,1008430278647236
63,63,"Agent 1",1,44272,44272,32768,1,"gemm",512,131072,0,128,0,112,"TCC_WRITE_SECTORS",524288.000000,1008430278594476,1008430278647236
63,63,"Agent 1",1,44272,44272,32768,1,"gemm",512,131072,0,128,0,112,"TCP_TCP_TA_DATA_STALL_CYCLES",397952.000000,1008430278594476,1008430278647236
63,63,"Agent 1",1,44272,44272,32768,1,"gemm",512,131072,0,128,0,112,"TCP_TCP_TA_ADDR_STALL_CYCLES",507084.000000,1008430278594476,1008430278647236
64,64,"Agent 1",1,44272,44272,32768,1,"gemm",512,131072,0,128,0,112,"SQ_INSTS_VMEM_WR",8192.000000,1008430278740437,1008430278792758
64,64,"Agent 1",1,44272,44272,32768,1,"gemm",512,131072,0,128,0,112,"SQ_VMEM_TA_CMD_FIFO_FULL",353985.000000,1008430278740437,1008430278792758
64,64,"Agent 1",1,44272,44272,32768,1,"gemm",512,131072,0,128,0,112,"TCC_WRITE_SECTORS",524288.000000,1008430278740437,1008430278792758
64,64,"Agent 1",1,44272,44272,32768,1,"gemm",512,131072,0,128,0,112,"TCP_TCP_TA_DATA_STALL_CYCLES",397971.000000,1008430278740437,1008430278792758
64,64,"Agent 1",1,44272,44272,32768,1,"gemm",512,131072,0,128,0,112,"TCP_TCP_TA_ADDR_STALL_CYCLES",510749.000000,1008430278740437,1008430278792758
65,65,"Agent 1",1,44272,44272,32768,1,"gemm",512,131072,0,128,0,112,"SQ_INSTS_VMEM_WR",8192.000000,1008430278886239,1008430278938799
65,65,"Agent 1",1,44272,44272,32768,1,"gemm",512,131072,0,128,0,112,"SQ_VMEM_TA_CMD_FIFO_FULL",353763.000000,1008430278886239,1008430278938799
65,65,"Agent 1",1,44272,44272,32768,1,"gemm",512,131072,0,128,0,112,"TCC_WRITE_SECTORS",524288.000000,1008430278886239,1008430278938799
65,65,"Agent 1",1,44272,44272,32768,1,"gemm",512,131072,0,128,0,112,"TCP_TCP_TA_DATA_STALL_CYCLES",397997.000000,1008430278886239,1008430278938799
65,65,"Agent 1",1,44272,44272,32768,1,"gemm",512,131072,0,128,0,112,"TCP_TCP_TA_ADDR_STALL_CYCLES",517009.000000,1008430278886239,1008430278938799
66,66,"Agent 1",1,44272,44272,32768,1,"gemm",512,131072,0,128,0,112,"SQ_INSTS_VMEM_WR",8192.000000,1008430279033200,1008430279085880
66,66,"Agent 1",1,44272,44272,32768,1,"gemm",512,131072,0,128,0,112,"SQ_VMEM_TA_CMD_FIFO_FULL",356842.000000,1008430279033200,1008430279085880
66,66,"Agent 1",1,44272,44272,32768,1,"gemm",512,131072,0,128,0,112,"TCC_WRITE_SECTORS",524288.000000,1008430279033200,1008430279085880
66,66,"Agent 1",1,44272,44272,32768,1,"gemm",512,131072,0,128,0,112,"TCP_TCP_TA_DATA_STALL_CYCLES",397975.000000,1008430279033200,1008430279085880
66,66,"Agent 1",1,44272,44272,32768,1,"gemm",512,131072,0,128,0,112,"TCP_TCP_TA_ADDR_STALL_CYCLES",511510.000000,1008430279033200,1008430279085880
67,67,"Agent 1",1,44272,44272,32768,1,"gemm",512,131072,0,128,0,112,"SQ_INSTS_VMEM_WR",8192.000000,1008430279179481,1008430279232242
67,67,"Agent 1",1,44272,44272,32768,1,"gemm",512,131072,0,128,0,112,"SQ_VMEM_TA_CMD_FIFO_FULL",362071.000000,1008430279179481,1008430279232242
67,67,"Agent 1",1,44272,44272,32768,1,"gemm",512,131072,0,128,0,112,"TCC_WRITE_SECTORS",524288.000000,1008430279179481,1008430279232242
67,67,"Agent 1",1,44272,44272,32768,1,"gemm",512,131072,0,128,0,112,"TCP_TCP_TA_DATA_STALL_CYCLES",397940.000000,1008430279179481,1008430279232242
67,67,"Agent 1",1,44272,44272,32768,1,"gemm",512,131072,0,128,0,112,"TCP_TCP_TA_ADDR_STALL_CYCLES",515762.000000,1008430279179481,1008430279232242
68,68,"Agent 1",1,44272,44272,32768,1,"gemm",512,131072,0,128,0,112,"SQ_INSTS_VMEM_WR",8192.000000,1008430279327843,1008430279379923
68,68,"Agent 1",1,44272,44272,32768,1,"gemm",512,131072,0,128,0,112,"SQ_VMEM_TA_CMD_FIFO_FULL",344120.000000,1008430279327843,1008430279379923
68,68,"Agent 1",1,44272,44272,32768,1,"gemm",512,131072,0,128,0,112,"TCC_WRITE_SECTORS",524288.000000,1008430279327843,1008430279379923
68,68,"Agent 1",1,44272,44272,32768,1,"gemm",512,131072,0,128,0,112,"TCP_TCP_TA_DATA_STALL_CYCLES",397931.000000,1008430279327843,1008430279379923
68,68,"Agent 1",1,44272,44272,32768,1,"gemm",512,131072,0,128,0,112,"TCP_TCP_TA_ADDR_STALL_CYCLES",511584.000000,1008430279327843,1008430279379923
69,69,"Agent 1",1,44272,44272,32768,1,"gemm",512,131072,0,128,0,112,"SQ_INSTS_VMEM_WR",8192.000000,1008430279474684,1008430279527164
69,69,"Agent 1",1,44272,44272,32768,1,"gemm",512,131072,0,128,0,112,"SQ_VMEM_TA_CMD_FIFO_FULL",350541.000000,1008430279474684,1008430279527164
69,69,"Agent 1",1,44272,44272,32768,1,"gemm",512,131072,0,128,0,112,"TCC_WRITE_SECTORS",524288.000000,1008430279474684,1008430279527164
69,69,"Agent 1",1,44272,44272,32768,1,"gemm",512,131072,0,128,0,112,"TCP_TCP_TA_DATA_STALL_CYCLES",397953.000000,1008430279474684,1008430279527164
69,69,"Agent 1",1,44272,44272,32768,1,"gemm",512,131072,0,128,0,112,"TCP_TCP_TA_ADDR_STALL_CYCLES",515874.000000,1008430279474684,1008430279527164
70,70,"Agent 1",1,44272,44272,32768,1,"gemm",512,131072,0,128,0,112,"SQ_INSTS_VMEM_WR",8192.000000,1008430279621805,1008430279674766
70,70,"Agent 1",1,44272,44272,32768,1,"gemm",512,131072,0,128,0,112,"SQ_VMEM_TA_CMD_FIFO_FULL",352111.000000,1008430279621805,1008430279674766
70,70,"Agent 1",1,44272,44272,32768,1,"gemm",512,131072,0,128,0,112,"TCC_WRITE_SECTORS",524288.000000,1008430279621805,1008430279674766
70,70,"Agent 1",1,44272,44272,32768,1,"gemm",512,131072,0,128,0,112,"TCP_TCP_TA_DATA_STALL_CYCLES",397980.000000,1008430279621805,1008430279674766
70,70,"Agent 1",1,44272,44272,32768,1,"gemm",512,131072,0,128,0,112,"TCP_TCP_TA_ADDR_STALL_CYCLES",514910.000000,1008430279621805,1008430279674766
71,71,"Agent 1",1,44272,44272,32768,1,"gemm",512,131072,0,128,0,112,"SQ_INSTS_VMEM_WR",8192.000000,1008430279770246,1008430279822967
71,71,"Agent 1",1,44272,44272,32768,1,"gemm",512,131072,0,128,0,112,"SQ_VMEM_TA_CMD_FIFO_FULL",355365.000000,1008430279770246,1008430279822967
71,71,"Agent 1",1,44272,44272,32768,1,"gemm",512,131072,0,128,0,112,"TCC_WRITE_SECTORS",524288.000000,1008430279770246,1008430279822967
71,71,"Agent 1",1,44272,44272,32768,1,"gemm",512,131072,0,128,0,112,"TCP_TCP_TA_DATA_STALL_CYCLES",398008.000000,1008430279770246,1008430279822967
71,71,"Agent 1",1,44272,44272,32768,1,"gemm",512,131072,0,128,0,112,"TCP_TCP_TA_ADDR_STALL_CYCLES",514648.000000,1008430279770246,1008430279822967
72,72,"Agent 1",1,44272,44272,32768,1,"gemm",512,131072,0,128,0,112,"SQ_INSTS_VMEM_WR",8192.000000,1008430279921408,1008430279973808
72,72,"Agent 1",1,44272,44272,32768,1,"gemm",512,131072,0,128,0,112,"SQ_VMEM_TA_CMD_FIFO_FULL",356997.000000,1008430279921408,1008430279973808
72,72,"Agent 1",1,44272,44272,32768,1,"gemm",512,131072,0,128,0,112,"TCC_WRITE_SECTORS",524288.000000,1008430279921408,1008430279973808
72,72,"Agent 1",1,44272,44272,32768,1,"gemm",512,131072,0,128,0,112,"TCP_TCP_TA_DATA_STALL_CYCLES",397989.000000,1008430279921408,1008430279973808
72,72,"Agent 1",1,44272,44272,32768,1,"gemm",512,131072,0,128,0,112,"TCP_TCP_TA_ADDR_STALL_CYCLES",514091.000000,1008430279921408,1008430279973808
73,73,"Agent 1",1,44272,44272,32768,1,"gemm",512,131072,0,128,0,112,"SQ_INSTS_VMEM_WR",8192.000000,1008430280071689,1008430280124370
73,73,"Agent 1",1,44272,44272,32768,1,"gemm",512,131072,0,128,0,112,"SQ_VMEM_TA_CMD_FIFO_FULL",361994.000000,1008430280071689,1008430280124370
73,73,"Agent 1",1,44272,44272,32768,1,"gemm",512,131072,0,128,0,112,"TCC_WRITE_SECTORS",524288.000000,1008430280071689,1008430280124370
73,73,"Agent 1",1,44272,44272,32768,1,"gemm",512,131072,0,128,0,112,"TCP_TCP_TA_DATA_STALL_CYCLES",397990.000000,1008430280071689,1008430280124370
73,73,"Agent 1",1,44272,44272,32768,1,"gemm",512,131072,0,128,0,112,"TCP_TCP_TA_ADDR_STALL_CYCLES",516332.000000,1008430280071689,1008430280124370
74,74,"Agent 1",1,44272,44272,32768,1,"gemm",512,131072,0,128,0,112,"SQ_INSTS_VMEM_WR",8192.000000,1008430280220931,1008430280273851
74,74,"Agent 1",1,44272,44272,32768,1,"gemm",512,131072,0,128,0,112,"SQ_VMEM_TA_CMD_FIFO_FULL",359334.000000,1008430280220931,1008430280273851
74,74,"Agent 1",1,44272,44272,32768,1,"gemm",512,131072,0,128,0,112,"TCC_WRITE_SECTORS",524288.000000,1008430280220931,1008430280273851
74,74,"Agent 1",1,44272,44272,32768,1,"gemm",512,131072,0,128,0,112,"TCP_TCP_TA_DATA_STALL_CYCLES",397979.000000,1008430280220931,1008430280273851
74,74,"Agent 1",1,44272,44272,32768,1,"gemm",512,131072,0,128,0,112,"TCP_TCP_TA_ADDR_STALL_CYCLES",516050.000000,1008430280220931,1008430280273851
75,75,"Agent 1",1,44272,44272,32768,1,"gemm",512,131072,0,128,0,112,"SQ_INSTS_VMEM_WR",8192.000000,1008430280369252,1008430280421972
75,75,"Agent 1",1,44272,44272,32768,1,"gemm",512,131072,0,128,0,112,"SQ_VMEM_TA_CMD_FIFO_FULL",359835.000000,1008430280369252,1008430280421972
75,75,"Agent 1",1,44272,44272,32768,1,"gemm",512,131072,0,128,0,112,"TCC_WRITE_SECTORS",524288.000000,1008430280369252,1008430280421972
75,75,"Agent 1",1,44272,44272,32768,1,"gemm",512,131072,0,128,0,112,"TCP_TCP_TA_DATA_STALL_CYCLES",397972.000000,1008430280369252,1008430280421972
75,75,"Agent 1",1,44272,44272,32768,1,"gemm",512,131072,0,128,0,112,"TCP_TCP_TA_ADDR_STALL_CYCLES",510909.000000,1008430280369252,1008430280421972
76,76,"Agent 1",1,44272,44272,32768,1,"gemm",512,131072,0,128,0,112,"SQ_INSTS_VMEM_WR",8192.000000,1008430280513693,1008430280566054
76,76,"Agent 1",1,44272,44272,32768,1,"gemm",512,131072,0,128,0,112,"SQ_VMEM_TA_CMD_FIFO_FULL",349688.000000,1008430280513693,1008430280566054
76,76,"Agent 1",1,44272,44272,32768,1,"gemm",512,131072,0,128,0,112,"TCC_WRITE_SECTORS",524288.000000,1008430280513693,1008430280566054
76,76,"Agent 1",1,44272,44272,32768,1,"gemm",512,131072,0,128,0,112,"TCP_TCP_TA_DATA_STALL_CYCLES",397962.000000,1008430280513693,1008430280566054
76,76,"Agent 1",1,44272,44272,32768,1,"gemm",512,131072,0,128,0,112,"TCP_TCP_TA_ADDR_STALL_CYCLES",516384.000000,1008430280513693,1008430280566054
77,77,"Agent 1",1,44272,44272,32768,1,"gemm",512,131072,0,128,0,112,"SQ_INSTS_VMEM_WR",8192.000000,1008430280661374,1008430280713935
77,77,"Agent 1",1,44272,44272,32768,1,"gemm",512,131072,0,128,0,112,"SQ_VMEM_TA_CMD_FIFO_FULL",361341.000000,1008430280661374,1008430280713935
77,77,"Agent 1",1,44272,44272,32768,1,"gemm",512,131072,0,128,0,112,"TCC_WRITE_SECTORS",524288.000000,1008430280661374,1008430280713935
77,77,"Agent 1",1,44272,44272,32768,1,"gemm",512,131072,0,128,0,112,"TCP_TCP_TA_DATA_STALL_CYCLES",397940.000000,1008430280661374,1008430280713935
77,77,"Agent 1",1,44272,44272,32768,1,"gemm",512,131072,0,128,0,112,"TCP_TCP_TA_ADDR_STALL_CYCLES",513417.000000,1008430280661374,1008430280713935
78,78,"Agent 1",1,44272,44272,32768,1,"gemm",512,131072,0,128,0,112,"SQ_INSTS_VMEM_WR",8192.000000,1008430280810896,1008430280863816
78,78,"Agent 1",1,44272,44272,32768,1,"gemm",512,131072,0,128,0,112,"SQ_VMEM_TA_CMD_FIFO_FULL",352183.000000,1008430280810896,1008430280863816
78,78,"Agent 1",1,44272,44272,32768,1,"gemm",512,131072,0,128,0,112,"TCC_WRITE_SECTORS",524288.000000,1008430280810896,1008430280863816
78,78,"Agent 1",1,44272,44272,32768,1,"gemm",512,131072,0,128,0,112,"TCP_TCP_TA_DATA_STALL_CYCLES",397951.000000,1008430280810896,1008430280863816
78,78,"Agent 1",1,44272,44272,32768,1,"gemm",512,131072,0,128,0,112,"TCP_TCP_TA_ADDR_STALL_CYCLES",513848.000000,1008430280810896,1008430280863816
79,79,"Agent 1",1,44272,44272,32768,1,"gemm",512,131072,0,128,0,112,"SQ_INSTS_VMEM_WR",8192.000000,1008430280957257,1008430281010018
79,79,"Agent 1",1,44272,44272,32768,1,"gemm",512,131072,0,128,0,112,"SQ_VMEM_TA_CMD_FIFO_FULL",358371.000000,1008430280957257,1008430281010018
79,79,"Agent 1",1,44272,44272,32768,1,"gemm",512,131072,0,128,0,112,"TCC_WRITE_SECTORS",524288.000000,1008430280957257,1008430281010018
79,79,"Agent 1",1,44272,44272,32768,1,"gemm",512,131072,0,128,0,112,"TCP_TCP_TA_DATA_STALL_CYCLES",397946.000000,1008430280957257,1008430281010018
79,79,"Agent 1",1,44272,44272,32768,1,"gemm",512,131072,0,128,0,112,"TCP_TCP_TA_ADDR_STALL_CYCLES",513939.000000,1008430280957257,1008430281010018
80,80,"Agent 1",1,44272,44272,32768,1,"gemm",512,131072,0,128,0,112,"SQ_INSTS_VMEM_WR",8192.000000,1008430281102978,1008430281155179
80,80,"Agent 1",1,44272,44272,32768,1,"gemm",512,131072,0,128,0,112,"SQ_VMEM_TA_CMD_FIFO_FULL",359445.000000,1008430281102978,1008430281155179
80,80,"Agent 1",1,44272,44272,32768,1,"gemm",512,131072,0,128,0,112,"TCC_WRITE_SECTORS",524288.000000,1008430281102978,1008430281155179
80,80,"Agent 1",1,44272,44272,32768,1,"gemm",512,131072,0,128,0,112,"TCP_TCP_TA_DATA_STALL_CYCLES",397960.000000,1008430281102978,1008430281155179
80,80,"Agent 1",1,44272,44272,32768,1,"gemm",512,131072,0,128,0,112,"TCP_TCP_TA_ADDR_STALL_CYCLES",514966.000000,1008430281102978,1008430281155179
81,81,"Agent 1",1,44272,44272,32768,1,"gemm",512,131072,0,128,0,112,"SQ_INSTS_VMEM_WR",8192.000000,1008430281250700,1008430281303340
81,81,"Agent 1",1,44272,44272,32768,1,"gemm",512,131072,0,128,0,112,"SQ_VMEM_TA_CMD_FIFO_FULL",353759.000000,1008430281250700,1008430281303340
81,81,"Agent 1",1,44272,44272,32768,1,"gemm",512,131072,0,128,0,112,"TCC_WRITE_SECTORS",524288.000000,1008430281250700,1008430281303340
81,81,"Agent 1",1,44272,44272,32768,1,"gemm",512,131072,0,128,0,112,"TCP_TCP_TA_DATA_STALL_CYCLES",397989.000000,1008430281250700,1008430281303340
81,81,"Agent 1",1,44272,44272,32768,1,"gemm",512,131072,0,128,0,112,"TCP_TCP_TA_ADDR_STALL_CYCLES",513755.000000,1008430281250700,1008430281303340
82,82,"Agent 1",1,44272,44272,32768,1,"gemm",512,131072,0,128,0,112,"SQ_INSTS_VMEM_WR",8192.000000,1008430281396581,1008430281449661
82,82,"Agent 1",1,44272,44272,32768,1,"gemm",512,131072,0,128,0,112,"SQ_VMEM_TA_CMD_FIFO_FULL",343147.000000,1008430281396581,1008430281449661
82,82,"Agent 1",1,44272,44272,32768,1,"gemm",512,131072,0,128,0,112,"TCC_WRITE_SECTORS",524288.000000,1008430281396581,1008430281449661
82,82,"Agent 1",1,44272,44272,32768,1,"gemm",512,131072,0,128,0,112,"TCP_TCP_TA_DATA_STALL_CYCLES",397951.000000,1008430281396581,1008430281449661
82,82,"Agent 1",1,44272,44272,32768,1,"gemm",512,131072,0,128,0,112,"TCP_TCP_TA_ADDR_STALL_CYCLES",510384.000000,1008430281396581,1008430281449661
83,83,"Agent 1",1,44272,44272,32768,1,"gemm",512,131072,0,128,0,112,"SQ_INSTS_VMEM_WR",8192.000000,1008430281543782,1008430281596623
83,83,"Agent 1",1,44272,44272,32768,1,"gemm",512,131072,0,128,0,112,"SQ_VMEM_TA_CMD_FIFO_FULL",356349.000000,1008430281543782,1008430281596623
83,83,"Agent 1",1,44272,44272,32768,1,"gemm",512,131072,0,128,0,112,"TCC_WRITE_SECTORS",524288.000000,1008430281543782,1008430281596623
83,83,"Agent 1",1,44272,44272,32768,1,"gemm",512,131072,0,128,0,112,"TCP_TCP_TA_DATA_STALL_CYCLES",397930.000000,1008430281543782,1008430281596623
83,83,"Agent 1",1,44272,44272,32768,1,"gemm",512,131072,0,128,0,112,"TCP_TCP_TA_ADDR_STALL_CYCLES",512266.000000,1008430281543782,1008430281596623
84,84,"Agent 1",1,44272,44272,32768,1,"gemm",512,131072,0,128,0,112,"SQ_INSTS_VMEM_WR",8192.000000,1008430281690064,1008430281742344
84,84,"Agent 1",1,44272,44272,32768,1,"gemm",512,131072,0,128,0,112,"SQ_VMEM_TA_CMD_FIFO_FULL",359719.000000,1008430281690064,1008430281742344
84,84,"Agent 1",1,44272,44272,32768,1,"gemm",512,131072,0,128,0,112,"TCC_WRITE_SECTORS",524288.000000,1008430281690064,1008430281742344
84,84,"Agent 1",1,44272,44272,32768,1,"gemm",512,131072,0,128,0,112,"TCP_TCP_TA_DATA_STALL_CYCLES",397970.000000,1008430281690064,1008430281742344
84,84,"Agent 1",1,44272,44272,32768,1,"gemm",512,131072,0,128,0,112,"TCP_TCP_TA_ADDR_STALL_CYCLES",514916.000000,1008430281690064,1008430281742344
85,85,"Agent 1",1,44272,44272,32768,1,"gemm",512,131072,0,128,0,112,"SQ_INSTS_VMEM_WR",8192.000000,1008430281836345,1008430281889025
85,85,"Agent 1",1,44272,44272,32768,1,"gemm",512,131072,0,128,0,112,"SQ_VMEM_TA_CMD_FIFO_FULL",356397.000000,1008430281836345,1008430281889025
85,85,"Agent 1",1,44272,44272,32768,1,"gemm",512,131072,0,128,0,112,"TCC_WRITE_SECTORS",524288.000000,1008430281836345,1008430281889025
85,85,"Agent 1",1,44272,44272,32768,1,"gemm",512,131072,0,128,0,112,"TCP_TCP_TA_DATA_STALL_CYCLES",397984.000000,1008430281836345,1008430281889025
85,85,"Agent 1",1,44272,44272,32768,1,"gemm",512,131072,0,128,0,112,"TCP_TCP_TA_ADDR_STALL_CYCLES",519299.000000,1008430281836345,1008430281889025
86,86,"Agent 1",1,44272,44272,32768,1,"gemm",512,131072,0,128,0,112,"SQ_INSTS_VMEM_WR",8192.000000,1008430281983906,1008430282036947
86,86,"Agent 1",1,44272,44272,32768,1,"gemm",512,131072,0,128,0,112,"SQ_VMEM_TA_CMD_FIFO_FULL",346898.000000,1008430281983906,1008430282036947
86,86,"Agent 1",1,44272,44272,32768,1,"gemm",512,131072,0,128,0,112,"TCC_WRITE_SECTORS",524288.000000,1008430281983906,1008430282036947
86,86,"Agent 1",1,44272,44272,32768,1,"gemm",512,131072,0,128,0,112,"TCP_TCP_TA_DATA_STALL_CYCLES",397959.000000,1008430281983906,1008430282036947
86,86,"Agent 1",1,44272,44272,32768,1,"gemm",512,131072,0,128,0,112,"TCP_TCP_TA_ADDR_STALL_CYCLES",511118.000000,1008430281983906,1008430282036947
87,87,"Agent 1",1,44272,44272,32768,1,"gemm",512,131072,0,128,0,112,"SQ_INSTS_VMEM_WR",8192.000000,1008430282131108,1008430282183988
87,87,"Agent 1",1,44272,44272,32768,1,"gemm",512,131072,0,128,0,112,"SQ_VMEM_TA_CMD_FIFO_FULL",356162.000000,1008430282131108,1008430282183988
87,87,"Agent 1",1,44272,44272,32768,1,"gemm",512,131072,0,128,0,112,"TCC_WRITE_SECTORS",524288.000000,1008430282131108,1008430282183988
87,87,"Agent 1",1,44272,44272,32768,1,"gemm",512,131072,0,128,0,112,"TCP_TCP_TA_DATA_STALL_CYCLES",397989.000000,1008430282131108,1008430282183988
87,87,"Agent 1",1,44272,44272,32768,1,"gemm",512,131072,0,128,0,112,"TCP_TCP_TA_ADDR_STALL_CYCLES",510644.000000,1008430282131108,1008430282183988
88,88,"Agent 1",1,44272,44272,32768,1,"gemm",512,131072,0,128,0,112,"SQ_INSTS_VMEM_WR",8192.000000,1008430282282389,1008430282334589
88,88,"Agent 1",1,44272,44272,32768,1,"gemm",512,131072,0,128,0,112,"SQ_VMEM_TA_CMD_FIFO_FULL",355257.000000,1008430282282389,1008430282334589
88,88,"Agent 1",1,44272,44272,32768,1,"gemm",512,131072,0,128,0,112,"TCC_WRITE_SECTORS",524288.000000,1008430282282389,1008430282334589
88,88,"Agent 1",1,44272,44272,32768,1,"gemm",512,131072,0,128,0,112,"TCP_TCP_TA_DATA_STALL_CYCLES",397985.000000,1008430282282389,1008430282334589
88,88,"Agent 1",1,44272,44272,32768,1,"gemm",512,131072,0,128,0,112,"TCP_TCP_TA_ADDR_STALL_CYCLES",514012.000000,1008430282282389,1008430282334589
89,89,"Agent 1",1,44272,44272,32768,1,"gemm",512,131072,0,128,0,112,"SQ_INSTS_VMEM_WR",8192.000000,1008430282428470,1008430282480991
89,89,"Agent 1",1,44272,44272,32768,1,"gemm",512,131072,0,128,0,112,"SQ_VMEM_TA_CMD_FIFO_FULL",347439.000000,1008430282428470,1008430282480991
89,89,"Agent 1",1,44272,44272,32768,1,"gemm",512,131072,0,128,0,112,"TCC_WRITE_SECTORS",524288.000000,1008430282428470,1008430282480991
89,89,"Agent 1",1,44272,44272,32768,1,"gemm",512,131072,0,128,0,112,"TCP_TCP_TA_DATA_STALL_CYCLES",397990.000000,1008430282428470,1008430282480991
89,89,"Agent 1",1,44272,44272,32768,1,"gemm",512,131072,0,128,0,112,"TCP_TCP_TA_ADDR_STALL_CYCLES",510692.000000,1008430282428470,1008430282480991
90,90,"Agent 1",1,44272,44272,32768,1,"gemm",512,131072,0,128,0,112,"SQ_INSTS_VMEM_WR",8192.000000,1008430282573831,1008430282626632
90,90,"Agent 1",1,44272,44272,32768,1,"gemm",512,131072,0,128,0,112,"SQ_VMEM_TA_CMD_FIFO_FULL",360790.000000,1008430282573831,1008430282626632
90,90,"Agent 1",1,44272,44272,32768,1,"gemm",512,131072,0,128,0,112,"TCC_WRITE_SECTORS",524288.000000,1008430282573831,1008430282626632
90,90,"Agent 1",1,44272,44272,32768,1,"gemm",512,131072,0,128,0,112,"TCP_TCP_TA_DATA_STALL_CYCLES",397978.000000,1008430282573831,1008430282626632
90,90,"Agent 1",1,44272,44272,32768,1,"gemm",512,131072,0,128,0,112,"TCP_TCP_TA_ADDR_STALL_CYCLES",512523.000000,1008430282573831,1008430282626632
91,91,"Agent 1",1,44272,44272,32768,1,"gemm",512,131072,0,128,0,112,"SQ_INSTS_VMEM_WR",8192.000000,1008430282719353,1008430282772113
91,91,"Agent 1",1,44272,44272,32768,1,"gemm",512,131072,0,128,0,112,"SQ_VMEM_TA_CMD_FIFO_FULL",353539.000000,1008430282719353,1008430282772113
91,91,"Agent 1",1,44272,44272,32768,1,"gemm",512,131072,0,128,0,112,"TCC_WRITE_SECTORS",524288.000000,1008430282719353,1008430282772113
91,91,"Agent 1",1,44272,44272,32768,1,"gemm",512,131072,0,128,0,112,"TCP_TCP_TA_DATA_STALL_CYCLES",397975.000000,1008430282719353,1008430282772113
91,91,"Agent 1",1,44272,44272,32768,1,"gemm",512,131072,0,128,0,112,"TCP_TCP_TA_ADDR_STALL_CYCLES",517748.000000,1008430282719353,1008430282772113
92,92,"Agent 1",1,44272,44272,32768,1,"gemm",512,131072,0,128,0,112,"SQ_INSTS_VMEM_WR",8192.000000,1008430282870114,1008430282922435
92,92,"Agent 1",1,44272,44272,32768,1,"gemm",512,131072,0,128,0,112,"SQ_VMEM_TA_CMD_FIFO_FULL",361936.000000,1008430282870114,1008430282922435
92,92,"Agent 1",1,44272,44272,32768,1,"gemm",512,131072,0,128,0,112,"TCC_WRITE_SECTORS",524288.000000,1008430282870114,1008430282922435
92,92,"Agent 1",1,44272,44272,32768,1,"gemm",512,131072,0,128,0,112,"TCP_TCP_TA_DATA_STALL_CYCLES",397962.000000,1008430282870114,1008430282922435
92,92,"Agent 1",1,44272,44272,32768,1,"gemm",512,131072,0,128,0,112,"TCP_TCP_TA_ADDR_STALL_CYCLES",516844.000000,1008430282870114,1008430282922435
93,93,"Agent 1",1,44272,44272,32768,1,"gemm",512,131072,0,128,0,112,"SQ_INSTS_VMEM_WR",8192.000000,1008430283021915,1008430283074636
93,93,"Agent 1",1,44272,44272,32768,1,"gemm",512,131072,0,128,0,112,"SQ_VMEM_TA_CMD_FIFO_FULL",361151.000000,1008430283021915,1008430283074636
93,93,"Agent 1",1,44272,44272,32768,1,"gemm",512,131072,0,128,0,112,"TCC_WRITE_SECTORS",524288.000000,1008430283021915,1008430283074636
93,93,"Agent 1",1,44272,44272,32768,1,"gemm",512,131072,0,128,0,112,"TCP_TCP_TA_DATA_STALL_CYCLES",397971.000000,1008430283021915,1008430283074636
93,93,"Agent 1",1,44272,44272,32768,1,"gemm",512,131072,0,128,0,112,"TCP_TCP_TA_ADDR_STALL_CYCLES",515260.000000,1008430283021915,1008430283074636
94,94,"Agent 1",1,44272,44272,32768,1,"gemm",512,131072,0,128,0,112,"SQ_INSTS_VMEM_WR",8192.000000,1008430283169757,1008430283222757
94,94,"Agent 1",1,44272,44272,32768,1,"gemm",512,131072,0,128,0,112,"SQ_VMEM_TA_CMD_FIFO_FULL",352313.000000,1008430283169757,1008430283222757
94,94,"Agent 1",1,44272,44272,32768,1,"gemm",512,131072,0,128,0,112,"TCC_WRITE_SECTORS",524288.000000,1008430283169757,1008430283222757
94,94,"Agent 1",1,44272,44272,32768,1,"gemm",512,131072,0,128,0,112,"TCP_TCP_TA_DATA_STALL_CYCLES",397964.000000,1008430283169757,1008430283222757
94,94,"Agent 1",1,44272,44272,32768,1,"gemm",512,131072,0,128,0,112,"TCP_TCP_TA_ADDR_STALL_CYCLES",516569.000000,1008430283169757,1008430283222757
95,95,"Agent 1",1,44272,44272,32768,1,"gemm",512,131072,0,128,0,112,"SQ_INSTS_VMEM_WR",8192.000000,1008430283321438,1008430283374319
95,95,"Agent 1",1,44272,44272,32768,1,"gemm",512,131072,0,128,0,112,"SQ_VMEM_TA_CMD_FIFO_FULL",355518.000000,1008430283321438,1008430283374319
95,95,"Agent 1",1,44272,44272,32768,1,"gemm",512,131072,0,128,0,112,"TCC_WRITE_SECTORS",524288.000000,1008430283321438,1008430283374319
95,95,"Agent 1",1,44272,44272,32768,1,"gemm",512,131072,0,128,0,112,"TCP_TCP_TA_DATA_STALL_CYCLES",397970.000000,1008430283321438,1008430283374319
95,95,"Agent 1",1,44272,44272,32768,1,"gemm",512,131072,0,128,0,112,"TCP_TCP_TA_ADDR_STALL_CYCLES",513947.000000,1008430283321438,1008430283374319
96,96,"Agent 1",1,44272,44272,32768,1,"gemm",512,131072,0,128,0,112,"SQ_INSTS_VMEM_WR",8192.000000,1008430283474920,1008430283527360
96,96,"Agent 1",1,44272,44272,32768,1,"gemm",512,131072,0,128,0,112,"SQ_VMEM_TA_CMD_FIFO_FULL",355834.000000,1008430283474920,1008430283527360
96,96,"Agent 1",1,44272,44272,32768,1,"gemm",512,131072,0,128,0,112,"TCC_WRITE_SECTORS",524288.000000,1008430283474920,1008430283527360
96,96,"Agent 1",1,44272,44272,32768,1,"gemm",512,131072,0,128,0,112,"TCP_TCP_TA_DATA_STALL_CYCLES",397991.000000,1008430283474920,1008430283527360
96,96,"Agent 1",1,44272,44272,32768,1,"gemm",512,131072,0,128,0,112,"TCP_TCP_TA_ADDR_STALL_CYCLES",517435.000000,1008430283474920,1008430283527360
97,97,"Agent 1",1,44272,44272,32768,1,"gemm",512,131072,0,128,0,112,"SQ_INSTS_VMEM_WR",8192.000000,1008430283628721,1008430283681361
97,97,"Agent 1",1,44272,44272,32768,1,"gemm",512,131072,0,128,0,112,"SQ_VMEM_TA_CMD_FIFO_FULL",365172.000000,1008430283628721,1008430283681361
97,97,"Agent 1",1,44272,44272,32768,1,"gemm",512,131072,0,128,0,112,"TCC_WRITE_SECTORS",524288.000000,1008430283628721,1008430283681361
97,97,"Agent 1",1,44272,44272,32768,1,"gemm",512,131072,0,128,0,112,"TCP_TCP_TA_DATA_STALL_CYCLES",397990.000000,1008430283628721,1008430283681361
97,97,"Agent 1",1,44272,44272,32768,1,"gemm",512,131072,0,128,0,112,"TCP_TCP_TA_ADDR_STALL_CYCLES",515894.000000,1008430283628721,1008430283681361
98,98,"Agent 1",1,44272,44272,32768,1,"gemm",512,131072,0,128,0,112,"SQ_INSTS_VMEM_WR",8192.000000,1008430283784042,1008430283836923
98,98,"Agent 1",1,44272,44272,32768,1,"gemm",512,131072,0,128,0,112,"SQ_VMEM_TA_CMD_FIFO_FULL",353510.000000,1008430283784042,1008430283836923
98,98,"Agent 1",1,44272,44272,32768,1,"gemm",512,131072,0,128,0,112,"TCC_WRITE_SECTORS",524288.000000,1008430283784042,1008430283836923
98,98,"Agent 1",1,44272,44272,32768,1,"gemm",512,131072,0,128,0,112,"TCP_TCP_TA_DATA_STALL_CYCLES",397995.000000,1008430283784042,1008430283836923
98,98,"Agent 1",1,44272,44272,32768,1,"gemm",512,131072,0,128,0,112,"TCP_TCP_TA_ADDR_STALL_CYCLES",514882.000000,1008430283784042,1008430283836923
99,99,"Agent 1",1,44272,44272,32768,1,"gemm",512,131072,0,128,0,112,"SQ_INSTS_VMEM_WR",8192.000000,1008430283933524,1008430283986404
99,99,"Agent 1",1,44272,44272,32768,1,"gemm",512,131072,0,128,0,112,"SQ_VMEM_TA_CMD_FIFO_FULL",358451.000000,1008430283933524,1008430283986404
99,99,"Agent 1",1,44272,44272,32768,1,"gemm",512,131072,0,128,0,112,"TCC_WRITE_SECTORS",524288.000000,1008430283933524,1008430283986404
99,99,"Agent 1",1,44272,44272,32768,1,"gemm",512,131072,0,128,0,112,"TCP_TCP_TA_DATA_STALL_CYCLES",397978.000000,1008430283933524,1008430283986404
99,99,"Agent 1",1,44272,44272,32768,1,"gemm",512,131072,0,128,0,112,"TCP_TCP_TA_ADDR_STALL_CYCLES",521288.000000,1008430283933524,1008430283986404
100,100,"Agent 1",1,44272,44272,32768,1,"gemm",512,131072,0,128,0,112,"SQ_INSTS_VMEM_WR",8192.000000,1008430284081445,1008430284133605
100,100,"Agent 1",1,44272,44272,32768,1,"gemm",512,131072,0,128,0,112,"SQ_VMEM_TA_CMD_FIFO_FULL",355103.000000,1008430284081445,1008430284133605
100,100,"Agent 1",1,44272,44272,32768,1,"gemm",512,131072,0,128,0,112,"TCC_WRITE_SECTORS",524288.000000,1008430284081445,1008430284133605
100,100,"Agent 1",1,44272,44272,32768,1,"gemm",512,131072,0,128,0,112,"TCP_TCP_TA_DATA_STALL_CYCLES",397940.000000,1008430284081445,1008430284133605
100,100,"Agent 1",1,44272,44272,32768,1,"gemm",512,131072,0,128,0,112,"TCP_TCP_TA_ADDR_STALL_CYCLES",519206.000000,1008430284081445,1008430284133605
101,101,"Agent 1",1,44272,44272,32768,1,"gemm",512,131072,0,128,0,112,"SQ_INSTS_VMEM_WR",8192.000000,1008430284231006,1008430284283807
101,101,"Agent 1",1,44272,44272,32768,1,"gemm",512,131072,0,128,0,112,"SQ_VMEM_TA_CMD_FIFO_FULL",354752.000000,1008430284231006,1008430284283807
101,101,"Agent 1",1,44272,44272,32768,1,"gemm",512,131072,0,128,0,112,"TCC_WRITE_SECTORS",524288.000000,1008430284231006,1008430284283807
101,101,"Agent 1",1,44272,44272,32768,1,"gemm",512,131072,0,128,0,112,"TCP_TCP_TA_DATA_STALL_CYCLES",397962.000000,1008430284231006,1008430284283807
101,101,"Agent 1",1,44272,44272,32768,1,"gemm",512,131072,0,128,0,112,"TCP_TCP_TA_ADDR_STALL_CYCLES",511444.000000,1008430284231006,1008430284283807
102,102,"Agent 1",1,44272,44272,32768,1,"gemm",512,131072,0,128,0,112,"SQ_INSTS_VMEM_WR",8192.000000,1008430284380928,1008430284433488
102,102,"Agent 1",1,44272,44272,32768,1,"gemm",512,131072,0,128,0,112,"SQ_VMEM_TA_CMD_FIFO_FULL",344745.000000,1008430284380928,1008430284433488
102,102,"Agent 1",1,44272,44272,32768,1,"gemm",512,131072,0,128,0,112,"TCC_WRITE_SECTORS",524288.000000,1008430284380928,1008430284433488
102,102,"Agent 1",1,44272,44272,32768,1,"gemm",512,131072,0,128,0,112,"TCP_TCP_TA_DATA_STALL_CYCLES",397967.000000,1008430284380928,1008430284433488
102,102,"Agent 1",1,44272,44272,32768,1,"gemm",512,131072,0,128,0,112,"TCP_TCP_TA_ADDR_STALL_CYCLES",519012.000000,1008430284380928,1008430284433488
103,103,"Agent 1",1,44272,44272,32768,1,"gemm",512,131072,0,128,0,112,"SQ_INSTS_VMEM_WR",8192.000000,1008430284532249,1008430284584769
103,103,"Agent 1",1,44272,44272,32768,1,"gemm",512,131072,0,128,0,112,"SQ_VMEM_TA_CMD_FIFO_FULL",344125.000000,1008430284532249,1008430284584769
103,103,"Agent 1",1,44272,44272,32768,1,"gemm",512,131072,0,128,0,112,"TCC_WRITE_SECTORS",524288.000000,1008430284532249,1008430284584769
103,103,"Agent 1",1,44272,44272,32768,1,"gemm",512,131072,0,128,0,112,"TCP_TCP_TA_DATA_STALL_CYCLES",397964.000000,1008430284532249,1008430284584769
103,103,"Agent 1",1,44272,44272,32768,1,"gemm",512,131072,0,128,0,112,"TCP_TCP_TA_ADDR_STALL_CYCLES",511614.000000,1008430284532249,1008430284584769
104,104,"Agent 1",1,44272,44272,32768,1,"gemm",512,131072,0,128,0,112,"SQ_INSTS_VMEM_WR",8192.000000,1008430284677570,1008430284729931
104,104,"Agent 1",1,44272,44272,32768,1,"gemm",512,131072,0,128,0,112,"SQ_VMEM_TA_CMD_FIFO_FULL",356555.000000,1008430284677570,1008430284729931
104,104,"Agent 1",1,44272,44272,32768,1,"gemm",512,131072,0,128,0,112,"TCC_WRITE_SECTORS",524288.000000,1008430284677570,1008430284729931
104,104,"Agent 1",1,44272,44272,32768,1,"gemm",512,131072,0,128,0,112,"TCP_TCP_TA_DATA_STALL_CYCLES",397946.000000,1008430284677570,1008430284729931
104,104,"Agent 1",1,44272,44272,32768,1,"gemm",512,131072,0,128,0,112,"TCP_TCP_TA_ADDR_STALL_CYCLES",516812.000000,1008430284677570,1008430284729931
105,105,"Agent 1",1,44272,44272,32768,1,"gemm",512,131072,0,128,0,112,"SQ_INSTS_VMEM_WR",8192.000000,1008430284827492,1008430284879892
105,105,"Agent 1",1,44272,44272,32768,1,"gemm",512,131072,0,128,0,112,"SQ_VMEM_TA_CMD_FIFO_FULL",341547.000000,1008430284827492,1008430284879892
105,105,"Agent 1",1,44272,44272,32768,1,"gemm",512,131072,0,128,0,112,"TCC_WRITE_SECTORS",524288.000000,1008430284827492,1008430284879892
105,105,"Agent 1",1,44272,44272,32768,1,"gemm",512,131072,0,128,0,112,"TCP_TCP_TA_DATA_STALL_CYCLES",397984.000000,1008430284827492,1008430284879892
105,105,"Agent 1",1,44272,44272,32768,1,"gemm",512,131072,0,128,0,112,"TCP_TCP_TA_ADDR_STALL_CYCLES",510553.000000,1008430284827492,1008430284879892
106,106,"Agent 1",1,44272,44272,32768,1,"gemm",512,131072,0,128,0,112,"SQ_INSTS_VMEM_WR",8192.000000,1008430284976773,1008430285029773
106,106,"Agent 1",1,44272,44272,32768,1,"gemm",512,131072,0,128,0,112,"SQ_VMEM_TA_CMD_FIFO_FULL",346647.000000,1008430284976773,1008430285029773
106,106,"Agent 1",1,44272,44272,32768,1,"gemm",512,131072,0,128,0,112,"TCC_WRITE_SECTORS",524288.000000,1008430284976773,1008430285029773
106,106,"Agent 1",1,44272,44272,32768,1,"gemm",512,131072,0,128,0,112,"TCP_TCP_TA_DATA_STALL_CYCLES",397954.000000,1008430284976773,1008430285029773
106,106,"Agent 1",1,44272,44272,32768,1,"gemm",512,131072,0,128,0,112,"TCP_TCP_TA_ADDR_STALL_CYCLES",512798.000000,1008430284976773,1008430285029773
107,107,"Agent 1",1,44272,44272,32768,1,"gemm",512,131072,0,128,0,112,"SQ_INSTS_VMEM_WR",8192.000000,1008430285128334,1008430285181175
107,107,"Agent 1",1,44272,44272,32768,1,"gemm",512,131072,0,128,0,112,"SQ_VMEM_TA_CMD_FIFO_FULL",363318.000000,1008430285128334,1008430285181175
107,107,"Agent 1",1,44272,44272,32768,1,"gemm",512,131072,0,128,0,112,"TCC_WRITE_SECTORS",524288.000000,1008430285128334,1008430285181175
107,107,"Agent 1",1,44272,44272,32768,1,"gemm",512,131072,0,128,0,112,"TCP_TCP_TA_DATA_STALL_CYCLES",397958.000000,1008430285128334,1008430285181175
107,107,"Agent 1",1,44272,44272,32768,1,"gemm",512,131072,0,128,0,112,"TCP_TCP_TA_ADDR_STALL_CYCLES",517660.000000,1008430285128334,1008430285181175
108,108,"Agent 1",1,44272,44272,32768,1,"gemm",512,131072,0,128,0,112,"SQ_INSTS_VMEM_WR",8192.000000,1008430285288936,1008430285341256
108,108,"Agent 1",1,44272,44272,32768,1,"gemm",512,131072,0,128,0,112,"SQ_VMEM_TA_CMD_FIFO_FULL",352700.000000,1008430285288936,1008430285341256
108,108,"Agent 1",1,44272,44272,32768,1,"gemm",512,131072,0,128,0,112,"TCC_WRITE_SECTORS",524288.000000,1008430285288936,1008430285341256
108,108,"Agent 1",1,44272,44272,32768,1,"gemm",512,131072,0,128,0,112,"TCP_TCP_TA_DATA_STALL_CYCLES",397962.000000,1008430285288936,1008430285341256
108,108,"Agent 1",1,44272,44272,32768,1,"gemm",512,131072,0,128,0,112,"TCP_TCP_TA_ADDR_STALL_CYCLES",515824.000000,1008430285288936,1008430285341256
109,109,"Agent 1",1,44272,44272,32768,1,"gemm",512,131072,0,128,0,112,"SQ_INSTS_VMEM_WR",8192.000000,1008430285436257,1008430285488858
109,109,"Agent 1",1,44272,44272,32768,1,"gemm",512,131072,0,128,0,112,"SQ_VMEM_TA_CMD_FIFO_FULL",362267.000000,1008430285436257,1008430285488858
109,109,"Agent 1",1,44272,44272,32768,1,"gemm",512,131072,0,128,0,112,"TCC_WRITE_SECTORS",524288.000000,1008430285436257,1008430285488858
109,109,"Agent 1",1,44272,44272,32768,1,"gemm",512,131072,0,128,0,112,"TCP_TCP_TA_DATA_STALL_CYCLES",397935.000000,1008430285436257,1008430285488858
109,109,"Agent 1",1,44272,44272,32768,1,"gemm",512,131072,0,128,0,112,"TCP_TCP_TA_ADDR_STALL_CYCLES",519375.000000,1008430285436257,1008430285488858
110,110,"Agent 1",1,44272,44272,32768,1,"gemm",512,131072,0,128,0,112,"SQ_INSTS_VMEM_WR",8192.000000,1008430285583618,1008430285636579
110,110,"Agent 1",1,44272,44272,32768,1,"gemm",512,131072,0,128,0,112,"SQ_VMEM_TA_CMD_FIFO_FULL",344368.000000,1008430285583618,1008430285636579
110,110,"Agent 1",1,44272,44272,32768,1,"gemm",512,131072,0,128,0,112,"TCC_WRITE_SECTORS",524288.000000,1008430285583618,1008430285636579
110,110,"Agent 1",1,44272,44272,32768,1,"gemm",512,131072,0,128,0,112,"TCP_TCP_TA_DATA_STALL_CYCLES",397966.000000,1008430285583618,1008430285636579
110,110,"Agent 1",1,44272,44272,32768,1,"gemm",512,131072,0,128,0,112,"TCP_TCP_TA_ADDR_STALL_CYCLES",509371.000000,1008430285583618,1008430285636579
111,111,"Agent 1",1,44272,44272,32768,1,"gemm",512,131072,0,128,0,112,"SQ_INSTS_VMEM_WR",8192.000000,1008430285736420,1008430285789260
111,111,"Agent 1",1,44272,44272,32768,1,"gemm",512,131072,0,128,0,112,"SQ_VMEM_TA_CMD_FIFO_FULL",358892.000000,1008430285736420,1008430285789260
111,111,"Agent 1",1,44272,44272,32768,1,"gemm",512,131072,0,128,0,112,"TCC_WRITE_SECTORS",524288.000000,1008430285736420,1008430285789260
111,111,"Agent 1",1,44272,44272,32768,1,"gemm",512,131072,0,128,0,112,"TCP_TCP_TA_DATA_STALL_CYCLES",397979.000000,1008430285736420,1008430285789260
111,111,"Agent 1",1,44272,44272,32768,1,"gemm",512,131072,0,128,0,112,"TCP_TCP_TA_ADDR_STALL_CYCLES",508549.000000,1008430285736420,1008430285789260
112,112,"Agent 1",1,44272,44272,32768,1,"gemm",512,131072,0,128,0,112,"SQ_INSTS_VMEM_WR",8192.000000,1008430285884621,1008430285936902
112,112,"Agent 1",1,44272,44272,32768,1,"gemm",512,131072,0,128,0,112,"SQ_VMEM_TA_CMD_FIFO_FULL",355532.000000,1008430285884621,1008430285936902
112,112,"Agent 1",1,44272,44272,32768,1,"gemm",512,131072,0,128,0,112,"TCC_WRITE_SECTORS",524288.000000,1008430285884621,1008430285936902
112,112,"Agent 1",1,44272,44272,32768,1,"gemm",512,131072,0,128,0,112,"TCP_TCP_TA_DATA_STALL_CYCLES",398004.000000,1008430285884621,1008430285936902
112,112,"Agent 1",1,44272,44272,32768,1,"gemm",512,131072,0,128,0,112,"TCP_TCP_TA_ADDR_STALL_CYCLES",516963.000000,1008430285884621,1008430285936902
113,113,"Agent 1",1,44272,44272,32768,1,"gemm",512,131072,0,128,0,112,"SQ_INSTS_VMEM_WR",8192.000000,1008430286035382,1008430286088143
113,113,"Agent 1",1,44272,44272,32768,1,"gemm",512,131072,0,128,0,112,"SQ_VMEM_TA_CMD_FIFO_FULL",360368.000000,1008430286035382,1008430286088143
113,113,"Agent 1",1,44272,44272,32768,1,"gemm",512,131072,0,128,0,112,"TCC_WRITE_SECTORS",524288.000000,1008430286035382,1008430286088143
113,113,"Agent 1",1,44272,44272,32768,1,"gemm",512,131072,0,128,0,112,"TCP_TCP_TA_DATA_STALL_CYCLES",397971.000000,1008430286035382,1008430286088143
113,113,"Agent 1",1,44272,44272,32768,1,"gemm",512,131072,0,128,0,112,"TCP_TCP_TA_ADDR_STALL_CYCLES",516380.000000,1008430286035382,1008430286088143
114,114,"Agent 1",1,44272,44272,32768,1,"gemm",512,131072,0,128,0,112,"SQ_INSTS_VMEM_WR",8192.000000,1008430286184944,1008430286237784
114,114,"Agent 1",1,44272,44272,32768,1,"gemm",512,131072,0,128,0,112,"SQ_VMEM_TA_CMD_FIFO_FULL",352246.000000,1008430286184944,1008430286237784
114,114,"Agent 1",1,44272,44272,32768,1,"gemm",512,131072,0,128,0,112,"TCC_WRITE_SECTORS",524288.000000,1008430286184944,1008430286237784
114,114,"Agent 1",1,44272,44272,32768,1,"gemm",512,131072,0,128,0,112,"TCP_TCP_TA_DATA_STALL_CYCLES",397964.000000,1008430286184944,1008430286237784
114,114,"Agent 1",1,44272,44272,32768,1,"gemm",512,131072,0,128,0,112,"TCP_TCP_TA_ADDR_STALL_CYCLES",512536.000000,1008430286184944,1008430286237784
115,115,"Agent 1",1,44272,44272,32768,1,"gemm",512,131072,0,128,0,112,"SQ_INSTS_VMEM_WR",8192.000000,1008430286333585,1008430286385986
115,115,"Agent 1",1,44272,44272,32768,1,"gemm",512,131072,0,128,0,112,"SQ_VMEM_TA_CMD_FIFO_FULL",362049.000000,1008430286333585,1008430286385986
115,115,"Agent 1",1,44272,44272,32768,1,"gemm",512,131072,0,128,0,112,"TCC_WRITE_SECTORS",524288.000000,1008430286333585,1008430286385986
115,115,"Agent 1",1,44272,44272,32768,1,"gemm",512,131072,0,128,0,112,"TCP_TCP_TA_DATA_STALL_CYCLES",397986.000000,1008430286333585,1008430286385986
115,115,"Agent 1",1,44272,44272,32768,1,"gemm",512,131072,0,128,0,112,"TCP_TCP_TA_ADDR_STALL_CYCLES",511443.000000,1008430286333585,1008430286385986
116,116,"Agent 1",1,44272,44272,32768,1,"gemm",512,131072,0,128,0,112,"SQ_INSTS_VMEM_WR",8192.000000,1008430286487106,1008430286539467
116,116,"Agent 1",1,44272,44272,32768,1,"gemm",512,131072,0,128,0,112,"SQ_VMEM_TA_CMD_FIFO_FULL",355391.000000,1008430286487106,1008430286539467
116,116,"Agent 1",1,44272,44272,32768,1,"gemm",512,131072,0,128,0,112,"TCC_WRITE_SECTORS",524288.000000,1008430286487106,1008430286539467
116,116,"Agent 1",1,44272,44272,32768,1,"gemm",512,131072,0,128,0,112,"TCP_TCP_TA_DATA_STALL_CYCLES",397975.000000,1008430286487106,1008430286539467
116,116,"Agent 1",1,44272,44272,32768,1,"gemm",512,131072,0,128,0,112,"TCP_TCP_TA_ADDR_STALL_CYCLES",512614.000000,1008430286487106,1008430286539467
117,117,"Agent 1",1,44272,44272,32768,1,"gemm",512,131072,0,128,0,112,"SQ_INSTS_VMEM_WR",8192.000000,1008430286639548,1008430286692188
117,117,"Agent 1",1,44272,44272,32768,1,"gemm",512,131072,0,128,0,112,"SQ_VMEM_TA_CMD_FIFO_FULL",349945.000000,1008430286639548,1008430286692188
117,117,"Agent 1",1,44272,44272,32768,1,"gemm",512,131072,0,128,0,112,"TCC_WRITE_SECTORS",524288.000000,1008430286639548,1008430286692188
117,117,"Agent 1",1,44272,44272,32768,1,"gemm",512,131072,0,128,0,112,"TCP_TCP_TA_DATA_STALL_CYCLES",398006.000000,1008430286639548,1008430286692188
117,117,"Agent 1",1,44272,44272,32768,1,"gemm",512,131072,0,128,0,112,"TCP_TCP_TA_ADDR_STALL_CYCLES",508887.000000,1008430286639548,1008430286692188
118,118,"Agent 1",1,44272,44272,32768,1,"gemm",512,131072,0,128,0,112,"SQ_INSTS_VMEM_WR",8192.000000,1008430286793989,1008430286846950
118,118,"Agent 1",1,44272,44272,32768,1,"gemm",512,131072,0,128,0,112,"SQ_VMEM_TA_CMD_FIFO_FULL",357448.000000,1008430286793989,1008430286846950
118,118,"Agent 1",1,44272,44272,32768,1,"gemm",512,131072,0,128,0,112,"TCC_WRITE_SECTORS",524288.000000,1008430286793989,1008430286846950
118,118,"Agent 1",1,44272,44272,32768,1,"gemm",512,131072,0,128,0,112,"TCP_TCP_TA_DATA_STALL_CYCLES",397959.000000,1008430286793989,1008430286846950
118,118,"Agent 1",1,44272,44272,32768,1,"gemm",512,131072,0,128,0,112,"TCP_TCP_TA_ADDR_STALL_CYCLES",518046.000000,1008430286793989,1008430286846950
119,119,"Agent 1",1,44272,44272,32768,1,"gemm",512,131072,0,128,0,112,"SQ_INSTS_VMEM_WR",8192.000000,1008430286946391,1008430286999111
119,119,"Agent 1",1,44272,44272,32768,1,"gemm",512,131072,0,128,0,112,"SQ_VMEM_TA_CMD_FIFO_FULL",363326.000000,1008430286946391,1008430286999111
119,119,"Agent 1",1,44272,44272,32768,1,"gemm",512,131072,0,128,0,112,"TCC_WRITE_SECTORS",524288.000000,1008430286946391,1008430286999111
119,119,"Agent 1",1,44272,44272,32768,1,"gemm",512,131072,0,128,0,112,"TCP_TCP_TA_DATA_STALL_CYCLES",397941.000000,1008430286946391,1008430286999111
119,119,"Agent 1",1,44272,44272,32768,1,"gemm",512,131072,0,128,0,112,"TCP_TCP_TA_ADDR_STALL_CYCLES",514423.000000,1008430286946391,1008430286999111
120,120,"Agent 1",1,44272,44272,32768,1,"gemm",512,131072,0,128,0,112,"SQ_INSTS_VMEM_WR",8192.000000,1008430287101632,1008430287153992
120,120,"Agent 1",1,44272,44272,32768,1,"gemm",512,131072,0,128,0,112,"SQ_VMEM_TA_CMD_FIFO_FULL",353646.000000,1008430287101632,1008430287153992
120,120,"Agent 1",1,44272,44272,32768,1,"gemm",512,131072,0,128,0,112,"TCC_WRITE_SECTORS",524288.000000,1008430287101632,1008430287153992
120,120,"Agent 1",1,44272,44272,32768,1,"gemm",512,131072,0,128,0,112,"TCP_TCP_TA_DATA_STALL_CYCLES",397976.000000,1008430287101632,1008430287153992
120,120,"Agent 1",1,44272,44272,32768,1,"gemm",512,131072,0,128,0,112,"TCP_TCP_TA_ADDR_STALL_CYCLES",512484.000000,1008430287101632,1008430287153992
121,121,"Agent 1",1,44272,44272,32768,1,"gemm",512,131072,0,128,0,112,"SQ_INSTS_VMEM_WR",8192.000000,1008430287253033,1008430287305874
121,121,"Agent 1",1,44272,44272,32768,1,"gemm",512,131072,0,128,0,112,"SQ_VMEM_TA_CMD_FIFO_FULL",362944.000000,1008430287253033,1008430287305874
121,121,"Agent 1",1,44272,44272,32768,1,"gemm",512,131072,0,128,0,112,"TCC_WRITE_SECTORS",524288.000000,1008430287253033,1008430287305874
121,121,"Agent 1",1,44272,44272,32768,1,"gemm",512,131072,0,128,0,112,"TCP_TCP_TA_DATA_STALL_CYCLES",397964.000000,1008430287253033,1008430287305874
121,121,"Agent 1",1,44272,44272,32768,1,"gemm",512,131072,0,128,0,112,"TCP_TCP_TA_ADDR_STALL_CYCLES",516406.000000,1008430287253033,1008430287305874
122,122,"Agent 1",1,44272,44272,32768,1,"gemm",512,131072,0,128,0,112,"SQ_INSTS_VMEM_WR",8192.000000,1008430287405755,1008430287458795
122,122,"Agent 1",1,44272,44272,32768,1,"gemm",512,131072,0,128,0,112,"SQ_VMEM_TA_CMD_FIFO_FULL",358665.000000,1008430287405755,1008430287458795
122,122,"Agent 1",1,44272,44272,32768,1,"gemm",512,131072,0,128,0,112,"TCC_WRITE_SECTORS",524288.000000,1008430287405755,1008430287458795
122,122,"Agent 1",1,44272,44272,32768,1,"gemm",512,131072,0,128,0,112,"TCP_TCP_TA_DATA_STALL_CYCLES",397959.000000,1008430287405755,1008430287458795
122,122,"Agent 1",1,44272,44272,32768,1,"gemm",512,131072,0,128,0,112,"TCP_TCP_TA_ADDR_STALL_CYCLES",508001.000000,1008430287405755,1008430287458795
123,123,"Agent 1",1,44272,44272,32768,1,"gemm",512,131072,0,128,0,112,"SQ_INSTS_VMEM_WR",8192.000000,1008430287560556,1008430287613276
123,123,"Agent 1",1,44272,44272,32768,1,"gemm",512,131072,0,128,0,112,"SQ_VMEM_TA_CMD_FIFO_FULL",359241.000000,1008430287560556,1008430287613276
123,123,"Agent 1",1,44272,44272,32768,1,"gemm",512,131072,0,128,0,112,"TCC_WRITE_SECTORS",524288.000000,1008430287560556,1008430287613276
123,123,"Agent 1",1,44272,44272,32768,1,"gemm",512,131072,0,128,0,112,"TCP_TCP_TA_DATA_STALL_CYCLES",397970.000000,1008430287560556,1008430287613276
123,123,"Agent 1",1,44272,44272,32768,1,"gemm",512,131072,0,128,0,112,"TCP_TCP_TA_ADDR_STALL_CYCLES",513309.000000,1008430287560556,1008430287613276
124,124,"Agent 1",1,44272,44272,32768,1,"gemm",512,131072,0,128,0,112,"SQ_INSTS_VMEM_WR",8192.000000,1008430287709757,1008430287762078
124,124,"Agent 1",1,44272,44272,32768,1,"gemm",512,131072,0,128,0,112,"SQ_VMEM_TA_CMD_FIFO_FULL",368190.000000,1008430287709757,1008430287762078
124,124,"Agent 1",1,44272,44272,32768,1,"gemm",512,131072,0,128,0,112,"TCC_WRITE_SECTORS",524288.000000,1008430287709757,1008430287762078
124,124,"Agent 1",1,44272,44272,32768,1,"gemm",512,131072,0,128,0,112,"TCP_TCP_TA_DATA_STALL_CYCLES",397955.000000,1008430287709757,1008430287762078
124,124,"Agent 1",1,44272,44272,32768,1,"gemm",512,131072,0,128,0,112,"TCP_TCP_TA_ADDR_STALL_CYCLES",520235.000000,1008430287709757,1008430287762078
125,125,"Agent 1",1,44272,44272,32768,1,"gemm",512,131072,0,128,0,112,"SQ_INSTS_VMEM_WR",8192.000000,1008430287860479,1008430287913319
125,125,"Agent 1",1,44272,44272,32768,1,"gemm",512,131072,0,128,0,112,"SQ_VMEM_TA_CMD_FIFO_FULL",354739.000000,1008430287860479,1008430287913319
125,125,"Agent 1",1,44272,44272,32768,1,"gemm",512,131072,0,128,0,112,"TCC_WRITE_SECTORS",524288.000000,1008430287860479,1008430287913319
125,125,"Agent 1",1,44272,44272,32768,1,"gemm",512,131072,0,128,0,112,"TCP_TCP_TA_DATA_STALL_CYCLES",397973.000000,1008430287860479,1008430287913319
125,125,"Agent 1",1,44272,44272,32768,1,"gemm",512,131072,0,128,0,112,"TCP_TCP_TA_ADDR_STALL_CYCLES",513435.000000,1008430287860479,1008430287913319
126,126,"Agent 1",1,44272,44272,32768,1,"gemm",512,131072,0,128,0,112,"SQ_INSTS_VMEM_WR",8192.000000,1008430288010760,1008430288063720
126,126,"Agent 1",1,44272,44272,32768,1,"gemm",512,131072,0,128,0,112,"SQ_VMEM_TA_CMD_FIFO_FULL",350120.000000,1008430288010760,1008430288063720
126,126,"Agent 1",1,44272,44272,32768,1,"gemm",512,131072,0,128,0,112,"TCC_WRITE_SECTORS",524288.000000,1008430288010760,1008430288063720
126,126,"Agent 1",1,44272,44272,32768,1,"gemm",512,131072,0,128,0,112,"TCP_TCP_TA_DATA_STALL_CYCLES",397957.000000,1008430288010760,1008430288063720
126,126,"Agent 1",1,44272,44272,32768,1,"gemm",512,131072,0,128,0,112,"TCP_TCP_TA_ADDR_STALL_CYCLES",516540.000000,1008430288010760,1008430288063720
127,127,"Agent 1",1,44272,44272,32768,1,"gemm",512,131072,0,128,0,112,"SQ_INSTS_VMEM_WR",8192.000000,1008430288160281,1008430288213162
127,127,"Agent 1",1,44272,44272,32768,1,"gemm",512,131072,0,128,0,112,"SQ_VMEM_TA_CMD_FIFO_FULL",359848.000000,1008430288160281,1008430288213162
127,127,"Agent 1",1,44272,44272,32768,1,"gemm",512,131072,0,128,0,112,"TCC_WRITE_SECTORS",524288.000000,1008430288160281,1008430288213162
127,127,"Agent 1",1,44272,44272,32768,1,"gemm",512,131072,0,128,0,112,"TCP_TCP_TA_DATA_STALL_CYCLES",397971.000000,1008430288160281,1008430288213162
127,127,"Agent 1",1,44272,44272,32768,1,"gemm",512,131072,0,128,0,112,"TCP_TCP_TA_ADDR_STALL_CYCLES",517540.000000,1008430288160281,1008430288213162
128,128,"Agent 1",1,44272,44272,32768,1,"gemm",512,131072,0,128,0,112,"SQ_INSTS_VMEM_WR",8192.000000,1008430288315243,1008430288367283
128,128,"Agent 1",1,44272,44272,32768,1,"gemm",512,131072,0,128,0,112,"SQ_VMEM_TA_CMD_FIFO_FULL",348088.000000,1008430288315243,1008430288367283
128,128,"Agent 1",1,44272,44272,32768,1,"gemm",512,131072,0,128,0,112,"TCC_WRITE_SECTORS",524288.000000,1008430288315243,1008430288367283
128,128,"Agent 1",1,44272,44272,32768,1,"gemm",512,131072,0,128,0,112,"TCP_TCP_TA_DATA_STALL_CYCLES",397984.000000,1008430288315243,1008430288367283
128,128,"Agent 1",1,44272,44272,32768,1,"gemm",512,131072,0,128,0,112,"TCP_TCP_TA_ADDR_STALL_CYCLES",514126.000000,1008430288315243,1008430288367283
129,129,"Agent 1",1,44272,44272,32768,1,"gemm",512,131072,0,128,0,112,"SQ_INSTS_VMEM_WR",8192.000000,1008430288469004,1008430288521525
129,129,"Agent 1",1,44272,44272,32768,1,"gemm",512,131072,0,128,0,112,"SQ_VMEM_TA_CMD_FIFO_FULL",340641.000000,1008430288469004,1008430288521525
129,129,"Agent 1",1,44272,44272,32768,1,"gemm",512,131072,0,128,0,112,"TCC_WRITE_SECTORS",524288.000000,1008430288469004,1008430288521525
129,129,"Agent 1",1,44272,44272,32768,1,"gemm",512,131072,0,128,0,112,"TCP_TCP_TA_DATA_STALL_CYCLES",397975.000000,1008430288469004,1008430288521525
129,129,"Agent 1",1,44272,44272,32768,1,"gemm",512,131072,0,128,0,112,"TCP_TCP_TA_ADDR_STALL_CYCLES",507834.000000,1008430288469004,1008430288521525
130,130,"Agent 1",1,44272,44272,32768,1,"gemm",512,131072,0,128,0,112,"SQ_INSTS_VMEM_WR",8192.000000,1008430288619965,1008430288672926
130,130,"Agent 1",1,44272,44272,32768,1,"gemm",512,131072,0,128,0,112,"SQ_VMEM_TA_CMD_FIFO_FULL",346130.000000,1008430288619965,1008430288672926
130,130,"Agent 1",1,44272,44272,32768,1,"gemm",512,131072,0,128,0,112,"TCC_WRITE_SECTORS",524288.000000,1008430288619965,1008430288672926
130,130,"Agent 1",1,44272,44272,32768,1,"gemm",512,131072,0,128,0,112,"TCP_TCP_TA_DATA_STALL_CYCLES",397979.000000,1008430288619965,1008430288672926
130,130,"Agent 1",1,44272,44272,32768,1,"gemm",512,131072,0,128,0,112,"TCP_TCP_TA_ADDR_STALL_CYCLES",516689.000000,1008430288619965,1008430288672926
131,131,"Agent 1",1,44272,44272,32768,1,"gemm",512,131072,0,128,0,112,"SQ_INSTS_VMEM_WR",8192.000000,1008430288769247,1008430288821727
131,131,"Agent 1",1,44272,44272,32768,1,"gemm",512,131072,0,128,0,112,"SQ_VMEM_TA_CMD_FIFO_FULL",352940.000000,1008430288769247,1008430288821727
131,131,"Agent 1",1,44272,44272,32768,1,"gemm",512,131072,0,128,0,112,"TCC_WRITE_SECTORS",524288.000000,1008430288769247,1008430288821727
131,131,"Agent 1",1,44272,44272,32768,1,"gemm",512,131072,0,128,0,112,"TCP_TCP_TA_DATA_STALL_CYCLES",397957.000000,1008430288769247,1008430288821727
131,131,"Agent 1",1,44272,44272,32768,1,"gemm",512,131072,0,128,0,112,"TCP_TCP_TA_ADDR_STALL_CYCLES",517312.000000,1008430288769247,1008430288821727
132,132,"Agent 1",1,44272,44272,32768,1,"gemm",512,131072,0,128,0,112,"SQ_INSTS_VMEM_WR",8192.000000,1008430288919888,1008430288972169
132,132,"Agent 1",1,44272,44272,32768,1,"gemm",512,131072,0,128,0,112,"SQ_VMEM_TA_CMD_FIFO_FULL",355801.000000,1008430288919888,1008430288972169
132,132,"Agent 1",1,44272,44272,32768,1,"gemm",512,131072,0,128,0,112,"TCC_WRITE_SECTORS",524288.000000,1008430288919888,1008430288972169
132,132,"Agent 1",1,44272,44272,32768,1,"gemm",512,131072,0,128,0,112,"TCP_TCP_TA_DATA_STALL_CYCLES",397964.000000,1008430288919888,1008430288972169
132,132,"Agent 1",1,44272,44272,32768,1,"gemm",512,131072,0,128,0,112,"TCP_TCP_TA_ADDR_STALL_CYCLES",508825.000000,1008430288919888,1008430288972169
133,133,"Agent 1",1,44272,44272,32768,1,"gemm",512,131072,0,128,0,112,"SQ_INSTS_VMEM_WR",8192.000000,1008430289067849,1008430289120690
133,133,"Agent 1",1,44272,44272,32768,1,"gemm",512,131072,0,128,0,112,"SQ_VMEM_TA_CMD_FIFO_FULL",356192.000000,1008430289067849,1008430289120690
133,133,"Agent 1",1,44272,44272,32768,1,"gemm",512,131072,0,128,0,112,"TCC_WRITE_SECTORS",524288.000000,1008430289067849,1008430289120690
133,133,"Agent 1",1,44272,44272,32768,1,"gemm",512,131072,0,128,0,112,"TCP_TCP_TA_DATA_STALL_CYCLES",397955.000000,1008430289067849,1008430289120690
133,133,"Agent 1",1,44272,44272,32768,1,"gemm",512,131072,0,128,0,112,"TCP_TCP_TA_ADDR_STALL_CYCLES",517533.000000,1008430289067849,1008430289120690
134,134,"Agent 1",1,44272,44272,32768,1,"gemm",512,131072,0,128,0,112,"SQ_INSTS_VMEM_WR",8192.000000,1008430289222131,1008430289275131
134,134,"Agent 1",1,44272,44272,32768,1,"gemm",512,131072,0,128,0,112,"SQ_VMEM_TA_CMD_FIFO_FULL",355147.000000,1008430289222131,1008430289275131
134,134,"Agent 1",1,44272,44272,32768,1,"gemm",512,131072,0,128,0,112,"TCC_WRITE_SECTORS",524288.000000,1008430289222131,1008430289275131
134,134,"Agent 1",1,44272,44272,32768,1,"gemm",512,131072,0,128,0,112,"TCP_TCP_TA_DATA_STALL_CYCLES",397947.000000,1008430289222131,1008430289275131
134,134,"Agent 1",1,44272,44272,32768,1,"gemm",512,131072,0,128,0,112,"TCP_TCP_TA_ADDR_STALL_CYCLES",516253.000000,1008430289222131,1008430289275131
135,135,"Agent 1",1,44272,44272,32768,1,"gemm",512,131072,0,128,0,112,"SQ_INSTS_VMEM_WR",8192.000000,1008430289371652,1008430289424293
135,135,"Agent 1",1,44272,44272,32768,1,"gemm",512,131072,0,128,0,112,"SQ_VMEM_TA_CMD_FIFO_FULL",358168.000000,1008430289371652,1008430289424293
135,135,"Agent 1",1,44272,44272,32768,1,"gemm",512,131072,0,128,0,112,"TCC_WRITE_SECTORS",524288.000000,1008430289371652,1008430289424293
135,135,"Agent 1",1,44272,44272,32768,1,"gemm",512,131072,0,128,0,112,"TCP_TCP_TA_DATA_STALL_CYCLES",397982.000000,1008430289371652,1008430289424293
135,135,"Agent 1",1,44272,44272,32768,1,"gemm",512,131072,0,128,0,112,"TCP_TCP_TA_ADDR_STALL_CYCLES",510895.000000,1008430289371652,1008430289424293
136,136,"Agent 1",1,44272,44272,32768,1,"gemm",512,131072,0,128,0,112,"SQ_INSTS_VMEM_WR",8192.000000,1008430289520893,1008430289573214
136,136,"Agent 1",1,44272,44272,32768,1,"gemm",512,131072,0,128,0,112,"SQ_VMEM_TA_CMD_FIFO_FULL",352911.000000,1008430289520893,1008430289573214
136,136,"Agent 1",1,44272,44272,32768,1,"gemm",512,131072,0,128,0,112,"TCC_WRITE_SECTORS",524288.000000,1008430289520893,1008430289573214
136,136,"Agent 1",1,44272,44272,32768,1,"gemm",512,131072,0,128,0,112,"TCP_TCP_TA_DATA_STALL_CYCLES",397986.000000,1008430289520893,1008430289573214
136,136,"Agent 1",1,44272,44272,32768,1,"gemm",512,131072,0,128,0,112,"TCP_TCP_TA_ADDR_STALL_CYCLES",517654.000000,1008430289520893,1008430289573214
137,137,"Agent 1",1,44272,44272,32768,1,"gemm",512,131072,0,128,0,112,"SQ_INSTS_VMEM_WR",8192.000000,1008430289675095,1008430289727935
137,137,"Agent 1",1,44272,44272,32768,1,"gemm",512,131072,0,128,0,112,"SQ_VMEM_TA_CMD_FIFO_FULL",354752.000000,1008430289675095,1008430289727935
137,137,"Agent 1",1,44272,44272,32768,1,"gemm",512,131072,0,128,0,112,"TCC_WRITE_SECTORS",524288.000000,1008430289675095,1008430289727935
137,137,"Agent 1",1,44272,44272,32768,1,"gemm",512,131072,0,128,0,112,"TCP_TCP_TA_DATA_STALL_CYCLES",398002.000000,1008430289675095,1008430289727935
137,137,"Agent 1",1,44272,44272,32768,1,"gemm",512,131072,0,128,0,112,"TCP_TCP_TA_ADDR_STALL_CYCLES",512228.000000,1008430289675095,1008430289727935
138,138,"Agent 1",1,44272,44272,32768,1,"gemm",512,131072,0,128,0,112,"SQ_INSTS_VMEM_WR",8192.000000,1008430289831776,1008430289884817
138,138,"Agent 1",1,44272,44272,32768,1,"gemm",512,131072,0,128,0,112,"SQ_VMEM_TA_CMD_FIFO_FULL",353234.000000,1008430289831776,1008430289884817
138,138,"Agent 1",1,44272,44272,32768,1,"gemm",512,131072,0,128,0,112,"TCC_WRITE_SECTORS",524288.000000,1008430289831776,1008430289884817
138,138,"Agent 1",1,44272,44272,32768,1,"gemm",512,131072,0,128,0,112,"TCP_TCP_TA_DATA_STALL_CYCLES",397982.000000,1008430289831776,1008430289884817
138,138,"Agent 1",1,44272,44272,32768,1,"gemm",512,131072,0,128,0,112,"TCP_TCP_TA_ADDR_STALL_CYCLES",513734.000000,1008430289831776,1008430289884817
139,139,"Agent 1",1,44272,44272,32768,1,"gemm",512,131072,0,128,0,112,"SQ_INSTS_VMEM_WR",8192.000000,1008430289985498,1008430290038098
139,139,"Agent 1",1,44272,44272,32768,1,"gemm",512,131072,0,128,0,112,"SQ_VMEM_TA_CMD_FIFO_FULL",357329.000000,1008430289985498,1008430290038098
139,139,"Agent 1",1,44272,44272,32768,1,"gemm",512,131072,0,128,0,112,"TCC_WRITE_SECTORS",524288.000000,1008430289985498,1008430290038098
139,139,"Agent 1",1,44272,44272,32768,1,"gemm",512,131072,0,128,0,112,"TCP_TCP_TA_DATA_STALL_CYCLES",397950.000000,1008430289985498,1008430290038098
139,139,"Agent 1",1,44272,44272,32768,1,"gemm",512,131072,0,128,0,112,"TCP_TCP_TA_ADDR_STALL_CYCLES",510857.000000,1008430289985498,1008430290038098
140,140,"Agent 1",1,44272,44272,32768,1,"gemm",512,131072,0,128,0,112,"SQ_INSTS_VMEM_WR",8192.000000,1008430290140179,1008430290192539
140,140,"Agent 1",1,44272,44272,32768,1,"gemm",512,131072,0,128,0,112,"SQ_VMEM_TA_CMD_FIFO_FULL",346550.000000,1008430290140179,1008430290192539
140,140,"Agent 1",1,44272,44272,32768,1,"gemm",512,131072,0,128,0,112,"TCC_WRITE_SECTORS",524288.000000,1008430290140179,1008430290192539
140,140,"Agent 1",1,44272,44272,32768,1,"gemm",512,131072,0,128,0,112,"TCP_TCP_TA_DATA_STALL_CYCLES",397962.000000,1008430290140179,1008430290192539
140,140,"Agent 1",1,44272,44272,32768,1,"gemm",512,131072,0,128,0,112,"TCP_TCP_TA_ADDR_STALL_CYCLES",509820.000000,1008430290140179,1008430290192539
141,141,"Agent 1",1,44272,44272,32768,1,"gemm",512,131072,0,128,0,112,"SQ_INSTS_VMEM_WR",8192.000000,1008430290295940,1008430290348701
141,141,"Agent 1",1,44272,44272,32768,1,"gemm",512,131072,0,128,0,112,"SQ_VMEM_TA_CMD_FIFO_FULL",363600.000000,1008430290295940,1008430290348701
141,141,"Agent 1",1,44272,44272,32768,1,"gemm",512,131072,0,128,0,112,"TCC_WRITE_SECTORS",524288.000000,1008430290295940,1008430290348701
141,141,"Agent 1",1,44272,44272,32768,1,"gemm",512,131072,0,128,0,112,"TCP_TCP_TA_DATA_STALL_CYCLES",397950.000000,1008430290295940,1008430290348701
141,141,"Agent 1",1,44272,44272,32768,1,"gemm",512,131072,0,128,0,112,"TCP_TCP_TA_ADDR_STALL_CYCLES",521476.000000,1008430290295940,1008430290348701
142,142,"Agent 1",1,44272,44272,32768,1,"gemm",512,131072,0,128,0,112,"SQ_INSTS_VMEM_WR",8192.000000,1008430290446262,1008430290499062
142,142,"Agent 1",1,44272,44272,32768,1,"gemm",512,131072,0,128,0,112,"SQ_VMEM_TA_CMD_FIFO_FULL",358430.000000,1008430290446262,1008430290499062
142,142,"Agent 1",1,44272,44272,32768,1,"gemm",512,131072,0,128,0,112,"TCC_WRITE_SECTORS",524288.000000,1008430290446262,1008430290499062
142,142,"Agent 1",1,44272,44272,32768,1,"gemm",512,131072,0,128,0,112,"TCP_TCP_TA_DATA_STALL_CYCLES",397972.000000,1008430290446262,1008430290499062
142,142,"Agent 1",1,44272,44272,32768,1,"gemm",512,131072,0,128,0,112,"TCP_TCP_TA_ADDR_STALL_CYCLES",519048.000000,1008430290446262,1008430290499062
143,143,"Agent 1",1,44272,44272,32768,1,"gemm",512,131072,0,128,0,112,"SQ_INSTS_VMEM_WR",8192.000000,1008430290603583,1008430290656544
143,143,"Agent 1",1,44272,44272,32768,1,"gemm",512,131072,0,128,0,112,"SQ_VMEM_TA_CMD_FIFO_FULL",360607.000000,1008430290603583,1008430290656544
143,143,"Agent 1",1,44272,44272,32768,1,"gemm",512,131072,0,128,0,112,"TCC_WRITE_SECTORS",524288.000000,1008430290603583,1008430290656544
143,143,"Agent 1",1,44272,44272,32768,1,"gemm",512,131072,0,128,0,112,"TCP_TCP_TA_DATA_STALL_CYCLES",397964.000000,1008430290603583,1008430290656544
143,143,"Agent 1",1,44272,44272,32768,1,"gemm",512,131072,0,128,0,112,"TCP_TCP_TA_ADDR_STALL_CYCLES",519447.000000,1008430290603583,1008430290656544
144,144,"Agent 1",1,44272,44272,32768,1,"gemm",512,131072,0,128,0,112,"SQ_INSTS_VMEM_WR",8192.000000,1008430290753544,1008430290805985
144,144,"Agent 1",1,44272,44272,32768,1,"gemm",512,131072,0,128,0,112,"SQ_VMEM_TA_CMD_FIFO_FULL",350125.000000,1008430290753544,1008430290805985
144,144,"Agent 1",1,44272,44272,32768,1,"gemm",512,131072,0,128,0,112,"TCC_WRITE_SECTORS",524288.000000,1008430290753544,1008430290805985
144,144,"Agent 1",1,44272,44272,32768,1,"gemm",512,131072,0,128,0,112,"TCP_TCP_TA_DATA_STALL_CYCLES",397962.000000,1008430290753544,1008430290805985
144,144,"Agent 1",1,44272,44272,32768,1,"gemm",512,131072,0,128,0,112,"TCP_TCP_TA_ADDR_STALL_CYCLES",515590.000000,1008430290753544,1008430290805985
145,145,"Agent 1",1,44272,44272,32768,1,"gemm",512,131072,0,128,0,112,"SQ_INSTS_VMEM_WR",8192.000000,1008430290905386,1008430290958026
145,145,"Agent 1",1,44272,44272,32768,1,"gemm",512,131072,0,128,0,112,"SQ_VMEM_TA_CMD_FIFO_FULL",352349.000000,1008430290905386,1008430290958026
145,145,"Agent 1",1,44272,44272,32768,1,"gemm",512,131072,0,128,0,112,"TCC_WRITE_SECTORS",524288.000000,1008430290905386,1008430290958026
145,145,"Agent 1",1,44272,44272,32768,1,"gemm",512,131072,0,128,0,112,"TCP_TCP_TA_DATA_STALL_CYCLES",397987.000000,1008430290905386,1008430290958026
145,145,"Agent 1",1,44272,44272,32768,1,"gemm",512,131072,0,128,0,112,"TCP_TCP_TA_ADDR_STALL_CYCLES",514322.000000,1008430290905386,1008430290958026
146,146,"Agent 1",1,44272,44272,32768,1,"gemm",512,131072,0,128,0,112,"SQ_INSTS_VMEM_WR",8192.000000,1008430291059507,1008430291112468
146,146,"Agent 1",1,44272,44272,32768,1,"gemm",512,131072,0,128,0,112,"SQ_VMEM_TA_CMD_FIFO_FULL",360495.000000,1008430291059507,1008430291112468
146,146,"Agent 1",1,44272,44272,32768,1,"gemm",512,131072,0,128,0,112,"TCC_WRITE_SECTORS",524288.000000,1008430291059507,1008430291112468
146,146,"Agent 1",1,44272,44272,32768,1,"gemm",512,131072,0,128,0,112,"TCP_TCP_TA_DATA_STALL_CYCLES",397975.000000,1008430291059507,1008430291112468
146,146,"Agent 1",1,44272,44272,32768,1,"gemm",512,131072,0,128,0,112,"TCP_TCP_TA_ADDR_STALL_CYCLES",518448.000000,1008430291059507,1008430291112468
147,147,"Agent 1",1,44272,44272,32768,1,"gemm",512,131072,0,128,0,112,"SQ_INSTS_VMEM_WR",8192.000000,1008430291210949,1008430291263829
147,147,"Agent 1",1,44272,44272,32768,1,"gemm",512,131072,0,128,0,112,"SQ_VMEM_TA_CMD_FIFO_FULL",352559.000000,1008430291210949,1008430291263829
147,147,"Agent 1",1,44272,44272,32768,1,"gemm",512,131072,0,128,0,112,"TCC_WRITE_SECTORS",524288.000000,1008430291210949,1008430291263829
147,147,"Agent 1",1,44272,44272,32768,1,"gemm",512,131072,0,128,0,112,"TCP_TCP_TA_DATA_STALL_CYCLES",397979.000000,1008430291210949,1008430291263829
147,147,"Agent 1",1,44272,44272,32768,1,"gemm",512,131072,0,128,0,112,"TCP_TCP_TA_ADDR_STALL_CYCLES",519162.000000,1008430291210949,1008430291263829
148,148,"Agent 1",1,44272,44272,32768,1,"gemm",512,131072,0,128,0,112,"SQ_INSTS_VMEM_WR",8192.000000,1008430291363750,1008430291416030
148,148,"Agent 1",1,44272,44272,32768,1,"gemm",512,131072,0,128,0,112,"SQ_VMEM_TA_CMD_FIFO_FULL",352552.000000,1008430291363750,1008430291416030
148,148,"Agent 1",1,44272,44272,32768,1,"gemm",512,131072,0,128,0,112,"TCC_WRITE_SECTORS",524288.000000,1008430291363750,1008430291416030
148,148,"Agent 1",1,44272,44272,32768,1,"gemm",512,131072,0,128,0,112,"TCP_TCP_TA_DATA_STALL_CYCLES",397983.000000,1008430291363750,1008430291416030
148,148,"Agent 1",1,44272,44272,32768,1,"gemm",512,131072,0,128,0,112,"TCP_TCP_TA_ADDR_STALL_CYCLES",510983.000000,1008430291363750,1008430291416030
149,149,"Agent 1",1,44272,44272,32768,1,"gemm",512,131072,0,128,0,112,"SQ_INSTS_VMEM_WR",8192.000000,1008430291517951,1008430291570832
149,149,"Agent 1",1,44272,44272,32768,1,"gemm",512,131072,0,128,0,112,"SQ_VMEM_TA_CMD_FIFO_FULL",358859.000000,1008430291517951,1008430291570832
149,149,"Agent 1",1,44272,44272,32768,1,"gemm",512,131072,0,128,0,112,"TCC_WRITE_SECTORS",524288.000000,1008430291517951,1008430291570832
149,149,"Agent 1",1,44272,44272,32768,1,"gemm",512,131072,0,128,0,112,"TCP_TCP_TA_DATA_STALL_CYCLES",397971.000000,1008430291517951,1008430291570832
149,149,"Agent 1",1,44272,44272,32768,1,"gemm",512,131072,0,128,0,112,"TCP_TCP_TA_ADDR_STALL_CYCLES",513359.000000,1008430291517951,1008430291570832
150,150,"Agent 1",1,44272,44272,32768,1,"gemm",512,131072,0,128,0,112,"SQ_INSTS_VMEM_WR",8192.000000,1008430291674033,1008430291726873
150,150,"Agent 1",1,44272,44272,32768,1,"gemm",512,131072,0,128,0,112,"SQ_VMEM_TA_CMD_FIFO_FULL",345321.000000,1008430291674033,1008430291726873
150,150,"Agent 1",1,44272,44272,32768,1,"gemm",512,131072,0,128,0,112,"TCC_WRITE_SECTORS",524288.000000,1008430291674033,1008430291726873
150,150,"Agent 1",1,44272,44272,32768,1,"gemm",512,131072,0,128,0,112,"TCP_TCP_TA_DATA_STALL_CYCLES",397949.000000,1008430291674033,1008430291726873
150,150,"Agent 1",1,44272,44272,32768,1,"gemm",512,131072,0,128,0,112,"TCP_TCP_TA_ADDR_STALL_CYCLES",506909.000000,1008430291674033,1008430291726873
151,151,"Agent 1",1,44272,44272,32768,1,"gemm",512,131072,0,128,0,112,"SQ_INSTS_VMEM_WR",8192.000000,1008430291825114,1008430291877955
151,151,"Agent 1",1,44272,44272,32768,1,"gemm",512,131072,0,128,0,112,"SQ_VMEM_TA_CMD_FIFO_FULL",361099.000000,1008430291825114,1008430291877955
151,151,"Agent 1",1,44272,44272,32768,1,"gemm",512,131072,0,128,0,112,"TCC_WRITE_SECTORS",524288.000000,1008430291825114,1008430291877955
151,151,"Agent 1",1,44272,44272,32768,1,"gemm",512,131072,0,128,0,112,"TCP_TCP_TA_DATA_STALL_CYCLES",397949.000000,1008430291825114,1008430291877955
151,151,"Agent 1",1,44272,44272,32768,1,"gemm",512,131072,0,128,0,112,"TCP_TCP_TA_ADDR_STALL_CYCLES",511473.000000,1008430291825114,1008430291877955
152,152,"Agent 1",1,44272,44272,32768,1,"gemm",512,131072,0,128,0,112,"SQ_INSTS_VMEM_WR",8192.000000,1008430291982315,1008430292034636
152,152,"Agent 1",1,44272,44272,32768,1,"gemm",512,131072,0,128,0,112,"SQ_VMEM_TA_CMD_FIFO_FULL",344965.000000,1008430291982315,1008430292034636
152,152,"Agent 1",1,44272,44272,32768,1,"gemm",512,131072,0,128,0,112,"TCC_WRITE_SECTORS",524288.000000,1008430291982315,1008430292034636
152,152,"Agent 1",1,44272,44272,32768,1,"gemm",512,131072,0,128,0,112,"TCP_TCP_TA_DATA_STALL_CYCLES",397966.000000,1008430291982315,1008430292034636
152,152,"Agent 1",1,44272,44272,32768,1,"gemm",512,131072,0,128,0,112,"TCP_TCP_TA_ADDR_STALL_CYCLES",507463.000000,1008430291982315,1008430292034636
153,153,"Agent 1",1,44272,44272,32768,1,"gemm",512,131072,0,128,0,112,"SQ_INSTS_VMEM_WR",8192.000000,1008430292139797,1008430292192597
153,153,"Agent 1",1,44272,44272,32768,1,"gemm",512,131072,0,128,0,112,"SQ_VMEM_TA_CMD_FIFO_FULL",355664.000000,1008430292139797,1008430292192597
153,153,"Agent 1",1,44272,44272,32768,1,"gemm",512,131072,0,128,0,112,"TCC_WRITE_SECTORS",524288.000000,1008430292139797,1008430292192597
153,153,"Agent 1",1,44272,44272,32768,1,"gemm",512,131072,0,128,0,112,"TCP_TCP_TA_DATA_STALL_CYCLES",397964.000000,1008430292139797,1008430292192597
153,153,"Agent 1",1,44272,44272,32768,1,"gemm",512,131072,0,128,0,112,"TCP_TCP_TA_ADDR_STALL_CYCLES",515137.000000,1008430292139797,1008430292192597
154,154,"Agent 1",1,44272,44272,32768,1,"gemm",512,131072,0,128,0,112,"SQ_INSTS_VMEM_WR",8192.000000,1008430292297798,1008430292350719
154,154,"Agent 1",1,44272,44272,32768,1,"gemm",512,131072,0,128,0,112,"SQ_VMEM_TA_CMD_FIFO_FULL",351207.000000,1008430292297798,1008430292350719
154,154,"Agent 1",1,44272,44272,32768,1,"gemm",512,131072,0,128,0,112,"TCC_WRITE_SECTORS",524288.000000,1008430292297798,1008430292350719
154,154,"Agent 1",1,44272,44272,32768,1,"gemm",512,131072,0,128,0,112,"TCP_TCP_TA_DATA_STALL_CYCLES",397964.000000,1008430292297798,1008430292350719
154,154,"Agent 1",1,44272,44272,32768,1,"gemm",512,131072,0,128,0,112,"TCP_TCP_TA_ADDR_STALL_CYCLES",514900.000000,1008430292297798,1008430292350719
155,155,"Agent 1",1,44272,44272,32768,1,"gemm",512,131072,0,128,0,112,"SQ_INSTS_VMEM_WR",8192.000000,1008430292451440,1008430292504200
155,155,"Agent 1",1,44272,44272,32768,1,"gemm",512,131072,0,128,0,112,"SQ_VMEM_TA_CMD_FIFO_FULL",353599.000000,1008430292451440,1008430292504200
155,155,"Agent 1",1,44272,44272,32768,1,"gemm",512,131072,0,128,0,112,"TCC_WRITE_SECTORS",524288.000000,1008430292451440,1008430292504200
155,155,"Agent 1",1,44272,44272,32768,1,"gemm",512,131072,0,128,0,112,"TCP_TCP_TA_DATA_STALL_CYCLES",397965.000000,1008430292451440,1008430292504200
155,155,"Agent 1",1,44272,44272,32768,1,"gemm",512,131072,0,128,0,112,"TCP_TCP_TA_ADDR_STALL_CYCLES",515777.000000,1008430292451440,1008430292504200
156,156,"Agent 1",1,44272,44272,32768,1,"gemm",512,131072,0,128,0,112,"SQ_INSTS_VMEM_WR",8192.000000,1008430292607641,1008430292660121
156,156,"Agent 1",1,44272,44272,32768,1,"gemm",512,131072,0,128,0,112,"SQ_VMEM_TA_CMD_FIFO_FULL",352458.000000,1008430292607641,1008430292660121
156,156,"Agent 1",1,44272,44272,32768,1,"gemm",512,131072,0,128,0,112,"TCC_WRITE_SECTORS",524288.000000,1008430292607641,1008430292660121
156,156,"Agent 1",1,44272,44272,32768,1,"gemm",512,131072,0,128,0,112,"TCP_TCP_TA_DATA_STALL_CYCLES",397956.000000,1008430292607641,1008430292660121
156,156,"Agent 1",1,44272,44272,32768,1,"gemm",512,131072,0,128,0,112,"TCP_TCP_TA_ADDR_STALL_CYCLES",513250.000000,1008430292607641,1008430292660121
157,157,"Agent 1",1,44272,44272,32768,1,"gemm",512,131072,0,128,0,112,"SQ_INSTS_VMEM_WR",8192.000000,1008430292760642,1008430292813363
157,157,"Agent 1",1,44272,44272,32768,1,"gemm",512,131072,0,128,0,112,"SQ_VMEM_TA_CMD_FIFO_FULL",354940.000000,1008430292760642,1008430292813363
157,157,"Agent 1",1,44272,44272,32768,1,"gemm",512,131072,0,128,0,112,"TCC_WRITE_SECTORS",524288.000000,1008430292760642,1008430292813363
157,157,"Agent 1",1,44272,44272,32768,1,"gemm",512,131072,0,128,0,112,"TCP_TCP_TA_DATA_STALL_CYCLES",397965.000000,1008430292760642,1008430292813363
157,157,"Agent 1",1,44272,44272,32768,1,"gemm",512,131072,0,128,0,112,"TCP_TCP_TA_ADDR_STALL_CYCLES",512787.000000,1008430292760642,1008430292813363
158,158,"Agent 1",1,44272,44272,32768,1,"gemm",512,131072,0,128,0,112,"SQ_INSTS_VMEM_WR",8192.000000,1008430292920204,1008430292972924
158,158,"Agent 1",1,44272,44272,32768,1,"gemm",512,131072,0,128,0,112,"SQ_VMEM_TA_CMD_FIFO_FULL",348071.000000,1008430292920204,1008430292972924
158,158,"Agent 1",1,44272,44272,32768,1,"gemm",512,131072,0,128,0,112,"TCC_WRITE_SECTORS",524288.000000,1008430292920204,1008430292972924
158,158,"Agent 1",1,44272,44272,32768,1,"gemm",512,131072,0,128,0,112,"TCP_TCP_TA_DATA_STALL_CYCLES",397968.000000,1008430292920204,1008430292972924
158,158,"Agent 1",1,44272,44272,32768,1,"gemm",512,131072,0,128,0,112,"TCP_TCP_TA_ADDR_STALL_CYCLES",508423.000000,1008430292920204,1008430292972924
159,159,"Agent 1",1,44272,44272,32768,1,"gemm",512,131072,0,128,0,112,"SQ_INSTS_VMEM_WR",8192.000000,1008430293076645,1008430293129566
159,159,"Agent 1",1,44272,44272,32768,1,"gemm",512,131072,0,128,0,112,"SQ_VMEM_TA_CMD_FIFO_FULL",366949.000000,1008430293076645,1008430293129566
159,159,"Agent 1",1,44272,44272,32768,1,"gemm",512,131072,0,128,0,112,"TCC_WRITE_SECTORS",524288.000000,1008430293076645,1008430293129566
159,159,"Agent 1",1,44272,44272,32768,1,"gemm",512,131072,0,128,0,112,"TCP_TCP_TA_DATA_STALL_CYCLES",397989.000000,1008430293076645,1008430293129566
159,159,"Agent 1",1,44272,44272,32768,1,"gemm",512,131072,0,128,0,112,"TCP_TCP_TA_ADDR_STALL_CYCLES",519825.000000,1008430293076645,1008430293129566
160,160,"Agent 1",1,44272,44272,32768,1,"gemm",512,131072,0,128,0,112,"SQ_INSTS_VMEM_WR",8192.000000,1008430293237567,1008430293290047
160,160,"Agent 1",1,44272,44272,32768,1,"gemm",512,131072,0,128,0,112,"SQ_VMEM_TA_CMD_FIFO_FULL",347461.000000,1008430293237567,1008430293290047
160,160,"Agent 1",1,44272,44272,32768,1,"gemm",512,131072,0,128,0,112,"TCC_WRITE_SECTORS",524288.000000,1008430293237567,1008430293290047
160,160,"Agent 1",1,44272,44272,32768,1,"gemm",512,131072,0,128,0,112,"TCP_TCP_TA_DATA_STALL_CYCLES",397998.000000,1008430293237567,1008430293290047
160,160,"Agent 1",1,44272,44272,32768,1,"gemm",512,131072,0,128,0,112,"TCP_TCP_TA_ADDR_STALL_CYCLES",512517.000000,1008430293237567,1008430293290047
161,161,"Agent 1",1,44272,44272,32768,1,"gemm",512,131072,0,128,0,112,"SQ_INSTS_VMEM_WR",8192.000000,1008430293394344,1008430293447225
161,161,"Agent 1",1,44272,44272,32768,1,"gemm",512,131072,0,128,0,112,"SQ_VMEM_TA_CMD_FIFO_FULL",355053.000000,1008430293394344,1008430293447225
161,161,"Agent 1",1,44272,44272,32768,1,"gemm",512,131072,0,128,0,112,"TCC_WRITE_SECTORS",524288.000000,1008430293394344,1008430293447225
161,161,"Agent 1",1,44272,44272,32768,1,"gemm",512,131072,0,128,0,112,"TCP_TCP_TA_DATA_STALL_CYCLES",397987.000000,1008430293394344,1008430293447225
161,161,"Agent 1",1,44272,44272,32768,1,"gemm",512,131072,0,128,0,112,"TCP_TCP_TA_ADDR_STALL_CYCLES",515599.000000,1008430293394344,1008430293447225
162,162,"Agent 1",1,44272,44272,32768,1,"gemm",512,131072,0,128,0,112,"SQ_INSTS_VMEM_WR",8192.000000,1008430293552665,1008430293605225
162,162,"Agent 1",1,44272,44272,32768,1,"gemm",512,131072,0,128,0,112,"SQ_VMEM_TA_CMD_FIFO_FULL",345277.000000,1008430293552665,1008430293605225
162,162,"Agent 1",1,44272,44272,32768,1,"gemm",512,131072,0,128,0,112,"TCC_WRITE_SECTORS",524288.000000,1008430293552665,1008430293605225
162,162,"Agent 1",1,44272,44272,32768,1,"gemm",512,131072,0,128,0,112,"TCP_TCP_TA_DATA_STALL_CYCLES",397965.000000,1008430293552665,1008430293605225
162,162,"Agent 1",1,44272,44272,32768,1,"gemm",512,131072,0,128,0,112,"TCP_TCP_TA_ADDR_STALL_CYCLES",514401.000000,1008430293552665,1008430293605225
163,163,"Agent 1",1,44272,44272,32768,1,"gemm",512,131072,0,128,0,112,"SQ_INSTS_VMEM_WR",8192.000000,1008430293704106,1008430293756627
163,163,"Agent 1",1,44272,44272,32768,1,"gemm",512,131072,0,128,0,112,"SQ_VMEM_TA_CMD_FIFO_FULL",327190.000000,1008430293704106,1008430293756627
163,163,"Agent 1",1,44272,44272,32768,1,"gemm",512,131072,0,128,0,112,"TCC_WRITE_SECTORS",524288.000000,1008430293704106,1008430293756627
163,163,"Agent 1",1,44272,44272,32768,1,"gemm",512,131072,0,128,0,112,"TCP_TCP_TA_DATA_STALL_CYCLES",397977.000000,1008430293704106,1008430293756627
163,163,"Agent 1",1,44272,44272,32768,1,"gemm",512,131072,0,128,0,112,"TCP_TCP_TA_ADDR_STALL_CYCLES",512228.000000,1008430293704106,1008430293756627
164,164,"Agent 1",1,44272,44272,32768,1,"gemm",512,131072,0,128,0,112,"SQ_INSTS_VMEM_WR",8192.000000,1008430293857027,1008430293909428
164,164,"Agent 1",1,44272,44272,32768,1,"gemm",512,131072,0,128,0,112,"SQ_VMEM_TA_CMD_FIFO_FULL",348637.000000,1008430293857027,1008430293909428
164,164,"Agent 1",1,44272,44272,32768,1,"gemm",512,131072,0,128,0,112,"TCC_WRITE_SECTORS",524288.000000,1008430293857027,1008430293909428
164,164,"Agent 1",1,44272,44272,32768,1,"gemm",512,131072,0,128,0,112,"TCP_TCP_TA_DATA_STALL_CYCLES",397945.000000,1008430293857027,1008430293909428
164,164,"Agent 1",1,44272,44272,32768,1,"gemm",512,131072,0,128,0,112,"TCP_TCP_TA_ADDR_STALL_CYCLES",516217.000000,1008430293857027,1008430293909428
165,165,"Agent 1",1,44272,44272,32768,1,"gemm",512,131072,0,128,0,112,"SQ_INSTS_VMEM_WR",8192.000000,1008430294023069,1008430294075989
165,165,"Agent 1",1,44272,44272,32768,1,"gemm",512,131072,0,128,0,112,"SQ_VMEM_TA_CMD_FIFO_FULL",354082.000000,1008430294023069,1008430294075989
165,165,"Agent 1",1,44272,44272,32768,1,"gemm",512,131072,0,128,0,112,"TCC_WRITE_SECTORS",524288.000000,1008430294023069,1008430294075989
165,165,"Agent 1",1,44272,44272,32768,1,"gemm",512,131072,0,128,0,112,"TCP_TCP_TA_DATA_STALL_CYCLES",397998.000000,1008430294023069,1008430294075989
165,165,"Agent 1",1,44272,44272,32768,1,"gemm",512,131072,0,128,0,112,"TCP_TCP_TA_ADDR_STALL_CYCLES",513736.000000,1008430294023069,1008430294075989
166,166,"Agent 1",1,44272,44272,32768,1,"gemm",512,131072,0,128,0,112,"SQ_INSTS_VMEM_WR",8192.000000,1008430294175950,1008430294228911
166,166,"Agent 1",1,44272,44272,32768,1,"gemm",512,131072,0,128,0,112,"SQ_VMEM_TA_CMD_FIFO_FULL",362084.000000,1008430294175950,1008430294228911
166,166,"Agent 1",1,44272,44272,32768,1,"gemm",512,131072,0,128,0,112,"TCC_WRITE_SECTORS",524288.000000,1008430294175950,1008430294228911
166,166,"Agent 1",1,44272,44272,32768,1,"gemm",512,131072,0,128,0,112,"TCP_TCP_TA_DATA_STALL_CYCLES",397962.000000,1008430294175950,1008430294228911
166,166,"Agent 1",1,44272,44272,32768,1,"gemm",512,131072,0,128,0,112,"TCP_TCP_TA_ADDR_STALL_CYCLES",515319.000000,1008430294175950,1008430294228911
167,167,"Agent 1",1,44272,44272,32768,1,"gemm",512,131072,0,128,0,112,"SQ_INSTS_VMEM_WR",8192.000000,1008430294333312,1008430294386232
167,167,"Agent 1",1,44272,44272,32768,1,"gemm",512,131072,0,128,0,112,"SQ_VMEM_TA_CMD_FIFO_FULL",368778.000000,1008430294333312,1008430294386232
167,167,"Agent 1",1,44272,44272,32768,1,"gemm",512,131072,0,128,0,112,"TCC_WRITE_SECTORS",524288.000000,1008430294333312,1008430294386232
167,167,"Agent 1",1,44272,44272,32768,1,"gemm",512,131072,0,128,0,112,"TCP_TCP_TA_DATA_STALL_CYCLES",398012.000000,1008430294333312,1008430294386232
167,167,"Agent 1",1,44272,44272,32768,1,"gemm",512,131072,0,128,0,112,"TCP_TCP_TA_ADDR_STALL_CYCLES",514806.000000,1008430294333312,1008430294386232
168,168,"Agent 1",1,44272,44272,32768,1,"gemm",512,131072,0,128,0,112,"SQ_INSTS_VMEM_WR",8192.000000,1008430294493033,1008430294545274
168,168,"Agent 1",1,44272,44272,32768,1,"gemm",512,131072,0,128,0,112,"SQ_VMEM_TA_CMD_FIFO_FULL",353031.000000,1008430294493033,1008430294545274
168,168,"Agent 1",1,44272,44272,32768,1,"gemm",512,131072,0,128,0,112,"TCC_WRITE_SECTORS",524288.000000,1008430294493033,1008430294545274
168,168,"Agent 1",1,44272,44272,32768,1,"gemm",512,131072,0,128,0,112,"TCP_TCP_TA_DATA_STALL_CYCLES",397976.000000,1008430294493033,1008430294545274
168,168,"Agent 1",1,44272,44272,32768,1,"gemm",512,131072,0,128,0,112,"TCP_TCP_TA_ADDR_STALL_CYCLES",512572.000000,1008430294493033,1008430294545274
169,169,"Agent 1",1,44272,44272,32768,1,"gemm",512,131072,0,128,0,112,"SQ_INSTS_VMEM_WR",8192.000000,1008430294648555,1008430294701235
169,169,"Agent 1",1,44272,44272,32768,1,"gemm",512,131072,0,128,0,112,"SQ_VMEM_TA_CMD_FIFO_FULL",352880.000000,1008430294648555,1008430294701235
169,169,"Agent 1",1,44272,44272,32768,1,"gemm",512,131072,0,128,0,112,"TCC_WRITE_SECTORS",524288.000000,1008430294648555,1008430294701235
169,169,"Agent 1",1,44272,44272,32768,1,"gemm",512,131072,0,128,0,112,"TCP_TCP_TA_DATA_STALL_CYCLES",397991.000000,1008430294648555,1008430294701235
169,169,"Agent 1",1,44272,44272,32768,1,"gemm",512,131072,0,128,0,112,"TCP_TCP_TA_ADDR_STALL_CYCLES",510885.000000,1008430294648555,1008430294701235
170,170,"Agent 1",1,44272,44272,32768,1,"gemm",512,131072,0,128,0,112,"SQ_INSTS_VMEM_WR",8192.000000,1008430294800556,1008430294853316
170,170,"Agent 1",1,44272,44272,32768,1,"gemm",512,131072,0,128,0,112,"SQ_VMEM_TA_CMD_FIFO_FULL",359528.000000,1008430294800556,1008430294853316
170,170,"Agent 1",1,44272,44272,32768,1,"gemm",512,131072,0,128,0,112,"TCC_WRITE_SECTORS",524288.000000,1008430294800556,1008430294853316
170,170,"Agent 1",1,44272,44272,32768,1,"gemm",512,131072,0,128,0,112,"TCP_TCP_TA_DATA_STALL_CYCLES",397968.000000,1008430294800556,1008430294853316
170,170,"Agent 1",1,44272,44272,32768,1,"gemm",512,131072,0,128,0,112,"TCP_TCP_TA_ADDR_STALL_CYCLES",511757.000000,1008430294800556,1008430294853316
171,171,"Agent 1",1,44272,44272,32768,1,"gemm",512,131072,0,128,0,112,"SQ_INSTS_VMEM_WR",8192.000000,1008430294959517,1008430295012158
171,171,"Agent 1",1,44272,44272,32768,1,"gemm",512,131072,0,128,0,112,"SQ_VMEM_TA_CMD_FIFO_FULL",349194.000000,1008430294959517,1008430295012158
171,171,"Agent 1",1,44272,44272,32768,1,"gemm",512,131072,0,128,0,112,"TCC_WRITE_SECTORS",524288.000000,1008430294959517,1008430295012158
171,171,"Agent 1",1,44272,44272,32768,1,"gemm",512,131072,0,128,0,112,"TCP_TCP_TA_DATA_STALL_CYCLES",397952.000000,1008430294959517,1008430295012158
171,171,"Agent 1",1,44272,44272,32768,1,"gemm",512,131072,0,128,0,112,"TCP_TCP_TA_ADDR_STALL_CYCLES",510909.000000,1008430294959517,1008430295012158
172,172,"Agent 1",1,44272,44272,32768,1,"gemm",512,131072,0,128,0,112,"SQ_INSTS_VMEM_WR",8192.000000,1008430295117599,1008430295169879
172,172,"Agent 1",1,44272,44272,32768,1,"gemm",512,131072,0,128,0,112,"SQ_VMEM_TA_CMD_FIFO_FULL",348595.000000,1008430295117599,1008430295169879
172,172,"Agent 1",1,44272,44272,32768,1,"gemm",512,131072,0,128,0,112,"TCC_WRITE_SECTORS",524288.000000,1008430295117599,1008430295169879
172,172,"Agent 1",1,44272,44272,32768,1,"gemm",512,131072,0,128,0,112,"TCP_TCP_TA_DATA_STALL_CYCLES",397960.000000,1008430295117599,1008430295169879
172,172,"Agent 1",1,44272,44272,32768,1,"gemm",512,131072,0,128,0,112,"TCP_TCP_TA_ADDR_STALL_CYCLES",513942.000000,1008430295117599,1008430295169879
173,173,"Agent 1",1,44272,44272,32768,1,"gemm",512,131072,0,128,0,112,"SQ_INSTS_VMEM_WR",8192.000000,1008430295271680,1008430295324281
173,173,"Agent 1",1,44272,44272,32768,1,"gemm",512,131072,0,128,0,112,"SQ_VMEM_TA_CMD_FIFO_FULL",354589.000000,1008430295271680,1008430295324281
173,173,"Agent 1",1,44272,44272,32768,1,"gemm",512,131072,0,128,0,112,"TCC_WRITE_SECTORS",524288.000000,1008430295271680,1008430295324281
173,173,"Agent 1",1,44272,44272,32768,1,"gemm",512,131072,0,128,0,112,"TCP_TCP_TA_DATA_STALL_CYCLES",397960.000000,1008430295271680,1008430295324281
173,173,"Agent 1",1,44272,44272,32768,1,"gemm",512,131072,0,128,0,112,"TCP_TCP_TA_ADDR_STALL_CYCLES",513637.000000,1008430295271680,1008430295324281
174,174,"Agent 1",1,44272,44272,32768,1,"gemm",512,131072,0,128,0,112,"SQ_INSTS_VMEM_WR",8192.000000,1008430295427081,1008430295479922
174,174,"Agent 1",1,44272,44272,32768,1,"gemm",512,131072,0,128,0,112,"SQ_VMEM_TA_CMD_FIFO_FULL",355851.000000,1008430295427081,1008430295479922
174,174,"Agent 1",1,44272,44272,32768,1,"gemm",512,131072,0,128,0,112,"TCC_WRITE_SECTORS",524288.000000,1008430295427081,1008430295479922
174,174,"Agent 1",1,44272,44272,32768,1,"gemm",512,131072,0,128,0,112,"TCP_TCP_TA_DATA_STALL_CYCLES",397980.000000,1008430295427081,1008430295479922
174,174,"Agent 1",1,44272,44272,32768,1,"gemm",512,131072,0,128,0,112,"TCP_TCP_TA_ADDR_STALL_CYCLES",516695.000000,1008430295427081,1008430295479922
175,175,"Agent 1",1,44272,44272,32768,1,"gemm",512,131072,0,128,0,112,"SQ_INSTS_VMEM_WR",8192.000000,1008430295578803,1008430295631403
175,175,"Agent 1",1,44272,44272,32768,1,"gemm",512,131072,0,128,0,112,"SQ_VMEM_TA_CMD_FIFO_FULL",356753.000000,1008430295578803,1008430295631403
175,175,"Agent 1",1,44272,44272,32768,1,"gemm",512,131072,0,128,0,112,"TCC_WRITE_SECTORS",524288.000000,1008430295578803,1008430295631403
175,175,"Agent 1",1,44272,44272,32768,1,"gemm",512,131072,0,128,0,112,"TCP_TCP_TA_DATA_STALL_CYCLES",397991.000000,1008430295578803,1008430295631403
175,175,"Agent 1",1,44272,44272,32768,1,"gemm",512,131072,0,128,0,112,"TCP_TCP_TA_ADDR_STALL_CYCLES",514518.000000,1008430295578803,1008430295631403
176,176,"Agent 1",1,44272,44272,32768,1,"gemm",512,131072,0,128,0,112,"SQ_INSTS_VMEM_WR",8192.000000,1008430295739124,1008430295791325
176,176,"Agent 1",1,44272,44272,32768,1,"gemm",512,131072,0,128,0,112,"SQ_VMEM_TA_CMD_FIFO_FULL",362318.000000,1008430295739124,1008430295791325
176,176,"Agent 1",1,44272,44272,32768,1,"gemm",512,131072,0,128,0,112,"TCC_WRITE_SECTORS",524288.000000,1008430295739124,1008430295791325
176,176,"Agent 1",1,44272,44272,32768,1,"gemm",512,131072,0,128,0,112,"TCP_TCP_TA_DATA_STALL_CYCLES",397990.000000,1008430295739124,1008430295791325
176,176,"Agent 1",1,44272,44272,32768,1,"gemm",512,131072,0,128,0,112,"TCP_TCP_TA_ADDR_STALL_CYCLES",508983.000000,1008430295739124,1008430295791325
177,177,"Agent 1",1,44272,44272,32768,1,"gemm",512,131072,0,128,0,112,"SQ_INSTS_VMEM_WR",8192.000000,1008430295893846,1008430295946726
177,177,"Agent 1",1,44272,44272,32768,1,"gemm",512,131072,0,128,0,112,"SQ_VMEM_TA_CMD_FIFO_FULL",351575.000000,1008430295893846,1008430295946726
177,177,"Agent 1",1,44272,44272,32768,1,"gemm",512,131072,0,128,0,112,"TCC_WRITE_SECTORS",524288.000000,1008430295893846,1008430295946726
177,177,"Agent 1",1,44272,44272,32768,1,"gemm",512,131072,0,128,0,112,"TCP_TCP_TA_DATA_STALL_CYCLES",398009.000000,1008430295893846,1008430295946726
177,177,"Agent 1",1,44272,44272,32768,1,"gemm",512,131072,0,128,0,112,"TCP_TCP_TA_ADDR_STALL_CYCLES",513213.000000,1008430295893846,1008430295946726
178,178,"Agent 1",1,44272,44272,32768,1,"gemm",512,131072,0,128,0,112,"SQ_INSTS_VMEM_WR",8192.000000,1008430296048087,1008430296101127
178,178,"Agent 1",1,44272,44272,32768,1,"gemm",512,131072,0,128,0,112,"SQ_VMEM_TA_CMD_FIFO_FULL",350994.000000,1008430296048087,1008430296101127
178,178,"Agent 1",1,44272,44272,32768,1,"gemm",512,131072,0,128,0,112,"TCC_WRITE_SECTORS",524288.000000,1008430296048087,1008430296101127
178,178,"Agent 1",1,44272,44272,32768,1,"gemm",512,131072,0,128,0,112,"TCP_TCP_TA_DATA_STALL_CYCLES",397960.000000,1008430296048087,1008430296101127
178,178,"Agent 1",1,44272,44272,32768,1,"gemm",512,131072,0,128,0,112,"TCP_TCP_TA_ADDR_STALL_CYCLES",514018.000000,1008430296048087,1008430296101127
179,179,"Agent 1",1,44272,44272,32768,1,"gemm",512,131072,0,128,0,112,"SQ_INSTS_VMEM_WR",8192.000000,1008430296207808,1008430296260729
179,179,"Agent 1",1,44272,44272,32768,1,"gemm",512,131072,0,128,0,112,"SQ_VMEM_TA_CMD_FIFO_FULL",348906.000000,1008430296207808,1008430296260729
179,179,"Agent 1",1,44272,44272,32768,1,"gemm",512,131072,0,128,0,112,"TCC_WRITE_SECTORS",524288.000000,1008430296207808,1008430296260729
179,179,"Agent 1",1,44272,44272,32768,1,"gemm",512,131072,0,128,0,112,"TCP_TCP_TA_DATA_STALL_CYCLES",397962.000000,1008430296207808,1008430296260729
179,179,"Agent 1",1,44272,44272,32768,1,"gemm",512,131072,0,128,0,112,"TCP_TCP_TA_ADDR_STALL_CYCLES",517739.000000,1008430296207808,1008430296260729
180,180,"Agent 1",1,44272,44272,32768,1,"gemm",512,131072,0,128,0,112,"SQ_INSTS_VMEM_WR",8192.000000,1008430296368850,1008430296421210
180,180,"Agent 1",1,44272,44272,32768,1,"gemm",512,131072,0,128,0,112,"SQ_VMEM_TA_CMD_FIFO_FULL",347704.000000,1008430296368850,1008430296421210
180,180,"Agent 1",1,44272,44272,32768,1,"gemm",512,131072,0,128,0,112,"TCC_WRITE_SECTORS",524288.000000,1008430296368850,1008430296421210
180,180,"Agent 1",1,44272,44272,32768,1,"gemm",512,131072,0,128,0,112,"TCP_TCP_TA_DATA_STALL_CYCLES",397949.000000,1008430296368850,1008430296421210
180,180,"Agent 1",1,44272,44272,32768,1,"gemm",512,131072,0,128,0,112,"TCP_TCP_TA_ADDR_STALL_CYCLES",518538.000000,1008430296368850,1008430296421210
181,181,"Agent 1",1,44272,44272,32768,1,"gemm",512,131072,0,128,0,112,"SQ_INSTS_VMEM_WR",8192.000000,1008430296530051,1008430296582812
181,181,"Agent 1",1,44272,44272,32768,1,"gemm",512,131072,0,128,0,112,"SQ_VMEM_TA_CMD_FIFO_FULL",354897.000000,1008430296530051,1008430296582812
181,181,"Agent 1",1,44272,44272,32768,1,"gemm",512,131072,0,128,0,112,"TCC_WRITE_SECTORS",524288.000000,1008430296530051,1008430296582812
181,181,"Agent 1",1,44272,44272,32768,1,"gemm",512,131072,0,128,0,112,"TCP_TCP_TA_DATA_STALL_CYCLES",397971.000000,1008430296530051,1008430296582812
181,181,"Agent 1",1,44272,44272,32768,1,"gemm",512,131072,0,128,0,112,"TCP_TCP_TA_ADDR_STALL_CYCLES",513385.000000,1008430296530051,1008430296582812
182,182,"Agent 1",1,44272,44272,32768,1,"gemm",512,131072,0,128,0,112,"SQ_INSTS_VMEM_WR",8192.000000,1008430296689773,1008430296742813
182,182,"Agent 1",1,44272,44272,32768,1,"gemm",512,131072,0,128,0,112,"SQ_VMEM_TA_CMD_FIFO_FULL",355059.000000,1008430296689773,1008430296742813
182,182,"Agent 1",1,44272,44272,32768,1,"gemm",512,131072,0,128,0,112,"TCC_WRITE_SECTORS",524288.000000,1008430296689773,1008430296742813
182,182,"Agent 1",1,44272,44272,32768,1,"gemm",512,131072,0,128,0,112,"TCP_TCP_TA_DATA_STALL_CYCLES",397936.000000,1008430296689773,1008430296742813
182,182,"Agent 1",1,44272,44272,32768,1,"gemm",512,131072,0,128,0,112,"TCP_TCP_TA_ADDR_STALL_CYCLES",514476.000000,1008430296689773,1008430296742813
183,183,"Agent 1",1,44272,44272,32768,1,"gemm",512,131072,0,128,0,112,"SQ_INSTS_VMEM_WR",8192.000000,1008430296842214,1008430296894975
183,183,"Agent 1",1,44272,44272,32768,1,"gemm",512,131072,0,128,0,112,"SQ_VMEM_TA_CMD_FIFO_FULL",350147.000000,1008430296842214,1008430296894975
183,183,"Agent 1",1,44272,44272,32768,1,"gemm",512,131072,0,128,0,112,"TCC_WRITE_SECTORS",524288.000000,1008430296842214,1008430296894975
183,183,"Agent 1",1,44272,44272,32768,1,"gemm",512,131072,0,128,0,112,"TCP_TCP_TA_DATA_STALL_CYCLES",397973.000000,1008430296842214,1008430296894975
183,183,"Agent 1",1,44272,44272,32768,1,"gemm",512,131072,0,128,0,112,"TCP_TCP_TA_ADDR_STALL_CYCLES",514268.000000,1008430296842214,1008430296894975
184,184,"Agent 1",1,44272,44272,32768,1,"gemm",512,131072,0,128,0,112,"SQ_INSTS_VMEM_WR",8192.000000,1008430296997175,1008430297049576
184,184,"Agent 1",1,44272,44272,32768,1,"gemm",512,131072,0,128,0,112,"SQ_VMEM_TA_CMD_FIFO_FULL",351707.000000,1008430296997175,1008430297049576
184,184,"Agent 1",1,44272,44272,32768,1,"gemm",512,131072,0,128,0,112,"TCC_WRITE_SECTORS",524288.000000,1008430296997175,1008430297049576
184,184,"Agent 1",1,44272,44272,32768,1,"gemm",512,131072,0,128,0,112,"TCP_TCP_TA_DATA_STALL_CYCLES",397951.000000,1008430296997175,1008430297049576
184,184,"Agent 1",1,44272,44272,32768,1,"gemm",512,131072,0,128,0,112,"TCP_TCP_TA_ADDR_STALL_CYCLES",519944.000000,1008430296997175,1008430297049576
185,185,"Agent 1",1,44272,44272,32768,1,"gemm",512,131072,0,128,0,112,"SQ_INSTS_VMEM_WR",8192.000000,1008430297147817,1008430297200537
185,185,"Agent 1",1,44272,44272,32768,1,"gemm",512,131072,0,128,0,112,"SQ_VMEM_TA_CMD_FIFO_FULL",355457.000000,1008430297147817,1008430297200537
185,185,"Agent 1",1,44272,44272,32768,1,"gemm",512,131072,0,128,0,112,"TCC_WRITE_SECTORS",524288.000000,1008430297147817,1008430297200537
185,185,"Agent 1",1,44272,44272,32768,1,"gemm",512,131072,0,128,0,112,"TCP_TCP_TA_DATA_STALL_CYCLES",397994.000000,1008430297147817,1008430297200537
185,185,"Agent 1",1,44272,44272,32768,1,"gemm",512,131072,0,128,0,112,"TCP_TCP_TA_ADDR_STALL_CYCLES",510982.000000,1008430297147817,1008430297200537
186,186,"Agent 1",1,44272,44272,32768,1,"gemm",512,131072,0,128,0,112,"SQ_INSTS_VMEM_WR",8192.000000,1008430297303138,1008430297356179
186,186,"Agent 1",1,44272,44272,32768,1,"gemm",512,131072,0,128,0,112,"SQ_VMEM_TA_CMD_FIFO_FULL",355950.000000,1008430297303138,1008430297356179
186,186,"Agent 1",1,44272,44272,32768,1,"gemm",512,131072,0,128,0,112,"TCC_WRITE_SECTORS",524288.000000,1008430297303138,1008430297356179
186,186,"Agent 1",1,44272,44272,32768,1,"gemm",512,131072,0,128,0,112,"TCP_TCP_TA_DATA_STALL_CYCLES",397948.000000,1008430297303138,1008430297356179
186,186,"Agent 1",1,44272,44272,32768,1,"gemm",512,131072,0,128,0,112,"TCP_TCP_TA_ADDR_STALL_CYCLES",517319.000000,1008430297303138,1008430297356179
187,187,"Agent 1",1,44272,44272,32768,1,"gemm",512,131072,0,128,0,112,"SQ_INSTS_VMEM_WR",8192.000000,1008430297467340,1008430297520060
187,187,"Agent 1",1,44272,44272,32768,1,"gemm",512,131072,0,128,0,112,"SQ_VMEM_TA_CMD_FIFO_FULL",358814.000000,1008430297467340,1008430297520060
187,187,"Agent 1",1,44272,44272,32768,1,"gemm",512,131072,0,128,0,112,"TCC_WRITE_SECTORS",524288.000000,1008430297467340,1008430297520060
187,187,"Agent 1",1,44272,44272,32768,1,"gemm",512,131072,0,128,0,112,"TCP_TCP_TA_DATA_STALL_CYCLES",397953.000000,1008430297467340,1008430297520060
187,187,"Agent 1",1,44272,44272,32768,1,"gemm",512,131072,0,128,0,112,"TCP_TCP_TA_ADDR_STALL_CYCLES",513214.000000,1008430297467340,1008430297520060
188,188,"Agent 1",1,44272,44272,32768,1,"gemm",512,131072,0,128,0,112,"SQ_INSTS_VMEM_WR",8192.000000,1008430297619861,1008430297672101
188,188,"Agent 1",1,44272,44272,32768,1,"gemm",512,131072,0,128,0,112,"SQ_VMEM_TA_CMD_FIFO_FULL",353794.000000,1008430297619861,1008430297672101
188,188,"Agent 1",1,44272,44272,32768,1,"gemm",512,131072,0,128,0,112,"TCC_WRITE_SECTORS",524288.000000,1008430297619861,1008430297672101
188,188,"Agent 1",1,44272,44272,32768,1,"gemm",512,131072,0,128,0,112,"TCP_TCP_TA_DATA_STALL_CYCLES",397956.000000,1008430297619861,1008430297672101
188,188,"Agent 1",1,44272,44272,32768,1,"gemm",512,131072,0,128,0,112,"TCP_TCP_TA_ADDR_STALL_CYCLES",513256.000000,1008430297619861,1008430297672101
189,189,"Agent 1",1,44272,44272,32768,1,"gemm",512,131072,0,128,0,112,"SQ_INSTS_VMEM_WR",8192.000000,1008430297780702,1008430297833623
189,189,"Agent 1",1,44272,44272,32768,1,"gemm",512,131072,0,128,0,112,"SQ_VMEM_TA_CMD_FIFO_FULL",347449.000000,1008430297780702,1008430297833623
189,189,"Agent 1",1,44272,44272,32768,1,"gemm",512,131072,0,128,0,112,"TCC_WRITE_SECTORS",524288.000000,1008430297780702,1008430297833623
189,189,"Agent 1",1,44272,44272,32768,1,"gemm",512,131072,0,128,0,112,"TCP_TCP_TA_DATA_STALL_CYCLES",397970.000000,1008430297780702,1008430297833623
189,189,"Agent 1",1,44272,44272,32768,1,"gemm",512,131072,0,128,0,112,"TCP_TCP_TA_ADDR_STALL_CYCLES",509012.000000,1008430297780702,1008430297833623
190,190,"Agent 1",1,44272,44272,32768,1,"gemm",512,131072,0,128,0,112,"SQ_INSTS_VMEM_WR",8192.000000,1008430297937624,1008430297990664
190,190,"Agent 1",1,44272,44272,32768,1,"gemm",512,131072,0,128,0,112,"SQ_VMEM_TA_CMD_FIFO_FULL",357499.000000,1008430297937624,1008430297990664
190,190,"Agent 1",1,44272,44272,32768,1,"gemm",512,131072,0,128,0,112,"TCC_WRITE_SECTORS",524288.000000,1008430297937624,1008430297990664
190,190,"Agent 1",1,44272,44272,32768,1,"gemm",512,131072,0,128,0,112,"TCP_TCP_TA_DATA_STALL_CYCLES",397982.000000,1008430297937624,1008430297990664
190,190,"Agent 1",1,44272,44272,32768,1,"gemm",512,131072,0,128,0,112,"TCP_TCP_TA_ADDR_STALL_CYCLES",517392.000000,1008430297937624,1008430297990664
191,191,"Agent 1",1,44272,44272,32768,1,"gemm",512,131072,0,128,0,112,"SQ_INSTS_VMEM_WR",8192.000000,1008430298090705,1008430298143466
191,191,"Agent 1",1,44272,44272,32768,1,"gemm",512,131072,0,128,0,112,"SQ_VMEM_TA_CMD_FIFO_FULL",354902.000000,1008430298090705,1008430298143466
191,191,"Agent 1",1,44272,44272,32768,1,"gemm",512,131072,0,128,0,112,"TCC_WRITE_SECTORS",524288.000000,1008430298090705,1008430298143466
191,191,"Agent 1",1,44272,44272,32768,1,"gemm",512,131072,0,128,0,112,"TCP_TCP_TA_DATA_STALL_CYCLES",397963.000000,1008430298090705,1008430298143466
191,191,"Agent 1",1,44272,44272,32768,1,"gemm",512,131072,0,128,0,112,"TCP_TCP_TA_ADDR_STALL_CYCLES",514990.000000,1008430298090705,1008430298143466
192,192,"Agent 1",1,44272,44272,32768,1,"gemm",512,131072,0,128,0,112,"SQ_INSTS_VMEM_WR",8192.000000,1008430298243387,1008430298295747
192,192,"Agent 1",1,44272,44272,32768,1,"gemm",512,131072,0,128,0,112,"SQ_VMEM_TA_CMD_FIFO_FULL",350298.000000,1008430298243387,1008430298295747
192,192,"Agent 1",1,44272,44272,32768,1,"gemm",512,131072,0,128,0,112,"TCC_WRITE_SECTORS",524288.000000,1008430298243387,1008430298295747
192,192,"Agent 1",1,44272,44272,32768,1,"gemm",512,131072,0,128,0,112,"TCP_TCP_TA_DATA_STALL_CYCLES",397982.000000,1008430298243387,1008430298295747
192,192,"Agent 1",1,44272,44272,32768,1,"gemm",512,131072,0,128,0,112,"TCP_TCP_TA_ADDR_STALL_CYCLES",511655.000000,1008430298243387,1008430298295747
193,193,"Agent 1",1,44272,44272,32768,1,"gemm",512,131072,0,128,0,112,"SQ_INSTS_VMEM_WR",8192.000000,1008430298394428,1008430298447188
193,193,"Agent 1",1,44272,44272,32768,1,"gemm",512,131072,0,128,0,112,"SQ_VMEM_TA_CMD_FIFO_FULL",354168.000000,1008430298394428,1008430298447188
193,193,"Agent 1",1,44272,44272,32768,1,"gemm",512,131072,0,128,0,112,"TCC_WRITE_SECTORS",524288.000000,1008430298394428,1008430298447188
193,193,"Agent 1",1,44272,44272,32768,1,"gemm",512,131072,0,128,0,112,"TCP_TCP_TA_DATA_STALL_CYCLES",398011.000000,1008430298394428,1008430298447188
193,193,"Agent 1",1,44272,44272,32768,1,"gemm",512,131072,0,128,0,112,"TCP_TCP_TA_ADDR_STALL_CYCLES",519094.000000,1008430298394428,1008430298447188
194,194,"Agent 1",1,44272,44272,32768,1,"gemm",512,131072,0,128,0,112,"SQ_INSTS_VMEM_WR",8192.000000,1008430298552389,1008430298605470
194,194,"Agent 1",1,44272,44272,32768,1,"gemm",512,131072,0,128,0,112,"SQ_VMEM_TA_CMD_FIFO_FULL",359801.000000,1008430298552389,1008430298605470
194,194,"Agent 1",1,44272,44272,32768,1,"gemm",512,131072,0,128,0,112,"TCC_WRITE_SECTORS",524288.000000,1008430298552389,1008430298605470
194,194,"Agent 1",1,44272,44272,32768,1,"gemm",512,131072,0,128,0,112,"TCP_TCP_TA_DATA_STALL_CYCLES",397956.000000,1008430298552389,1008430298605470
194,194,"Agent 1",1,44272,44272,32768,1,"gemm",512,131072,0,128,0,112,"TCP_TCP_TA_ADDR_STALL_CYCLES",516779.000000,1008430298552389,1008430298605470
195,195,"Agent 1",1,44272,44272,32768,1,"gemm",512,131072,0,128,0,112,"SQ_INSTS_VMEM_WR",8192.000000,1008430298712311,1008430298765191
195,195,"Agent 1",1,44272,44272,32768,1,"gemm",512,131072,0,128,0,112,"SQ_VMEM_TA_CMD_FIFO_FULL",347205.000000,1008430298712311,1008430298765191
195,195,"Agent 1",1,44272,44272,32768,1,"gemm",512,131072,0,128,0,112,"TCC_WRITE_SECTORS",524288.000000,1008430298712311,1008430298765191
195,195,"Agent 1",1,44272,44272,32768,1,"gemm",512,131072,0,128,0,112,"TCP_TCP_TA_DATA_STALL_CYCLES",397941.000000,1008430298712311,1008430298765191
195,195,"Agent 1",1,44272,44272,32768,1,"gemm",512,131072,0,128,0,112,"TCP_TCP_TA_ADDR_STALL_CYCLES",515604.000000,1008430298712311,1008430298765191
196,196,"Agent 1",1,44272,44272,32768,1,"gemm",512,131072,0,128,0,112,"SQ_INSTS_VMEM_WR",8192.000000,1008430298865832,1008430298918153
196,196,"Agent 1",1,44272,44272,32768,1,"gemm",512,131072,0,128,0,112,"SQ_VMEM_TA_CMD_FIFO_FULL",356230.000000,1008430298865832,1008430298918153
196,196,"Agent 1",1,44272,44272,32768,1,"gemm",512,131072,0,128,0,112,"TCC_WRITE_SECTORS",524288.000000,1008430298865832,1008430298918153
196,196,"Agent 1",1,44272,44272,32768,1,"gemm",512,131072,0,128,0,112,"TCP_TCP_TA_DATA_STALL_CYCLES",397949.000000,1008430298865832,1008430298918153
196,196,"Agent 1",1,44272,44272,32768,1,"gemm",512,131072,0,128,0,112,"TCP_TCP_TA_ADDR_STALL_CYCLES",519229.000000,1008430298865832,1008430298918153
197,197,"Agent 1",1,44272,44272,32768,1,"gemm",512,131072,0,128,0,112,"SQ_INSTS_VMEM_WR",8192.000000,1008430299020434,1008430299073234
197,197,"Agent 1",1,44272,44272,32768,1,"gemm",512,131072,0,128,0,112,"SQ_VMEM_TA_CMD_FIFO_FULL",353035.000000,1008430299020434,1008430299073234
197,197,"Agent 1",1,44272,44272,32768,1,"gemm",512,131072,0,128,0,112,"TCC_WRITE_SECTORS",524288.000000,1008430299020434,1008430299073234
197,197,"Agent 1",1,44272,44272,32768,1,"gemm",512,131072,0,128,0,112,"TCP_TCP_TA_DATA_STALL_CYCLES",397968.000000,1008430299020434,1008430299073234
197,197,"Agent 1",1,44272,44272,32768,1,"gemm",512,131072,0,128,0,112,"TCP_TCP_TA_ADDR_STALL_CYCLES",517577.000000,1008430299020434,1008430299073234
198,198,"Agent 1",1,44272,44272,32768,1,"gemm",512,131072,0,128,0,112,"SQ_INSTS_VMEM_WR",8192.000000,1008430299179315,1008430299232075
198,198,"Agent 1",1,44272,44272,32768,1,"gemm",512,131072,0,128,0,112,"SQ_VMEM_TA_CMD_FIFO_FULL",351045.000000,1008430299179315,1008430299232075
198,198,"Agent 1",1,44272,44272,32768,1,"gemm",512,131072,0,128,0,112,"TCC_WRITE_SECTORS",524288.000000,1008430299179315,1008430299232075
198,198,"Agent 1",1,44272,44272,32768,1,"gemm",512,131072,0,128,0,112,"TCP_TCP_TA_DATA_STALL_CYCLES",397968.000000,1008430299179315,1008430299232075
198,198,"Agent 1",1,44272,44272,32768,1,"gemm",512,131072,0,128,0,112,"TCP_TCP_TA_ADDR_STALL_CYCLES",518581.000000,1008430299179315,1008430299232075
199,199,"Agent 1",1,44272,44272,32768,1,"gemm",512,131072,0,128,0,112,"SQ_INSTS_VMEM_WR",8192.000000,1008430299334996,1008430299387837
199,199,"Agent 1",1,44272,44272,32768,1,"gemm",512,131072,0,128,0,112,"SQ_VMEM_TA_CMD_FIFO_FULL",352570.000000,1008430299334996,1008430299387837
199,199,"Agent 1",1,44272,44272,32768,1,"gemm",512,131072,0,128,0,112,"TCC_WRITE_SECTORS",524288.000000,1008430299334996,1008430299387837
199,199,"Agent 1",1,44272,44272,32768,1,"gemm",512,131072,0,128,0,112,"TCP_TCP_TA_DATA_STALL_CYCLES",397967.000000,1008430299334996,1008430299387837
199,199,"Agent 1",1,44272,44272,32768,1,"gemm",512,131072,0,128,0,112,"TCP_TCP_TA_ADDR_STALL_CYCLES",515480.000000,1008430299334996,1008430299387837
200,200,"Agent 1",1,44272,44272,32768,1,"gemm",512,131072,0,128,0,112,"SQ_INSTS_VMEM_WR",8192.000000,1008430299486958,1008430299539398
200,200,"Agent 1",1,44272,44272,32768,1,"gemm",512,131072,0,128,0,112,"SQ_VMEM_TA_CMD_FIFO_FULL",352354.000000,1008430299486958,1008430299539398
200,200,"Agent 1",1,44272,44272,32768,1,"gemm",512,131072,0,128,0,112,"TCC_WRITE_SECTORS",524288.000000,1008430299486958,1008430299539398
200,200,"Agent 1",1,44272,44272,32768,1,"gemm",512,131072,0,128,0,112,"TCP_TCP_TA_DATA_STALL_CYCLES",397961.000000,1008430299486958,1008430299539398
200,200,"Agent 1",1,44272,44272,32768,1,"gemm",512,131072,0,128,0,112,"TCP_TCP_TA_ADDR_STALL_CYCLES",510339.000000,1008430299486958,1008430299539398
201,201,"Agent 1",1,44272,44272,32768,1,"gemm",512,131072,0,128,0,112,"SQ_INSTS_VMEM_WR",8192.000000,1008430299638999,1008430299691760
201,201,"Agent 1",1,44272,44272,32768,1,"gemm",512,131072,0,128,0,112,"SQ_VMEM_TA_CMD_FIFO_FULL",356057.000000,1008430299638999,1008430299691760
201,201,"Agent 1",1,44272,44272,32768,1,"gemm",512,131072,0,128,0,112,"TCC_WRITE_SECTORS",524288.000000,1008430299638999,1008430299691760
201,201,"Agent 1",1,44272,44272,32768,1,"gemm",512,131072,0,128,0,112,"TCP_TCP_TA_DATA_STALL_CYCLES",397990.000000,1008430299638999,1008430299691760
201,201,"Agent 1",1,44272,44272,32768,1,"gemm",512,131072,0,128,0,112,"TCP_TCP_TA_ADDR_STALL_CYCLES",517962.000000,1008430299638999,1008430299691760
202,202,"Agent 1",1,44272,44272,32768,1,"gemm",512,131072,0,128,0,112,"SQ_INSTS_VMEM_WR",8192.000000,1008430299792360,1008430299845361
202,202,"Agent 1",1,44272,44272,32768,1,"gemm",512,131072,0,128,0,112,"SQ_VMEM_TA_CMD_FIFO_FULL",346848.000000,1008430299792360,1008430299845361
202,202,"Agent 1",1,44272,44272,32768,1,"gemm",512,131072,0,128,0,112,"TCC_WRITE_SECTORS",524288.000000,1008430299792360,1008430299845361
202,202,"Agent 1",1,44272,44272,32768,1,"gemm",512,131072,0,128,0,112,"TCP_TCP_TA_DATA_STALL_CYCLES",397957.000000,1008430299792360,1008430299845361
202,202,"Agent 1",1,44272,44272,32768,1,"gemm",512,131072,0,128,0,112,"TCP_TCP_TA_ADDR_STALL_CYCLES",514765.000000,1008430299792360,1008430299845361
203,203,"Agent 1",1,44272,44272,32768,1,"gemm",512,131072,0,128,0,112,"SQ_INSTS_VMEM_WR",8192.000000,1008430299946442,1008430299999362
203,203,"Agent 1",1,44272,44272,32768,1,"gemm",512,131072,0,128,0,112,"SQ_VMEM_TA_CMD_FIFO_FULL",349923.000000,1008430299946442,1008430299999362
203,203,"Agent 1",1,44272,44272,32768,1,"gemm",512,131072,0,128,0,112,"TCC_WRITE_SECTORS",524288.000000,1008430299946442,1008430299999362
203,203,"Agent 1",1,44272,44272,32768,1,"gemm",512,131072,0,128,0,112,"TCP_TCP_TA_DATA_STALL_CYCLES",397978.000000,1008430299946442,1008430299999362
203,203,"Agent 1",1,44272,44272,32768,1,"gemm",512,131072,0,128,0,112,"TCP_TCP_TA_ADDR_STALL_CYCLES",515864.000000,1008430299946442,1008430299999362
204,204,"Agent 1",1,44272,44272,32768,1,"gemm",512,131072,0,128,0,112,"SQ_INSTS_VMEM_WR",8192.000000,1008430300097203,1008430300149444
204,204,"Agent 1",1,44272,44272,32768,1,"gemm",512,131072,0,128,0,112,"SQ_VMEM_TA_CMD_FIFO_FULL",350563.000000,1008430300097203,1008430300149444
204,204,"Agent 1",1,44272,44272,32768,1,"gemm",512,131072,0,128,0,112,"TCC_WRITE_SECTORS",524288.000000,1008430300097203,1008430300149444
204,204,"Agent 1",1,44272,44272,32768,1,"gemm",512,131072,0,128,0,112,"TCP_TCP_TA_DATA_STALL_CYCLES",397953.000000,1008430300097203,1008430300149444
204,204,"Agent 1",1,44272,44272,32768,1,"gemm",512,131072,0,128,0,112,"TCP_TCP_TA_ADDR_STALL_CYCLES",513499.000000,1008430300097203,1008430300149444
205,205,"Agent 1",1,44272,44272,32768,1,"gemm",512,131072,0,128,0,112,"SQ_INSTS_VMEM_WR",8192.000000,1008430300245404,1008430300298245
205,205,"Agent 1",1,44272,44272,32768,1,"gemm",512,131072,0,128,0,112,"SQ_VMEM_TA_CMD_FIFO_FULL",350275.000000,1008430300245404,1008430300298245
205,205,"Agent 1",1,44272,44272,32768,1,"gemm",512,131072,0,128,0,112,"TCC_WRITE_SECTORS",524288.000000,1008430300245404,1008430300298245
205,205,"Agent 1",1,44272,44272,32768,1,"gemm",512,131072,0,128,0,112,"TCP_TCP_TA_DATA_STALL_CYCLES",397972.000000,1008430300245404,1008430300298245
205,205,"Agent 1",1,44272,44272,32768,1,"gemm",512,131072,0,128,0,112,"TCP_TCP_TA_ADDR_STALL_CYCLES",508599.000000,1008430300245404,1008430300298245
206,206,"Agent 1",1,44272,44272,32768,1,"gemm",512,131072,0,128,0,112,"SQ_INSTS_VMEM_WR",8192.000000,1008430300398646,1008430300451446
206,206,"Agent 1",1,44272,44272,32768,1,"gemm",512,131072,0,128,0,112,"SQ_VMEM_TA_CMD_FIFO_FULL",344092.000000,1008430300398646,1008430300451446
206,206,"Agent 1",1,44272,44272,32768,1,"gemm",512,131072,0,128,0,112,"TCC_WRITE_SECTORS",524288.000000,1008430300398646,1008430300451446
206,206,"Agent 1",1,44272,44272,32768,1,"gemm",512,131072,0,128,0,112,"TCP_TCP_TA_DATA_STALL_CYCLES",397969.000000,1008430300398646,1008430300451446
206,206,"Agent 1",1,44272,44272,32768,1,"gemm",512,131072,0,128,0,112,"TCP_TCP_TA_ADDR_STALL_CYCLES",513588.000000,1008430300398646,1008430300451446
207,207,"Agent 1",1,44272,44272,32768,1,"gemm",512,131072,0,128,0,112,"SQ_INSTS_VMEM_WR",8192.000000,1008430300550407,1008430300603088
207,207,"Agent 1",1,44272,44272,32768,1,"gemm",512,131072,0,128,0,112,"SQ_VMEM_TA_CMD_FIFO_FULL",344355.000000,1008430300550407,1008430300603088
207,207,"Agent 1",1,44272,44272,32768,1,"gemm",512,131072,0,128,0,112,"TCC_WRITE_SECTORS",524288.000000,1008430300550407,1008430300603088
207,207,"Agent 1",1,44272,44272,32768,1,"gemm",512,131072,0,128,0,112,"TCP_TCP_TA_DATA_STALL_CYCLES",397980.000000,1008430300550407,1008430300603088
207,207,"Agent 1",1,44272,44272,32768,1,"gemm",512,131072,0,128,0,112,"TCP_TCP_TA_ADDR_STALL_CYCLES",513213.000000,1008430300550407,1008430300603088
208,208,"Agent 1",1,44272,44272,32768,1,"gemm",512,131072,0,128,0,112,"SQ_INSTS_VMEM_WR",8192.000000,1008430300705009,1008430300757329
208,208,"Agent 1",1,44272,44272,32768,1,"gemm",512,131072,0,128,0,112,"SQ_VMEM_TA_CMD_FIFO_FULL",364053.000000,1008430300705009,1008430300757329
208,208,"Agent 1",1,44272,44272,32768,1,"gemm",512,131072,0,128,0,112,"TCC_WRITE_SECTORS",524288.000000,1008430300705009,1008430300757329
208,208,"Agent 1",1,44272,44272,32768,1,"gemm",512,131072,0,128,0,112,"TCP_TCP_TA_DATA_STALL_CYCLES",397976.000000,1008430300705009,1008430300757329
208,208,"Agent 1",1,44272,44272,32768,1,"gemm",512,131072,0,128,0,112,"TCP_TCP_TA_ADDR_STALL_CYCLES",511137.000000,1008430300705009,1008430300757329
209,209,"Agent 1",1,44272,44272,32768,1,"gemm",512,131072,0,128,0,112,"SQ_INSTS_VMEM_WR",8192.000000,1008430300859290,1008430300911770
209,209,"Agent 1",1,44272,44272,32768,1,"gemm",512,131072,0,128,0,112,"SQ_VMEM_TA_CMD_FIFO_FULL",350887.000000,1008430300859290,1008430300911770
209,209,"Agent 1",1,44272,44272,32768,1,"gemm",512,131072,0,128,0,112,"TCC_WRITE_SECTORS",524288.000000,1008430300859290,1008430300911770
209,209,"Agent 1",1,44272,44272,32768,1,"gemm",512,131072,0,128,0,112,"TCP_TCP_TA_DATA_STALL_CYCLES",397994.000000,1008430300859290,1008430300911770
209,209,"Agent 1",1,44272,44272,32768,1,"gemm",512,131072,0,128,0,112,"TCP_TCP_TA_ADDR_STALL_CYCLES",508777.000000,1008430300859290,1008430300911770
210,210,"Agent 1",1,44272,44272,32768,1,"gemm",512,131072,0,128,0,112,"SQ_INSTS_VMEM_WR",8192.000000,1008430301010211,1008430301063132
210,210,"Agent 1",1,44272,44272,32768,1,"gemm",512,131072,0,128,0,112,"SQ_VMEM_TA_CMD_FIFO_FULL",356926.000000,1008430301010211,1008430301063132
210,210,"Agent 1",1,44272,44272,32768,1,"gemm",512,131072,0,128,0,112,"TCC_WRITE_SECTORS",524288.000000,1008430301010211,1008430301063132
210,210,"Agent 1",1,44272,44272,32768,1,"gemm",512,131072,0,128,0,112,"TCP_TCP_TA_DATA_STALL_CYCLES",397979.000000,1008430301010211,1008430301063132
210,210,"Agent 1",1,44272,44272,32768,1,"gemm",512,131072,0,128,0,112,"TCP_TCP_TA_ADDR_STALL_CYCLES",508914.000000,1008430301010211,1008430301063132
211,211,"Agent 1",1,44272,44272,32768,1,"gemm",512,131072,0,128,0,112,"SQ_INSTS_VMEM_WR",8192.000000,1008430301166613,1008430301219533
211,211,"Agent 1",1,44272,44272,32768,1,"gemm",512,131072,0,128,0,112,"SQ_VMEM_TA_CMD_FIFO_FULL",353197.000000,1008430301166613,1008430301219533
211,211,"Agent 1",1,44272,44272,32768,1,"gemm",512,131072,0,128,0,112,"TCC_WRITE_SECTORS",524288.000000,1008430301166613,1008430301219533
211,211,"Agent 1",1,44272,44272,32768,1,"gemm",512,131072,0,128,0,112,"TCP_TCP_TA_DATA_STALL_CYCLES",397976.000000,1008430301166613,1008430301219533
211,211,"Agent 1",1,44272,44272,32768,1,"gemm",512,131072,0,128,0,112,"TCP_TCP_TA_ADDR_STALL_CYCLES",510819.000000,1008430301166613,1008430301219533
212,212,"Agent 1",1,44272,44272,32768,1,"gemm",512,131072,0,128,0,112,"SQ_INSTS_VMEM_WR",8192.000000,1008430301317894,1008430301370295
212,212,"Agent 1",1,44272,44272,32768,1,"gemm",512,131072,0,128,0,112,"SQ_VMEM_TA_CMD_FIFO_FULL",354800.000000,1008430301317894,1008430301370295
212,212,"Agent 1",1,44272,44272,32768,1,"gemm",512,131072,0,128,0,112,"TCC_WRITE_SECTORS",524288.000000,1008430301317894,1008430301370295
212,212,"Agent 1",1,44272,44272,32768,1,"gemm",512,131072,0,128,0,112,"TCP_TCP_TA_DATA_STALL_CYCLES",397976.000000,1008430301317894,1008430301370295
212,212,"Agent 1",1,44272,44272,32768,1,"gemm",512,131072,0,128,0,112,"TCP_TCP_TA_ADDR_STALL_CYCLES",514150.000000,1008430301317894,1008430301370295
213,213,"Agent 1",1,44272,44272,32768,1,"gemm",512,131072,0,128,0,112,"SQ_INSTS_VMEM_WR",8192.000000,1008430301466175,1008430301518976
213,213,"Agent 1",1,44272,44272,32768,1,"gemm",512,131072,0,128,0,112,"SQ_VMEM_TA_CMD_FIFO_FULL",352460.000000,1008430301466175,1008430301518976
213,213,"Agent 1",1,44272,44272,32768,1,"gemm",512,131072,0,128,0,112,"TCC_WRITE_SECTORS",524288.000000,1008430301466175,1008430301518976
213,213,"Agent 1",1,44272,44272,32768,1,"gemm",512,131072,0,128,0,112,"TCP_TCP_TA_DATA_STALL_CYCLES",397979.000000,1008430301466175,1008430301518976
213,213,"Agent 1",1,44272,44272,32768,1,"gemm",512,131072,0,128,0,112,"TCP_TCP_TA_ADDR_STALL_CYCLES",511261.000000,1008430301466175,1008430301518976
214,214,"Agent 1",1,44272,44272,32768,1,"gemm",512,131072,0,128,0,112,"SQ_INSTS_VMEM_WR",8192.000000,1008430301616577,1008430301669657
214,214,"Agent 1",1,44272,44272,32768,1,"gemm",512,131072,0,128,0,112,"SQ_VMEM_TA_CMD_FIFO_FULL",364661.000000,1008430301616577,1008430301669657
214,214,"Agent 1",1,44272,44272,32768,1,"gemm",512,131072,0,128,0,112,"TCC_WRITE_SECTORS",524288.000000,1008430301616577,1008430301669657
214,214,"Agent 1",1,44272,44272,32768,1,"gemm",512,131072,0,128,0,112,"TCP_TCP_TA_DATA_STALL_CYCLES",397955.000000,1008430301616577,1008430301669657
214,214,"Agent 1",1,44272,44272,32768,1,"gemm",512,131072,0,128,0,112,"TCP_TCP_TA_ADDR_STALL_CYCLES",519346.000000,1008430301616577,1008430301669657
215,215,"Agent 1",1,44272,44272,32768,1,"gemm",512,131072,0,128,0,112,"SQ_INSTS_VMEM_WR",8192.000000,1008430301765858,1008430301818539
215,215,"Agent 1",1,44272,44272,32768,1,"gemm",512,131072,0,128,0,112,"SQ_VMEM_TA_CMD_FIFO_FULL",344035.000000,1008430301765858,1008430301818539
215,215,"Agent 1",1,44272,44272,32768,1,"gemm",512,131072,0,128,0,112,"TCC_WRITE_SECTORS",524288.000000,1008430301765858,1008430301818539
215,215,"Agent 1",1,44272,44272,32768,1,"gemm",512,131072,0,128,0,112,"TCP_TCP_TA_DATA_STALL_CYCLES",397958.000000,1008430301765858,1008430301818539
215,215,"Agent 1",1,44272,44272,32768,1,"gemm",512,131072,0,128,0,112,"TCP_TCP_TA_ADDR_STALL_CYCLES",510051.000000,1008430301765858,1008430301818539
216,216,"Agent 1",1,44272,44272,32768,1,"gemm",512,131072,0,128,0,112,"SQ_INSTS_VMEM_WR",8192.000000,1008430301917419,1008430301969660
216,216,"Agent 1",1,44272,44272,32768,1,"gemm",512,131072,0,128,0,112,"SQ_VMEM_TA_CMD_FIFO_FULL",365373.000000,1008430301917419,1008430301969660
216,216,"Agent 1",1,44272,44272,32768,1,"gemm",512,131072,0,128,0,112,"TCC_WRITE_SECTORS",524288.000000,1008430301917419,1008430301969660
216,216,"Agent 1",1,44272,44272,32768,1,"gemm",512,131072,0,128,0,112,"TCP_TCP_TA_DATA_STALL_CYCLES",397928.000000,1008430301917419,1008430301969660
216,216,"Agent 1",1,44272,44272,32768,1,"gemm",512,131072,0,128,0,112,"TCP_TCP_TA_ADDR_STALL_CYCLES",517612.000000,1008430301917419,1008430301969660
217,217,"Agent 1",1,44272,44272,32768,1,"gemm",512,131072,0,128,0,112,"SQ_INSTS_VMEM_WR",8192.000000,1008430302068221,1008430302121101
217,217,"Agent 1",1,44272,44272,32768,1,"gemm",512,131072,0,128,0,112,"SQ_VMEM_TA_CMD_FIFO_FULL",358767.000000,1008430302068221,1008430302121101
217,217,"Agent 1",1,44272,44272,32768,1,"gemm",512,131072,0,128,0,112,"TCC_WRITE_SECTORS",524288.000000,1008430302068221,1008430302121101
217,217,"Agent 1",1,44272,44272,32768,1,"gemm",512,131072,0,128,0,112,"TCP_TCP_TA_DATA_STALL_CYCLES",397978.000000,1008430302068221,1008430302121101
217,217,"Agent 1",1,44272,44272,32768,1,"gemm",512,131072,0,128,0,112,"TCP_TCP_TA_ADDR_STALL_CYCLES",511198.000000,1008430302068221,1008430302121101
218,218,"Agent 1",1,44272,44272,32768,1,"gemm",512,131072,0,128,0,112,"SQ_INSTS_VMEM_WR",8192.000000,1008430302219942,1008430302272743
218,218,"Agent 1",1,44272,44272,32768,1,"gemm",512,131072,0,128,0,112,"SQ_VMEM_TA_CMD_FIFO_FULL",348686.000000,1008430302219942,1008430302272743
218,218,"Agent 1",1,44272,44272,32768,1,"gemm",512,131072,0,128,0,112,"TCC_WRITE_SECTORS",524288.000000,1008430302219942,1008430302272743
218,218,"Agent 1",1,44272,44272,32768,1,"gemm",512,131072,0,128,0,112,"TCP_TCP_TA_DATA_STALL_CYCLES",397935.000000,1008430302219942,1008430302272743
218,218,"Agent 1",1,44272,44272,32768,1,"gemm",512,131072,0,128,0,112,"TCP_TCP_TA_ADDR_STALL_CYCLES",514069.000000,1008430302219942,1008430302272743
219,219,"Agent 1",1,44272,44272,32768,1,"gemm",512,131072,0,128,0,112,"SQ_INSTS_VMEM_WR",8192.000000,1008430302369543,1008430302422184
219,219,"Agent 1",1,44272,44272,32768,1,"gemm",512,131072,0,128,0,112,"SQ_VMEM_TA_CMD_FIFO_FULL",354946.000000,1008430302369543,1008430302422184
219,219,"Agent 1",1,44272,44272,32768,1,"gemm",512,131072,0,128,0,112,"TCC_WRITE_SECTORS",524288.000000,1008430302369543,1008430302422184
219,219,"Agent 1",1,44272,44272,32768,1,"gemm",512,131072,0,128,0,112,"TCP_TCP_TA_DATA_STALL_CYCLES",397966.000000,1008430302369543,1008430302422184
219,219,"Agent 1",1,44272,44272,32768,1,"gemm",512,131072,0,128,0,112,"TCP_TCP_TA_ADDR_STALL_CYCLES",512658.000000,1008430302369543,1008430302422184
220,220,"Agent 1",1,44272,44272,32768,1,"gemm",512,131072,0,128,0,112,"SQ_INSTS_VMEM_WR",8192.000000,1008430302519985,1008430302572425
220,220,"Agent 1",1,44272,44272,32768,1,"gemm",512,131072,0,128,0,112,"SQ_VMEM_TA_CMD_FIFO_FULL",341142.000000,1008430302519985,1008430302572425
220,220,"Agent 1",1,44272,44272,32768,1,"gemm",512,131072,0,128,0,112,"TCC_WRITE_SECTORS",524288.000000,1008430302519985,1008430302572425
220,220,"Agent 1",1,44272,44272,32768,1,"gemm",512,131072,0,128,0,112,"TCP_TCP_TA_DATA_STALL_CYCLES",397943.000000,1008430302519985,1008430302572425
220,220,"Agent 1",1,44272,44272,32768,1,"gemm",512,131072,0,128,0,112,"TCP_TCP_TA_ADDR_STALL_CYCLES",511089.000000,1008430302519985,1008430302572425
221,221,"Agent 1",1,44272,44272,32768,1,"gemm",512,131072,0,128,0,112,"SQ_INSTS_VMEM_WR",8192.000000,1008430302667306,1008430302720187
221,221,"Agent 1",1,44272,44272,32768,1,"gemm",512,131072,0,128,0,112,"SQ_VMEM_TA_CMD_FIFO_FULL",352346.000000,1008430302667306,1008430302720187
221,221,"Agent 1",1,44272,44272,32768,1,"gemm",512,131072,0,128,0,112,"TCC_WRITE_SECTORS",524288.000000,1008430302667306,1008430302720187
221,221,"Agent 1",1,44272,44272,32768,1,"gemm",512,131072,0,128,0,112,"TCP_TCP_TA_DATA_STALL_CYCLES",397943.000000,1008430302667306,1008430302720187
221,221,"Agent 1",1,44272,44272,32768,1,"gemm",512,131072,0,128,0,112,"TCP_TCP_TA_ADDR_STALL_CYCLES",513053.000000,1008430302667306,1008430302720187
222,222,"Agent 1",1,44272,44272,32768,1,"gemm",512,131072,0,128,0,112,"SQ_INSTS_VMEM_WR",8192.000000,1008430302817027,1008430302869988
222,222,"Agent 1",1,44272,44272,32768,1,"gemm",512,131072,0,128,0,112,"SQ_VMEM_TA_CMD_FIFO_FULL",357269.000000,1008430302817027,1008430302869988
222,222,"Agent 1",1,44272,44272,32768,1,"gemm",512,131072,0,128,0,112,"TCC_WRITE_SECTORS",524288.000000,1008430302817027,1008430302869988
222,222,"Agent 1",1,44272,44272,32768,1,"gemm",512,131072,0,128,0,112,"TCP_TCP_TA_DATA_STALL_CYCLES",397981.000000,1008430302817027,1008430302869988
222,222,"Agent 1",1,44272,44272,32768,1,"gemm",512,131072,0,128,0,112,"TCP_TCP_TA_ADDR_STALL_CYCLES",510402.000000,1008430302817027,1008430302869988
223,223,"Agent 1",1,44272,44272,32768,1,"gemm",512,131072,0,128,0,112,"SQ_INSTS_VMEM_WR",8192.000000,1008430302965349,1008430303018229
223,223,"Agent 1",1,44272,44272,32768,1,"gemm",512,131072,0,128,0,112,"SQ_VMEM_TA_CMD_FIFO_FULL",356698.000000,1008430302965349,1008430303018229
223,223,"Agent 1",1,44272,44272,32768,1,"gemm",512,131072,0,128,0,112,"TCC_WRITE_SECTORS",524288.000000,1008430302965349,1008430303018229
223,223,"Agent 1",1,44272,44272,32768,1,"gemm",512,131072,0,128,0,112,"TCP_TCP_TA_DATA_STALL_CYCLES",397977.000000,1008430302965349,1008430303018229
223,223,"Agent 1",1,44272,44272,32768,1,"gemm",512,131072,0,128,0,112,"TCP_TCP_TA_ADDR_STALL_CYCLES",516643.000000,1008430302965349,1008430303018229
224,224,"Agent 1",1,44272,44272,32768,1,"gemm",512,131072,0,128,0,112,"SQ_INSTS_VMEM_WR",8192.000000,1008430303119870,1008430303172351
224,224,"Agent 1",1,44272,44272,32768,1,"gemm",512,131072,0,128,0,112,"SQ_VMEM_TA_CMD_FIFO_FULL",358880.000000,1008430303119870,1008430303172351
224,224,"Agent 1",1,44272,44272,32768,1,"gemm",512,131072,0,128,0,112,"TCC_WRITE_SECTORS",524288.000000,1008430303119870,1008430303172351
224,224,"Agent 1",1,44272,44272,32768,1,"gemm",512,131072,0,128,0,112,"TCP_TCP_TA_DATA_STALL_CYCLES",397962.000000,1008430303119870,1008430303172351
224,224,"Agent 1",1,44272,44272,32768,1,"gemm",512,131072,0,128,0,112,"TCP_TCP_TA_ADDR_STALL_CYCLES",511791.000000,1008430303119870,1008430303172351
225,225,"Agent 1",1,44272,44272,32768,1,"gemm",512,131072,0,128,0,112,"SQ_INSTS_VMEM_WR",8192.000000,1008430303267551,1008430303320312
225,225,"Agent 1",1,44272,44272,32768,1,"gemm",512,131072,0,128,0,112,"SQ_VMEM_TA_CMD_FIFO_FULL",362469.000000,1008430303267551,1008430303320312
225,225,"Agent 1",1,44272,44272,32768,1,"gemm",512,131072,0,128,0,112,"TCC_WRITE_SECTORS",524288.000000,1008430303267551,1008430303320312
225,225,"Agent 1",1,44272,44272,32768,1,"gemm",512,131072,0,128,0,112,"TCP_TCP_TA_DATA_STALL_CYCLES",397986.000000,1008430303267551,1008430303320312
225,225,"Agent 1",1,44272,44272,32768,1,"gemm",512,131072,0,128,0,112,"TCP_TCP_TA_ADDR_STALL_CYCLES",516104.000000,1008430303267551,1008430303320312
226,226,"Agent 1",1,44272,44272,32768,1,"gemm",512,131072,0,128,0,112,"SQ_INSTS_VMEM_WR",8192.000000,1008430303420833,1008430303473913
226,226,"Agent 1",1,44272,44272,32768,1,"gemm",512,131072,0,128,0,112,"SQ_VMEM_TA_CMD_FIFO_FULL",347713.000000,1008430303420833,1008430303473913
226,226,"Agent 1",1,44272,44272,32768,1,"gemm",512,131072,0,128,0,112,"TCC_WRITE_SECTORS",524288.000000,1008430303420833,1008430303473913
226,226,"Agent 1",1,44272,44272,32768,1,"gemm",512,131072,0,128,0,112,"TCP_TCP_TA_DATA_STALL_CYCLES",397973.000000,1008430303420833,1008430303473913
226,226,"Agent 1",1,44272,44272,32768,1,"gemm",512,131072,0,128,0,112,"TCP_TCP_TA_ADDR_STALL_CYCLES",511988.000000,1008430303420833,1008430303473913
227,227,"Agent 1",1,44272,44272,32768,1,"gemm",512,131072,0,128,0,112,"SQ_INSTS_VMEM_WR",8192.000000,1008430303571914,1008430303624795
227,227,"Agent 1",1,44272,44272,32768,1,"gemm",512,131072,0,128,0,112,"SQ_VMEM_TA_CMD_FIFO_FULL",350239.000000,1008430303571914,1008430303624795
227,227,"Agent 1",1,44272,44272,32768,1,"gemm",512,131072,0,128,0,112,"TCC_WRITE_SECTORS",524288.000000,1008430303571914,1008430303624795
227,227,"Agent 1",1,44272,44272,32768,1,"gemm",512,131072,0,128,0,112,"TCP_TCP_TA_DATA_STALL_CYCLES",397962.000000,1008430303571914,1008430303624795
227,227,"Agent 1",1,44272,44272,32768,1,"gemm",512,131072,0,128,0,112,"TCP_TCP_TA_ADDR_STALL_CYCLES",513333.000000,1008430303571914,1008430303624795
228,228,"Agent 1",1,44272,44272,32768,1,"gemm",512,131072,0,128,0,112,"SQ_INSTS_VMEM_WR",8192.000000,1008430303719635,1008430303771996
228,228,"Agent 1",1,44272,44272,32768,1,"gemm",512,131072,0,128,0,112,"SQ_VMEM_TA_CMD_FIFO_FULL",354985.000000,1008430303719635,1008430303771996
228,228,"Agent 1",1,44272,44272,32768,1,"gemm",512,131072,0,128,0,112,"TCC_WRITE_SECTORS",524288.000000,1008430303719635,1008430303771996
228,228,"Agent 1",1,44272,44272,32768,1,"gemm",512,131072,0,128,0,112,"TCP_TCP_TA_DATA_STALL_CYCLES",397968.000000,1008430303719635,1008430303771996
228,228,"Agent 1",1,44272,44272,32768,1,"gemm",512,131072,0,128,0,112,"TCP_TCP_TA_ADDR_STALL_CYCLES",512077.000000,1008430303719635,1008430303771996
229,229,"Agent 1",1,44272,44272,32768,1,"gemm",512,131072,0,128,0,112,"SQ_INSTS_VMEM_WR",8192.000000,1008430303864037,1008430303916957
229,229,"Agent 1",1,44272,44272,32768,1,"gemm",512,131072,0,128,0,112,"SQ_VMEM_TA_CMD_FIFO_FULL",359804.000000,1008430303864037,1008430303916957
229,229,"Agent 1",1,44272,44272,32768,1,"gemm",512,131072,0,128,0,112,"TCC_WRITE_SECTORS",524288.000000,1008430303864037,1008430303916957
229,229,"Agent 1",1,44272,44272,32768,1,"gemm",512,131072,0,128,0,112,"TCP_TCP_TA_DATA_STALL_CYCLES",397963.000000,1008430303864037,1008430303916957
229,229,"Agent 1",1,44272,44272,32768,1,"gemm",512,131072,0,128,0,112,"TCP_TCP_TA_ADDR_STALL_CYCLES",520792.000000,1008430303864037,1008430303916957
230,230,"Agent 1",1,44272,44272,32768,1,"gemm",512,131072,0,128,0,112,"SQ_INSTS_VMEM_WR",8192.000000,1008430304009438,1008430304062359
230,230,"Agent 1",1,44272,44272,32768,1,"gemm",512,131072,0,128,0,112,"SQ_VMEM_TA_CMD_FIFO_FULL",358990.000000,1008430304009438,1008430304062359
230,230,"Agent 1",1,44272,44272,32768,1,"gemm",512,131072,0,128,0,112,"TCC_WRITE_SECTORS",524288.000000,1008430304009438,1008430304062359
230,230,"Agent 1",1,44272,44272,32768,1,"gemm",512,131072,0,128,0,112,"TCP_TCP_TA_DATA_STALL_CYCLES",397954.000000,1008430304009438,1008430304062359
230,230,"Agent 1",1,44272,44272,32768,1,"gemm",512,131072,0,128,0,112,"TCP_TCP_TA_ADDR_STALL_CYCLES",515595.000000,1008430304009438,1008430304062359
231,231,"Agent 1",1,44272,44272,32768,1,"gemm",512,131072,0,128,0,112,"SQ_INSTS_VMEM_WR",8192.000000,1008430304161639,1008430304214360
231,231,"Agent 1",1,44272,44272,32768,1,"gemm",512,131072,0,128,0,112,"SQ_VMEM_TA_CMD_FIFO_FULL",356417.000000,1008430304161639,1008430304214360
231,231,"Agent 1",1,44272,44272,32768,1,"gemm",512,131072,0,128,0,112,"TCC_WRITE_SECTORS",524288.000000,1008430304161639,1008430304214360
231,231,"Agent 1",1,44272,44272,32768,1,"gemm",512,131072,0,128,0,112,"TCP_TCP_TA_DATA_STALL_CYCLES",397955.000000,1008430304161639,1008430304214360
231,231,"Agent 1",1,44272,44272,32768,1,"gemm",512,131072,0,128,0,112,"TCP_TCP_TA_ADDR_STALL_CYCLES",510611.000000,1008430304161639,1008430304214360
232,232,"Agent 1",1,44272,44272,32768,1,"gemm",512,131072,0,128,0,112,"SQ_INSTS_VMEM_WR",8192.000000,1008430304314121,1008430304366601
232,232,"Agent 1",1,44272,44272,32768,1,"gemm",512,131072,0,128,0,112,"SQ_VMEM_TA_CMD_FIFO_FULL",353841.000000,1008430304314121,1008430304366601
232,232,"Agent 1",1,44272,44272,32768,1,"gemm",512,131072,0,128,0,112,"TCC_WRITE_SECTORS",524288.000000,1008430304314121,1008430304366601
232,232,"Agent 1",1,44272,44272,32768,1,"gemm",512,131072,0,128,0,112,"TCP_TCP_TA_DATA_STALL_CYCLES",397974.000000,1008430304314121,1008430304366601
232,232,"Agent 1",1,44272,44272,32768,1,"gemm",512,131072,0,128,0,112,"TCP_TCP_TA_ADDR_STALL_CYCLES",508323.000000,1008430304314121,1008430304366601
233,233,"Agent 1",1,44272,44272,32768,1,"gemm",512,131072,0,128,0,112,"SQ_INSTS_VMEM_WR",8192.000000,1008430304466082,1008430304518563
233,233,"Agent 1",1,44272,44272,32768,1,"gemm",512,131072,0,128,0,112,"SQ_VMEM_TA_CMD_FIFO_FULL",367338.000000,1008430304466082,1008430304518563
233,233,"Agent 1",1,44272,44272,32768,1,"gemm",512,131072,0,128,0,112,"TCC_WRITE_SECTORS",524288.000000,1008430304466082,1008430304518563
233,233,"Agent 1",1,44272,44272,32768,1,"gemm",512,131072,0,128,0,112,"TCP_TCP_TA_DATA_STALL_CYCLES",398000.000000,1008430304466082,1008430304518563
233,233,"Agent 1",1,44272,44272,32768,1,"gemm",512,131072,0,128,0,112,"TCP_TCP_TA_ADDR_STALL_CYCLES",520242.000000,1008430304466082,1008430304518563
234,234,"Agent 1",1,44272,44272,32768,1,"gemm",512,131072,0,128,0,112,"SQ_INSTS_VMEM_WR",8192.000000,1008430304617163,1008430304670124
234,234,"Agent 1",1,44272,44272,32768,1,"gemm",512,131072,0,128,0,112,"SQ_VMEM_TA_CMD_FIFO_FULL",358477.000000,1008430304617163,1008430304670124
234,234,"Agent 1",1,44272,44272,32768,1,"gemm",512,131072,0,128,0,112,"TCC_WRITE_SECTORS",524288.000000,1008430304617163,1008430304670124
234,234,"Agent 1",1,44272,44272,32768,1,"gemm",512,131072,0,128,0,112,"TCP_TCP_TA_DATA_STALL_CYCLES",397984.000000,1008430304617163,1008430304670124
234,234,"Agent 1",1,44272,44272,32768,1,"gemm",512,131072,0,128,0,112,"TCP_TCP_TA_ADDR_STALL_CYCLES",514560.000000,1008430304617163,1008430304670124
235,235,"Agent 1",1,44272,44272,32768,1,"gemm",512,131072,0,128,0,112,"SQ_INSTS_VMEM_WR",8192.000000,1008430304770765,1008430304823565
235,235,"Agent 1",1,44272,44272,32768,1,"gemm",512,131072,0,128,0,112,"SQ_VMEM_TA_CMD_FIFO_FULL",357225.000000,1008430304770765,1008430304823565
235,235,"Agent 1",1,44272,44272,32768,1,"gemm",512,131072,0,128,0,112,"TCC_WRITE_SECTORS",524288.000000,1008430304770765,1008430304823565
235,235,"Agent 1",1,44272,44272,32768,1,"gemm",512,131072,0,128,0,112,"TCP_TCP_TA_DATA_STALL_CYCLES",397942.000000,1008430304770765,1008430304823565
235,235,"Agent 1",1,44272,44272,32768,1,"gemm",512,131072,0,128,0,112,"TCP_TCP_TA_ADDR_STALL_CYCLES",512899.000000,1008430304770765,1008430304823565
236,236,"Agent 1",1,44272,44272,32768,1,"gemm",512,131072,0,128,0,112,"SQ_INSTS_VMEM_WR",8192.000000,1008430304921566,1008430304973687
236,236,"Agent 1",1,44272,44272,32768,1,"gemm",512,131072,0,128,0,112,"SQ_VMEM_TA_CMD_FIFO_FULL",350374.000000,1008430304921566,1008430304973687
236,236,"Agent 1",1,44272,44272,32768,1,"gemm",512,131072,0,128,0,112,"TCC_WRITE_SECTORS",524288.000000,1008430304921566,1008430304973687
236,236,"Agent 1",1,44272,44272,32768,1,"gemm",512,131072,0,128,0,112,"TCP_TCP_TA_DATA_STALL_CYCLES",397968.000000,1008430304921566,1008430304973687
236,236,"Agent 1",1,44272,44272,32768,1,"gemm",512,131072,0,128,0,112,"TCP_TCP_TA_ADDR_STALL_CYCLES",519760.000000,1008430304921566,1008430304973687
237,237,"Agent 1",1,44272,44272,32768,1,"gemm",512,131072,0,128,0,112,"SQ_INSTS_VMEM_WR",8192.000000,1008430305067448,1008430305120168
237,237,"Agent 1",1,44272,44272,32768,1,"gemm",512,131072,0,128,0,112,"SQ_VMEM_TA_CMD_FIFO_FULL",343777.000000,1008430305067448,1008430305120168
237,237,"Agent 1",1,44272,44272,32768,1,"gemm",512,131072,0,128,0,112,"TCC_WRITE_SECTORS",524288.000000,1008430305067448,1008430305120168
237,237,"Agent 1",1,44272,44272,32768,1,"gemm",512,131072,0,128,0,112,"TCP_TCP_TA_DATA_STALL_CYCLES",397952.000000,1008430305067448,1008430305120168
237,237,"Agent 1",1,44272,44272,32768,1,"gemm",512,131072,0,128,0,112,"TCP_TCP_TA_ADDR_STALL_CYCLES",513970.000000,1008430305067448,1008430305120168
238,238,"Agent 1",1,44272,44272,32768,1,"gemm",512,131072,0,128,0,112,"SQ_INSTS_VMEM_WR",8192.000000,1008430305215329,1008430305268369
238,238,"Agent 1",1,44272,44272,32768,1,"gemm",512,131072,0,128,0,112,"SQ_VMEM_TA_CMD_FIFO_FULL",353934.000000,1008430305215329,1008430305268369
238,238,"Agent 1",1,44272,44272,32768,1,"gemm",512,131072,0,128,0,112,"TCC_WRITE_SECTORS",524288.000000,1008430305215329,1008430305268369
238,238,"Agent 1",1,44272,44272,32768,1,"gemm",512,131072,0,128,0,112,"TCP_TCP_TA_DATA_STALL_CYCLES",397979.000000,1008430305215329,1008430305268369
238,238,"Agent 1",1,44272,44272,32768,1,"gemm",512,131072,0,128,0,112,"TCP_TCP_TA_ADDR_STALL_CYCLES",517604.000000,1008430305215329,1008430305268369
239,239,"Agent 1",1,44272,44272,32768,1,"gemm",512,131072,0,128,0,112,"SQ_INSTS_VMEM_WR",8192.000000,1008430305364690,1008430305417451
239,239,"Agent 1",1,44272,44272,32768,1,"gemm",512,131072,0,128,0,112,"SQ_VMEM_TA_CMD_FIFO_FULL",355780.000000,1008430305364690,1008430305417451
239,239,"Agent 1",1,44272,44272,32768,1,"gemm",512,131072,0,128,0,112,"TCC_WRITE_SECTORS",524288.000000,1008430305364690,1008430305417451
239,239,"Agent 1",1,44272,44272,32768,1,"gemm",512,131072,0,128,0,112,"TCP_TCP_TA_DATA_STALL_CYCLES",397983.000000,1008430305364690,1008430305417451
239,239,"Agent 1",1,44272,44272,32768,1,"gemm",512,131072,0,128,0,112,"TCP_TCP_TA_ADDR_STALL_CYCLES",510046.000000,1008430305364690,1008430305417451
240,240,"Agent 1",1,44272,44272,32768,1,"gemm",512,131072,0,128,0,112,"SQ_INSTS_VMEM_WR",8192.000000,1008430305512931,1008430305565252
240,240,"Agent 1",1,44272,44272,32768,1,"gemm",512,131072,0,128,0,112,"SQ_VMEM_TA_CMD_FIFO_FULL",369326.000000,1008430305512931,1008430305565252
240,240,"Agent 1",1,44272,44272,32768,1,"gemm",512,131072,0,128,0,112,"TCC_WRITE_SECTORS",524288.000000,1008430305512931,1008430305565252
240,240,"Agent 1",1,44272,44272,32768,1,"gemm",512,131072,0,128,0,112,"TCP_TCP_TA_DATA_STALL_CYCLES",397973.000000,1008430305512931,1008430305565252
240,240,"Agent 1",1,44272,44272,32768,1,"gemm",512,131072,0,128,0,112,"TCP_TCP_TA_ADDR_STALL_CYCLES",512449.000000,1008430305512931,1008430305565252
241,241,"Agent 1",1,44272,44272,32768,1,"gemm",512,131072,0,128,0,112,"SQ_INSTS_VMEM_WR",8192.000000,1008430305660573,1008430305713413
241,241,"Agent 1",1,44272,44272,32768,1,"gemm",512,131072,0,128,0,112,"SQ_VMEM_TA_CMD_FIFO_FULL",355491.000000,1008430305660573,1008430305713413
241,241,"Agent 1",1,44272,44272,32768,1,"gemm",512,131072,0,128,0,112,"TCC_WRITE_SECTORS",524288.000000,1008430305660573,1008430305713413
241,241,"Agent 1",1,44272,44272,32768,1,"gemm",512,131072,0,128,0,112,"TCP_TCP_TA_DATA_STALL_CYCLES",397985.000000,1008430305660573,1008430305713413
241,241,"Agent 1",1,44272,44272,32768,1,"gemm",512,131072,0,128,0,112,"TCP_TCP_TA_ADDR_STALL_CYCLES",511829.000000,1008430305660573,1008430305713413
242,242,"Agent 1",1,44272,44272,32768,1,"gemm",512,131072,0,128,0,112,"SQ_INSTS_VMEM_WR",8192.000000,1008430305808934,1008430305861935
242,242,"Agent 1",1,44272,44272,32768,1,"gemm",512,131072,0,128,0,112,"SQ_VMEM_TA_CMD_FIFO_FULL",348196.000000,1008430305808934,1008430305861935
242,242,"Agent 1",1,44272,44272,32768,1,"gemm",512,131072,0,128,0,112,"TCC_WRITE_SECTORS",524288.000000,1008430305808934,1008430305861935
242,242,"Agent 1",1,44272,44272,32768,1,"gemm",512,131072,0,128,0,112,"TCP_TCP_TA_DATA_STALL_CYCLES",397971.000000,1008430305808934,1008430305861935
242,242,"Agent 1",1,44272,44272,32768,1,"gemm",512,131072,0,128,0,112,"TCP_TCP_TA_ADDR_STALL_CYCLES",513122.000000,1008430305808934,1008430305861935
243,243,"Agent 1",1,44272,44272,32768,1,"gemm",512,131072,0,128,0,112,"SQ_INSTS_VMEM_WR",8192.000000,1008430305955455,1008430306008376
243,243,"Agent 1",1,44272,44272,32768,1,"gemm",512,131072,0,128,0,112,"SQ_VMEM_TA_CMD_FIFO_FULL",345957.000000,1008430305955455,1008430306008376
243,243,"Agent 1",1,44272,44272,32768,1,"gemm",512,131072,0,128,0,112,"TCC_WRITE_SECTORS",524288.000000,1008430305955455,1008430306008376
243,243,"Agent 1",1,44272,44272,32768,1,"gemm",512,131072,0,128,0,112,"TCP_TCP_TA_DATA_STALL_CYCLES",397973.000000,1008430305955455,1008430306008376
243,243,"Agent 1",1,44272,44272,32768,1,"gemm",512,131072,0,128,0,112,"TCP_TCP_TA_ADDR_STALL_CYCLES",507122.000000,1008430305955455,1008430306008376
244,244,"Agent 1",1,44272,44272,32768,1,"gemm",512,131072,0,128,0,112,"SQ_INSTS_VMEM_WR",8192.000000,1008430306101937,1008430306154137
244,244,"Agent 1",1,44272,44272,32768,1,"gemm",512,131072,0,128,0,112,"SQ_VMEM_TA_CMD_FIFO_FULL",354353.000000,1008430306101937,1008430306154137
244,244,"Agent 1",1,44272,44272,32768,1,"gemm",512,131072,0,128,0,112,"TCC_WRITE_SECTORS",524288.000000,1008430306101937,1008430306154137
244,244,"Agent 1",1,44272,44272,32768,1,"gemm",512,131072,0,128,0,112,"TCP_TCP_TA_DATA_STALL_CYCLES",397956.000000,1008430306101937,1008430306154137
244,244,"Agent 1",1,44272,44272,32768,1,"gemm",512,131072,0,128,0,112,"TCP_TCP_TA_ADDR_STALL_CYCLES",508808.000000,1008430306101937,1008430306154137
245,245,"Agent 1",1,44272,44272,32768,1,"gemm",512,131072,0,128,0,112,"SQ_INSTS_VMEM_WR",8192.000000,1008430306249858,1008430306302739
245,245,"Agent 1",1,44272,44272,32768,1,"gemm",512,131072,0,128,0,112,"SQ_VMEM_TA_CMD_FIFO_FULL",350687.000000,1008430306249858,1008430306302739
245,245,"Agent 1",1,44272,44272,32768,1,"gemm",512,131072,0,128,0,112,"TCC_WRITE_SECTORS",524288.000000,1008430306249858,1008430306302739
245,245,"Agent 1",1,44272,44272,32768,1,"gemm",512,131072,0,128,0,112,"TCP_TCP_TA_DATA_STALL_CYCLES",397980.000000,1008430306249858,1008430306302739
245,245,"Agent 1",1,44272,44272,32768,1,"gemm",512,131072,0,128,0,112,"TCP_TCP_TA_ADDR_STALL_CYCLES",519384.000000,1008430306249858,1008430306302739
246,246,"Agent 1",1,44272,44272,32768,1,"gemm",512,131072,0,128,0,112,"SQ_INSTS_VMEM_WR",8192.000000,1008430306396899,1008430306449860
246,246,"Agent 1",1,44272,44272,32768,1,"gemm",512,131072,0,128,0,112,"SQ_VMEM_TA_CMD_FIFO_FULL",346553.000000,1008430306396899,1008430306449860
246,246,"Agent 1",1,44272,44272,32768,1,"gemm",512,131072,0,128,0,112,"TCC_WRITE_SECTORS",524288.000000,1008430306396899,1008430306449860
246,246,"Agent 1",1,44272,44272,32768,1,"gemm",512,131072,0,128,0,112,"TCP_TCP_TA_DATA_STALL_CYCLES",397973.000000,1008430306396899,1008430306449860
246,246,"Agent 1",1,44272,44272,32768,1,"gemm",512,131072,0,128,0,112,"TCP_TCP_TA_ADDR_STALL_CYCLES",510551.000000,1008430306396899,1008430306449860
247,247,"Agent 1",1,44272,44272,32768,1,"gemm",512,131072,0,128,0,112,"SQ_INSTS_VMEM_WR",8192.000000,1008430306544981,1008430306597821
247,247,"Agent 1",1,44272,44272,32768,1,"gemm",512,131072,0,128,0,112,"SQ_VMEM_TA_CMD_FIFO_FULL",369293.000000,1008430306544981,1008430306597821
247,247,"Agent 1",1,44272,44272,32768,1,"gemm",512,131072,0,128,0,112,"TCC_WRITE_SECTORS",524288.000000,1008430306544981,1008430306597821
247,247,"Agent 1",1,44272,44272,32768,1,"gemm",512,131072,0,128,0,112,"TCP_TCP_TA_DATA_STALL_CYCLES",397962.000000,1008430306544981,1008430306597821
247,247,"Agent 1",1,44272,44272,32768,1,"gemm",512,131072,0,128,0,112,"TCP_TCP_TA_ADDR_STALL_CYCLES",513512.000000,1008430306544981,1008430306597821
248,248,"Agent 1",1,44272,44272,32768,1,"gemm",512,131072,0,128,0,112,"SQ_INSTS_VMEM_WR",8192.000000,1008430306693262,1008430306745622
248,248,"Agent 1",1,44272,44272,32768,1,"gemm",512,131072,0,128,0,112,"SQ_VMEM_TA_CMD_FIFO_FULL",361988.000000,1008430306693262,1008430306745622
248,248,"Agent 1",1,44272,44272,32768,1,"gemm",512,131072,0,128,0,112,"TCC_WRITE_SECTORS",524288.000000,1008430306693262,1008430306745622
248,248,"Agent 1",1,44272,44272,32768,1,"gemm",512,131072,0,128,0,112,"TCP_TCP_TA_DATA_STALL_CYCLES",397975.000000,1008430306693262,1008430306745622
248,248,"Agent 1",1,44272,44272,32768,1,"gemm",512,131072,0,128,0,112,"TCP_TCP_TA_ADDR_STALL_CYCLES",516436.000000,1008430306693262,1008430306745622
249,249,"Agent 1",1,44272,44272,32768,1,"gemm",512,131072,0,128,0,112,"SQ_INSTS_VMEM_WR",8192.000000,1008430306840863,1008430306893784
249,249,"Agent 1",1,44272,44272,32768,1,"gemm",512,131072,0,128,0,112,"SQ_VMEM_TA_CMD_FIFO_FULL",353457.000000,1008430306840863,1008430306893784
249,249,"Agent 1",1,44272,44272,32768,1,"gemm",512,131072,0,128,0,112,"TCC_WRITE_SECTORS",524288.000000,1008430306840863,1008430306893784
249,249,"Agent 1",1,44272,44272,32768,1,"gemm",512,131072,0,128,0,112,"TCP_TCP_TA_DATA_STALL_CYCLES",397987.000000,1008430306840863,1008430306893784
249,249,"Agent 1",1,44272,44272,32768,1,"gemm",512,131072,0,128,0,112,"TCP_TCP_TA_ADDR_STALL_CYCLES",513076.000000,1008430306840863,1008430306893784
250,250,"Agent 1",1,44272,44272,32768,1,"gemm",512,131072,0,128,0,112,"SQ_INSTS_VMEM_WR",8192.000000,1008430306988065,1008430307041145
250,250,"Agent 1",1,44272,44272,32768,1,"gemm",512,131072,0,128,0,112,"SQ_VMEM_TA_CMD_FIFO_FULL",358253.000000,1008430306988065,1008430307041145
250,250,"Agent 1",1,44272,44272,32768,1,"gemm",512,131072,0,128,0,112,"TCC_WRITE_SECTORS",524288.000000,1008430306988065,1008430307041145
250,250,"Agent 1",1,44272,44272,32768,1,"gemm",512,131072,0,128,0,112,"TCP_TCP_TA_DATA_STALL_CYCLES",397984.000000,1008430306988065,1008430307041145
250,250,"Agent 1",1,44272,44272,32768,1,"gemm",512,131072,0,128,0,112,"TCP_TCP_TA_ADDR_STALL_CYCLES",512164.000000,1008430306988065,1008430307041145
251,251,"Agent 1",1,44272,44272,32768,1,"gemm",512,131072,0,128,0,112,"SQ_INSTS_VMEM_WR",8192.000000,1008430307132266,1008430307185146
251,251,"Agent 1",1,44272,44272,32768,1,"gemm",512,131072,0,128,0,112,"SQ_VMEM_TA_CMD_FIFO_FULL",356289.000000,1008430307132266,1008430307185146
251,251,"Agent 1",1,44272,44272,32768,1,"gemm",512,131072,0,128,0,112,"TCC_WRITE_SECTORS",524288.000000,1008430307132266,1008430307185146
251,251,"Agent 1",1,44272,44272,32768,1,"gemm",512,131072,0,128,0,112,"TCP_TCP_TA_DATA_STALL_CYCLES",397950.000000,1008430307132266,1008430307185146
251,251,"Agent 1",1,44272,44272,32768,1,"gemm",512,131072,0,128,0,112,"TCP_TCP_TA_ADDR_STALL_CYCLES",514461.000000,1008430307132266,1008430307185146
252,252,"Agent 1",1,44272,44272,32768,1,"gemm",512,131072,0,128,0,112,"SQ_INSTS_VMEM_WR",8192.000000,1008430307279267,1008430307331588
252,252,"Agent 1",1,44272,44272,32768,1,"gemm",512,131072,0,128,0,112,"SQ_VMEM_TA_CMD_FIFO_FULL",360217.000000,1008430307279267,1008430307331588
252,252,"Agent 1",1,44272,44272,32768,1,"gemm",512,131072,0,128,0,112,"TCC_WRITE_SECTORS",524288.000000,1008430307279267,1008430307331588
252,252,"Agent 1",1,44272,44272,32768,1,"gemm",512,131072,0,128,0,112,"TCP_TCP_TA_DATA_STALL_CYCLES",397944.000000,1008430307279267,1008430307331588
252,252,"Agent 1",1,44272,44272,32768,1,"gemm",512,131072,0,128,0,112,"TCP_TCP_TA_ADDR_STALL_CYCLES",515966.000000,1008430307279267,1008430307331588
