"Correlation_Id","Dispatch_Id","Agent_Id","Queue_Id","Process_Id","Thread_Id","Grid_Size","Kernel_Id","Kernel_Name","Workgroup_Size","LDS_Block_Size","Scratch_Size","VGPR_Count","Accum_VGPR_Count","SGPR_Count","Counter_Name","Counter_Value","Start_Timestamp","End_Timestamp"
53,53,"Agent 1",1,43075,43075,2097152,1,"gemm",512,131072,0,128,0,112,"SQ_INSTS_VMEM_WR",4194304.000000,1000767394669246,1000767395765137
53,53,"Agent 1",1,43075,43075,2097152,1,"gemm",512,131072,0,128,0,112,"SQ_VMEM_TA_CMD_FIFO_FULL",94223517.000000,1000767394669246,1000767395765137
53,53,"Agent 1",1,43075,43075,2097152,1,"gemm",512,131072,0,128,0,112,"TCC_WRITE_SECTORS",33554432.000000,1000767394669246,1000767395765137
53,53,"Agent 1",1,43075,43075,2097152,1,"gemm",512,131072,0,128,0,112,"TCP_TCP_TA_DATA_STALL_CYCLES",23924316.000000,1000767394669246,1000767395765137
53,53,"Agent 1",1,43075,43075,2097152,1,"gemm",512,131072,0,128,0,112,"TCP_TCP_TA_ADDR_STALL_CYCLES",28110059.000000,1000767394669246,1000767395765137
54,54,"Agent 1",1,43075,43075,2097152,1,"gemm",512,131072,0,128,0,112,"SQ_INSTS_VMEM_WR",4194304.000000,1000767395865789,1000767396958600
54,54,"Agent 1",1,43075,43075,2097152,1,"gemm",512,131072,0,128,0,112,"SQ_VMEM_TA_CMD_FIFO_FULL",94300781.000000,1000767395865789,1000767396958600
54,54,"Agent 1",1,43075,43075,2097152,1,"gemm",512,131072,0,128,0,112,"TCC_WRITE_SECTORS",33554432.000000,1000767395865789,1000767396958600
54,54,"Agent 1",1,43075,43075,2097152,1,"gemm",512,131072,0,128,0,112,"TCP_TCP_TA_DATA_STALL_CYCLES",21808827.000000,1000767395865789,1000767396958600
54,54,"Agent 1",1,43075,43075,2097152,1,"gemm",512,131072,0,128,0,112,"TCP_TCP_TA_ADDR_STALL_CYCLES",27149881.000000,1000767395865789,1000767396958600
55,55,"Agent 1",1,43075,43075,2097152,1,"gemm",512,131072,0,128,0,112,"SQ_INSTS_VMEM_WR",4194304.000000,1000767397074000,1000767398172610
55,55,"Agent 1",1,43075,43075,2097152,1,"gemm",512,131072,0,128,0,112,"SQ_VMEM_TA_CMD_FIFO_FULL",98929903.000000,1000767397074000,1000767398172610
55,55,"Agent 1",1,43075,43075,2097152,1,"gemm",512,131072,0,128,0,112,"TCC_WRITE_SECTORS",33554432.000000,1000767397074000,1000767398172610
55,55,"Agent 1",1,43075,43075,2097152,1,"gemm",512,131072,0,128,0,112,"TCP_TCP_TA_DATA_STALL_CYCLES",23332523.000000,1000767397074000,1000767398172610
55,55,"Agent 1",1,43075,43075,2097152,1,"gemm",512,131072,0,128,0,112,"TCP_TCP_TA_ADDR_STALL_CYCLES",28330858.000000,1000767397074000,1000767398172610
56,56,"Agent 1",1,43075,43075,2097152,1,"gemm",512,131072,0,128,0,112,"SQ_INSTS_VMEM_WR",4194304.000000,1000767398270091,1000767399365741
56,56,"Agent 1",1,43075,43075,2097152,1,"gemm",512,131072,0,128,0,112,"SQ_VMEM_TA_CMD_FIFO_FULL",95108186.000000,1000767398270091,1000767399365741
56,56,"Agent 1",1,43075,43075,2097152,1,"gemm",512,131072,0,128,0,112,"TCC_WRITE_SECTORS",33554432.000000,1000767398270091,1000767399365741
56,56,"Agent 1",1,43075,43075,2097152,1,"gemm",512,131072,0,128,0,112,"TCP_TCP_TA_DATA_STALL_CYCLES",22262355.000000,1000767398270091,1000767399365741
56,56,"Agent 1",1,43075,43075,2097152,1,"gemm",512,131072,0,128,0,112,"TCP_TCP_TA_ADDR_STALL_CYCLES",26361254.000000,1000767398270091,1000767399365741
57,57,"Agent 1",1,43075,43075,2097152,1,"gemm",512,131072,0,128,0,112,"SQ_INSTS_VMEM_WR",4194304.000000,1000767399460422,1000767400560632
57,57,"Agent 1",1,43075,43075,2097152,1,"gemm",512,131072,0,128,0,112,"SQ_VMEM_TA_CMD_FIFO_FULL",97884069.000000,1000767399460422,1000767400560632
57,57,"Agent 1",1,43075,43075,2097152,1,"gemm",512,131072,0,128,0,112,"TCC_WRITE_SECTORS",33554432.000000,1000767399460422,1000767400560632
57,57,"Agent 1",1,43075,43075,2097152,1,"gemm",512,131072,0,128,0,112,"TCP_TCP_TA_DATA_STALL_CYCLES",22677411.000000,1000767399460422,1000767400560632
57,57,"Agent 1",1,43075,43075,2097152,1,"gemm",512,131072,0,128,0,112,"TCP_TCP_TA_ADDR_STALL_CYCLES",27871204.000000,1000767399460422,1000767400560632
58,58,"Agent 1",1,43075,43075,2097152,1,"gemm",512,131072,0,128,0,112,"SQ_INSTS_VMEM_WR",4194304.000000,1000767400662593,1000767401752364
58,58,"Agent 1",1,43075,43075,2097152,1,"gemm",512,131072,0,128,0,112,"SQ_VMEM_TA_CMD_FIFO_FULL",93040265.000000,1000767400662593,1000767401752364
58,58,"Agent 1",1,43075,43075,2097152,1,"gemm",512,131072,0,128,0,112,"TCC_WRITE_SECTORS",33554432.000000,1000767400662593,1000767401752364
58,58,"Agent 1",1,43075,43075,2097152,1,"gemm",512,131072,0,128,0,112,"TCP_TCP_TA_DATA_STALL_CYCLES",22465953.000000,1000767400662593,1000767401752364
58,58,"Agent 1",1,43075,43075,2097152,1,"gemm",512,131072,0,128,0,112,"TCP_TCP_TA_ADDR_STALL_CYCLES",25671076.000000,1000767400662593,1000767401752364
59,59,"Agent 1",1,43075,43075,2097152,1,"gemm",512,131072,0,128,0,112,"SQ_INSTS_VMEM_WR",4194304.000000,1000767401853405,1000767402954815
59,59,"Agent 1",1,43075,43075,2097152,1,"gemm",512,131072,0,128,0,112,"SQ_VMEM_TA_CMD_FIFO_FULL",96670020.000000,1000767401853405,1000767402954815
59,59,"Agent 1",1,43075,43075,2097152,1,"gemm",512,131072,0,128,0,112,"TCC_WRITE_SECTORS",33554432.000000,1000767401853405,1000767402954815
59,59,"Agent 1",1,43075,43075,2097152,1,"gemm",512,131072,0,128,0,112,"TCP_TCP_TA_DATA_STALL_CYCLES",22481865.000000,1000767401853405,1000767402954815
59,59,"Agent 1",1,43075,43075,2097152,1,"gemm",512,131072,0,128,0,112,"TCP_TCP_TA_ADDR_STALL_CYCLES",27414916.000000,1000767401853405,1000767402954815
60,60,"Agent 1",1,43075,43075,2097152,1,"gemm",512,131072,0,128,0,112,"SQ_INSTS_VMEM_WR",4194304.000000,1000767403050256,1000767404163106
60,60,"Agent 1",1,43075,43075,2097152,1,"gemm",512,131072,0,128,0,112,"SQ_VMEM_TA_CMD_FIFO_FULL",104786996.000000,1000767403050256,1000767404163106
60,60,"Agent 1",1,43075,43075,2097152,1,"gemm",512,131072,0,128,0,112,"TCC_WRITE_SECTORS",33554432.000000,1000767403050256,1000767404163106
60,60,"Agent 1",1,43075,43075,2097152,1,"gemm",512,131072,0,128,0,112,"TCP_TCP_TA_DATA_STALL_CYCLES",24472909.000000,1000767403050256,1000767404163106
60,60,"Agent 1",1,43075,43075,2097152,1,"gemm",512,131072,0,128,0,112,"TCP_TCP_TA_ADDR_STALL_CYCLES",29792685.000000,1000767403050256,1000767404163106
61,61,"Agent 1",1,43075,43075,2097152,1,"gemm",512,131072,0,128,0,112,"SQ_INSTS_VMEM_WR",4194304.000000,1000767404266587,1000767405364597
61,61,"Agent 1",1,43075,43075,2097152,1,"gemm",512,131072,0,128,0,112,"SQ_VMEM_TA_CMD_FIFO_FULL",96719096.000000,1000767404266587,1000767405364597
61,61,"Agent 1",1,43075,43075,2097152,1,"gemm",512,131072,0,128,0,112,"TCC_WRITE_SECTORS",33554432.000000,1000767404266587,1000767405364597
61,61,"Agent 1",1,43075,43075,2097152,1,"gemm",512,131072,0,128,0,112,"TCP_TCP_TA_DATA_STALL_CYCLES",22766500.000000,1000767404266587,1000767405364597
61,61,"Agent 1",1,43075,43075,2097152,1,"gemm",512,131072,0,128,0,112,"TCP_TCP_TA_ADDR_STALL_CYCLES",27881335.000000,1000767404266587,1000767405364597
62,62,"Agent 1",1,43075,43075,2097152,1,"gemm",512,131072,0,128,0,112,"SQ_INSTS_VMEM_WR",4194304.000000,1000767405465478,1000767406559809
62,62,"Agent 1",1,43075,43075,2097152,1,"gemm",512,131072,0,128,0,112,"SQ_VMEM_TA_CMD_FIFO_FULL",97543793.000000,1000767405465478,1000767406559809
62,62,"Agent 1",1,43075,43075,2097152,1,"gemm",512,131072,0,128,0,112,"TCC_WRITE_SECTORS",33554432.000000,1000767405465478,1000767406559809
62,62,"Agent 1",1,43075,43075,2097152,1,"gemm",512,131072,0,128,0,112,"TCP_TCP_TA_DATA_STALL_CYCLES",22729531.000000,1000767405465478,1000767406559809
62,62,"Agent 1",1,43075,43075,2097152,1,"gemm",512,131072,0,128,0,112,"TCP_TCP_TA_ADDR_STALL_CYCLES",27569266.000000,1000767405465478,1000767406559809
63,63,"Agent 1",1,43075,43075,2097152,1,"gemm",512,131072,0,128,0,112,"SQ_INSTS_VMEM_WR",4194304.000000,1000767406665770,1000767407765460
63,63,"Agent 1",1,43075,43075,2097152,1,"gemm",512,131072,0,128,0,112,"SQ_VMEM_TA_CMD_FIFO_FULL",97957925.000000,1000767406665770,1000767407765460
63,63,"Agent 1",1,43075,43075,2097152,1,"gemm",512,131072,0,128,0,112,"TCC_WRITE_SECTORS",33554432.000000,1000767406665770,1000767407765460
63,63,"Agent 1",1,43075,43075,2097152,1,"gemm",512,131072,0,128,0,112,"TCP_TCP_TA_DATA_STALL_CYCLES",23012979.000000,1000767406665770,1000767407765460
63,63,"Agent 1",1,43075,43075,2097152,1,"gemm",512,131072,0,128,0,112,"TCP_TCP_TA_ADDR_STALL_CYCLES",27915928.000000,1000767406665770,1000767407765460
64,64,"Agent 1",1,43075,43075,2097152,1,"gemm",512,131072,0,128,0,112,"SQ_INSTS_VMEM_WR",4194304.000000,1000767407871181,1000767408966391
64,64,"Agent 1",1,43075,43075,2097152,1,"gemm",512,131072,0,128,0,112,"SQ_VMEM_TA_CMD_FIFO_FULL",96672104.000000,1000767407871181,1000767408966391
64,64,"Agent 1",1,43075,43075,2097152,1,"gemm",512,131072,0,128,0,112,"TCC_WRITE_SECTORS",33554432.000000,1000767407871181,1000767408966391
64,64,"Agent 1",1,43075,43075,2097152,1,"gemm",512,131072,0,128,0,112,"TCP_TCP_TA_DATA_STALL_CYCLES",22278652.000000,1000767407871181,1000767408966391
64,64,"Agent 1",1,43075,43075,2097152,1,"gemm",512,131072,0,128,0,112,"TCP_TCP_TA_ADDR_STALL_CYCLES",27593999.000000,1000767407871181,1000767408966391
65,65,"Agent 1",1,43075,43075,2097152,1,"gemm",512,131072,0,128,0,112,"SQ_INSTS_VMEM_WR",4194304.000000,1000767409073752,1000767410170442
65,65,"Agent 1",1,43075,43075,2097152,1,"gemm",512,131072,0,128,0,112,"SQ_VMEM_TA_CMD_FIFO_FULL",95577341.000000,1000767409073752,1000767410170442
65,65,"Agent 1",1,43075,43075,2097152,1,"gemm",512,131072,0,128,0,112,"TCC_WRITE_SECTORS",33554432.000000,1000767409073752,1000767410170442
65,65,"Agent 1",1,43075,43075,2097152,1,"gemm",512,131072,0,128,0,112,"TCP_TCP_TA_DATA_STALL_CYCLES",22031118.000000,1000767409073752,1000767410170442
65,65,"Agent 1",1,43075,43075,2097152,1,"gemm",512,131072,0,128,0,112,"TCP_TCP_TA_ADDR_STALL_CYCLES",27096302.000000,1000767409073752,1000767410170442
66,66,"Agent 1",1,43075,43075,2097152,1,"gemm",512,131072,0,128,0,112,"SQ_INSTS_VMEM_WR",4194304.000000,1000767410271763,1000767411372854
66,66,"Agent 1",1,43075,43075,2097152,1,"gemm",512,131072,0,128,0,112,"SQ_VMEM_TA_CMD_FIFO_FULL",97935298.000000,1000767410271763,1000767411372854
66,66,"Agent 1",1,43075,43075,2097152,1,"gemm",512,131072,0,128,0,112,"TCC_WRITE_SECTORS",33554432.000000,1000767410271763,1000767411372854
66,66,"Agent 1",1,43075,43075,2097152,1,"gemm",512,131072,0,128,0,112,"TCP_TCP_TA_DATA_STALL_CYCLES",22734819.000000,1000767410271763,1000767411372854
66,66,"Agent 1",1,43075,43075,2097152,1,"gemm",512,131072,0,128,0,112,"TCP_TCP_TA_ADDR_STALL_CYCLES",28045798.000000,1000767410271763,1000767411372854
67,67,"Agent 1",1,43075,43075,2097152,1,"gemm",512,131072,0,128,0,112,"SQ_INSTS_VMEM_WR",4194304.000000,1000767411478695,1000767412569665
67,67,"Agent 1",1,43075,43075,2097152,1,"gemm",512,131072,0,128,0,112,"SQ_VMEM_TA_CMD_FIFO_FULL",96087318.000000,1000767411478695,1000767412569665
67,67,"Agent 1",1,43075,43075,2097152,1,"gemm",512,131072,0,128,0,112,"TCC_WRITE_SECTORS",33554432.000000,1000767411478695,1000767412569665
67,67,"Agent 1",1,43075,43075,2097152,1,"gemm",512,131072,0,128,0,112,"TCP_TCP_TA_DATA_STALL_CYCLES",22391054.000000,1000767411478695,1000767412569665
67,67,"Agent 1",1,43075,43075,2097152,1,"gemm",512,131072,0,128,0,112,"TCP_TCP_TA_ADDR_STALL_CYCLES",27319859.000000,1000767411478695,1000767412569665
68,68,"Agent 1",1,43075,43075,2097152,1,"gemm",512,131072,0,128,0,112,"SQ_INSTS_VMEM_WR",4194304.000000,1000767412684546,1000767413791476
68,68,"Agent 1",1,43075,43075,2097152,1,"gemm",512,131072,0,128,0,112,"SQ_VMEM_TA_CMD_FIFO_FULL",100796706.000000,1000767412684546,1000767413791476
68,68,"Agent 1",1,43075,43075,2097152,1,"gemm",512,131072,0,128,0,112,"TCC_WRITE_SECTORS",33554432.000000,1000767412684546,1000767413791476
68,68,"Agent 1",1,43075,43075,2097152,1,"gemm",512,131072,0,128,0,112,"TCP_TCP_TA_DATA_STALL_CYCLES",23927883.000000,1000767412684546,1000767413791476
68,68,"Agent 1",1,43075,43075,2097152,1,"gemm",512,131072,0,128,0,112,"TCP_TCP_TA_ADDR_STALL_CYCLES",27560302.000000,1000767412684546,1000767413791476
69,69,"Agent 1",1,43075,43075,2097152,1,"gemm",512,131072,0,128,0,112,"SQ_INSTS_VMEM_WR",4194304.000000,1000767413906197,1000767414998568
69,69,"Agent 1",1,43075,43075,2097152,1,"gemm",512,131072,0,128,0,112,"SQ_VMEM_TA_CMD_FIFO_FULL",95391594.000000,1000767413906197,1000767414998568
69,69,"Agent 1",1,43075,43075,2097152,1,"gemm",512,131072,0,128,0,112,"TCC_WRITE_SECTORS",33554432.000000,1000767413906197,1000767414998568
69,69,"Agent 1",1,43075,43075,2097152,1,"gemm",512,131072,0,128,0,112,"TCP_TCP_TA_DATA_STALL_CYCLES",22368872.000000,1000767413906197,1000767414998568
69,69,"Agent 1",1,43075,43075,2097152,1,"gemm",512,131072,0,128,0,112,"TCP_TCP_TA_ADDR_STALL_CYCLES",26540578.000000,1000767413906197,1000767414998568
70,70,"Agent 1",1,43075,43075,2097152,1,"gemm",512,131072,0,128,0,112,"SQ_INSTS_VMEM_WR",4194304.000000,1000767415119689,1000767416214979
70,70,"Agent 1",1,43075,43075,2097152,1,"gemm",512,131072,0,128,0,112,"SQ_VMEM_TA_CMD_FIFO_FULL",96520018.000000,1000767415119689,1000767416214979
70,70,"Agent 1",1,43075,43075,2097152,1,"gemm",512,131072,0,128,0,112,"TCC_WRITE_SECTORS",33554432.000000,1000767415119689,1000767416214979
70,70,"Agent 1",1,43075,43075,2097152,1,"gemm",512,131072,0,128,0,112,"TCP_TCP_TA_DATA_STALL_CYCLES",22359021.000000,1000767415119689,1000767416214979
70,70,"Agent 1",1,43075,43075,2097152,1,"gemm",512,131072,0,128,0,112,"TCP_TCP_TA_ADDR_STALL_CYCLES",27853671.000000,1000767415119689,1000767416214979
71,71,"Agent 1",1,43075,43075,2097152,1,"gemm",512,131072,0,128,0,112,"SQ_INSTS_VMEM_WR",4194304.000000,1000767416331860,1000767417427310
71,71,"Agent 1",1,43075,43075,2097152,1,"gemm",512,131072,0,128,0,112,"SQ_VMEM_TA_CMD_FIFO_FULL",97150849.000000,1000767416331860,1000767417427310
71,71,"Agent 1",1,43075,43075,2097152,1,"gemm",512,131072,0,128,0,112,"TCC_WRITE_SECTORS",33554432.000000,1000767416331860,1000767417427310
71,71,"Agent 1",1,43075,43075,2097152,1,"gemm",512,131072,0,128,0,112,"TCP_TCP_TA_DATA_STALL_CYCLES",22021836.000000,1000767416331860,1000767417427310
71,71,"Agent 1",1,43075,43075,2097152,1,"gemm",512,131072,0,128,0,112,"TCP_TCP_TA_ADDR_STALL_CYCLES",27490926.000000,1000767416331860,1000767417427310
72,72,"Agent 1",1,43075,43075,2097152,1,"gemm",512,131072,0,128,0,112,"SQ_INSTS_VMEM_WR",4194304.000000,1000767417538671,1000767418643402
72,72,"Agent 1",1,43075,43075,2097152,1,"gemm",512,131072,0,128,0,112,"SQ_VMEM_TA_CMD_FIFO_FULL",101633348.000000,1000767417538671,1000767418643402
72,72,"Agent 1",1,43075,43075,2097152,1,"gemm",512,131072,0,128,0,112,"TCC_WRITE_SECTORS",33554432.000000,1000767417538671,1000767418643402
72,72,"Agent 1",1,43075,43075,2097152,1,"gemm",512,131072,0,128,0,112,"TCP_TCP_TA_DATA_STALL_CYCLES",23322587.000000,1000767417538671,1000767418643402
72,72,"Agent 1",1,43075,43075,2097152,1,"gemm",512,131072,0,128,0,112,"TCP_TCP_TA_ADDR_STALL_CYCLES",29040051.000000,1000767417538671,1000767418643402
73,73,"Agent 1",1,43075,43075,2097152,1,"gemm",512,131072,0,128,0,112,"SQ_INSTS_VMEM_WR",4194304.000000,1000767418768763,1000767419865573
73,73,"Agent 1",1,43075,43075,2097152,1,"gemm",512,131072,0,128,0,112,"SQ_VMEM_TA_CMD_FIFO_FULL",95747259.000000,1000767418768763,1000767419865573
73,73,"Agent 1",1,43075,43075,2097152,1,"gemm",512,131072,0,128,0,112,"TCC_WRITE_SECTORS",33554432.000000,1000767418768763,1000767419865573
73,73,"Agent 1",1,43075,43075,2097152,1,"gemm",512,131072,0,128,0,112,"TCP_TCP_TA_DATA_STALL_CYCLES",21928064.000000,1000767418768763,1000767419865573
73,73,"Agent 1",1,43075,43075,2097152,1,"gemm",512,131072,0,128,0,112,"TCP_TCP_TA_ADDR_STALL_CYCLES",27121851.000000,1000767418768763,1000767419865573
74,74,"Agent 1",1,43075,43075,2097152,1,"gemm",512,131072,0,128,0,112,"SQ_INSTS_VMEM_WR",4194304.000000,1000767419992854,1000767421093665
74,74,"Agent 1",1,43075,43075,2097152,1,"gemm",512,131072,0,128,0,112,"SQ_VMEM_TA_CMD_FIFO_FULL",96867225.000000,1000767419992854,1000767421093665
74,74,"Agent 1",1,43075,43075,2097152,1,"gemm",512,131072,0,128,0,112,"TCC_WRITE_SECTORS",33554432.000000,1000767419992854,1000767421093665
74,74,"Agent 1",1,43075,43075,2097152,1,"gemm",512,131072,0,128,0,112,"TCP_TCP_TA_DATA_STALL_CYCLES",22598928.000000,1000767419992854,1000767421093665
74,74,"Agent 1",1,43075,43075,2097152,1,"gemm",512,131072,0,128,0,112,"TCP_TCP_TA_ADDR_STALL_CYCLES",27396201.000000,1000767419992854,1000767421093665
75,75,"Agent 1",1,43075,43075,2097152,1,"gemm",512,131072,0,128,0,112,"SQ_INSTS_VMEM_WR",4194304.000000,1000767421221386,1000767422314796
75,75,"Agent 1",1,43075,43075,2097152,1,"gemm",512,131072,0,128,0,112,"SQ_VMEM_TA_CMD_FIFO_FULL",95859232.000000,1000767421221386,1000767422314796
75,75,"Agent 1",1,43075,43075,2097152,1,"gemm",512,131072,0,128,0,112,"TCC_WRITE_SECTORS",33554432.000000,1000767421221386,1000767422314796
75,75,"Agent 1",1,43075,43075,2097152,1,"gemm",512,131072,0,128,0,112,"TCP_TCP_TA_DATA_STALL_CYCLES",21998625.000000,1000767421221386,1000767422314796
75,75,"Agent 1",1,43075,43075,2097152,1,"gemm",512,131072,0,128,0,112,"TCP_TCP_TA_ADDR_STALL_CYCLES",27077117.000000,1000767421221386,1000767422314796
76,76,"Agent 1",1,43075,43075,2097152,1,"gemm",512,131072,0,128,0,112,"SQ_INSTS_VMEM_WR",4194304.000000,1000767422440477,1000767423536608
76,76,"Agent 1",1,43075,43075,2097152,1,"gemm",512,131072,0,128,0,112,"SQ_VMEM_TA_CMD_FIFO_FULL",96031242.000000,1000767422440477,1000767423536608
76,76,"Agent 1",1,43075,43075,2097152,1,"gemm",512,131072,0,128,0,112,"TCC_WRITE_SECTORS",33554432.000000,1000767422440477,1000767423536608
76,76,"Agent 1",1,43075,43075,2097152,1,"gemm",512,131072,0,128,0,112,"TCP_TCP_TA_DATA_STALL_CYCLES",22658214.000000,1000767422440477,1000767423536608
76,76,"Agent 1",1,43075,43075,2097152,1,"gemm",512,131072,0,128,0,112,"TCP_TCP_TA_ADDR_STALL_CYCLES",26950837.000000,1000767422440477,1000767423536608
77,77,"Agent 1",1,43075,43075,2097152,1,"gemm",512,131072,0,128,0,112,"SQ_INSTS_VMEM_WR",4194304.000000,1000767423664729,1000767424763459
77,77,"Agent 1",1,43075,43075,2097152,1,"gemm",512,131072,0,128,0,112,"SQ_VMEM_TA_CMD_FIFO_FULL",98104700.000000,1000767423664729,1000767424763459
77,77,"Agent 1",1,43075,43075,2097152,1,"gemm",512,131072,0,128,0,112,"TCC_WRITE_SECTORS",33554432.000000,1000767423664729,1000767424763459
77,77,"Agent 1",1,43075,43075,2097152,1,"gemm",512,131072,0,128,0,112,"TCP_TCP_TA_DATA_STALL_CYCLES",22492834.000000,1000767423664729,1000767424763459
77,77,"Agent 1",1,43075,43075,2097152,1,"gemm",512,131072,0,128,0,112,"TCP_TCP_TA_ADDR_STALL_CYCLES",28088655.000000,1000767423664729,1000767424763459
78,78,"Agent 1",1,43075,43075,2097152,1,"gemm",512,131072,0,128,0,112,"SQ_INSTS_VMEM_WR",4194304.000000,1000767424897580,1000767425989511
78,78,"Agent 1",1,43075,43075,2097152,1,"gemm",512,131072,0,128,0,112,"SQ_VMEM_TA_CMD_FIFO_FULL",93850062.000000,1000767424897580,1000767425989511
78,78,"Agent 1",1,43075,43075,2097152,1,"gemm",512,131072,0,128,0,112,"TCC_WRITE_SECTORS",33554432.000000,1000767424897580,1000767425989511
78,78,"Agent 1",1,43075,43075,2097152,1,"gemm",512,131072,0,128,0,112,"TCP_TCP_TA_DATA_STALL_CYCLES",22165856.000000,1000767424897580,1000767425989511
78,78,"Agent 1",1,43075,43075,2097152,1,"gemm",512,131072,0,128,0,112,"TCP_TCP_TA_ADDR_STALL_CYCLES",26162733.000000,1000767424897580,1000767425989511
79,79,"Agent 1",1,43075,43075,2097152,1,"gemm",512,131072,0,128,0,112,"SQ_INSTS_VMEM_WR",4194304.000000,1000767426107272,1000767427202122
79,79,"Agent 1",1,43075,43075,2097152,1,"gemm",512,131072,0,128,0,112,"SQ_VMEM_TA_CMD_FIFO_FULL",94163887.000000,1000767426107272,1000767427202122
79,79,"Agent 1",1,43075,43075,2097152,1,"gemm",512,131072,0,128,0,112,"TCC_WRITE_SECTORS",33554432.000000,1000767426107272,1000767427202122
79,79,"Agent 1",1,43075,43075,2097152,1,"gemm",512,131072,0,128,0,112,"TCP_TCP_TA_DATA_STALL_CYCLES",21240294.000000,1000767426107272,1000767427202122
79,79,"Agent 1",1,43075,43075,2097152,1,"gemm",512,131072,0,128,0,112,"TCP_TCP_TA_ADDR_STALL_CYCLES",27581425.000000,1000767426107272,1000767427202122
80,80,"Agent 1",1,43075,43075,2097152,1,"gemm",512,131072,0,128,0,112,"SQ_INSTS_VMEM_WR",4194304.000000,1000767427331803,1000767428424893
80,80,"Agent 1",1,43075,43075,2097152,1,"gemm",512,131072,0,128,0,112,"SQ_VMEM_TA_CMD_FIFO_FULL",94011435.000000,1000767427331803,1000767428424893
80,80,"Agent 1",1,43075,43075,2097152,1,"gemm",512,131072,0,128,0,112,"TCC_WRITE_SECTORS",33554432.000000,1000767427331803,1000767428424893
80,80,"Agent 1",1,43075,43075,2097152,1,"gemm",512,131072,0,128,0,112,"TCP_TCP_TA_DATA_STALL_CYCLES",22246145.000000,1000767427331803,1000767428424893
80,80,"Agent 1",1,43075,43075,2097152,1,"gemm",512,131072,0,128,0,112,"TCP_TCP_TA_ADDR_STALL_CYCLES",26351972.000000,1000767427331803,1000767428424893
81,81,"Agent 1",1,43075,43075,2097152,1,"gemm",512,131072,0,128,0,112,"SQ_INSTS_VMEM_WR",4194304.000000,1000767428541895,1000767429644345
81,81,"Agent 1",1,43075,43075,2097152,1,"gemm",512,131072,0,128,0,112,"SQ_VMEM_TA_CMD_FIFO_FULL",98103322.000000,1000767428541895,1000767429644345
81,81,"Agent 1",1,43075,43075,2097152,1,"gemm",512,131072,0,128,0,112,"TCC_WRITE_SECTORS",33554432.000000,1000767428541895,1000767429644345
81,81,"Agent 1",1,43075,43075,2097152,1,"gemm",512,131072,0,128,0,112,"TCP_TCP_TA_DATA_STALL_CYCLES",24319080.000000,1000767428541895,1000767429644345
81,81,"Agent 1",1,43075,43075,2097152,1,"gemm",512,131072,0,128,0,112,"TCP_TCP_TA_ADDR_STALL_CYCLES",27585766.000000,1000767428541895,1000767429644345
82,82,"Agent 1",1,43075,43075,2097152,1,"gemm",512,131072,0,128,0,112,"SQ_INSTS_VMEM_WR",4194304.000000,1000767429779306,1000767430873236
82,82,"Agent 1",1,43075,43075,2097152,1,"gemm",512,131072,0,128,0,112,"SQ_VMEM_TA_CMD_FIFO_FULL",95798965.000000,1000767429779306,1000767430873236
82,82,"Agent 1",1,43075,43075,2097152,1,"gemm",512,131072,0,128,0,112,"TCC_WRITE_SECTORS",33554432.000000,1000767429779306,1000767430873236
82,82,"Agent 1",1,43075,43075,2097152,1,"gemm",512,131072,0,128,0,112,"TCP_TCP_TA_DATA_STALL_CYCLES",22159334.000000,1000767429779306,1000767430873236
82,82,"Agent 1",1,43075,43075,2097152,1,"gemm",512,131072,0,128,0,112,"TCP_TCP_TA_ADDR_STALL_CYCLES",27417901.000000,1000767429779306,1000767430873236
83,83,"Agent 1",1,43075,43075,2097152,1,"gemm",512,131072,0,128,0,112,"SQ_INSTS_VMEM_WR",4194304.000000,1000767431010318,1000767432113088
83,83,"Agent 1",1,43075,43075,2097152,1,"gemm",512,131072,0,128,0,112,"SQ_VMEM_TA_CMD_FIFO_FULL",99981779.000000,1000767431010318,1000767432113088
83,83,"Agent 1",1,43075,43075,2097152,1,"gemm",512,131072,0,128,0,112,"TCC_WRITE_SECTORS",33554432.000000,1000767431010318,1000767432113088
83,83,"Agent 1",1,43075,43075,2097152,1,"gemm",512,131072,0,128,0,112,"TCP_TCP_TA_DATA_STALL_CYCLES",22877948.000000,1000767431010318,1000767432113088
83,83,"Agent 1",1,43075,43075,2097152,1,"gemm",512,131072,0,128,0,112,"TCP_TCP_TA_ADDR_STALL_CYCLES",28993895.000000,1000767431010318,1000767432113088
84,84,"Agent 1",1,43075,43075,2097152,1,"gemm",512,131072,0,128,0,112,"SQ_INSTS_VMEM_WR",4194304.000000,1000767432245369,1000767433338939
84,84,"Agent 1",1,43075,43075,2097152,1,"gemm",512,131072,0,128,0,112,"SQ_VMEM_TA_CMD_FIFO_FULL",95534125.000000,1000767432245369,1000767433338939
84,84,"Agent 1",1,43075,43075,2097152,1,"gemm",512,131072,0,128,0,112,"TCC_WRITE_SECTORS",33554432.000000,1000767432245369,1000767433338939
84,84,"Agent 1",1,43075,43075,2097152,1,"gemm",512,131072,0,128,0,112,"TCP_TCP_TA_DATA_STALL_CYCLES",21746849.000000,1000767432245369,1000767433338939
84,84,"Agent 1",1,43075,43075,2097152,1,"gemm",512,131072,0,128,0,112,"TCP_TCP_TA_ADDR_STALL_CYCLES",27057114.000000,1000767432245369,1000767433338939
85,85,"Agent 1",1,43075,43075,2097152,1,"gemm",512,131072,0,128,0,112,"SQ_INSTS_VMEM_WR",4194304.000000,1000767433467621,1000767434564271
85,85,"Agent 1",1,43075,43075,2097152,1,"gemm",512,131072,0,128,0,112,"SQ_VMEM_TA_CMD_FIFO_FULL",96875651.000000,1000767433467621,1000767434564271
85,85,"Agent 1",1,43075,43075,2097152,1,"gemm",512,131072,0,128,0,112,"TCC_WRITE_SECTORS",33554432.000000,1000767433467621,1000767434564271
85,85,"Agent 1",1,43075,43075,2097152,1,"gemm",512,131072,0,128,0,112,"TCP_TCP_TA_DATA_STALL_CYCLES",22398837.000000,1000767433467621,1000767434564271
85,85,"Agent 1",1,43075,43075,2097152,1,"gemm",512,131072,0,128,0,112,"TCP_TCP_TA_ADDR_STALL_CYCLES",27529048.000000,1000767433467621,1000767434564271
86,86,"Agent 1",1,43075,43075,2097152,1,"gemm",512,131072,0,128,0,112,"SQ_INSTS_VMEM_WR",4194304.000000,1000767434679632,1000767435783682
86,86,"Agent 1",1,43075,43075,2097152,1,"gemm",512,131072,0,128,0,112,"SQ_VMEM_TA_CMD_FIFO_FULL",99937883.000000,1000767434679632,1000767435783682
86,86,"Agent 1",1,43075,43075,2097152,1,"gemm",512,131072,0,128,0,112,"TCC_WRITE_SECTORS",33554432.000000,1000767434679632,1000767435783682
86,86,"Agent 1",1,43075,43075,2097152,1,"gemm",512,131072,0,128,0,112,"TCP_TCP_TA_DATA_STALL_CYCLES",22288510.000000,1000767434679632,1000767435783682
86,86,"Agent 1",1,43075,43075,2097152,1,"gemm",512,131072,0,128,0,112,"TCP_TCP_TA_ADDR_STALL_CYCLES",28650453.000000,1000767434679632,1000767435783682
87,87,"Agent 1",1,43075,43075,2097152,1,"gemm",512,131072,0,128,0,112,"SQ_INSTS_VMEM_WR",4194304.000000,1000767435907124,1000767437001094
87,87,"Agent 1",1,43075,43075,2097152,1,"gemm",512,131072,0,128,0,112,"SQ_VMEM_TA_CMD_FIFO_FULL",95561715.000000,1000767435907124,1000767437001094
87,87,"Agent 1",1,43075,43075,2097152,1,"gemm",512,131072,0,128,0,112,"TCC_WRITE_SECTORS",33554432.000000,1000767435907124,1000767437001094
87,87,"Agent 1",1,43075,43075,2097152,1,"gemm",512,131072,0,128,0,112,"TCP_TCP_TA_DATA_STALL_CYCLES",22448273.000000,1000767435907124,1000767437001094
87,87,"Agent 1",1,43075,43075,2097152,1,"gemm",512,131072,0,128,0,112,"TCP_TCP_TA_ADDR_STALL_CYCLES",27173157.000000,1000767435907124,1000767437001094
88,88,"Agent 1",1,43075,43075,2097152,1,"gemm",512,131072,0,128,0,112,"SQ_INSTS_VMEM_WR",4194304.000000,1000767437115295,1000767438219105
88,88,"Agent 1",1,43075,43075,2097152,1,"gemm",512,131072,0,128,0,112,"SQ_VMEM_TA_CMD_FIFO_FULL",100617293.000000,1000767437115295,1000767438219105
88,88,"Agent 1",1,43075,43075,2097152,1,"gemm",512,131072,0,128,0,112,"TCC_WRITE_SECTORS",33554432.000000,1000767437115295,1000767438219105
88,88,"Agent 1",1,43075,43075,2097152,1,"gemm",512,131072,0,128,0,112,"TCP_TCP_TA_DATA_STALL_CYCLES",22802991.000000,1000767437115295,1000767438219105
88,88,"Agent 1",1,43075,43075,2097152,1,"gemm",512,131072,0,128,0,112,"TCP_TCP_TA_ADDR_STALL_CYCLES",28822903.000000,1000767437115295,1000767438219105
89,89,"Agent 1",1,43075,43075,2097152,1,"gemm",512,131072,0,128,0,112,"SQ_INSTS_VMEM_WR",4194304.000000,1000767438342746,1000767439448557
89,89,"Agent 1",1,43075,43075,2097152,1,"gemm",512,131072,0,128,0,112,"SQ_VMEM_TA_CMD_FIFO_FULL",100628195.000000,1000767438342746,1000767439448557
89,89,"Agent 1",1,43075,43075,2097152,1,"gemm",512,131072,0,128,0,112,"TCC_WRITE_SECTORS",33554432.000000,1000767438342746,1000767439448557
89,89,"Agent 1",1,43075,43075,2097152,1,"gemm",512,131072,0,128,0,112,"TCP_TCP_TA_DATA_STALL_CYCLES",24282830.000000,1000767438342746,1000767439448557
89,89,"Agent 1",1,43075,43075,2097152,1,"gemm",512,131072,0,128,0,112,"TCP_TCP_TA_ADDR_STALL_CYCLES",27695507.000000,1000767438342746,1000767439448557
90,90,"Agent 1",1,43075,43075,2097152,1,"gemm",512,131072,0,128,0,112,"SQ_INSTS_VMEM_WR",4194304.000000,1000767439569718,1000767440667368
90,90,"Agent 1",1,43075,43075,2097152,1,"gemm",512,131072,0,128,0,112,"SQ_VMEM_TA_CMD_FIFO_FULL",98471691.000000,1000767439569718,1000767440667368
90,90,"Agent 1",1,43075,43075,2097152,1,"gemm",512,131072,0,128,0,112,"TCC_WRITE_SECTORS",33554432.000000,1000767439569718,1000767440667368
90,90,"Agent 1",1,43075,43075,2097152,1,"gemm",512,131072,0,128,0,112,"TCP_TCP_TA_DATA_STALL_CYCLES",22190415.000000,1000767439569718,1000767440667368
90,90,"Agent 1",1,43075,43075,2097152,1,"gemm",512,131072,0,128,0,112,"TCP_TCP_TA_ADDR_STALL_CYCLES",28640000.000000,1000767439569718,1000767440667368
91,91,"Agent 1",1,43075,43075,2097152,1,"gemm",512,131072,0,128,0,112,"SQ_INSTS_VMEM_WR",4194304.000000,1000767440789649,1000767441889660
91,91,"Agent 1",1,43075,43075,2097152,1,"gemm",512,131072,0,128,0,112,"SQ_VMEM_TA_CMD_FIFO_FULL",96471373.000000,1000767440789649,1000767441889660
91,91,"Agent 1",1,43075,43075,2097152,1,"gemm",512,131072,0,128,0,112,"TCC_WRITE_SECTORS",33554432.000000,1000767440789649,1000767441889660
91,91,"Agent 1",1,43075,43075,2097152,1,"gemm",512,131072,0,128,0,112,"TCP_TCP_TA_DATA_STALL_CYCLES",22750486.000000,1000767440789649,1000767441889660
91,91,"Agent 1",1,43075,43075,2097152,1,"gemm",512,131072,0,128,0,112,"TCP_TCP_TA_ADDR_STALL_CYCLES",28178940.000000,1000767440789649,1000767441889660
92,92,"Agent 1",1,43075,43075,2097152,1,"gemm",512,131072,0,128,0,112,"SQ_INSTS_VMEM_WR",4194304.000000,1000767442004221,1000767443101751
92,92,"Agent 1",1,43075,43075,2097152,1,"gemm",512,131072,0,128,0,112,"SQ_VMEM_TA_CMD_FIFO_FULL",97927780.000000,1000767442004221,1000767443101751
92,92,"Agent 1",1,43075,43075,2097152,1,"gemm",512,131072,0,128,0,112,"TCC_WRITE_SECTORS",33554432.000000,1000767442004221,1000767443101751
92,92,"Agent 1",1,43075,43075,2097152,1,"gemm",512,131072,0,128,0,112,"TCP_TCP_TA_DATA_STALL_CYCLES",23297072.000000,1000767442004221,1000767443101751
92,92,"Agent 1",1,43075,43075,2097152,1,"gemm",512,131072,0,128,0,112,"TCP_TCP_TA_ADDR_STALL_CYCLES",28046113.000000,1000767442004221,1000767443101751
93,93,"Agent 1",1,43075,43075,2097152,1,"gemm",512,131072,0,128,0,112,"SQ_INSTS_VMEM_WR",4194304.000000,1000767443223112,1000767444323962
93,93,"Agent 1",1,43075,43075,2097152,1,"gemm",512,131072,0,128,0,112,"SQ_VMEM_TA_CMD_FIFO_FULL",99519182.000000,1000767443223112,1000767444323962
93,93,"Agent 1",1,43075,43075,2097152,1,"gemm",512,131072,0,128,0,112,"TCC_WRITE_SECTORS",33554432.000000,1000767443223112,1000767444323962
93,93,"Agent 1",1,43075,43075,2097152,1,"gemm",512,131072,0,128,0,112,"TCP_TCP_TA_DATA_STALL_CYCLES",23542773.000000,1000767443223112,1000767444323962
93,93,"Agent 1",1,43075,43075,2097152,1,"gemm",512,131072,0,128,0,112,"TCP_TCP_TA_ADDR_STALL_CYCLES",28758645.000000,1000767443223112,1000767444323962
94,94,"Agent 1",1,43075,43075,2097152,1,"gemm",512,131072,0,128,0,112,"SQ_INSTS_VMEM_WR",4194304.000000,1000767444447724,1000767445541894
94,94,"Agent 1",1,43075,43075,2097152,1,"gemm",512,131072,0,128,0,112,"SQ_VMEM_TA_CMD_FIFO_FULL",96348141.000000,1000767444447724,1000767445541894
94,94,"Agent 1",1,43075,43075,2097152,1,"gemm",512,131072,0,128,0,112,"TCC_WRITE_SECTORS",33554432.000000,1000767444447724,1000767445541894
94,94,"Agent 1",1,43075,43075,2097152,1,"gemm",512,131072,0,128,0,112,"TCP_TCP_TA_DATA_STALL_CYCLES",23493591.000000,1000767444447724,1000767445541894
94,94,"Agent 1",1,43075,43075,2097152,1,"gemm",512,131072,0,128,0,112,"TCP_TCP_TA_ADDR_STALL_CYCLES",26990641.000000,1000767444447724,1000767445541894
95,95,"Agent 1",1,43075,43075,2097152,1,"gemm",512,131072,0,128,0,112,"SQ_INSTS_VMEM_WR",4194304.000000,1000767445667135,1000767446766665
95,95,"Agent 1",1,43075,43075,2097152,1,"gemm",512,131072,0,128,0,112,"SQ_VMEM_TA_CMD_FIFO_FULL",96706266.000000,1000767445667135,1000767446766665
95,95,"Agent 1",1,43075,43075,2097152,1,"gemm",512,131072,0,128,0,112,"TCC_WRITE_SECTORS",33554432.000000,1000767445667135,1000767446766665
95,95,"Agent 1",1,43075,43075,2097152,1,"gemm",512,131072,0,128,0,112,"TCP_TCP_TA_DATA_STALL_CYCLES",24023235.000000,1000767445667135,1000767446766665
95,95,"Agent 1",1,43075,43075,2097152,1,"gemm",512,131072,0,128,0,112,"TCP_TCP_TA_ADDR_STALL_CYCLES",27217423.000000,1000767445667135,1000767446766665
96,96,"Agent 1",1,43075,43075,2097152,1,"gemm",512,131072,0,128,0,112,"SQ_INSTS_VMEM_WR",4194304.000000,1000767446899187,1000767447989237
96,96,"Agent 1",1,43075,43075,2097152,1,"gemm",512,131072,0,128,0,112,"SQ_VMEM_TA_CMD_FIFO_FULL",95016405.000000,1000767446899187,1000767447989237
96,96,"Agent 1",1,43075,43075,2097152,1,"gemm",512,131072,0,128,0,112,"TCC_WRITE_SECTORS",33554432.000000,1000767446899187,1000767447989237
96,96,"Agent 1",1,43075,43075,2097152,1,"gemm",512,131072,0,128,0,112,"TCP_TCP_TA_DATA_STALL_CYCLES",22264384.000000,1000767446899187,1000767447989237
96,96,"Agent 1",1,43075,43075,2097152,1,"gemm",512,131072,0,128,0,112,"TCP_TCP_TA_ADDR_STALL_CYCLES",26933059.000000,1000767446899187,1000767447989237
97,97,"Agent 1",1,43075,43075,2097152,1,"gemm",512,131072,0,128,0,112,"SQ_INSTS_VMEM_WR",4194304.000000,1000767448108918,1000767449215408
97,97,"Agent 1",1,43075,43075,2097152,1,"gemm",512,131072,0,128,0,112,"SQ_VMEM_TA_CMD_FIFO_FULL",98758902.000000,1000767448108918,1000767449215408
97,97,"Agent 1",1,43075,43075,2097152,1,"gemm",512,131072,0,128,0,112,"TCC_WRITE_SECTORS",33554432.000000,1000767448108918,1000767449215408
97,97,"Agent 1",1,43075,43075,2097152,1,"gemm",512,131072,0,128,0,112,"TCP_TCP_TA_DATA_STALL_CYCLES",22907953.000000,1000767448108918,1000767449215408
97,97,"Agent 1",1,43075,43075,2097152,1,"gemm",512,131072,0,128,0,112,"TCP_TCP_TA_ADDR_STALL_CYCLES",28296749.000000,1000767448108918,1000767449215408
98,98,"Agent 1",1,43075,43075,2097152,1,"gemm",512,131072,0,128,0,112,"SQ_INSTS_VMEM_WR",4194304.000000,1000767449347769,1000767450439820
98,98,"Agent 1",1,43075,43075,2097152,1,"gemm",512,131072,0,128,0,112,"SQ_VMEM_TA_CMD_FIFO_FULL",95696064.000000,1000767449347769,1000767450439820
98,98,"Agent 1",1,43075,43075,2097152,1,"gemm",512,131072,0,128,0,112,"TCC_WRITE_SECTORS",33554432.000000,1000767449347769,1000767450439820
98,98,"Agent 1",1,43075,43075,2097152,1,"gemm",512,131072,0,128,0,112,"TCP_TCP_TA_DATA_STALL_CYCLES",22466636.000000,1000767449347769,1000767450439820
98,98,"Agent 1",1,43075,43075,2097152,1,"gemm",512,131072,0,128,0,112,"TCP_TCP_TA_ADDR_STALL_CYCLES",26751177.000000,1000767449347769,1000767450439820
99,99,"Agent 1",1,43075,43075,2097152,1,"gemm",512,131072,0,128,0,112,"SQ_INSTS_VMEM_WR",4194304.000000,1000767450558661,1000767451657711
99,99,"Agent 1",1,43075,43075,2097152,1,"gemm",512,131072,0,128,0,112,"SQ_VMEM_TA_CMD_FIFO_FULL",99001576.000000,1000767450558661,1000767451657711
99,99,"Agent 1",1,43075,43075,2097152,1,"gemm",512,131072,0,128,0,112,"TCC_WRITE_SECTORS",33554432.000000,1000767450558661,1000767451657711
99,99,"Agent 1",1,43075,43075,2097152,1,"gemm",512,131072,0,128,0,112,"TCP_TCP_TA_DATA_STALL_CYCLES",22319984.000000,1000767450558661,1000767451657711
99,99,"Agent 1",1,43075,43075,2097152,1,"gemm",512,131072,0,128,0,112,"TCP_TCP_TA_ADDR_STALL_CYCLES",29048069.000000,1000767450558661,1000767451657711
100,100,"Agent 1",1,43075,43075,2097152,1,"gemm",512,131072,0,128,0,112,"SQ_INSTS_VMEM_WR",4194304.000000,1000767451783872,1000767452877363
100,100,"Agent 1",1,43075,43075,2097152,1,"gemm",512,131072,0,128,0,112,"SQ_VMEM_TA_CMD_FIFO_FULL",96482932.000000,1000767451783872,1000767452877363
100,100,"Agent 1",1,43075,43075,2097152,1,"gemm",512,131072,0,128,0,112,"TCC_WRITE_SECTORS",33554432.000000,1000767451783872,1000767452877363
100,100,"Agent 1",1,43075,43075,2097152,1,"gemm",512,131072,0,128,0,112,"TCP_TCP_TA_DATA_STALL_CYCLES",22458883.000000,1000767451783872,1000767452877363
100,100,"Agent 1",1,43075,43075,2097152,1,"gemm",512,131072,0,128,0,112,"TCP_TCP_TA_ADDR_STALL_CYCLES",26990255.000000,1000767451783872,1000767452877363
101,101,"Agent 1",1,43075,43075,2097152,1,"gemm",512,131072,0,128,0,112,"SQ_INSTS_VMEM_WR",4194304.000000,1000767453001204,1000767454102734
101,101,"Agent 1",1,43075,43075,2097152,1,"gemm",512,131072,0,128,0,112,"SQ_VMEM_TA_CMD_FIFO_FULL",98525270.000000,1000767453001204,1000767454102734
101,101,"Agent 1",1,43075,43075,2097152,1,"gemm",512,131072,0,128,0,112,"TCC_WRITE_SECTORS",33554432.000000,1000767453001204,1000767454102734
101,101,"Agent 1",1,43075,43075,2097152,1,"gemm",512,131072,0,128,0,112,"TCP_TCP_TA_DATA_STALL_CYCLES",23462073.000000,1000767453001204,1000767454102734
101,101,"Agent 1",1,43075,43075,2097152,1,"gemm",512,131072,0,128,0,112,"TCP_TCP_TA_ADDR_STALL_CYCLES",27360237.000000,1000767453001204,1000767454102734
102,102,"Agent 1",1,43075,43075,2097152,1,"gemm",512,131072,0,128,0,112,"SQ_INSTS_VMEM_WR",4194304.000000,1000767454216055,1000767455317945
102,102,"Agent 1",1,43075,43075,2097152,1,"gemm",512,131072,0,128,0,112,"SQ_VMEM_TA_CMD_FIFO_FULL",97491733.000000,1000767454216055,1000767455317945
102,102,"Agent 1",1,43075,43075,2097152,1,"gemm",512,131072,0,128,0,112,"TCC_WRITE_SECTORS",33554432.000000,1000767454216055,1000767455317945
102,102,"Agent 1",1,43075,43075,2097152,1,"gemm",512,131072,0,128,0,112,"TCP_TCP_TA_DATA_STALL_CYCLES",22862278.000000,1000767454216055,1000767455317945
102,102,"Agent 1",1,43075,43075,2097152,1,"gemm",512,131072,0,128,0,112,"TCP_TCP_TA_ADDR_STALL_CYCLES",27412870.000000,1000767454216055,1000767455317945
103,103,"Agent 1",1,43075,43075,2097152,1,"gemm",512,131072,0,128,0,112,"SQ_INSTS_VMEM_WR",4194304.000000,1000767455438627,1000767456534757
103,103,"Agent 1",1,43075,43075,2097152,1,"gemm",512,131072,0,128,0,112,"SQ_VMEM_TA_CMD_FIFO_FULL",97454087.000000,1000767455438627,1000767456534757
103,103,"Agent 1",1,43075,43075,2097152,1,"gemm",512,131072,0,128,0,112,"TCC_WRITE_SECTORS",33554432.000000,1000767455438627,1000767456534757
103,103,"Agent 1",1,43075,43075,2097152,1,"gemm",512,131072,0,128,0,112,"TCP_TCP_TA_DATA_STALL_CYCLES",22119763.000000,1000767455438627,1000767456534757
103,103,"Agent 1",1,43075,43075,2097152,1,"gemm",512,131072,0,128,0,112,"TCP_TCP_TA_ADDR_STALL_CYCLES",27859229.000000,1000767455438627,1000767456534757
104,104,"Agent 1",1,43075,43075,2097152,1,"gemm",512,131072,0,128,0,112,"SQ_INSTS_VMEM_WR",4194304.000000,1000767456657798,1000767457753888
104,104,"Agent 1",1,43075,43075,2097152,1,"gemm",512,131072,0,128,0,112,"SQ_VMEM_TA_CMD_FIFO_FULL",95594548.000000,1000767456657798,1000767457753888
104,104,"Agent 1",1,43075,43075,2097152,1,"gemm",512,131072,0,128,0,112,"TCC_WRITE_SECTORS",33554432.000000,1000767456657798,1000767457753888
104,104,"Agent 1",1,43075,43075,2097152,1,"gemm",512,131072,0,128,0,112,"TCP_TCP_TA_DATA_STALL_CYCLES",22149526.000000,1000767456657798,1000767457753888
104,104,"Agent 1",1,43075,43075,2097152,1,"gemm",512,131072,0,128,0,112,"TCP_TCP_TA_ADDR_STALL_CYCLES",27014966.000000,1000767456657798,1000767457753888
105,105,"Agent 1",1,43075,43075,2097152,1,"gemm",512,131072,0,128,0,112,"SQ_INSTS_VMEM_WR",4194304.000000,1000767457882369,1000767458977060
105,105,"Agent 1",1,43075,43075,2097152,1,"gemm",512,131072,0,128,0,112,"SQ_VMEM_TA_CMD_FIFO_FULL",94679619.000000,1000767457882369,1000767458977060
105,105,"Agent 1",1,43075,43075,2097152,1,"gemm",512,131072,0,128,0,112,"TCC_WRITE_SECTORS",33554432.000000,1000767457882369,1000767458977060
105,105,"Agent 1",1,43075,43075,2097152,1,"gemm",512,131072,0,128,0,112,"TCP_TCP_TA_DATA_STALL_CYCLES",22089979.000000,1000767457882369,1000767458977060
105,105,"Agent 1",1,43075,43075,2097152,1,"gemm",512,131072,0,128,0,112,"TCP_TCP_TA_ADDR_STALL_CYCLES",26472262.000000,1000767457882369,1000767458977060
106,106,"Agent 1",1,43075,43075,2097152,1,"gemm",512,131072,0,128,0,112,"SQ_INSTS_VMEM_WR",4194304.000000,1000767459089314,1000767460181965
106,106,"Agent 1",1,43075,43075,2097152,1,"gemm",512,131072,0,128,0,112,"SQ_VMEM_TA_CMD_FIFO_FULL",93702675.000000,1000767459089314,1000767460181965
106,106,"Agent 1",1,43075,43075,2097152,1,"gemm",512,131072,0,128,0,112,"TCC_WRITE_SECTORS",33554432.000000,1000767459089314,1000767460181965
106,106,"Agent 1",1,43075,43075,2097152,1,"gemm",512,131072,0,128,0,112,"TCP_TCP_TA_DATA_STALL_CYCLES",21368660.000000,1000767459089314,1000767460181965
106,106,"Agent 1",1,43075,43075,2097152,1,"gemm",512,131072,0,128,0,112,"TCP_TCP_TA_ADDR_STALL_CYCLES",27380765.000000,1000767459089314,1000767460181965
107,107,"Agent 1",1,43075,43075,2097152,1,"gemm",512,131072,0,128,0,112,"SQ_INSTS_VMEM_WR",4194304.000000,1000767460307325,1000767461405415
107,107,"Agent 1",1,43075,43075,2097152,1,"gemm",512,131072,0,128,0,112,"SQ_VMEM_TA_CMD_FIFO_FULL",95688400.000000,1000767460307325,1000767461405415
107,107,"Agent 1",1,43075,43075,2097152,1,"gemm",512,131072,0,128,0,112,"TCC_WRITE_SECTORS",33554432.000000,1000767460307325,1000767461405415
107,107,"Agent 1",1,43075,43075,2097152,1,"gemm",512,131072,0,128,0,112,"TCP_TCP_TA_DATA_STALL_CYCLES",23179326.000000,1000767460307325,1000767461405415
107,107,"Agent 1",1,43075,43075,2097152,1,"gemm",512,131072,0,128,0,112,"TCP_TCP_TA_ADDR_STALL_CYCLES",26665449.000000,1000767460307325,1000767461405415
108,108,"Agent 1",1,43075,43075,2097152,1,"gemm",512,131072,0,128,0,112,"SQ_INSTS_VMEM_WR",4194304.000000,1000767461533056,1000767462630067
108,108,"Agent 1",1,43075,43075,2097152,1,"gemm",512,131072,0,128,0,112,"SQ_VMEM_TA_CMD_FIFO_FULL",97474424.000000,1000767461533056,1000767462630067
108,108,"Agent 1",1,43075,43075,2097152,1,"gemm",512,131072,0,128,0,112,"TCC_WRITE_SECTORS",33554432.000000,1000767461533056,1000767462630067
108,108,"Agent 1",1,43075,43075,2097152,1,"gemm",512,131072,0,128,0,112,"TCP_TCP_TA_DATA_STALL_CYCLES",22357139.000000,1000767461533056,1000767462630067
108,108,"Agent 1",1,43075,43075,2097152,1,"gemm",512,131072,0,128,0,112,"TCP_TCP_TA_ADDR_STALL_CYCLES",28136761.000000,1000767461533056,1000767462630067
109,109,"Agent 1",1,43075,43075,2097152,1,"gemm",512,131072,0,128,0,112,"SQ_INSTS_VMEM_WR",4194304.000000,1000767462743588,1000767463833798
109,109,"Agent 1",1,43075,43075,2097152,1,"gemm",512,131072,0,128,0,112,"SQ_VMEM_TA_CMD_FIFO_FULL",95143163.000000,1000767462743588,1000767463833798
109,109,"Agent 1",1,43075,43075,2097152,1,"gemm",512,131072,0,128,0,112,"TCC_WRITE_SECTORS",33554432.000000,1000767462743588,1000767463833798
109,109,"Agent 1",1,43075,43075,2097152,1,"gemm",512,131072,0,128,0,112,"TCP_TCP_TA_DATA_STALL_CYCLES",22096875.000000,1000767462743588,1000767463833798
109,109,"Agent 1",1,43075,43075,2097152,1,"gemm",512,131072,0,128,0,112,"TCP_TCP_TA_ADDR_STALL_CYCLES",26966635.000000,1000767462743588,1000767463833798
110,110,"Agent 1",1,43075,43075,2097152,1,"gemm",512,131072,0,128,0,112,"SQ_INSTS_VMEM_WR",4194304.000000,1000767463952439,1000767465057769
110,110,"Agent 1",1,43075,43075,2097152,1,"gemm",512,131072,0,128,0,112,"SQ_VMEM_TA_CMD_FIFO_FULL",99135733.000000,1000767463952439,1000767465057769
110,110,"Agent 1",1,43075,43075,2097152,1,"gemm",512,131072,0,128,0,112,"TCC_WRITE_SECTORS",33554432.000000,1000767463952439,1000767465057769
110,110,"Agent 1",1,43075,43075,2097152,1,"gemm",512,131072,0,128,0,112,"TCP_TCP_TA_DATA_STALL_CYCLES",23248334.000000,1000767463952439,1000767465057769
110,110,"Agent 1",1,43075,43075,2097152,1,"gemm",512,131072,0,128,0,112,"TCP_TCP_TA_ADDR_STALL_CYCLES",27880421.000000,1000767463952439,1000767465057769
111,111,"Agent 1",1,43075,43075,2097152,1,"gemm",512,131072,0,128,0,112,"SQ_INSTS_VMEM_WR",4194304.000000,1000767465180370,1000767466273541
111,111,"Agent 1",1,43075,43075,2097152,1,"gemm",512,131072,0,128,0,112,"SQ_VMEM_TA_CMD_FIFO_FULL",93311701.000000,1000767465180370,1000767466273541
111,111,"Agent 1",1,43075,43075,2097152,1,"gemm",512,131072,0,128,0,112,"TCC_WRITE_SECTORS",33554432.000000,1000767465180370,1000767466273541
111,111,"Agent 1",1,43075,43075,2097152,1,"gemm",512,131072,0,128,0,112,"TCP_TCP_TA_DATA_STALL_CYCLES",21738761.000000,1000767465180370,1000767466273541
111,111,"Agent 1",1,43075,43075,2097152,1,"gemm",512,131072,0,128,0,112,"TCP_TCP_TA_ADDR_STALL_CYCLES",26951445.000000,1000767465180370,1000767466273541
112,112,"Agent 1",1,43075,43075,2097152,1,"gemm",512,131072,0,128,0,112,"SQ_INSTS_VMEM_WR",4194304.000000,1000767466386262,1000767467483272
112,112,"Agent 1",1,43075,43075,2097152,1,"gemm",512,131072,0,128,0,112,"SQ_VMEM_TA_CMD_FIFO_FULL",97046942.000000,1000767466386262,1000767467483272
112,112,"Agent 1",1,43075,43075,2097152,1,"gemm",512,131072,0,128,0,112,"TCC_WRITE_SECTORS",33554432.000000,1000767466386262,1000767467483272
112,112,"Agent 1",1,43075,43075,2097152,1,"gemm",512,131072,0,128,0,112,"TCP_TCP_TA_DATA_STALL_CYCLES",22273589.000000,1000767466386262,1000767467483272
112,112,"Agent 1",1,43075,43075,2097152,1,"gemm",512,131072,0,128,0,112,"TCP_TCP_TA_ADDR_STALL_CYCLES",27918280.000000,1000767466386262,1000767467483272
113,113,"Agent 1",1,43075,43075,2097152,1,"gemm",512,131072,0,128,0,112,"SQ_INSTS_VMEM_WR",4194304.000000,1000767467605033,1000767468701843
113,113,"Agent 1",1,43075,43075,2097152,1,"gemm",512,131072,0,128,0,112,"SQ_VMEM_TA_CMD_FIFO_FULL",96489572.000000,1000767467605033,1000767468701843
113,113,"Agent 1",1,43075,43075,2097152,1,"gemm",512,131072,0,128,0,112,"TCC_WRITE_SECTORS",33554432.000000,1000767467605033,1000767468701843
113,113,"Agent 1",1,43075,43075,2097152,1,"gemm",512,131072,0,128,0,112,"TCP_TCP_TA_DATA_STALL_CYCLES",23078820.000000,1000767467605033,1000767468701843
113,113,"Agent 1",1,43075,43075,2097152,1,"gemm",512,131072,0,128,0,112,"TCP_TCP_TA_ADDR_STALL_CYCLES",27592052.000000,1000767467605033,1000767468701843
114,114,"Agent 1",1,43075,43075,2097152,1,"gemm",512,131072,0,128,0,112,"SQ_INSTS_VMEM_WR",4194304.000000,1000767468815645,1000767469914415
114,114,"Agent 1",1,43075,43075,2097152,1,"gemm",512,131072,0,128,0,112,"SQ_VMEM_TA_CMD_FIFO_FULL",95746638.000000,1000767468815645,1000767469914415
114,114,"Agent 1",1,43075,43075,2097152,1,"gemm",512,131072,0,128,0,112,"TCC_WRITE_SECTORS",33554432.000000,1000767468815645,1000767469914415
114,114,"Agent 1",1,43075,43075,2097152,1,"gemm",512,131072,0,128,0,112,"TCP_TCP_TA_DATA_STALL_CYCLES",23773213.000000,1000767468815645,1000767469914415
114,114,"Agent 1",1,43075,43075,2097152,1,"gemm",512,131072,0,128,0,112,"TCP_TCP_TA_ADDR_STALL_CYCLES",26803434.000000,1000767468815645,1000767469914415
115,115,"Agent 1",1,43075,43075,2097152,1,"gemm",512,131072,0,128,0,112,"SQ_INSTS_VMEM_WR",4194304.000000,1000767470035096,1000767471134546
115,115,"Agent 1",1,43075,43075,2097152,1,"gemm",512,131072,0,128,0,112,"SQ_VMEM_TA_CMD_FIFO_FULL",98407388.000000,1000767470035096,1000767471134546
115,115,"Agent 1",1,43075,43075,2097152,1,"gemm",512,131072,0,128,0,112,"TCC_WRITE_SECTORS",33554432.000000,1000767470035096,1000767471134546
115,115,"Agent 1",1,43075,43075,2097152,1,"gemm",512,131072,0,128,0,112,"TCP_TCP_TA_DATA_STALL_CYCLES",22804587.000000,1000767470035096,1000767471134546
115,115,"Agent 1",1,43075,43075,2097152,1,"gemm",512,131072,0,128,0,112,"TCP_TCP_TA_ADDR_STALL_CYCLES",28686138.000000,1000767470035096,1000767471134546
116,116,"Agent 1",1,43075,43075,2097152,1,"gemm",512,131072,0,128,0,112,"SQ_INSTS_VMEM_WR",4194304.000000,1000767471244987,1000767472337878
116,116,"Agent 1",1,43075,43075,2097152,1,"gemm",512,131072,0,128,0,112,"SQ_VMEM_TA_CMD_FIFO_FULL",95001965.000000,1000767471244987,1000767472337878
116,116,"Agent 1",1,43075,43075,2097152,1,"gemm",512,131072,0,128,0,112,"TCC_WRITE_SECTORS",33554432.000000,1000767471244987,1000767472337878
116,116,"Agent 1",1,43075,43075,2097152,1,"gemm",512,131072,0,128,0,112,"TCP_TCP_TA_DATA_STALL_CYCLES",22140904.000000,1000767471244987,1000767472337878
116,116,"Agent 1",1,43075,43075,2097152,1,"gemm",512,131072,0,128,0,112,"TCP_TCP_TA_ADDR_STALL_CYCLES",27441688.000000,1000767471244987,1000767472337878
117,117,"Agent 1",1,43075,43075,2097152,1,"gemm",512,131072,0,128,0,112,"SQ_INSTS_VMEM_WR",4194304.000000,1000767472466719,1000767473568449
117,117,"Agent 1",1,43075,43075,2097152,1,"gemm",512,131072,0,128,0,112,"SQ_VMEM_TA_CMD_FIFO_FULL",98504779.000000,1000767472466719,1000767473568449
117,117,"Agent 1",1,43075,43075,2097152,1,"gemm",512,131072,0,128,0,112,"TCC_WRITE_SECTORS",33554432.000000,1000767472466719,1000767473568449
117,117,"Agent 1",1,43075,43075,2097152,1,"gemm",512,131072,0,128,0,112,"TCP_TCP_TA_DATA_STALL_CYCLES",22595671.000000,1000767472466719,1000767473568449
117,117,"Agent 1",1,43075,43075,2097152,1,"gemm",512,131072,0,128,0,112,"TCP_TCP_TA_ADDR_STALL_CYCLES",28372705.000000,1000767472466719,1000767473568449
118,118,"Agent 1",1,43075,43075,2097152,1,"gemm",512,131072,0,128,0,112,"SQ_INSTS_VMEM_WR",4194304.000000,1000767473679250,1000767474779660
118,118,"Agent 1",1,43075,43075,2097152,1,"gemm",512,131072,0,128,0,112,"SQ_VMEM_TA_CMD_FIFO_FULL",98154149.000000,1000767473679250,1000767474779660
118,118,"Agent 1",1,43075,43075,2097152,1,"gemm",512,131072,0,128,0,112,"TCC_WRITE_SECTORS",33554432.000000,1000767473679250,1000767474779660
118,118,"Agent 1",1,43075,43075,2097152,1,"gemm",512,131072,0,128,0,112,"TCP_TCP_TA_DATA_STALL_CYCLES",23131120.000000,1000767473679250,1000767474779660
118,118,"Agent 1",1,43075,43075,2097152,1,"gemm",512,131072,0,128,0,112,"TCP_TCP_TA_ADDR_STALL_CYCLES",28564511.000000,1000767473679250,1000767474779660
119,119,"Agent 1",1,43075,43075,2097152,1,"gemm",512,131072,0,128,0,112,"SQ_INSTS_VMEM_WR",4194304.000000,1000767474902702,1000767476000512
119,119,"Agent 1",1,43075,43075,2097152,1,"gemm",512,131072,0,128,0,112,"SQ_VMEM_TA_CMD_FIFO_FULL",97756031.000000,1000767474902702,1000767476000512
119,119,"Agent 1",1,43075,43075,2097152,1,"gemm",512,131072,0,128,0,112,"TCC_WRITE_SECTORS",33554432.000000,1000767474902702,1000767476000512
119,119,"Agent 1",1,43075,43075,2097152,1,"gemm",512,131072,0,128,0,112,"TCP_TCP_TA_DATA_STALL_CYCLES",22608051.000000,1000767474902702,1000767476000512
119,119,"Agent 1",1,43075,43075,2097152,1,"gemm",512,131072,0,128,0,112,"TCP_TCP_TA_ADDR_STALL_CYCLES",27900858.000000,1000767474902702,1000767476000512
120,120,"Agent 1",1,43075,43075,2097152,1,"gemm",512,131072,0,128,0,112,"SQ_INSTS_VMEM_WR",4194304.000000,1000767476122793,1000767477223683
120,120,"Agent 1",1,43075,43075,2097152,1,"gemm",512,131072,0,128,0,112,"SQ_VMEM_TA_CMD_FIFO_FULL",100226400.000000,1000767476122793,1000767477223683
120,120,"Agent 1",1,43075,43075,2097152,1,"gemm",512,131072,0,128,0,112,"TCC_WRITE_SECTORS",33554432.000000,1000767476122793,1000767477223683
120,120,"Agent 1",1,43075,43075,2097152,1,"gemm",512,131072,0,128,0,112,"TCP_TCP_TA_DATA_STALL_CYCLES",22900687.000000,1000767476122793,1000767477223683
120,120,"Agent 1",1,43075,43075,2097152,1,"gemm",512,131072,0,128,0,112,"TCP_TCP_TA_ADDR_STALL_CYCLES",29180780.000000,1000767476122793,1000767477223683
121,121,"Agent 1",1,43075,43075,2097152,1,"gemm",512,131072,0,128,0,112,"SQ_INSTS_VMEM_WR",4194304.000000,1000767477349604,1000767478455535
121,121,"Agent 1",1,43075,43075,2097152,1,"gemm",512,131072,0,128,0,112,"SQ_VMEM_TA_CMD_FIFO_FULL",98650464.000000,1000767477349604,1000767478455535
121,121,"Agent 1",1,43075,43075,2097152,1,"gemm",512,131072,0,128,0,112,"TCC_WRITE_SECTORS",33554432.000000,1000767477349604,1000767478455535
121,121,"Agent 1",1,43075,43075,2097152,1,"gemm",512,131072,0,128,0,112,"TCP_TCP_TA_DATA_STALL_CYCLES",23344994.000000,1000767477349604,1000767478455535
121,121,"Agent 1",1,43075,43075,2097152,1,"gemm",512,131072,0,128,0,112,"TCP_TCP_TA_ADDR_STALL_CYCLES",27979121.000000,1000767477349604,1000767478455535
122,122,"Agent 1",1,43075,43075,2097152,1,"gemm",512,131072,0,128,0,112,"SQ_INSTS_VMEM_WR",4194304.000000,1000767478580416,1000767479684026
122,122,"Agent 1",1,43075,43075,2097152,1,"gemm",512,131072,0,128,0,112,"SQ_VMEM_TA_CMD_FIFO_FULL",100052395.000000,1000767478580416,1000767479684026
122,122,"Agent 1",1,43075,43075,2097152,1,"gemm",512,131072,0,128,0,112,"TCC_WRITE_SECTORS",33554432.000000,1000767478580416,1000767479684026
122,122,"Agent 1",1,43075,43075,2097152,1,"gemm",512,131072,0,128,0,112,"TCP_TCP_TA_DATA_STALL_CYCLES",22694137.000000,1000767478580416,1000767479684026
122,122,"Agent 1",1,43075,43075,2097152,1,"gemm",512,131072,0,128,0,112,"TCP_TCP_TA_ADDR_STALL_CYCLES",29457481.000000,1000767478580416,1000767479684026
123,123,"Agent 1",1,43075,43075,2097152,1,"gemm",512,131072,0,128,0,112,"SQ_INSTS_VMEM_WR",4194304.000000,1000767479798707,1000767480893398
123,123,"Agent 1",1,43075,43075,2097152,1,"gemm",512,131072,0,128,0,112,"SQ_VMEM_TA_CMD_FIFO_FULL",97697259.000000,1000767479798707,1000767480893398
123,123,"Agent 1",1,43075,43075,2097152,1,"gemm",512,131072,0,128,0,112,"TCC_WRITE_SECTORS",33554432.000000,1000767479798707,1000767480893398
123,123,"Agent 1",1,43075,43075,2097152,1,"gemm",512,131072,0,128,0,112,"TCP_TCP_TA_DATA_STALL_CYCLES",23098485.000000,1000767479798707,1000767480893398
123,123,"Agent 1",1,43075,43075,2097152,1,"gemm",512,131072,0,128,0,112,"TCP_TCP_TA_ADDR_STALL_CYCLES",27685327.000000,1000767479798707,1000767480893398
124,124,"Agent 1",1,43075,43075,2097152,1,"gemm",512,131072,0,128,0,112,"SQ_INSTS_VMEM_WR",4194304.000000,1000767481022079,1000767482119929
124,124,"Agent 1",1,43075,43075,2097152,1,"gemm",512,131072,0,128,0,112,"SQ_VMEM_TA_CMD_FIFO_FULL",97570352.000000,1000767481022079,1000767482119929
124,124,"Agent 1",1,43075,43075,2097152,1,"gemm",512,131072,0,128,0,112,"TCC_WRITE_SECTORS",33554432.000000,1000767481022079,1000767482119929
124,124,"Agent 1",1,43075,43075,2097152,1,"gemm",512,131072,0,128,0,112,"TCP_TCP_TA_DATA_STALL_CYCLES",22097144.000000,1000767481022079,1000767482119929
124,124,"Agent 1",1,43075,43075,2097152,1,"gemm",512,131072,0,128,0,112,"TCP_TCP_TA_ADDR_STALL_CYCLES",28682035.000000,1000767481022079,1000767482119929
125,125,"Agent 1",1,43075,43075,2097152,1,"gemm",512,131072,0,128,0,112,"SQ_INSTS_VMEM_WR",4194304.000000,1000767482244530,1000767483338901
125,125,"Agent 1",1,43075,43075,2097152,1,"gemm",512,131072,0,128,0,112,"SQ_VMEM_TA_CMD_FIFO_FULL",96388406.000000,1000767482244530,1000767483338901
125,125,"Agent 1",1,43075,43075,2097152,1,"gemm",512,131072,0,128,0,112,"TCC_WRITE_SECTORS",33554432.000000,1000767482244530,1000767483338901
125,125,"Agent 1",1,43075,43075,2097152,1,"gemm",512,131072,0,128,0,112,"TCP_TCP_TA_DATA_STALL_CYCLES",22280813.000000,1000767482244530,1000767483338901
125,125,"Agent 1",1,43075,43075,2097152,1,"gemm",512,131072,0,128,0,112,"TCP_TCP_TA_ADDR_STALL_CYCLES",27591978.000000,1000767482244530,1000767483338901
126,126,"Agent 1",1,43075,43075,2097152,1,"gemm",512,131072,0,128,0,112,"SQ_INSTS_VMEM_WR",4194304.000000,1000767483459302,1000767484563992
126,126,"Agent 1",1,43075,43075,2097152,1,"gemm",512,131072,0,128,0,112,"SQ_VMEM_TA_CMD_FIFO_FULL",100297668.000000,1000767483459302,1000767484563992
126,126,"Agent 1",1,43075,43075,2097152,1,"gemm",512,131072,0,128,0,112,"TCC_WRITE_SECTORS",33554432.000000,1000767483459302,1000767484563992
126,126,"Agent 1",1,43075,43075,2097152,1,"gemm",512,131072,0,128,0,112,"TCP_TCP_TA_DATA_STALL_CYCLES",23315342.000000,1000767483459302,1000767484563992
126,126,"Agent 1",1,43075,43075,2097152,1,"gemm",512,131072,0,128,0,112,"TCP_TCP_TA_ADDR_STALL_CYCLES",29506039.000000,1000767483459302,1000767484563992
127,127,"Agent 1",1,43075,43075,2097152,1,"gemm",512,131072,0,128,0,112,"SQ_INSTS_VMEM_WR",4194304.000000,1000767484684633,1000767485776123
127,127,"Agent 1",1,43075,43075,2097152,1,"gemm",512,131072,0,128,0,112,"SQ_VMEM_TA_CMD_FIFO_FULL",94917017.000000,1000767484684633,1000767485776123
127,127,"Agent 1",1,43075,43075,2097152,1,"gemm",512,131072,0,128,0,112,"TCC_WRITE_SECTORS",33554432.000000,1000767484684633,1000767485776123
127,127,"Agent 1",1,43075,43075,2097152,1,"gemm",512,131072,0,128,0,112,"TCP_TCP_TA_DATA_STALL_CYCLES",22470576.000000,1000767484684633,1000767485776123
127,127,"Agent 1",1,43075,43075,2097152,1,"gemm",512,131072,0,128,0,112,"TCP_TCP_TA_ADDR_STALL_CYCLES",27271538.000000,1000767484684633,1000767485776123
128,128,"Agent 1",1,43075,43075,2097152,1,"gemm",512,131072,0,128,0,112,"SQ_INSTS_VMEM_WR",4194304.000000,1000767485897084,1000767487001855
128,128,"Agent 1",1,43075,43075,2097152,1,"gemm",512,131072,0,128,0,112,"SQ_VMEM_TA_CMD_FIFO_FULL",99893205.000000,1000767485897084,1000767487001855
128,128,"Agent 1",1,43075,43075,2097152,1,"gemm",512,131072,0,128,0,112,"TCC_WRITE_SECTORS",33554432.000000,1000767485897084,1000767487001855
128,128,"Agent 1",1,43075,43075,2097152,1,"gemm",512,131072,0,128,0,112,"TCP_TCP_TA_DATA_STALL_CYCLES",23354829.000000,1000767485897084,1000767487001855
128,128,"Agent 1",1,43075,43075,2097152,1,"gemm",512,131072,0,128,0,112,"TCP_TCP_TA_ADDR_STALL_CYCLES",29874494.000000,1000767485897084,1000767487001855
129,129,"Agent 1",1,43075,43075,2097152,1,"gemm",512,131072,0,128,0,112,"SQ_INSTS_VMEM_WR",4194304.000000,1000767487109136,1000767488206266
129,129,"Agent 1",1,43075,43075,2097152,1,"gemm",512,131072,0,128,0,112,"SQ_VMEM_TA_CMD_FIFO_FULL",96279756.000000,1000767487109136,1000767488206266
129,129,"Agent 1",1,43075,43075,2097152,1,"gemm",512,131072,0,128,0,112,"TCC_WRITE_SECTORS",33554432.000000,1000767487109136,1000767488206266
129,129,"Agent 1",1,43075,43075,2097152,1,"gemm",512,131072,0,128,0,112,"TCP_TCP_TA_DATA_STALL_CYCLES",22563274.000000,1000767487109136,1000767488206266
129,129,"Agent 1",1,43075,43075,2097152,1,"gemm",512,131072,0,128,0,112,"TCP_TCP_TA_ADDR_STALL_CYCLES",27564898.000000,1000767487109136,1000767488206266
130,130,"Agent 1",1,43075,43075,2097152,1,"gemm",512,131072,0,128,0,112,"SQ_INSTS_VMEM_WR",4194304.000000,1000767488320467,1000767489415397
130,130,"Agent 1",1,43075,43075,2097152,1,"gemm",512,131072,0,128,0,112,"SQ_VMEM_TA_CMD_FIFO_FULL",96225018.000000,1000767488320467,1000767489415397
130,130,"Agent 1",1,43075,43075,2097152,1,"gemm",512,131072,0,128,0,112,"TCC_WRITE_SECTORS",33554432.000000,1000767488320467,1000767489415397
130,130,"Agent 1",1,43075,43075,2097152,1,"gemm",512,131072,0,128,0,112,"TCP_TCP_TA_DATA_STALL_CYCLES",22315162.000000,1000767488320467,1000767489415397
130,130,"Agent 1",1,43075,43075,2097152,1,"gemm",512,131072,0,128,0,112,"TCP_TCP_TA_ADDR_STALL_CYCLES",28822452.000000,1000767488320467,1000767489415397
131,131,"Agent 1",1,43075,43075,2097152,1,"gemm",512,131072,0,128,0,112,"SQ_INSTS_VMEM_WR",4194304.000000,1000767489538559,1000767490633809
131,131,"Agent 1",1,43075,43075,2097152,1,"gemm",512,131072,0,128,0,112,"SQ_VMEM_TA_CMD_FIFO_FULL",96236103.000000,1000767489538559,1000767490633809
131,131,"Agent 1",1,43075,43075,2097152,1,"gemm",512,131072,0,128,0,112,"TCC_WRITE_SECTORS",33554432.000000,1000767489538559,1000767490633809
131,131,"Agent 1",1,43075,43075,2097152,1,"gemm",512,131072,0,128,0,112,"TCP_TCP_TA_DATA_STALL_CYCLES",22125337.000000,1000767489538559,1000767490633809
131,131,"Agent 1",1,43075,43075,2097152,1,"gemm",512,131072,0,128,0,112,"TCP_TCP_TA_ADDR_STALL_CYCLES",27914182.000000,1000767489538559,1000767490633809
132,132,"Agent 1",1,43075,43075,2097152,1,"gemm",512,131072,0,128,0,112,"SQ_INSTS_VMEM_WR",4194304.000000,1000767490744610,1000767491846860
132,132,"Agent 1",1,43075,43075,2097152,1,"gemm",512,131072,0,128,0,112,"SQ_VMEM_TA_CMD_FIFO_FULL",99081647.000000,1000767490744610,1000767491846860
132,132,"Agent 1",1,43075,43075,2097152,1,"gemm",512,131072,0,128,0,112,"TCC_WRITE_SECTORS",33554432.000000,1000767490744610,1000767491846860
132,132,"Agent 1",1,43075,43075,2097152,1,"gemm",512,131072,0,128,0,112,"TCP_TCP_TA_DATA_STALL_CYCLES",22985682.000000,1000767490744610,1000767491846860
132,132,"Agent 1",1,43075,43075,2097152,1,"gemm",512,131072,0,128,0,112,"TCP_TCP_TA_ADDR_STALL_CYCLES",28816963.000000,1000767490744610,1000767491846860
133,133,"Agent 1",1,43075,43075,2097152,1,"gemm",512,131072,0,128,0,112,"SQ_INSTS_VMEM_WR",4194304.000000,1000767491959741,1000767493059672
133,133,"Agent 1",1,43075,43075,2097152,1,"gemm",512,131072,0,128,0,112,"SQ_VMEM_TA_CMD_FIFO_FULL",97388406.000000,1000767491959741,1000767493059672
133,133,"Agent 1",1,43075,43075,2097152,1,"gemm",512,131072,0,128,0,112,"TCC_WRITE_SECTORS",33554432.000000,1000767491959741,1000767493059672
133,133,"Agent 1",1,43075,43075,2097152,1,"gemm",512,131072,0,128,0,112,"TCP_TCP_TA_DATA_STALL_CYCLES",22387618.000000,1000767491959741,1000767493059672
133,133,"Agent 1",1,43075,43075,2097152,1,"gemm",512,131072,0,128,0,112,"TCP_TCP_TA_ADDR_STALL_CYCLES",27966962.000000,1000767491959741,1000767493059672
134,134,"Agent 1",1,43075,43075,2097152,1,"gemm",512,131072,0,128,0,112,"SQ_INSTS_VMEM_WR",4194304.000000,1000767493173513,1000767494269603
134,134,"Agent 1",1,43075,43075,2097152,1,"gemm",512,131072,0,128,0,112,"SQ_VMEM_TA_CMD_FIFO_FULL",96643149.000000,1000767493173513,1000767494269603
134,134,"Agent 1",1,43075,43075,2097152,1,"gemm",512,131072,0,128,0,112,"TCC_WRITE_SECTORS",33554432.000000,1000767493173513,1000767494269603
134,134,"Agent 1",1,43075,43075,2097152,1,"gemm",512,131072,0,128,0,112,"TCP_TCP_TA_DATA_STALL_CYCLES",22124577.000000,1000767493173513,1000767494269603
134,134,"Agent 1",1,43075,43075,2097152,1,"gemm",512,131072,0,128,0,112,"TCP_TCP_TA_ADDR_STALL_CYCLES",27712581.000000,1000767493173513,1000767494269603
135,135,"Agent 1",1,43075,43075,2097152,1,"gemm",512,131072,0,128,0,112,"SQ_INSTS_VMEM_WR",4194304.000000,1000767494385764,1000767495487294
135,135,"Agent 1",1,43075,43075,2097152,1,"gemm",512,131072,0,128,0,112,"SQ_VMEM_TA_CMD_FIFO_FULL",97048108.000000,1000767494385764,1000767495487294
135,135,"Agent 1",1,43075,43075,2097152,1,"gemm",512,131072,0,128,0,112,"TCC_WRITE_SECTORS",33554432.000000,1000767494385764,1000767495487294
135,135,"Agent 1",1,43075,43075,2097152,1,"gemm",512,131072,0,128,0,112,"TCP_TCP_TA_DATA_STALL_CYCLES",22728559.000000,1000767494385764,1000767495487294
135,135,"Agent 1",1,43075,43075,2097152,1,"gemm",512,131072,0,128,0,112,"TCP_TCP_TA_ADDR_STALL_CYCLES",28280089.000000,1000767494385764,1000767495487294
136,136,"Agent 1",1,43075,43075,2097152,1,"gemm",512,131072,0,128,0,112,"SQ_INSTS_VMEM_WR",4194304.000000,1000767495606815,1000767496701186
136,136,"Agent 1",1,43075,43075,2097152,1,"gemm",512,131072,0,128,0,112,"SQ_VMEM_TA_CMD_FIFO_FULL",96132141.000000,1000767495606815,1000767496701186
136,136,"Agent 1",1,43075,43075,2097152,1,"gemm",512,131072,0,128,0,112,"TCC_WRITE_SECTORS",33554432.000000,1000767495606815,1000767496701186
136,136,"Agent 1",1,43075,43075,2097152,1,"gemm",512,131072,0,128,0,112,"TCP_TCP_TA_DATA_STALL_CYCLES",22428461.000000,1000767495606815,1000767496701186
136,136,"Agent 1",1,43075,43075,2097152,1,"gemm",512,131072,0,128,0,112,"TCP_TCP_TA_ADDR_STALL_CYCLES",27719086.000000,1000767495606815,1000767496701186
137,137,"Agent 1",1,43075,43075,2097152,1,"gemm",512,131072,0,128,0,112,"SQ_INSTS_VMEM_WR",4194304.000000,1000767496816547,1000767497913157
137,137,"Agent 1",1,43075,43075,2097152,1,"gemm",512,131072,0,128,0,112,"SQ_VMEM_TA_CMD_FIFO_FULL",95062415.000000,1000767496816547,1000767497913157
137,137,"Agent 1",1,43075,43075,2097152,1,"gemm",512,131072,0,128,0,112,"TCC_WRITE_SECTORS",33554432.000000,1000767496816547,1000767497913157
137,137,"Agent 1",1,43075,43075,2097152,1,"gemm",512,131072,0,128,0,112,"TCP_TCP_TA_DATA_STALL_CYCLES",22076836.000000,1000767496816547,1000767497913157
137,137,"Agent 1",1,43075,43075,2097152,1,"gemm",512,131072,0,128,0,112,"TCP_TCP_TA_ADDR_STALL_CYCLES",27521762.000000,1000767496816547,1000767497913157
138,138,"Agent 1",1,43075,43075,2097152,1,"gemm",512,131072,0,128,0,112,"SQ_INSTS_VMEM_WR",4194304.000000,1000767498040238,1000767499138728
138,138,"Agent 1",1,43075,43075,2097152,1,"gemm",512,131072,0,128,0,112,"SQ_VMEM_TA_CMD_FIFO_FULL",97967330.000000,1000767498040238,1000767499138728
138,138,"Agent 1",1,43075,43075,2097152,1,"gemm",512,131072,0,128,0,112,"TCC_WRITE_SECTORS",33554432.000000,1000767498040238,1000767499138728
138,138,"Agent 1",1,43075,43075,2097152,1,"gemm",512,131072,0,128,0,112,"TCP_TCP_TA_DATA_STALL_CYCLES",22358582.000000,1000767498040238,1000767499138728
138,138,"Agent 1",1,43075,43075,2097152,1,"gemm",512,131072,0,128,0,112,"TCP_TCP_TA_ADDR_STALL_CYCLES",28367269.000000,1000767498040238,1000767499138728
139,139,"Agent 1",1,43075,43075,2097152,1,"gemm",512,131072,0,128,0,112,"SQ_INSTS_VMEM_WR",4194304.000000,1000767499245529,1000767500346900
139,139,"Agent 1",1,43075,43075,2097152,1,"gemm",512,131072,0,128,0,112,"SQ_VMEM_TA_CMD_FIFO_FULL",96620518.000000,1000767499245529,1000767500346900
139,139,"Agent 1",1,43075,43075,2097152,1,"gemm",512,131072,0,128,0,112,"TCC_WRITE_SECTORS",33554432.000000,1000767499245529,1000767500346900
139,139,"Agent 1",1,43075,43075,2097152,1,"gemm",512,131072,0,128,0,112,"TCP_TCP_TA_DATA_STALL_CYCLES",22735139.000000,1000767499245529,1000767500346900
139,139,"Agent 1",1,43075,43075,2097152,1,"gemm",512,131072,0,128,0,112,"TCP_TCP_TA_ADDR_STALL_CYCLES",27440439.000000,1000767499245529,1000767500346900
140,140,"Agent 1",1,43075,43075,2097152,1,"gemm",512,131072,0,128,0,112,"SQ_INSTS_VMEM_WR",4194304.000000,1000767500463261,1000767501564431
140,140,"Agent 1",1,43075,43075,2097152,1,"gemm",512,131072,0,128,0,112,"SQ_VMEM_TA_CMD_FIFO_FULL",98643780.000000,1000767500463261,1000767501564431
140,140,"Agent 1",1,43075,43075,2097152,1,"gemm",512,131072,0,128,0,112,"TCC_WRITE_SECTORS",33554432.000000,1000767500463261,1000767501564431
140,140,"Agent 1",1,43075,43075,2097152,1,"gemm",512,131072,0,128,0,112,"TCP_TCP_TA_DATA_STALL_CYCLES",22986656.000000,1000767500463261,1000767501564431
140,140,"Agent 1",1,43075,43075,2097152,1,"gemm",512,131072,0,128,0,112,"TCP_TCP_TA_ADDR_STALL_CYCLES",28223267.000000,1000767500463261,1000767501564431
141,141,"Agent 1",1,43075,43075,2097152,1,"gemm",512,131072,0,128,0,112,"SQ_INSTS_VMEM_WR",4194304.000000,1000767501680872,1000767502784003
141,141,"Agent 1",1,43075,43075,2097152,1,"gemm",512,131072,0,128,0,112,"SQ_VMEM_TA_CMD_FIFO_FULL",99756174.000000,1000767501680872,1000767502784003
141,141,"Agent 1",1,43075,43075,2097152,1,"gemm",512,131072,0,128,0,112,"TCC_WRITE_SECTORS",33554432.000000,1000767501680872,1000767502784003
141,141,"Agent 1",1,43075,43075,2097152,1,"gemm",512,131072,0,128,0,112,"TCP_TCP_TA_DATA_STALL_CYCLES",22853511.000000,1000767501680872,1000767502784003
141,141,"Agent 1",1,43075,43075,2097152,1,"gemm",512,131072,0,128,0,112,"TCP_TCP_TA_ADDR_STALL_CYCLES",28173287.000000,1000767501680872,1000767502784003
142,142,"Agent 1",1,43075,43075,2097152,1,"gemm",512,131072,0,128,0,112,"SQ_INSTS_VMEM_WR",4194304.000000,1000767502896804,1000767504006054
142,142,"Agent 1",1,43075,43075,2097152,1,"gemm",512,131072,0,128,0,112,"SQ_VMEM_TA_CMD_FIFO_FULL",103083757.000000,1000767502896804,1000767504006054
142,142,"Agent 1",1,43075,43075,2097152,1,"gemm",512,131072,0,128,0,112,"TCC_WRITE_SECTORS",33554432.000000,1000767502896804,1000767504006054
142,142,"Agent 1",1,43075,43075,2097152,1,"gemm",512,131072,0,128,0,112,"TCP_TCP_TA_DATA_STALL_CYCLES",23733543.000000,1000767502896804,1000767504006054
142,142,"Agent 1",1,43075,43075,2097152,1,"gemm",512,131072,0,128,0,112,"TCP_TCP_TA_ADDR_STALL_CYCLES",29665031.000000,1000767502896804,1000767504006054
143,143,"Agent 1",1,43075,43075,2097152,1,"gemm",512,131072,0,128,0,112,"SQ_INSTS_VMEM_WR",4194304.000000,1000767504117935,1000767505219065
143,143,"Agent 1",1,43075,43075,2097152,1,"gemm",512,131072,0,128,0,112,"SQ_VMEM_TA_CMD_FIFO_FULL",100131541.000000,1000767504117935,1000767505219065
143,143,"Agent 1",1,43075,43075,2097152,1,"gemm",512,131072,0,128,0,112,"TCC_WRITE_SECTORS",33554432.000000,1000767504117935,1000767505219065
143,143,"Agent 1",1,43075,43075,2097152,1,"gemm",512,131072,0,128,0,112,"TCP_TCP_TA_DATA_STALL_CYCLES",23212580.000000,1000767504117935,1000767505219065
143,143,"Agent 1",1,43075,43075,2097152,1,"gemm",512,131072,0,128,0,112,"TCP_TCP_TA_ADDR_STALL_CYCLES",29130460.000000,1000767504117935,1000767505219065
144,144,"Agent 1",1,43075,43075,2097152,1,"gemm",512,131072,0,128,0,112,"SQ_INSTS_VMEM_WR",4194304.000000,1000767505332426,1000767506437037
144,144,"Agent 1",1,43075,43075,2097152,1,"gemm",512,131072,0,128,0,112,"SQ_VMEM_TA_CMD_FIFO_FULL",99478295.000000,1000767505332426,1000767506437037
144,144,"Agent 1",1,43075,43075,2097152,1,"gemm",512,131072,0,128,0,112,"TCC_WRITE_SECTORS",33554432.000000,1000767505332426,1000767506437037
144,144,"Agent 1",1,43075,43075,2097152,1,"gemm",512,131072,0,128,0,112,"TCP_TCP_TA_DATA_STALL_CYCLES",22632971.000000,1000767505332426,1000767506437037
144,144,"Agent 1",1,43075,43075,2097152,1,"gemm",512,131072,0,128,0,112,"TCP_TCP_TA_ADDR_STALL_CYCLES",28628813.000000,1000767505332426,1000767506437037
145,145,"Agent 1",1,43075,43075,2097152,1,"gemm",512,131072,0,128,0,112,"SQ_INSTS_VMEM_WR",4194304.000000,1000767506552998,1000767507651288
145,145,"Agent 1",1,43075,43075,2097152,1,"gemm",512,131072,0,128,0,112,"SQ_VMEM_TA_CMD_FIFO_FULL",98584550.000000,1000767506552998,1000767507651288
145,145,"Agent 1",1,43075,43075,2097152,1,"gemm",512,131072,0,128,0,112,"TCC_WRITE_SECTORS",33554432.000000,1000767506552998,1000767507651288
145,145,"Agent 1",1,43075,43075,2097152,1,"gemm",512,131072,0,128,0,112,"TCP_TCP_TA_DATA_STALL_CYCLES",22876762.000000,1000767506552998,1000767507651288
145,145,"Agent 1",1,43075,43075,2097152,1,"gemm",512,131072,0,128,0,112,"TCP_TCP_TA_ADDR_STALL_CYCLES",28389339.000000,1000767506552998,1000767507651288
146,146,"Agent 1",1,43075,43075,2097152,1,"gemm",512,131072,0,128,0,112,"SQ_INSTS_VMEM_WR",4194304.000000,1000767507766649,1000767508874180
146,146,"Agent 1",1,43075,43075,2097152,1,"gemm",512,131072,0,128,0,112,"SQ_VMEM_TA_CMD_FIFO_FULL",101658203.000000,1000767507766649,1000767508874180
146,146,"Agent 1",1,43075,43075,2097152,1,"gemm",512,131072,0,128,0,112,"TCC_WRITE_SECTORS",33554432.000000,1000767507766649,1000767508874180
146,146,"Agent 1",1,43075,43075,2097152,1,"gemm",512,131072,0,128,0,112,"TCP_TCP_TA_DATA_STALL_CYCLES",23399020.000000,1000767507766649,1000767508874180
146,146,"Agent 1",1,43075,43075,2097152,1,"gemm",512,131072,0,128,0,112,"TCP_TCP_TA_ADDR_STALL_CYCLES",29631713.000000,1000767507766649,1000767508874180
147,147,"Agent 1",1,43075,43075,2097152,1,"gemm",512,131072,0,128,0,112,"SQ_INSTS_VMEM_WR",4194304.000000,1000767508981101,1000767510080031
147,147,"Agent 1",1,43075,43075,2097152,1,"gemm",512,131072,0,128,0,112,"SQ_VMEM_TA_CMD_FIFO_FULL",96377979.000000,1000767508981101,1000767510080031
147,147,"Agent 1",1,43075,43075,2097152,1,"gemm",512,131072,0,128,0,112,"TCC_WRITE_SECTORS",33554432.000000,1000767508981101,1000767510080031
147,147,"Agent 1",1,43075,43075,2097152,1,"gemm",512,131072,0,128,0,112,"TCP_TCP_TA_DATA_STALL_CYCLES",22791519.000000,1000767508981101,1000767510080031
147,147,"Agent 1",1,43075,43075,2097152,1,"gemm",512,131072,0,128,0,112,"TCP_TCP_TA_ADDR_STALL_CYCLES",27132055.000000,1000767508981101,1000767510080031
148,148,"Agent 1",1,43075,43075,2097152,1,"gemm",512,131072,0,128,0,112,"SQ_INSTS_VMEM_WR",4194304.000000,1000767510196632,1000767511303802
148,148,"Agent 1",1,43075,43075,2097152,1,"gemm",512,131072,0,128,0,112,"SQ_VMEM_TA_CMD_FIFO_FULL",103275237.000000,1000767510196632,1000767511303802
148,148,"Agent 1",1,43075,43075,2097152,1,"gemm",512,131072,0,128,0,112,"TCC_WRITE_SECTORS",33554432.000000,1000767510196632,1000767511303802
148,148,"Agent 1",1,43075,43075,2097152,1,"gemm",512,131072,0,128,0,112,"TCP_TCP_TA_DATA_STALL_CYCLES",23638421.000000,1000767510196632,1000767511303802
148,148,"Agent 1",1,43075,43075,2097152,1,"gemm",512,131072,0,128,0,112,"TCP_TCP_TA_ADDR_STALL_CYCLES",30410137.000000,1000767510196632,1000767511303802
149,149,"Agent 1",1,43075,43075,2097152,1,"gemm",512,131072,0,128,0,112,"SQ_INSTS_VMEM_WR",4194304.000000,1000767511420323,1000767512520134
149,149,"Agent 1",1,43075,43075,2097152,1,"gemm",512,131072,0,128,0,112,"SQ_VMEM_TA_CMD_FIFO_FULL",95849963.000000,1000767511420323,1000767512520134
149,149,"Agent 1",1,43075,43075,2097152,1,"gemm",512,131072,0,128,0,112,"TCC_WRITE_SECTORS",33554432.000000,1000767511420323,1000767512520134
149,149,"Agent 1",1,43075,43075,2097152,1,"gemm",512,131072,0,128,0,112,"TCP_TCP_TA_DATA_STALL_CYCLES",22839013.000000,1000767511420323,1000767512520134
149,149,"Agent 1",1,43075,43075,2097152,1,"gemm",512,131072,0,128,0,112,"TCP_TCP_TA_ADDR_STALL_CYCLES",27468300.000000,1000767511420323,1000767512520134
150,150,"Agent 1",1,43075,43075,2097152,1,"gemm",512,131072,0,128,0,112,"SQ_INSTS_VMEM_WR",4194304.000000,1000767512632335,1000767513741785
150,150,"Agent 1",1,43075,43075,2097152,1,"gemm",512,131072,0,128,0,112,"SQ_VMEM_TA_CMD_FIFO_FULL",100446466.000000,1000767512632335,1000767513741785
150,150,"Agent 1",1,43075,43075,2097152,1,"gemm",512,131072,0,128,0,112,"TCC_WRITE_SECTORS",33554432.000000,1000767512632335,1000767513741785
150,150,"Agent 1",1,43075,43075,2097152,1,"gemm",512,131072,0,128,0,112,"TCP_TCP_TA_DATA_STALL_CYCLES",23051102.000000,1000767512632335,1000767513741785
150,150,"Agent 1",1,43075,43075,2097152,1,"gemm",512,131072,0,128,0,112,"TCP_TCP_TA_ADDR_STALL_CYCLES",29566035.000000,1000767512632335,1000767513741785
151,151,"Agent 1",1,43075,43075,2097152,1,"gemm",512,131072,0,128,0,112,"SQ_INSTS_VMEM_WR",4194304.000000,1000767513846826,1000767514945917
151,151,"Agent 1",1,43075,43075,2097152,1,"gemm",512,131072,0,128,0,112,"SQ_VMEM_TA_CMD_FIFO_FULL",95344001.000000,1000767513846826,1000767514945917
151,151,"Agent 1",1,43075,43075,2097152,1,"gemm",512,131072,0,128,0,112,"TCC_WRITE_SECTORS",33554432.000000,1000767513846826,1000767514945917
151,151,"Agent 1",1,43075,43075,2097152,1,"gemm",512,131072,0,128,0,112,"TCP_TCP_TA_DATA_STALL_CYCLES",22616322.000000,1000767513846826,1000767514945917
151,151,"Agent 1",1,43075,43075,2097152,1,"gemm",512,131072,0,128,0,112,"TCP_TCP_TA_ADDR_STALL_CYCLES",26892822.000000,1000767513846826,1000767514945917
152,152,"Agent 1",1,43075,43075,2097152,1,"gemm",512,131072,0,128,0,112,"SQ_INSTS_VMEM_WR",4194304.000000,1000767515057438,1000767516173848
152,152,"Agent 1",1,43075,43075,2097152,1,"gemm",512,131072,0,128,0,112,"SQ_VMEM_TA_CMD_FIFO_FULL",107976544.000000,1000767515057438,1000767516173848
152,152,"Agent 1",1,43075,43075,2097152,1,"gemm",512,131072,0,128,0,112,"TCC_WRITE_SECTORS",33554432.000000,1000767515057438,1000767516173848
152,152,"Agent 1",1,43075,43075,2097152,1,"gemm",512,131072,0,128,0,112,"TCP_TCP_TA_DATA_STALL_CYCLES",26481322.000000,1000767515057438,1000767516173848
152,152,"Agent 1",1,43075,43075,2097152,1,"gemm",512,131072,0,128,0,112,"TCP_TCP_TA_ADDR_STALL_CYCLES",31289442.000000,1000767515057438,1000767516173848
153,153,"Agent 1",1,43075,43075,2097152,1,"gemm",512,131072,0,128,0,112,"SQ_INSTS_VMEM_WR",4194304.000000,1000767516279089,1000767517378819
153,153,"Agent 1",1,43075,43075,2097152,1,"gemm",512,131072,0,128,0,112,"SQ_VMEM_TA_CMD_FIFO_FULL",96982810.000000,1000767516279089,1000767517378819
153,153,"Agent 1",1,43075,43075,2097152,1,"gemm",512,131072,0,128,0,112,"TCC_WRITE_SECTORS",33554432.000000,1000767516279089,1000767517378819
153,153,"Agent 1",1,43075,43075,2097152,1,"gemm",512,131072,0,128,0,112,"TCP_TCP_TA_DATA_STALL_CYCLES",22486601.000000,1000767516279089,1000767517378819
153,153,"Agent 1",1,43075,43075,2097152,1,"gemm",512,131072,0,128,0,112,"TCP_TCP_TA_ADDR_STALL_CYCLES",28596970.000000,1000767516279089,1000767517378819
154,154,"Agent 1",1,43075,43075,2097152,1,"gemm",512,131072,0,128,0,112,"SQ_INSTS_VMEM_WR",4194304.000000,1000767517489060,1000767518583991
154,154,"Agent 1",1,43075,43075,2097152,1,"gemm",512,131072,0,128,0,112,"SQ_VMEM_TA_CMD_FIFO_FULL",93814307.000000,1000767517489060,1000767518583991
154,154,"Agent 1",1,43075,43075,2097152,1,"gemm",512,131072,0,128,0,112,"TCC_WRITE_SECTORS",33554432.000000,1000767517489060,1000767518583991
154,154,"Agent 1",1,43075,43075,2097152,1,"gemm",512,131072,0,128,0,112,"TCP_TCP_TA_DATA_STALL_CYCLES",22392975.000000,1000767517489060,1000767518583991
154,154,"Agent 1",1,43075,43075,2097152,1,"gemm",512,131072,0,128,0,112,"TCP_TCP_TA_ADDR_STALL_CYCLES",26377949.000000,1000767517489060,1000767518583991
155,155,"Agent 1",1,43075,43075,2097152,1,"gemm",512,131072,0,128,0,112,"SQ_INSTS_VMEM_WR",4194304.000000,1000767518687552,1000767519792122
155,155,"Agent 1",1,43075,43075,2097152,1,"gemm",512,131072,0,128,0,112,"SQ_VMEM_TA_CMD_FIFO_FULL",101547573.000000,1000767518687552,1000767519792122
155,155,"Agent 1",1,43075,43075,2097152,1,"gemm",512,131072,0,128,0,112,"TCC_WRITE_SECTORS",33554432.000000,1000767518687552,1000767519792122
155,155,"Agent 1",1,43075,43075,2097152,1,"gemm",512,131072,0,128,0,112,"TCP_TCP_TA_DATA_STALL_CYCLES",23222631.000000,1000767518687552,1000767519792122
155,155,"Agent 1",1,43075,43075,2097152,1,"gemm",512,131072,0,128,0,112,"TCP_TCP_TA_ADDR_STALL_CYCLES",29904988.000000,1000767518687552,1000767519792122
156,156,"Agent 1",1,43075,43075,2097152,1,"gemm",512,131072,0,128,0,112,"SQ_INSTS_VMEM_WR",4194304.000000,1000767519902803,1000767520999293
156,156,"Agent 1",1,43075,43075,2097152,1,"gemm",512,131072,0,128,0,112,"SQ_VMEM_TA_CMD_FIFO_FULL",94120452.000000,1000767519902803,1000767520999293
156,156,"Agent 1",1,43075,43075,2097152,1,"gemm",512,131072,0,128,0,112,"TCC_WRITE_SECTORS",33554432.000000,1000767519902803,1000767520999293
156,156,"Agent 1",1,43075,43075,2097152,1,"gemm",512,131072,0,128,0,112,"TCP_TCP_TA_DATA_STALL_CYCLES",22637989.000000,1000767519902803,1000767520999293
156,156,"Agent 1",1,43075,43075,2097152,1,"gemm",512,131072,0,128,0,112,"TCP_TCP_TA_ADDR_STALL_CYCLES",25663719.000000,1000767519902803,1000767520999293
157,157,"Agent 1",1,43075,43075,2097152,1,"gemm",512,131072,0,128,0,112,"SQ_INSTS_VMEM_WR",4194304.000000,1000767521114174,1000767522216465
157,157,"Agent 1",1,43075,43075,2097152,1,"gemm",512,131072,0,128,0,112,"SQ_VMEM_TA_CMD_FIFO_FULL",94436718.000000,1000767521114174,1000767522216465
157,157,"Agent 1",1,43075,43075,2097152,1,"gemm",512,131072,0,128,0,112,"TCC_WRITE_SECTORS",33554432.000000,1000767521114174,1000767522216465
157,157,"Agent 1",1,43075,43075,2097152,1,"gemm",512,131072,0,128,0,112,"TCP_TCP_TA_DATA_STALL_CYCLES",22009837.000000,1000767521114174,1000767522216465
157,157,"Agent 1",1,43075,43075,2097152,1,"gemm",512,131072,0,128,0,112,"TCP_TCP_TA_ADDR_STALL_CYCLES",26819846.000000,1000767521114174,1000767522216465
158,158,"Agent 1",1,43075,43075,2097152,1,"gemm",512,131072,0,128,0,112,"SQ_INSTS_VMEM_WR",4194304.000000,1000767522333906,1000767523431357
158,158,"Agent 1",1,43075,43075,2097152,1,"gemm",512,131072,0,128,0,112,"SQ_VMEM_TA_CMD_FIFO_FULL",96581165.000000,1000767522333906,1000767523431357
158,158,"Agent 1",1,43075,43075,2097152,1,"gemm",512,131072,0,128,0,112,"TCC_WRITE_SECTORS",33554432.000000,1000767522333906,1000767523431357
158,158,"Agent 1",1,43075,43075,2097152,1,"gemm",512,131072,0,128,0,112,"TCP_TCP_TA_DATA_STALL_CYCLES",22819300.000000,1000767522333906,1000767523431357
158,158,"Agent 1",1,43075,43075,2097152,1,"gemm",512,131072,0,128,0,112,"TCP_TCP_TA_ADDR_STALL_CYCLES",28133683.000000,1000767522333906,1000767523431357
159,159,"Agent 1",1,43075,43075,2097152,1,"gemm",512,131072,0,128,0,112,"SQ_INSTS_VMEM_WR",4194304.000000,1000767523543037,1000767524645967
159,159,"Agent 1",1,43075,43075,2097152,1,"gemm",512,131072,0,128,0,112,"SQ_VMEM_TA_CMD_FIFO_FULL",98123344.000000,1000767523543037,1000767524645967
159,159,"Agent 1",1,43075,43075,2097152,1,"gemm",512,131072,0,128,0,112,"TCC_WRITE_SECTORS",33554432.000000,1000767523543037,1000767524645967
159,159,"Agent 1",1,43075,43075,2097152,1,"gemm",512,131072,0,128,0,112,"TCP_TCP_TA_DATA_STALL_CYCLES",23074216.000000,1000767523543037,1000767524645967
159,159,"Agent 1",1,43075,43075,2097152,1,"gemm",512,131072,0,128,0,112,"TCP_TCP_TA_ADDR_STALL_CYCLES",28241156.000000,1000767523543037,1000767524645967
160,160,"Agent 1",1,43075,43075,2097152,1,"gemm",512,131072,0,128,0,112,"SQ_INSTS_VMEM_WR",4194304.000000,1000767524762248,1000767525854738
160,160,"Agent 1",1,43075,43075,2097152,1,"gemm",512,131072,0,128,0,112,"SQ_VMEM_TA_CMD_FIFO_FULL",92697083.000000,1000767524762248,1000767525854738
160,160,"Agent 1",1,43075,43075,2097152,1,"gemm",512,131072,0,128,0,112,"TCC_WRITE_SECTORS",33554432.000000,1000767524762248,1000767525854738
160,160,"Agent 1",1,43075,43075,2097152,1,"gemm",512,131072,0,128,0,112,"TCP_TCP_TA_DATA_STALL_CYCLES",21887712.000000,1000767524762248,1000767525854738
160,160,"Agent 1",1,43075,43075,2097152,1,"gemm",512,131072,0,128,0,112,"TCP_TCP_TA_ADDR_STALL_CYCLES",26040348.000000,1000767524762248,1000767525854738
161,161,"Agent 1",1,43075,43075,2097152,1,"gemm",512,131072,0,128,0,112,"SQ_INSTS_VMEM_WR",4194304.000000,1000767525969100,1000767527071390
161,161,"Agent 1",1,43075,43075,2097152,1,"gemm",512,131072,0,128,0,112,"SQ_VMEM_TA_CMD_FIFO_FULL",99189546.000000,1000767525969100,1000767527071390
161,161,"Agent 1",1,43075,43075,2097152,1,"gemm",512,131072,0,128,0,112,"TCC_WRITE_SECTORS",33554432.000000,1000767525969100,1000767527071390
161,161,"Agent 1",1,43075,43075,2097152,1,"gemm",512,131072,0,128,0,112,"TCP_TCP_TA_DATA_STALL_CYCLES",22949876.000000,1000767525969100,1000767527071390
161,161,"Agent 1",1,43075,43075,2097152,1,"gemm",512,131072,0,128,0,112,"TCP_TCP_TA_ADDR_STALL_CYCLES",28535434.000000,1000767525969100,1000767527071390
162,162,"Agent 1",1,43075,43075,2097152,1,"gemm",512,131072,0,128,0,112,"SQ_INSTS_VMEM_WR",4194304.000000,1000767527176591,1000767528279081
162,162,"Agent 1",1,43075,43075,2097152,1,"gemm",512,131072,0,128,0,112,"SQ_VMEM_TA_CMD_FIFO_FULL",97371929.000000,1000767527176591,1000767528279081
162,162,"Agent 1",1,43075,43075,2097152,1,"gemm",512,131072,0,128,0,112,"TCC_WRITE_SECTORS",33554432.000000,1000767527176591,1000767528279081
162,162,"Agent 1",1,43075,43075,2097152,1,"gemm",512,131072,0,128,0,112,"TCP_TCP_TA_DATA_STALL_CYCLES",23508589.000000,1000767527176591,1000767528279081
162,162,"Agent 1",1,43075,43075,2097152,1,"gemm",512,131072,0,128,0,112,"TCP_TCP_TA_ADDR_STALL_CYCLES",27223295.000000,1000767527176591,1000767528279081
163,163,"Agent 1",1,43075,43075,2097152,1,"gemm",512,131072,0,128,0,112,"SQ_INSTS_VMEM_WR",4194304.000000,1000767528388322,1000767529491173
163,163,"Agent 1",1,43075,43075,2097152,1,"gemm",512,131072,0,128,0,112,"SQ_VMEM_TA_CMD_FIFO_FULL",99916420.000000,1000767528388322,1000767529491173
163,163,"Agent 1",1,43075,43075,2097152,1,"gemm",512,131072,0,128,0,112,"TCC_WRITE_SECTORS",33554432.000000,1000767528388322,1000767529491173
163,163,"Agent 1",1,43075,43075,2097152,1,"gemm",512,131072,0,128,0,112,"TCP_TCP_TA_DATA_STALL_CYCLES",22994987.000000,1000767528388322,1000767529491173
163,163,"Agent 1",1,43075,43075,2097152,1,"gemm",512,131072,0,128,0,112,"TCP_TCP_TA_ADDR_STALL_CYCLES",28690009.000000,1000767528388322,1000767529491173
164,164,"Agent 1",1,43075,43075,2097152,1,"gemm",512,131072,0,128,0,112,"SQ_INSTS_VMEM_WR",4194304.000000,1000767529598454,1000767530714664
164,164,"Agent 1",1,43075,43075,2097152,1,"gemm",512,131072,0,128,0,112,"SQ_VMEM_TA_CMD_FIFO_FULL",104146654.000000,1000767529598454,1000767530714664
164,164,"Agent 1",1,43075,43075,2097152,1,"gemm",512,131072,0,128,0,112,"TCC_WRITE_SECTORS",33554432.000000,1000767529598454,1000767530714664
164,164,"Agent 1",1,43075,43075,2097152,1,"gemm",512,131072,0,128,0,112,"TCP_TCP_TA_DATA_STALL_CYCLES",24242679.000000,1000767529598454,1000767530714664
164,164,"Agent 1",1,43075,43075,2097152,1,"gemm",512,131072,0,128,0,112,"TCP_TCP_TA_ADDR_STALL_CYCLES",29873799.000000,1000767529598454,1000767530714664
165,165,"Agent 1",1,43075,43075,2097152,1,"gemm",512,131072,0,128,0,112,"SQ_INSTS_VMEM_WR",4194304.000000,1000767530828425,1000767531929675
165,165,"Agent 1",1,43075,43075,2097152,1,"gemm",512,131072,0,128,0,112,"SQ_VMEM_TA_CMD_FIFO_FULL",99019867.000000,1000767530828425,1000767531929675
165,165,"Agent 1",1,43075,43075,2097152,1,"gemm",512,131072,0,128,0,112,"TCC_WRITE_SECTORS",33554432.000000,1000767530828425,1000767531929675
165,165,"Agent 1",1,43075,43075,2097152,1,"gemm",512,131072,0,128,0,112,"TCP_TCP_TA_DATA_STALL_CYCLES",23365710.000000,1000767530828425,1000767531929675
165,165,"Agent 1",1,43075,43075,2097152,1,"gemm",512,131072,0,128,0,112,"TCP_TCP_TA_ADDR_STALL_CYCLES",27968865.000000,1000767530828425,1000767531929675
166,166,"Agent 1",1,43075,43075,2097152,1,"gemm",512,131072,0,128,0,112,"SQ_INSTS_VMEM_WR",4194304.000000,1000767532044156,1000767533140927
166,166,"Agent 1",1,43075,43075,2097152,1,"gemm",512,131072,0,128,0,112,"SQ_VMEM_TA_CMD_FIFO_FULL",95548448.000000,1000767532044156,1000767533140927
166,166,"Agent 1",1,43075,43075,2097152,1,"gemm",512,131072,0,128,0,112,"TCC_WRITE_SECTORS",33554432.000000,1000767532044156,1000767533140927
166,166,"Agent 1",1,43075,43075,2097152,1,"gemm",512,131072,0,128,0,112,"TCP_TCP_TA_DATA_STALL_CYCLES",22332308.000000,1000767532044156,1000767533140927
166,166,"Agent 1",1,43075,43075,2097152,1,"gemm",512,131072,0,128,0,112,"TCP_TCP_TA_ADDR_STALL_CYCLES",27237737.000000,1000767532044156,1000767533140927
167,167,"Agent 1",1,43075,43075,2097152,1,"gemm",512,131072,0,128,0,112,"SQ_INSTS_VMEM_WR",4194304.000000,1000767533253248,1000767534349538
167,167,"Agent 1",1,43075,43075,2097152,1,"gemm",512,131072,0,128,0,112,"SQ_VMEM_TA_CMD_FIFO_FULL",94204045.000000,1000767533253248,1000767534349538
167,167,"Agent 1",1,43075,43075,2097152,1,"gemm",512,131072,0,128,0,112,"TCC_WRITE_SECTORS",33554432.000000,1000767533253248,1000767534349538
167,167,"Agent 1",1,43075,43075,2097152,1,"gemm",512,131072,0,128,0,112,"TCP_TCP_TA_DATA_STALL_CYCLES",22248572.000000,1000767533253248,1000767534349538
167,167,"Agent 1",1,43075,43075,2097152,1,"gemm",512,131072,0,128,0,112,"TCP_TCP_TA_ADDR_STALL_CYCLES",26773600.000000,1000767533253248,1000767534349538
168,168,"Agent 1",1,43075,43075,2097152,1,"gemm",512,131072,0,128,0,112,"SQ_INSTS_VMEM_WR",4194304.000000,1000767534460979,1000767535570669
168,168,"Agent 1",1,43075,43075,2097152,1,"gemm",512,131072,0,128,0,112,"SQ_VMEM_TA_CMD_FIFO_FULL",102106892.000000,1000767534460979,1000767535570669
168,168,"Agent 1",1,43075,43075,2097152,1,"gemm",512,131072,0,128,0,112,"TCC_WRITE_SECTORS",33554432.000000,1000767534460979,1000767535570669
168,168,"Agent 1",1,43075,43075,2097152,1,"gemm",512,131072,0,128,0,112,"TCP_TCP_TA_DATA_STALL_CYCLES",24089163.000000,1000767534460979,1000767535570669
168,168,"Agent 1",1,43075,43075,2097152,1,"gemm",512,131072,0,128,0,112,"TCP_TCP_TA_ADDR_STALL_CYCLES",29367409.000000,1000767534460979,1000767535570669
169,169,"Agent 1",1,43075,43075,2097152,1,"gemm",512,131072,0,128,0,112,"SQ_INSTS_VMEM_WR",4194304.000000,1000767535682911,1000767536776281
169,169,"Agent 1",1,43075,43075,2097152,1,"gemm",512,131072,0,128,0,112,"SQ_VMEM_TA_CMD_FIFO_FULL",94361552.000000,1000767535682911,1000767536776281
169,169,"Agent 1",1,43075,43075,2097152,1,"gemm",512,131072,0,128,0,112,"TCC_WRITE_SECTORS",33554432.000000,1000767535682911,1000767536776281
169,169,"Agent 1",1,43075,43075,2097152,1,"gemm",512,131072,0,128,0,112,"TCP_TCP_TA_DATA_STALL_CYCLES",22543842.000000,1000767535682911,1000767536776281
169,169,"Agent 1",1,43075,43075,2097152,1,"gemm",512,131072,0,128,0,112,"TCP_TCP_TA_ADDR_STALL_CYCLES",26553834.000000,1000767535682911,1000767536776281
170,170,"Agent 1",1,43075,43075,2097152,1,"gemm",512,131072,0,128,0,112,"SQ_INSTS_VMEM_WR",4194304.000000,1000767536880162,1000767537976972
170,170,"Agent 1",1,43075,43075,2097152,1,"gemm",512,131072,0,128,0,112,"SQ_VMEM_TA_CMD_FIFO_FULL",96497345.000000,1000767536880162,1000767537976972
170,170,"Agent 1",1,43075,43075,2097152,1,"gemm",512,131072,0,128,0,112,"TCC_WRITE_SECTORS",33554432.000000,1000767536880162,1000767537976972
170,170,"Agent 1",1,43075,43075,2097152,1,"gemm",512,131072,0,128,0,112,"TCP_TCP_TA_DATA_STALL_CYCLES",22829126.000000,1000767536880162,1000767537976972
170,170,"Agent 1",1,43075,43075,2097152,1,"gemm",512,131072,0,128,0,112,"TCP_TCP_TA_ADDR_STALL_CYCLES",27337135.000000,1000767536880162,1000767537976972
171,171,"Agent 1",1,43075,43075,2097152,1,"gemm",512,131072,0,128,0,112,"SQ_INSTS_VMEM_WR",4194304.000000,1000767538080373,1000767539181783
171,171,"Agent 1",1,43075,43075,2097152,1,"gemm",512,131072,0,128,0,112,"SQ_VMEM_TA_CMD_FIFO_FULL",97367353.000000,1000767538080373,1000767539181783
171,171,"Agent 1",1,43075,43075,2097152,1,"gemm",512,131072,0,128,0,112,"TCC_WRITE_SECTORS",33554432.000000,1000767538080373,1000767539181783
171,171,"Agent 1",1,43075,43075,2097152,1,"gemm",512,131072,0,128,0,112,"TCP_TCP_TA_DATA_STALL_CYCLES",23100538.000000,1000767538080373,1000767539181783
171,171,"Agent 1",1,43075,43075,2097152,1,"gemm",512,131072,0,128,0,112,"TCP_TCP_TA_ADDR_STALL_CYCLES",27391411.000000,1000767538080373,1000767539181783
172,172,"Agent 1",1,43075,43075,2097152,1,"gemm",512,131072,0,128,0,112,"SQ_INSTS_VMEM_WR",4194304.000000,1000767539294504,1000767540387475
172,172,"Agent 1",1,43075,43075,2097152,1,"gemm",512,131072,0,128,0,112,"SQ_VMEM_TA_CMD_FIFO_FULL",94462828.000000,1000767539294504,1000767540387475
172,172,"Agent 1",1,43075,43075,2097152,1,"gemm",512,131072,0,128,0,112,"TCC_WRITE_SECTORS",33554432.000000,1000767539294504,1000767540387475
172,172,"Agent 1",1,43075,43075,2097152,1,"gemm",512,131072,0,128,0,112,"TCP_TCP_TA_DATA_STALL_CYCLES",22078004.000000,1000767539294504,1000767540387475
172,172,"Agent 1",1,43075,43075,2097152,1,"gemm",512,131072,0,128,0,112,"TCP_TCP_TA_ADDR_STALL_CYCLES",27119459.000000,1000767539294504,1000767540387475
173,173,"Agent 1",1,43075,43075,2097152,1,"gemm",512,131072,0,128,0,112,"SQ_INSTS_VMEM_WR",4194304.000000,1000767540495156,1000767541598886
173,173,"Agent 1",1,43075,43075,2097152,1,"gemm",512,131072,0,128,0,112,"SQ_VMEM_TA_CMD_FIFO_FULL",99380515.000000,1000767540495156,1000767541598886
173,173,"Agent 1",1,43075,43075,2097152,1,"gemm",512,131072,0,128,0,112,"TCC_WRITE_SECTORS",33554432.000000,1000767540495156,1000767541598886
173,173,"Agent 1",1,43075,43075,2097152,1,"gemm",512,131072,0,128,0,112,"TCP_TCP_TA_DATA_STALL_CYCLES",23107421.000000,1000767540495156,1000767541598886
173,173,"Agent 1",1,43075,43075,2097152,1,"gemm",512,131072,0,128,0,112,"TCP_TCP_TA_ADDR_STALL_CYCLES",28314183.000000,1000767540495156,1000767541598886
174,174,"Agent 1",1,43075,43075,2097152,1,"gemm",512,131072,0,128,0,112,"SQ_INSTS_VMEM_WR",4194304.000000,1000767541701967,1000767542804097
174,174,"Agent 1",1,43075,43075,2097152,1,"gemm",512,131072,0,128,0,112,"SQ_VMEM_TA_CMD_FIFO_FULL",100315330.000000,1000767541701967,1000767542804097
174,174,"Agent 1",1,43075,43075,2097152,1,"gemm",512,131072,0,128,0,112,"TCC_WRITE_SECTORS",33554432.000000,1000767541701967,1000767542804097
174,174,"Agent 1",1,43075,43075,2097152,1,"gemm",512,131072,0,128,0,112,"TCP_TCP_TA_DATA_STALL_CYCLES",23091847.000000,1000767541701967,1000767542804097
174,174,"Agent 1",1,43075,43075,2097152,1,"gemm",512,131072,0,128,0,112,"TCP_TCP_TA_ADDR_STALL_CYCLES",28958214.000000,1000767541701967,1000767542804097
175,175,"Agent 1",1,43075,43075,2097152,1,"gemm",512,131072,0,128,0,112,"SQ_INSTS_VMEM_WR",4194304.000000,1000767542910938,1000767544013229
175,175,"Agent 1",1,43075,43075,2097152,1,"gemm",512,131072,0,128,0,112,"SQ_VMEM_TA_CMD_FIFO_FULL",96249155.000000,1000767542910938,1000767544013229
175,175,"Agent 1",1,43075,43075,2097152,1,"gemm",512,131072,0,128,0,112,"TCC_WRITE_SECTORS",33554432.000000,1000767542910938,1000767544013229
175,175,"Agent 1",1,43075,43075,2097152,1,"gemm",512,131072,0,128,0,112,"TCP_TCP_TA_DATA_STALL_CYCLES",22844687.000000,1000767542910938,1000767544013229
175,175,"Agent 1",1,43075,43075,2097152,1,"gemm",512,131072,0,128,0,112,"TCP_TCP_TA_ADDR_STALL_CYCLES",27380995.000000,1000767542910938,1000767544013229
176,176,"Agent 1",1,43075,43075,2097152,1,"gemm",512,131072,0,128,0,112,"SQ_INSTS_VMEM_WR",4194304.000000,1000767544124510,1000767545222160
176,176,"Agent 1",1,43075,43075,2097152,1,"gemm",512,131072,0,128,0,112,"SQ_VMEM_TA_CMD_FIFO_FULL",95395847.000000,1000767544124510,1000767545222160
176,176,"Agent 1",1,43075,43075,2097152,1,"gemm",512,131072,0,128,0,112,"TCC_WRITE_SECTORS",33554432.000000,1000767544124510,1000767545222160
176,176,"Agent 1",1,43075,43075,2097152,1,"gemm",512,131072,0,128,0,112,"TCP_TCP_TA_DATA_STALL_CYCLES",23015598.000000,1000767544124510,1000767545222160
176,176,"Agent 1",1,43075,43075,2097152,1,"gemm",512,131072,0,128,0,112,"TCP_TCP_TA_ADDR_STALL_CYCLES",26407204.000000,1000767544124510,1000767545222160
177,177,"Agent 1",1,43075,43075,2097152,1,"gemm",512,131072,0,128,0,112,"SQ_INSTS_VMEM_WR",4194304.000000,1000767545327041,1000767546438171
177,177,"Agent 1",1,43075,43075,2097152,1,"gemm",512,131072,0,128,0,112,"SQ_VMEM_TA_CMD_FIFO_FULL",103697858.000000,1000767545327041,1000767546438171
177,177,"Agent 1",1,43075,43075,2097152,1,"gemm",512,131072,0,128,0,112,"TCC_WRITE_SECTORS",33554432.000000,1000767545327041,1000767546438171
177,177,"Agent 1",1,43075,43075,2097152,1,"gemm",512,131072,0,128,0,112,"TCP_TCP_TA_DATA_STALL_CYCLES",24010292.000000,1000767545327041,1000767546438171
177,177,"Agent 1",1,43075,43075,2097152,1,"gemm",512,131072,0,128,0,112,"TCP_TCP_TA_ADDR_STALL_CYCLES",30193146.000000,1000767545327041,1000767546438171
178,178,"Agent 1",1,43075,43075,2097152,1,"gemm",512,131072,0,128,0,112,"SQ_INSTS_VMEM_WR",4194304.000000,1000767546543852,1000767547643623
178,178,"Agent 1",1,43075,43075,2097152,1,"gemm",512,131072,0,128,0,112,"SQ_VMEM_TA_CMD_FIFO_FULL",98171453.000000,1000767546543852,1000767547643623
178,178,"Agent 1",1,43075,43075,2097152,1,"gemm",512,131072,0,128,0,112,"TCC_WRITE_SECTORS",33554432.000000,1000767546543852,1000767547643623
178,178,"Agent 1",1,43075,43075,2097152,1,"gemm",512,131072,0,128,0,112,"TCP_TCP_TA_DATA_STALL_CYCLES",23521360.000000,1000767546543852,1000767547643623
178,178,"Agent 1",1,43075,43075,2097152,1,"gemm",512,131072,0,128,0,112,"TCP_TCP_TA_ADDR_STALL_CYCLES",27585250.000000,1000767546543852,1000767547643623
179,179,"Agent 1",1,43075,43075,2097152,1,"gemm",512,131072,0,128,0,112,"SQ_INSTS_VMEM_WR",4194304.000000,1000767547748184,1000767548846674
179,179,"Agent 1",1,43075,43075,2097152,1,"gemm",512,131072,0,128,0,112,"SQ_VMEM_TA_CMD_FIFO_FULL",96209717.000000,1000767547748184,1000767548846674
179,179,"Agent 1",1,43075,43075,2097152,1,"gemm",512,131072,0,128,0,112,"TCC_WRITE_SECTORS",33554432.000000,1000767547748184,1000767548846674
179,179,"Agent 1",1,43075,43075,2097152,1,"gemm",512,131072,0,128,0,112,"TCP_TCP_TA_DATA_STALL_CYCLES",22741053.000000,1000767547748184,1000767548846674
179,179,"Agent 1",1,43075,43075,2097152,1,"gemm",512,131072,0,128,0,112,"TCP_TCP_TA_ADDR_STALL_CYCLES",27158418.000000,1000767547748184,1000767548846674
180,180,"Agent 1",1,43075,43075,2097152,1,"gemm",512,131072,0,128,0,112,"SQ_INSTS_VMEM_WR",4194304.000000,1000767548957035,1000767550056885
180,180,"Agent 1",1,43075,43075,2097152,1,"gemm",512,131072,0,128,0,112,"SQ_VMEM_TA_CMD_FIFO_FULL",98686647.000000,1000767548957035,1000767550056885
180,180,"Agent 1",1,43075,43075,2097152,1,"gemm",512,131072,0,128,0,112,"TCC_WRITE_SECTORS",33554432.000000,1000767548957035,1000767550056885
180,180,"Agent 1",1,43075,43075,2097152,1,"gemm",512,131072,0,128,0,112,"TCP_TCP_TA_DATA_STALL_CYCLES",23515433.000000,1000767548957035,1000767550056885
180,180,"Agent 1",1,43075,43075,2097152,1,"gemm",512,131072,0,128,0,112,"TCP_TCP_TA_ADDR_STALL_CYCLES",28035618.000000,1000767548957035,1000767550056885
181,181,"Agent 1",1,43075,43075,2097152,1,"gemm",512,131072,0,128,0,112,"SQ_INSTS_VMEM_WR",4194304.000000,1000767550161406,1000767551260817
181,181,"Agent 1",1,43075,43075,2097152,1,"gemm",512,131072,0,128,0,112,"SQ_VMEM_TA_CMD_FIFO_FULL",98015515.000000,1000767550161406,1000767551260817
181,181,"Agent 1",1,43075,43075,2097152,1,"gemm",512,131072,0,128,0,112,"TCC_WRITE_SECTORS",33554432.000000,1000767550161406,1000767551260817
181,181,"Agent 1",1,43075,43075,2097152,1,"gemm",512,131072,0,128,0,112,"TCP_TCP_TA_DATA_STALL_CYCLES",22104279.000000,1000767550161406,1000767551260817
181,181,"Agent 1",1,43075,43075,2097152,1,"gemm",512,131072,0,128,0,112,"TCP_TCP_TA_ADDR_STALL_CYCLES",28097319.000000,1000767550161406,1000767551260817
182,182,"Agent 1",1,43075,43075,2097152,1,"gemm",512,131072,0,128,0,112,"SQ_INSTS_VMEM_WR",4194304.000000,1000767551361257,1000767552462788
182,182,"Agent 1",1,43075,43075,2097152,1,"gemm",512,131072,0,128,0,112,"SQ_VMEM_TA_CMD_FIFO_FULL",99149516.000000,1000767551361257,1000767552462788
182,182,"Agent 1",1,43075,43075,2097152,1,"gemm",512,131072,0,128,0,112,"TCC_WRITE_SECTORS",33554432.000000,1000767551361257,1000767552462788
182,182,"Agent 1",1,43075,43075,2097152,1,"gemm",512,131072,0,128,0,112,"TCP_TCP_TA_DATA_STALL_CYCLES",22668626.000000,1000767551361257,1000767552462788
182,182,"Agent 1",1,43075,43075,2097152,1,"gemm",512,131072,0,128,0,112,"TCP_TCP_TA_ADDR_STALL_CYCLES",28412454.000000,1000767551361257,1000767552462788
183,183,"Agent 1",1,43075,43075,2097152,1,"gemm",512,131072,0,128,0,112,"SQ_INSTS_VMEM_WR",4194304.000000,1000767552570429,1000767553669839
183,183,"Agent 1",1,43075,43075,2097152,1,"gemm",512,131072,0,128,0,112,"SQ_VMEM_TA_CMD_FIFO_FULL",96929178.000000,1000767552570429,1000767553669839
183,183,"Agent 1",1,43075,43075,2097152,1,"gemm",512,131072,0,128,0,112,"TCC_WRITE_SECTORS",33554432.000000,1000767552570429,1000767553669839
183,183,"Agent 1",1,43075,43075,2097152,1,"gemm",512,131072,0,128,0,112,"TCP_TCP_TA_DATA_STALL_CYCLES",22520836.000000,1000767552570429,1000767553669839
183,183,"Agent 1",1,43075,43075,2097152,1,"gemm",512,131072,0,128,0,112,"TCP_TCP_TA_ADDR_STALL_CYCLES",27887666.000000,1000767552570429,1000767553669839
184,184,"Agent 1",1,43075,43075,2097152,1,"gemm",512,131072,0,128,0,112,"SQ_INSTS_VMEM_WR",4194304.000000,1000767553771560,1000767554872330
184,184,"Agent 1",1,43075,43075,2097152,1,"gemm",512,131072,0,128,0,112,"SQ_VMEM_TA_CMD_FIFO_FULL",98241127.000000,1000767553771560,1000767554872330
184,184,"Agent 1",1,43075,43075,2097152,1,"gemm",512,131072,0,128,0,112,"TCC_WRITE_SECTORS",33554432.000000,1000767553771560,1000767554872330
184,184,"Agent 1",1,43075,43075,2097152,1,"gemm",512,131072,0,128,0,112,"TCP_TCP_TA_DATA_STALL_CYCLES",22808752.000000,1000767553771560,1000767554872330
184,184,"Agent 1",1,43075,43075,2097152,1,"gemm",512,131072,0,128,0,112,"TCP_TCP_TA_ADDR_STALL_CYCLES",28525847.000000,1000767553771560,1000767554872330
185,185,"Agent 1",1,43075,43075,2097152,1,"gemm",512,131072,0,128,0,112,"SQ_INSTS_VMEM_WR",4194304.000000,1000767554974051,1000767556072062
185,185,"Agent 1",1,43075,43075,2097152,1,"gemm",512,131072,0,128,0,112,"SQ_VMEM_TA_CMD_FIFO_FULL",99378267.000000,1000767554974051,1000767556072062
185,185,"Agent 1",1,43075,43075,2097152,1,"gemm",512,131072,0,128,0,112,"TCC_WRITE_SECTORS",33554432.000000,1000767554974051,1000767556072062
185,185,"Agent 1",1,43075,43075,2097152,1,"gemm",512,131072,0,128,0,112,"TCP_TCP_TA_DATA_STALL_CYCLES",23075753.000000,1000767554974051,1000767556072062
185,185,"Agent 1",1,43075,43075,2097152,1,"gemm",512,131072,0,128,0,112,"TCP_TCP_TA_ADDR_STALL_CYCLES",28518613.000000,1000767554974051,1000767556072062
186,186,"Agent 1",1,43075,43075,2097152,1,"gemm",512,131072,0,128,0,112,"SQ_INSTS_VMEM_WR",4194304.000000,1000767556180623,1000767557290433
186,186,"Agent 1",1,43075,43075,2097152,1,"gemm",512,131072,0,128,0,112,"SQ_VMEM_TA_CMD_FIFO_FULL",99672725.000000,1000767556180623,1000767557290433
186,186,"Agent 1",1,43075,43075,2097152,1,"gemm",512,131072,0,128,0,112,"TCC_WRITE_SECTORS",33554432.000000,1000767556180623,1000767557290433
186,186,"Agent 1",1,43075,43075,2097152,1,"gemm",512,131072,0,128,0,112,"TCP_TCP_TA_DATA_STALL_CYCLES",23676671.000000,1000767556180623,1000767557290433
186,186,"Agent 1",1,43075,43075,2097152,1,"gemm",512,131072,0,128,0,112,"TCP_TCP_TA_ADDR_STALL_CYCLES",28023458.000000,1000767556180623,1000767557290433
187,187,"Agent 1",1,43075,43075,2097152,1,"gemm",512,131072,0,128,0,112,"SQ_INSTS_VMEM_WR",4194304.000000,1000767557395954,1000767558491124
187,187,"Agent 1",1,43075,43075,2097152,1,"gemm",512,131072,0,128,0,112,"SQ_VMEM_TA_CMD_FIFO_FULL",95930361.000000,1000767557395954,1000767558491124
187,187,"Agent 1",1,43075,43075,2097152,1,"gemm",512,131072,0,128,0,112,"TCC_WRITE_SECTORS",33554432.000000,1000767557395954,1000767558491124
187,187,"Agent 1",1,43075,43075,2097152,1,"gemm",512,131072,0,128,0,112,"TCP_TCP_TA_DATA_STALL_CYCLES",22950808.000000,1000767557395954,1000767558491124
187,187,"Agent 1",1,43075,43075,2097152,1,"gemm",512,131072,0,128,0,112,"TCP_TCP_TA_ADDR_STALL_CYCLES",28083025.000000,1000767557395954,1000767558491124
188,188,"Agent 1",1,43075,43075,2097152,1,"gemm",512,131072,0,128,0,112,"SQ_INSTS_VMEM_WR",4194304.000000,1000767558598845,1000767559710776
188,188,"Agent 1",1,43075,43075,2097152,1,"gemm",512,131072,0,128,0,112,"SQ_VMEM_TA_CMD_FIFO_FULL",102138722.000000,1000767558598845,1000767559710776
188,188,"Agent 1",1,43075,43075,2097152,1,"gemm",512,131072,0,128,0,112,"TCC_WRITE_SECTORS",33554432.000000,1000767558598845,1000767559710776
188,188,"Agent 1",1,43075,43075,2097152,1,"gemm",512,131072,0,128,0,112,"TCP_TCP_TA_DATA_STALL_CYCLES",23999548.000000,1000767558598845,1000767559710776
188,188,"Agent 1",1,43075,43075,2097152,1,"gemm",512,131072,0,128,0,112,"TCP_TCP_TA_ADDR_STALL_CYCLES",29648071.000000,1000767558598845,1000767559710776
189,189,"Agent 1",1,43075,43075,2097152,1,"gemm",512,131072,0,128,0,112,"SQ_INSTS_VMEM_WR",4194304.000000,1000767559814417,1000767560916467
189,189,"Agent 1",1,43075,43075,2097152,1,"gemm",512,131072,0,128,0,112,"SQ_VMEM_TA_CMD_FIFO_FULL",99827569.000000,1000767559814417,1000767560916467
189,189,"Agent 1",1,43075,43075,2097152,1,"gemm",512,131072,0,128,0,112,"TCC_WRITE_SECTORS",33554432.000000,1000767559814417,1000767560916467
189,189,"Agent 1",1,43075,43075,2097152,1,"gemm",512,131072,0,128,0,112,"TCP_TCP_TA_DATA_STALL_CYCLES",23043579.000000,1000767559814417,1000767560916467
189,189,"Agent 1",1,43075,43075,2097152,1,"gemm",512,131072,0,128,0,112,"TCP_TCP_TA_ADDR_STALL_CYCLES",28509269.000000,1000767559814417,1000767560916467
190,190,"Agent 1",1,43075,43075,2097152,1,"gemm",512,131072,0,128,0,112,"SQ_INSTS_VMEM_WR",4194304.000000,1000767561026708,1000767562124718
190,190,"Agent 1",1,43075,43075,2097152,1,"gemm",512,131072,0,128,0,112,"SQ_VMEM_TA_CMD_FIFO_FULL",96062754.000000,1000767561026708,1000767562124718
190,190,"Agent 1",1,43075,43075,2097152,1,"gemm",512,131072,0,128,0,112,"TCC_WRITE_SECTORS",33554432.000000,1000767561026708,1000767562124718
190,190,"Agent 1",1,43075,43075,2097152,1,"gemm",512,131072,0,128,0,112,"TCP_TCP_TA_DATA_STALL_CYCLES",22864578.000000,1000767561026708,1000767562124718
190,190,"Agent 1",1,43075,43075,2097152,1,"gemm",512,131072,0,128,0,112,"TCP_TCP_TA_ADDR_STALL_CYCLES",27499773.000000,1000767561026708,1000767562124718
191,191,"Agent 1",1,43075,43075,2097152,1,"gemm",512,131072,0,128,0,112,"SQ_INSTS_VMEM_WR",4194304.000000,1000767562225359,1000767563328010
191,191,"Agent 1",1,43075,43075,2097152,1,"gemm",512,131072,0,128,0,112,"SQ_VMEM_TA_CMD_FIFO_FULL",97010545.000000,1000767562225359,1000767563328010
191,191,"Agent 1",1,43075,43075,2097152,1,"gemm",512,131072,0,128,0,112,"TCC_WRITE_SECTORS",33554432.000000,1000767562225359,1000767563328010
191,191,"Agent 1",1,43075,43075,2097152,1,"gemm",512,131072,0,128,0,112,"TCP_TCP_TA_DATA_STALL_CYCLES",22595604.000000,1000767562225359,1000767563328010
191,191,"Agent 1",1,43075,43075,2097152,1,"gemm",512,131072,0,128,0,112,"TCP_TCP_TA_ADDR_STALL_CYCLES",27823330.000000,1000767562225359,1000767563328010
192,192,"Agent 1",1,43075,43075,2097152,1,"gemm",512,131072,0,128,0,112,"SQ_INSTS_VMEM_WR",4194304.000000,1000767563427611,1000767564533181
192,192,"Agent 1",1,43075,43075,2097152,1,"gemm",512,131072,0,128,0,112,"SQ_VMEM_TA_CMD_FIFO_FULL",98731053.000000,1000767563427611,1000767564533181
192,192,"Agent 1",1,43075,43075,2097152,1,"gemm",512,131072,0,128,0,112,"TCC_WRITE_SECTORS",33554432.000000,1000767563427611,1000767564533181
192,192,"Agent 1",1,43075,43075,2097152,1,"gemm",512,131072,0,128,0,112,"TCP_TCP_TA_DATA_STALL_CYCLES",22963462.000000,1000767563427611,1000767564533181
192,192,"Agent 1",1,43075,43075,2097152,1,"gemm",512,131072,0,128,0,112,"TCP_TCP_TA_ADDR_STALL_CYCLES",29153782.000000,1000767563427611,1000767564533181
193,193,"Agent 1",1,43075,43075,2097152,1,"gemm",512,131072,0,128,0,112,"SQ_INSTS_VMEM_WR",4194304.000000,1000767564630662,1000767565738312
193,193,"Agent 1",1,43075,43075,2097152,1,"gemm",512,131072,0,128,0,112,"SQ_VMEM_TA_CMD_FIFO_FULL",100107492.000000,1000767564630662,1000767565738312
193,193,"Agent 1",1,43075,43075,2097152,1,"gemm",512,131072,0,128,0,112,"TCC_WRITE_SECTORS",33554432.000000,1000767564630662,1000767565738312
193,193,"Agent 1",1,43075,43075,2097152,1,"gemm",512,131072,0,128,0,112,"TCP_TCP_TA_DATA_STALL_CYCLES",24358695.000000,1000767564630662,1000767565738312
193,193,"Agent 1",1,43075,43075,2097152,1,"gemm",512,131072,0,128,0,112,"TCP_TCP_TA_ADDR_STALL_CYCLES",27687791.000000,1000767564630662,1000767565738312
194,194,"Agent 1",1,43075,43075,2097152,1,"gemm",512,131072,0,128,0,112,"SQ_INSTS_VMEM_WR",4194304.000000,1000767565837753,1000767566941203
194,194,"Agent 1",1,43075,43075,2097152,1,"gemm",512,131072,0,128,0,112,"SQ_VMEM_TA_CMD_FIFO_FULL",97164954.000000,1000767565837753,1000767566941203
194,194,"Agent 1",1,43075,43075,2097152,1,"gemm",512,131072,0,128,0,112,"TCC_WRITE_SECTORS",33554432.000000,1000767565837753,1000767566941203
194,194,"Agent 1",1,43075,43075,2097152,1,"gemm",512,131072,0,128,0,112,"TCP_TCP_TA_DATA_STALL_CYCLES",24181707.000000,1000767565837753,1000767566941203
194,194,"Agent 1",1,43075,43075,2097152,1,"gemm",512,131072,0,128,0,112,"TCP_TCP_TA_ADDR_STALL_CYCLES",26915242.000000,1000767565837753,1000767566941203
195,195,"Agent 1",1,43075,43075,2097152,1,"gemm",512,131072,0,128,0,112,"SQ_INSTS_VMEM_WR",4194304.000000,1000767567047764,1000767568154935
195,195,"Agent 1",1,43075,43075,2097152,1,"gemm",512,131072,0,128,0,112,"SQ_VMEM_TA_CMD_FIFO_FULL",102520316.000000,1000767567047764,1000767568154935
195,195,"Agent 1",1,43075,43075,2097152,1,"gemm",512,131072,0,128,0,112,"TCC_WRITE_SECTORS",33554432.000000,1000767567047764,1000767568154935
195,195,"Agent 1",1,43075,43075,2097152,1,"gemm",512,131072,0,128,0,112,"TCP_TCP_TA_DATA_STALL_CYCLES",23441163.000000,1000767567047764,1000767568154935
195,195,"Agent 1",1,43075,43075,2097152,1,"gemm",512,131072,0,128,0,112,"TCP_TCP_TA_ADDR_STALL_CYCLES",29088862.000000,1000767567047764,1000767568154935
196,196,"Agent 1",1,43075,43075,2097152,1,"gemm",512,131072,0,128,0,112,"SQ_INSTS_VMEM_WR",4194304.000000,1000767568254216,1000767569351146
196,196,"Agent 1",1,43075,43075,2097152,1,"gemm",512,131072,0,128,0,112,"SQ_VMEM_TA_CMD_FIFO_FULL",93669529.000000,1000767568254216,1000767569351146
196,196,"Agent 1",1,43075,43075,2097152,1,"gemm",512,131072,0,128,0,112,"TCC_WRITE_SECTORS",33554432.000000,1000767568254216,1000767569351146
196,196,"Agent 1",1,43075,43075,2097152,1,"gemm",512,131072,0,128,0,112,"TCP_TCP_TA_DATA_STALL_CYCLES",22619299.000000,1000767568254216,1000767569351146
196,196,"Agent 1",1,43075,43075,2097152,1,"gemm",512,131072,0,128,0,112,"TCP_TCP_TA_ADDR_STALL_CYCLES",26375378.000000,1000767568254216,1000767569351146
197,197,"Agent 1",1,43075,43075,2097152,1,"gemm",512,131072,0,128,0,112,"SQ_INSTS_VMEM_WR",4194304.000000,1000767569451907,1000767570552677
197,197,"Agent 1",1,43075,43075,2097152,1,"gemm",512,131072,0,128,0,112,"SQ_VMEM_TA_CMD_FIFO_FULL",96490686.000000,1000767569451907,1000767570552677
197,197,"Agent 1",1,43075,43075,2097152,1,"gemm",512,131072,0,128,0,112,"TCC_WRITE_SECTORS",33554432.000000,1000767569451907,1000767570552677
197,197,"Agent 1",1,43075,43075,2097152,1,"gemm",512,131072,0,128,0,112,"TCP_TCP_TA_DATA_STALL_CYCLES",23644086.000000,1000767569451907,1000767570552677
197,197,"Agent 1",1,43075,43075,2097152,1,"gemm",512,131072,0,128,0,112,"TCP_TCP_TA_ADDR_STALL_CYCLES",26848641.000000,1000767569451907,1000767570552677
198,198,"Agent 1",1,43075,43075,2097152,1,"gemm",512,131072,0,128,0,112,"SQ_INSTS_VMEM_WR",4194304.000000,1000767570656118,1000767571758569
198,198,"Agent 1",1,43075,43075,2097152,1,"gemm",512,131072,0,128,0,112,"SQ_VMEM_TA_CMD_FIFO_FULL",96408461.000000,1000767570656118,1000767571758569
198,198,"Agent 1",1,43075,43075,2097152,1,"gemm",512,131072,0,128,0,112,"TCC_WRITE_SECTORS",33554432.000000,1000767570656118,1000767571758569
198,198,"Agent 1",1,43075,43075,2097152,1,"gemm",512,131072,0,128,0,112,"TCP_TCP_TA_DATA_STALL_CYCLES",23297188.000000,1000767570656118,1000767571758569
198,198,"Agent 1",1,43075,43075,2097152,1,"gemm",512,131072,0,128,0,112,"TCP_TCP_TA_ADDR_STALL_CYCLES",26912247.000000,1000767570656118,1000767571758569
199,199,"Agent 1",1,43075,43075,2097152,1,"gemm",512,131072,0,128,0,112,"SQ_INSTS_VMEM_WR",4194304.000000,1000767571862650,1000767572976820
199,199,"Agent 1",1,43075,43075,2097152,1,"gemm",512,131072,0,128,0,112,"SQ_VMEM_TA_CMD_FIFO_FULL",105026401.000000,1000767571862650,1000767572976820
199,199,"Agent 1",1,43075,43075,2097152,1,"gemm",512,131072,0,128,0,112,"TCC_WRITE_SECTORS",33554432.000000,1000767571862650,1000767572976820
199,199,"Agent 1",1,43075,43075,2097152,1,"gemm",512,131072,0,128,0,112,"TCP_TCP_TA_DATA_STALL_CYCLES",24922993.000000,1000767571862650,1000767572976820
199,199,"Agent 1",1,43075,43075,2097152,1,"gemm",512,131072,0,128,0,112,"TCP_TCP_TA_ADDR_STALL_CYCLES",30015047.000000,1000767571862650,1000767572976820
200,200,"Agent 1",1,43075,43075,2097152,1,"gemm",512,131072,0,128,0,112,"SQ_INSTS_VMEM_WR",4194304.000000,1000767573078661,1000767574179271
200,200,"Agent 1",1,43075,43075,2097152,1,"gemm",512,131072,0,128,0,112,"SQ_VMEM_TA_CMD_FIFO_FULL",98522024.000000,1000767573078661,1000767574179271
200,200,"Agent 1",1,43075,43075,2097152,1,"gemm",512,131072,0,128,0,112,"TCC_WRITE_SECTORS",33554432.000000,1000767573078661,1000767574179271
200,200,"Agent 1",1,43075,43075,2097152,1,"gemm",512,131072,0,128,0,112,"TCP_TCP_TA_DATA_STALL_CYCLES",23300561.000000,1000767573078661,1000767574179271
200,200,"Agent 1",1,43075,43075,2097152,1,"gemm",512,131072,0,128,0,112,"TCP_TCP_TA_ADDR_STALL_CYCLES",28794207.000000,1000767573078661,1000767574179271
201,201,"Agent 1",1,43075,43075,2097152,1,"gemm",512,131072,0,128,0,112,"SQ_INSTS_VMEM_WR",4194304.000000,1000767574280152,1000767575386763
201,201,"Agent 1",1,43075,43075,2097152,1,"gemm",512,131072,0,128,0,112,"SQ_VMEM_TA_CMD_FIFO_FULL",99800814.000000,1000767574280152,1000767575386763
201,201,"Agent 1",1,43075,43075,2097152,1,"gemm",512,131072,0,128,0,112,"TCC_WRITE_SECTORS",33554432.000000,1000767574280152,1000767575386763
201,201,"Agent 1",1,43075,43075,2097152,1,"gemm",512,131072,0,128,0,112,"TCP_TCP_TA_DATA_STALL_CYCLES",23578058.000000,1000767574280152,1000767575386763
201,201,"Agent 1",1,43075,43075,2097152,1,"gemm",512,131072,0,128,0,112,"TCP_TCP_TA_ADDR_STALL_CYCLES",28659305.000000,1000767574280152,1000767575386763
202,202,"Agent 1",1,43075,43075,2097152,1,"gemm",512,131072,0,128,0,112,"SQ_INSTS_VMEM_WR",4194304.000000,1000767575486884,1000767576590014
202,202,"Agent 1",1,43075,43075,2097152,1,"gemm",512,131072,0,128,0,112,"SQ_VMEM_TA_CMD_FIFO_FULL",100509706.000000,1000767575486884,1000767576590014
202,202,"Agent 1",1,43075,43075,2097152,1,"gemm",512,131072,0,128,0,112,"TCC_WRITE_SECTORS",33554432.000000,1000767575486884,1000767576590014
202,202,"Agent 1",1,43075,43075,2097152,1,"gemm",512,131072,0,128,0,112,"TCP_TCP_TA_DATA_STALL_CYCLES",23272460.000000,1000767575486884,1000767576590014
202,202,"Agent 1",1,43075,43075,2097152,1,"gemm",512,131072,0,128,0,112,"TCP_TCP_TA_ADDR_STALL_CYCLES",28134454.000000,1000767575486884,1000767576590014
203,203,"Agent 1",1,43075,43075,2097152,1,"gemm",512,131072,0,128,0,112,"SQ_INSTS_VMEM_WR",4194304.000000,1000767576690295,1000767577798105
203,203,"Agent 1",1,43075,43075,2097152,1,"gemm",512,131072,0,128,0,112,"SQ_VMEM_TA_CMD_FIFO_FULL",101177937.000000,1000767576690295,1000767577798105
203,203,"Agent 1",1,43075,43075,2097152,1,"gemm",512,131072,0,128,0,112,"TCC_WRITE_SECTORS",33554432.000000,1000767576690295,1000767577798105
203,203,"Agent 1",1,43075,43075,2097152,1,"gemm",512,131072,0,128,0,112,"TCP_TCP_TA_DATA_STALL_CYCLES",23333422.000000,1000767576690295,1000767577798105
203,203,"Agent 1",1,43075,43075,2097152,1,"gemm",512,131072,0,128,0,112,"TCP_TCP_TA_ADDR_STALL_CYCLES",29754419.000000,1000767576690295,1000767577798105
204,204,"Agent 1",1,43075,43075,2097152,1,"gemm",512,131072,0,128,0,112,"SQ_INSTS_VMEM_WR",4194304.000000,1000767577898426,1000767579005957
204,204,"Agent 1",1,43075,43075,2097152,1,"gemm",512,131072,0,128,0,112,"SQ_VMEM_TA_CMD_FIFO_FULL",101556067.000000,1000767577898426,1000767579005957
204,204,"Agent 1",1,43075,43075,2097152,1,"gemm",512,131072,0,128,0,112,"TCC_WRITE_SECTORS",33554432.000000,1000767577898426,1000767579005957
204,204,"Agent 1",1,43075,43075,2097152,1,"gemm",512,131072,0,128,0,112,"TCP_TCP_TA_DATA_STALL_CYCLES",23969284.000000,1000767577898426,1000767579005957
204,204,"Agent 1",1,43075,43075,2097152,1,"gemm",512,131072,0,128,0,112,"TCP_TCP_TA_ADDR_STALL_CYCLES",29268117.000000,1000767577898426,1000767579005957
205,205,"Agent 1",1,43075,43075,2097152,1,"gemm",512,131072,0,128,0,112,"SQ_INSTS_VMEM_WR",4194304.000000,1000767579108117,1000767580208528
205,205,"Agent 1",1,43075,43075,2097152,1,"gemm",512,131072,0,128,0,112,"SQ_VMEM_TA_CMD_FIFO_FULL",99543592.000000,1000767579108117,1000767580208528
205,205,"Agent 1",1,43075,43075,2097152,1,"gemm",512,131072,0,128,0,112,"TCC_WRITE_SECTORS",33554432.000000,1000767579108117,1000767580208528
205,205,"Agent 1",1,43075,43075,2097152,1,"gemm",512,131072,0,128,0,112,"TCP_TCP_TA_DATA_STALL_CYCLES",23372014.000000,1000767579108117,1000767580208528
205,205,"Agent 1",1,43075,43075,2097152,1,"gemm",512,131072,0,128,0,112,"TCP_TCP_TA_ADDR_STALL_CYCLES",28747468.000000,1000767579108117,1000767580208528
206,206,"Agent 1",1,43075,43075,2097152,1,"gemm",512,131072,0,128,0,112,"SQ_INSTS_VMEM_WR",4194304.000000,1000767580310129,1000767581414899
206,206,"Agent 1",1,43075,43075,2097152,1,"gemm",512,131072,0,128,0,112,"SQ_VMEM_TA_CMD_FIFO_FULL",100343066.000000,1000767580310129,1000767581414899
206,206,"Agent 1",1,43075,43075,2097152,1,"gemm",512,131072,0,128,0,112,"TCC_WRITE_SECTORS",33554432.000000,1000767580310129,1000767581414899
206,206,"Agent 1",1,43075,43075,2097152,1,"gemm",512,131072,0,128,0,112,"TCP_TCP_TA_DATA_STALL_CYCLES",23237897.000000,1000767580310129,1000767581414899
206,206,"Agent 1",1,43075,43075,2097152,1,"gemm",512,131072,0,128,0,112,"TCP_TCP_TA_ADDR_STALL_CYCLES",29482033.000000,1000767580310129,1000767581414899
207,207,"Agent 1",1,43075,43075,2097152,1,"gemm",512,131072,0,128,0,112,"SQ_INSTS_VMEM_WR",4194304.000000,1000767581515580,1000767582617830
207,207,"Agent 1",1,43075,43075,2097152,1,"gemm",512,131072,0,128,0,112,"SQ_VMEM_TA_CMD_FIFO_FULL",98163309.000000,1000767581515580,1000767582617830
207,207,"Agent 1",1,43075,43075,2097152,1,"gemm",512,131072,0,128,0,112,"TCC_WRITE_SECTORS",33554432.000000,1000767581515580,1000767582617830
207,207,"Agent 1",1,43075,43075,2097152,1,"gemm",512,131072,0,128,0,112,"TCP_TCP_TA_DATA_STALL_CYCLES",23469623.000000,1000767581515580,1000767582617830
207,207,"Agent 1",1,43075,43075,2097152,1,"gemm",512,131072,0,128,0,112,"TCP_TCP_TA_ADDR_STALL_CYCLES",27864734.000000,1000767581515580,1000767582617830
208,208,"Agent 1",1,43075,43075,2097152,1,"gemm",512,131072,0,128,0,112,"SQ_INSTS_VMEM_WR",4194304.000000,1000767582716271,1000767583816962
208,208,"Agent 1",1,43075,43075,2097152,1,"gemm",512,131072,0,128,0,112,"SQ_VMEM_TA_CMD_FIFO_FULL",98423599.000000,1000767582716271,1000767583816962
208,208,"Agent 1",1,43075,43075,2097152,1,"gemm",512,131072,0,128,0,112,"TCC_WRITE_SECTORS",33554432.000000,1000767582716271,1000767583816962
208,208,"Agent 1",1,43075,43075,2097152,1,"gemm",512,131072,0,128,0,112,"TCP_TCP_TA_DATA_STALL_CYCLES",22982237.000000,1000767582716271,1000767583816962
208,208,"Agent 1",1,43075,43075,2097152,1,"gemm",512,131072,0,128,0,112,"TCP_TCP_TA_ADDR_STALL_CYCLES",28391980.000000,1000767582716271,1000767583816962
209,209,"Agent 1",1,43075,43075,2097152,1,"gemm",512,131072,0,128,0,112,"SQ_INSTS_VMEM_WR",4194304.000000,1000767583919363,1000767585021213
209,209,"Agent 1",1,43075,43075,2097152,1,"gemm",512,131072,0,128,0,112,"SQ_VMEM_TA_CMD_FIFO_FULL",97890919.000000,1000767583919363,1000767585021213
209,209,"Agent 1",1,43075,43075,2097152,1,"gemm",512,131072,0,128,0,112,"TCC_WRITE_SECTORS",33554432.000000,1000767583919363,1000767585021213
209,209,"Agent 1",1,43075,43075,2097152,1,"gemm",512,131072,0,128,0,112,"TCP_TCP_TA_DATA_STALL_CYCLES",23325137.000000,1000767583919363,1000767585021213
209,209,"Agent 1",1,43075,43075,2097152,1,"gemm",512,131072,0,128,0,112,"TCP_TCP_TA_ADDR_STALL_CYCLES",27645387.000000,1000767583919363,1000767585021213
210,210,"Agent 1",1,43075,43075,2097152,1,"gemm",512,131072,0,128,0,112,"SQ_INSTS_VMEM_WR",4194304.000000,1000767585124139,1000767586219309
210,210,"Agent 1",1,43075,43075,2097152,1,"gemm",512,131072,0,128,0,112,"SQ_VMEM_TA_CMD_FIFO_FULL",97481039.000000,1000767585124139,1000767586219309
210,210,"Agent 1",1,43075,43075,2097152,1,"gemm",512,131072,0,128,0,112,"TCC_WRITE_SECTORS",33554432.000000,1000767585124139,1000767586219309
210,210,"Agent 1",1,43075,43075,2097152,1,"gemm",512,131072,0,128,0,112,"TCP_TCP_TA_DATA_STALL_CYCLES",22677711.000000,1000767585124139,1000767586219309
210,210,"Agent 1",1,43075,43075,2097152,1,"gemm",512,131072,0,128,0,112,"TCP_TCP_TA_ADDR_STALL_CYCLES",28178686.000000,1000767585124139,1000767586219309
211,211,"Agent 1",1,43075,43075,2097152,1,"gemm",512,131072,0,128,0,112,"SQ_INSTS_VMEM_WR",4194304.000000,1000767586318149,1000767587420879
211,211,"Agent 1",1,43075,43075,2097152,1,"gemm",512,131072,0,128,0,112,"SQ_VMEM_TA_CMD_FIFO_FULL",98983471.000000,1000767586318149,1000767587420879
211,211,"Agent 1",1,43075,43075,2097152,1,"gemm",512,131072,0,128,0,112,"TCC_WRITE_SECTORS",33554432.000000,1000767586318149,1000767587420879
211,211,"Agent 1",1,43075,43075,2097152,1,"gemm",512,131072,0,128,0,112,"TCP_TCP_TA_DATA_STALL_CYCLES",23006283.000000,1000767586318149,1000767587420879
211,211,"Agent 1",1,43075,43075,2097152,1,"gemm",512,131072,0,128,0,112,"TCP_TCP_TA_ADDR_STALL_CYCLES",28023162.000000,1000767586318149,1000767587420879
212,212,"Agent 1",1,43075,43075,2097152,1,"gemm",512,131072,0,128,0,112,"SQ_INSTS_VMEM_WR",4194304.000000,1000767587520200,1000767588628010
212,212,"Agent 1",1,43075,43075,2097152,1,"gemm",512,131072,0,128,0,112,"SQ_VMEM_TA_CMD_FIFO_FULL",99873320.000000,1000767587520200,1000767588628010
212,212,"Agent 1",1,43075,43075,2097152,1,"gemm",512,131072,0,128,0,112,"TCC_WRITE_SECTORS",33554432.000000,1000767587520200,1000767588628010
212,212,"Agent 1",1,43075,43075,2097152,1,"gemm",512,131072,0,128,0,112,"TCP_TCP_TA_DATA_STALL_CYCLES",24295152.000000,1000767587520200,1000767588628010
212,212,"Agent 1",1,43075,43075,2097152,1,"gemm",512,131072,0,128,0,112,"TCP_TCP_TA_ADDR_STALL_CYCLES",27130227.000000,1000767587520200,1000767588628010
213,213,"Agent 1",1,43075,43075,2097152,1,"gemm",512,131072,0,128,0,112,"SQ_INSTS_VMEM_WR",4194304.000000,1000767588727531,1000767589823222
213,213,"Agent 1",1,43075,43075,2097152,1,"gemm",512,131072,0,128,0,112,"SQ_VMEM_TA_CMD_FIFO_FULL",92970076.000000,1000767588727531,1000767589823222
213,213,"Agent 1",1,43075,43075,2097152,1,"gemm",512,131072,0,128,0,112,"TCC_WRITE_SECTORS",33554432.000000,1000767588727531,1000767589823222
213,213,"Agent 1",1,43075,43075,2097152,1,"gemm",512,131072,0,128,0,112,"TCP_TCP_TA_DATA_STALL_CYCLES",21928856.000000,1000767588727531,1000767589823222
213,213,"Agent 1",1,43075,43075,2097152,1,"gemm",512,131072,0,128,0,112,"TCP_TCP_TA_ADDR_STALL_CYCLES",26807873.000000,1000767588727531,1000767589823222
214,214,"Agent 1",1,43075,43075,2097152,1,"gemm",512,131072,0,128,0,112,"SQ_INSTS_VMEM_WR",4194304.000000,1000767589924262,1000767591042113
214,214,"Agent 1",1,43075,43075,2097152,1,"gemm",512,131072,0,128,0,112,"SQ_VMEM_TA_CMD_FIFO_FULL",105407180.000000,1000767589924262,1000767591042113
214,214,"Agent 1",1,43075,43075,2097152,1,"gemm",512,131072,0,128,0,112,"TCC_WRITE_SECTORS",33554432.000000,1000767589924262,1000767591042113
214,214,"Agent 1",1,43075,43075,2097152,1,"gemm",512,131072,0,128,0,112,"TCP_TCP_TA_DATA_STALL_CYCLES",25181402.000000,1000767589924262,1000767591042113
214,214,"Agent 1",1,43075,43075,2097152,1,"gemm",512,131072,0,128,0,112,"TCP_TCP_TA_ADDR_STALL_CYCLES",29720625.000000,1000767589924262,1000767591042113
215,215,"Agent 1",1,43075,43075,2097152,1,"gemm",512,131072,0,128,0,112,"SQ_INSTS_VMEM_WR",4194304.000000,1000767591140514,1000767592234004
215,215,"Agent 1",1,43075,43075,2097152,1,"gemm",512,131072,0,128,0,112,"SQ_VMEM_TA_CMD_FIFO_FULL",93838554.000000,1000767591140514,1000767592234004
215,215,"Agent 1",1,43075,43075,2097152,1,"gemm",512,131072,0,128,0,112,"TCC_WRITE_SECTORS",33554432.000000,1000767591140514,1000767592234004
215,215,"Agent 1",1,43075,43075,2097152,1,"gemm",512,131072,0,128,0,112,"TCP_TCP_TA_DATA_STALL_CYCLES",22227515.000000,1000767591140514,1000767592234004
215,215,"Agent 1",1,43075,43075,2097152,1,"gemm",512,131072,0,128,0,112,"TCP_TCP_TA_ADDR_STALL_CYCLES",26899238.000000,1000767591140514,1000767592234004
216,216,"Agent 1",1,43075,43075,2097152,1,"gemm",512,131072,0,128,0,112,"SQ_INSTS_VMEM_WR",4194304.000000,1000767592330605,1000767593431095
216,216,"Agent 1",1,43075,43075,2097152,1,"gemm",512,131072,0,128,0,112,"SQ_VMEM_TA_CMD_FIFO_FULL",99588057.000000,1000767592330605,1000767593431095
216,216,"Agent 1",1,43075,43075,2097152,1,"gemm",512,131072,0,128,0,112,"TCC_WRITE_SECTORS",33554432.000000,1000767592330605,1000767593431095
216,216,"Agent 1",1,43075,43075,2097152,1,"gemm",512,131072,0,128,0,112,"TCP_TCP_TA_DATA_STALL_CYCLES",23151048.000000,1000767592330605,1000767593431095
216,216,"Agent 1",1,43075,43075,2097152,1,"gemm",512,131072,0,128,0,112,"TCP_TCP_TA_ADDR_STALL_CYCLES",28828938.000000,1000767592330605,1000767593431095
217,217,"Agent 1",1,43075,43075,2097152,1,"gemm",512,131072,0,128,0,112,"SQ_INSTS_VMEM_WR",4194304.000000,1000767593528816,1000767594635587
217,217,"Agent 1",1,43075,43075,2097152,1,"gemm",512,131072,0,128,0,112,"SQ_VMEM_TA_CMD_FIFO_FULL",98575721.000000,1000767593528816,1000767594635587
217,217,"Agent 1",1,43075,43075,2097152,1,"gemm",512,131072,0,128,0,112,"TCC_WRITE_SECTORS",33554432.000000,1000767593528816,1000767594635587
217,217,"Agent 1",1,43075,43075,2097152,1,"gemm",512,131072,0,128,0,112,"TCP_TCP_TA_DATA_STALL_CYCLES",23070598.000000,1000767593528816,1000767594635587
217,217,"Agent 1",1,43075,43075,2097152,1,"gemm",512,131072,0,128,0,112,"TCP_TCP_TA_ADDR_STALL_CYCLES",29333854.000000,1000767593528816,1000767594635587
218,218,"Agent 1",1,43075,43075,2097152,1,"gemm",512,131072,0,128,0,112,"SQ_INSTS_VMEM_WR",4194304.000000,1000767594734628,1000767595836358
218,218,"Agent 1",1,43075,43075,2097152,1,"gemm",512,131072,0,128,0,112,"SQ_VMEM_TA_CMD_FIFO_FULL",97550809.000000,1000767594734628,1000767595836358
218,218,"Agent 1",1,43075,43075,2097152,1,"gemm",512,131072,0,128,0,112,"TCC_WRITE_SECTORS",33554432.000000,1000767594734628,1000767595836358
218,218,"Agent 1",1,43075,43075,2097152,1,"gemm",512,131072,0,128,0,112,"TCP_TCP_TA_DATA_STALL_CYCLES",23670685.000000,1000767594734628,1000767595836358
218,218,"Agent 1",1,43075,43075,2097152,1,"gemm",512,131072,0,128,0,112,"TCP_TCP_TA_ADDR_STALL_CYCLES",27555224.000000,1000767594734628,1000767595836358
219,219,"Agent 1",1,43075,43075,2097152,1,"gemm",512,131072,0,128,0,112,"SQ_INSTS_VMEM_WR",4194304.000000,1000767595932439,1000767597046609
219,219,"Agent 1",1,43075,43075,2097152,1,"gemm",512,131072,0,128,0,112,"SQ_VMEM_TA_CMD_FIFO_FULL",102878318.000000,1000767595932439,1000767597046609
219,219,"Agent 1",1,43075,43075,2097152,1,"gemm",512,131072,0,128,0,112,"TCC_WRITE_SECTORS",33554432.000000,1000767595932439,1000767597046609
219,219,"Agent 1",1,43075,43075,2097152,1,"gemm",512,131072,0,128,0,112,"TCP_TCP_TA_DATA_STALL_CYCLES",24117062.000000,1000767595932439,1000767597046609
219,219,"Agent 1",1,43075,43075,2097152,1,"gemm",512,131072,0,128,0,112,"TCP_TCP_TA_ADDR_STALL_CYCLES",29460469.000000,1000767595932439,1000767597046609
220,220,"Agent 1",1,43075,43075,2097152,1,"gemm",512,131072,0,128,0,112,"SQ_INSTS_VMEM_WR",4194304.000000,1000767597145570,1000767598247740
220,220,"Agent 1",1,43075,43075,2097152,1,"gemm",512,131072,0,128,0,112,"SQ_VMEM_TA_CMD_FIFO_FULL",97324380.000000,1000767597145570,1000767598247740
220,220,"Agent 1",1,43075,43075,2097152,1,"gemm",512,131072,0,128,0,112,"TCC_WRITE_SECTORS",33554432.000000,1000767597145570,1000767598247740
220,220,"Agent 1",1,43075,43075,2097152,1,"gemm",512,131072,0,128,0,112,"TCP_TCP_TA_DATA_STALL_CYCLES",23524414.000000,1000767597145570,1000767598247740
220,220,"Agent 1",1,43075,43075,2097152,1,"gemm",512,131072,0,128,0,112,"TCP_TCP_TA_ADDR_STALL_CYCLES",26954705.000000,1000767597145570,1000767598247740
221,221,"Agent 1",1,43075,43075,2097152,1,"gemm",512,131072,0,128,0,112,"SQ_INSTS_VMEM_WR",4194304.000000,1000767598345581,1000767599446872
221,221,"Agent 1",1,43075,43075,2097152,1,"gemm",512,131072,0,128,0,112,"SQ_VMEM_TA_CMD_FIFO_FULL",97775146.000000,1000767598345581,1000767599446872
221,221,"Agent 1",1,43075,43075,2097152,1,"gemm",512,131072,0,128,0,112,"TCC_WRITE_SECTORS",33554432.000000,1000767598345581,1000767599446872
221,221,"Agent 1",1,43075,43075,2097152,1,"gemm",512,131072,0,128,0,112,"TCP_TCP_TA_DATA_STALL_CYCLES",22373009.000000,1000767598345581,1000767599446872
221,221,"Agent 1",1,43075,43075,2097152,1,"gemm",512,131072,0,128,0,112,"TCP_TCP_TA_ADDR_STALL_CYCLES",28256326.000000,1000767598345581,1000767599446872
222,222,"Agent 1",1,43075,43075,2097152,1,"gemm",512,131072,0,128,0,112,"SQ_INSTS_VMEM_WR",4194304.000000,1000767599548793,1000767600644043
222,222,"Agent 1",1,43075,43075,2097152,1,"gemm",512,131072,0,128,0,112,"SQ_VMEM_TA_CMD_FIFO_FULL",94745696.000000,1000767599548793,1000767600644043
222,222,"Agent 1",1,43075,43075,2097152,1,"gemm",512,131072,0,128,0,112,"TCC_WRITE_SECTORS",33554432.000000,1000767599548793,1000767600644043
222,222,"Agent 1",1,43075,43075,2097152,1,"gemm",512,131072,0,128,0,112,"TCP_TCP_TA_DATA_STALL_CYCLES",22384572.000000,1000767599548793,1000767600644043
222,222,"Agent 1",1,43075,43075,2097152,1,"gemm",512,131072,0,128,0,112,"TCP_TCP_TA_ADDR_STALL_CYCLES",26513715.000000,1000767599548793,1000767600644043
223,223,"Agent 1",1,43075,43075,2097152,1,"gemm",512,131072,0,128,0,112,"SQ_INSTS_VMEM_WR",4194304.000000,1000767600741324,1000767601840174
223,223,"Agent 1",1,43075,43075,2097152,1,"gemm",512,131072,0,128,0,112,"SQ_VMEM_TA_CMD_FIFO_FULL",97479069.000000,1000767600741324,1000767601840174
223,223,"Agent 1",1,43075,43075,2097152,1,"gemm",512,131072,0,128,0,112,"TCC_WRITE_SECTORS",33554432.000000,1000767600741324,1000767601840174
223,223,"Agent 1",1,43075,43075,2097152,1,"gemm",512,131072,0,128,0,112,"TCP_TCP_TA_DATA_STALL_CYCLES",22138814.000000,1000767600741324,1000767601840174
223,223,"Agent 1",1,43075,43075,2097152,1,"gemm",512,131072,0,128,0,112,"TCP_TCP_TA_ADDR_STALL_CYCLES",28475833.000000,1000767600741324,1000767601840174
224,224,"Agent 1",1,43075,43075,2097152,1,"gemm",512,131072,0,128,0,112,"SQ_INSTS_VMEM_WR",4194304.000000,1000767601939135,1000767603046145
224,224,"Agent 1",1,43075,43075,2097152,1,"gemm",512,131072,0,128,0,112,"SQ_VMEM_TA_CMD_FIFO_FULL",99335967.000000,1000767601939135,1000767603046145
224,224,"Agent 1",1,43075,43075,2097152,1,"gemm",512,131072,0,128,0,112,"TCC_WRITE_SECTORS",33554432.000000,1000767601939135,1000767603046145
224,224,"Agent 1",1,43075,43075,2097152,1,"gemm",512,131072,0,128,0,112,"TCP_TCP_TA_DATA_STALL_CYCLES",23512705.000000,1000767601939135,1000767603046145
224,224,"Agent 1",1,43075,43075,2097152,1,"gemm",512,131072,0,128,0,112,"TCP_TCP_TA_ADDR_STALL_CYCLES",28630827.000000,1000767601939135,1000767603046145
225,225,"Agent 1",1,43075,43075,2097152,1,"gemm",512,131072,0,128,0,112,"SQ_INSTS_VMEM_WR",4194304.000000,1000767603143146,1000767604248077
225,225,"Agent 1",1,43075,43075,2097152,1,"gemm",512,131072,0,128,0,112,"SQ_VMEM_TA_CMD_FIFO_FULL",98096197.000000,1000767603143146,1000767604248077
225,225,"Agent 1",1,43075,43075,2097152,1,"gemm",512,131072,0,128,0,112,"TCC_WRITE_SECTORS",33554432.000000,1000767603143146,1000767604248077
225,225,"Agent 1",1,43075,43075,2097152,1,"gemm",512,131072,0,128,0,112,"TCP_TCP_TA_DATA_STALL_CYCLES",22643638.000000,1000767603143146,1000767604248077
225,225,"Agent 1",1,43075,43075,2097152,1,"gemm",512,131072,0,128,0,112,"TCP_TCP_TA_ADDR_STALL_CYCLES",28103085.000000,1000767603143146,1000767604248077
226,226,"Agent 1",1,43075,43075,2097152,1,"gemm",512,131072,0,128,0,112,"SQ_INSTS_VMEM_WR",4194304.000000,1000767604352078,1000767605452688
226,226,"Agent 1",1,43075,43075,2097152,1,"gemm",512,131072,0,128,0,112,"SQ_VMEM_TA_CMD_FIFO_FULL",97545565.000000,1000767604352078,1000767605452688
226,226,"Agent 1",1,43075,43075,2097152,1,"gemm",512,131072,0,128,0,112,"TCC_WRITE_SECTORS",33554432.000000,1000767604352078,1000767605452688
226,226,"Agent 1",1,43075,43075,2097152,1,"gemm",512,131072,0,128,0,112,"TCP_TCP_TA_DATA_STALL_CYCLES",22267930.000000,1000767604352078,1000767605452688
226,226,"Agent 1",1,43075,43075,2097152,1,"gemm",512,131072,0,128,0,112,"TCP_TCP_TA_ADDR_STALL_CYCLES",28140020.000000,1000767604352078,1000767605452688
227,227,"Agent 1",1,43075,43075,2097152,1,"gemm",512,131072,0,128,0,112,"SQ_INSTS_VMEM_WR",4194304.000000,1000767605550329,1000767606653099
227,227,"Agent 1",1,43075,43075,2097152,1,"gemm",512,131072,0,128,0,112,"SQ_VMEM_TA_CMD_FIFO_FULL",98941404.000000,1000767605550329,1000767606653099
227,227,"Agent 1",1,43075,43075,2097152,1,"gemm",512,131072,0,128,0,112,"TCC_WRITE_SECTORS",33554432.000000,1000767605550329,1000767606653099
227,227,"Agent 1",1,43075,43075,2097152,1,"gemm",512,131072,0,128,0,112,"TCP_TCP_TA_DATA_STALL_CYCLES",23353815.000000,1000767605550329,1000767606653099
227,227,"Agent 1",1,43075,43075,2097152,1,"gemm",512,131072,0,128,0,112,"TCP_TCP_TA_ADDR_STALL_CYCLES",28337711.000000,1000767605550329,1000767606653099
228,228,"Agent 1",1,43075,43075,2097152,1,"gemm",512,131072,0,128,0,112,"SQ_INSTS_VMEM_WR",4194304.000000,1000767606749180,1000767607852710
228,228,"Agent 1",1,43075,43075,2097152,1,"gemm",512,131072,0,128,0,112,"SQ_VMEM_TA_CMD_FIFO_FULL",98602227.000000,1000767606749180,1000767607852710
228,228,"Agent 1",1,43075,43075,2097152,1,"gemm",512,131072,0,128,0,112,"TCC_WRITE_SECTORS",33554432.000000,1000767606749180,1000767607852710
228,228,"Agent 1",1,43075,43075,2097152,1,"gemm",512,131072,0,128,0,112,"TCP_TCP_TA_DATA_STALL_CYCLES",23264278.000000,1000767606749180,1000767607852710
228,228,"Agent 1",1,43075,43075,2097152,1,"gemm",512,131072,0,128,0,112,"TCP_TCP_TA_ADDR_STALL_CYCLES",28239429.000000,1000767606749180,1000767607852710
229,229,"Agent 1",1,43075,43075,2097152,1,"gemm",512,131072,0,128,0,112,"SQ_INSTS_VMEM_WR",4194304.000000,1000767607949471,1000767609056522
229,229,"Agent 1",1,43075,43075,2097152,1,"gemm",512,131072,0,128,0,112,"SQ_VMEM_TA_CMD_FIFO_FULL",102421737.000000,1000767607949471,1000767609056522
229,229,"Agent 1",1,43075,43075,2097152,1,"gemm",512,131072,0,128,0,112,"TCC_WRITE_SECTORS",33554432.000000,1000767607949471,1000767609056522
229,229,"Agent 1",1,43075,43075,2097152,1,"gemm",512,131072,0,128,0,112,"TCP_TCP_TA_DATA_STALL_CYCLES",23720248.000000,1000767607949471,1000767609056522
229,229,"Agent 1",1,43075,43075,2097152,1,"gemm",512,131072,0,128,0,112,"TCP_TCP_TA_ADDR_STALL_CYCLES",29907630.000000,1000767607949471,1000767609056522
230,230,"Agent 1",1,43075,43075,2097152,1,"gemm",512,131072,0,128,0,112,"SQ_INSTS_VMEM_WR",4194304.000000,1000767609153323,1000767610260533
230,230,"Agent 1",1,43075,43075,2097152,1,"gemm",512,131072,0,128,0,112,"SQ_VMEM_TA_CMD_FIFO_FULL",99434324.000000,1000767609153323,1000767610260533
230,230,"Agent 1",1,43075,43075,2097152,1,"gemm",512,131072,0,128,0,112,"TCC_WRITE_SECTORS",33554432.000000,1000767609153323,1000767610260533
230,230,"Agent 1",1,43075,43075,2097152,1,"gemm",512,131072,0,128,0,112,"TCP_TCP_TA_DATA_STALL_CYCLES",22730947.000000,1000767609153323,1000767610260533
230,230,"Agent 1",1,43075,43075,2097152,1,"gemm",512,131072,0,128,0,112,"TCP_TCP_TA_ADDR_STALL_CYCLES",28931470.000000,1000767609153323,1000767610260533
231,231,"Agent 1",1,43075,43075,2097152,1,"gemm",512,131072,0,128,0,112,"SQ_INSTS_VMEM_WR",4194304.000000,1000767610354574,1000767611464184
231,231,"Agent 1",1,43075,43075,2097152,1,"gemm",512,131072,0,128,0,112,"SQ_VMEM_TA_CMD_FIFO_FULL",102347824.000000,1000767610354574,1000767611464184
231,231,"Agent 1",1,43075,43075,2097152,1,"gemm",512,131072,0,128,0,112,"TCC_WRITE_SECTORS",33554432.000000,1000767610354574,1000767611464184
231,231,"Agent 1",1,43075,43075,2097152,1,"gemm",512,131072,0,128,0,112,"TCP_TCP_TA_DATA_STALL_CYCLES",23446675.000000,1000767610354574,1000767611464184
231,231,"Agent 1",1,43075,43075,2097152,1,"gemm",512,131072,0,128,0,112,"TCP_TCP_TA_ADDR_STALL_CYCLES",29635862.000000,1000767610354574,1000767611464184
232,232,"Agent 1",1,43075,43075,2097152,1,"gemm",512,131072,0,128,0,112,"SQ_INSTS_VMEM_WR",4194304.000000,1000767611562705,1000767612663715
232,232,"Agent 1",1,43075,43075,2097152,1,"gemm",512,131072,0,128,0,112,"SQ_VMEM_TA_CMD_FIFO_FULL",97835414.000000,1000767611562705,1000767612663715
232,232,"Agent 1",1,43075,43075,2097152,1,"gemm",512,131072,0,128,0,112,"TCC_WRITE_SECTORS",33554432.000000,1000767611562705,1000767612663715
232,232,"Agent 1",1,43075,43075,2097152,1,"gemm",512,131072,0,128,0,112,"TCP_TCP_TA_DATA_STALL_CYCLES",22519441.000000,1000767611562705,1000767612663715
232,232,"Agent 1",1,43075,43075,2097152,1,"gemm",512,131072,0,128,0,112,"TCP_TCP_TA_ADDR_STALL_CYCLES",28063268.000000,1000767611562705,1000767612663715
233,233,"Agent 1",1,43075,43075,2097152,1,"gemm",512,131072,0,128,0,112,"SQ_INSTS_VMEM_WR",4194304.000000,1000767612759316,1000767613866007
233,233,"Agent 1",1,43075,43075,2097152,1,"gemm",512,131072,0,128,0,112,"SQ_VMEM_TA_CMD_FIFO_FULL",101673310.000000,1000767612759316,1000767613866007
233,233,"Agent 1",1,43075,43075,2097152,1,"gemm",512,131072,0,128,0,112,"TCC_WRITE_SECTORS",33554432.000000,1000767612759316,1000767613866007
233,233,"Agent 1",1,43075,43075,2097152,1,"gemm",512,131072,0,128,0,112,"TCP_TCP_TA_DATA_STALL_CYCLES",23751631.000000,1000767612759316,1000767613866007
233,233,"Agent 1",1,43075,43075,2097152,1,"gemm",512,131072,0,128,0,112,"TCP_TCP_TA_ADDR_STALL_CYCLES",29422369.000000,1000767612759316,1000767613866007
234,234,"Agent 1",1,43075,43075,2097152,1,"gemm",512,131072,0,128,0,112,"SQ_INSTS_VMEM_WR",4194304.000000,1000767613964688,1000767615075698
234,234,"Agent 1",1,43075,43075,2097152,1,"gemm",512,131072,0,128,0,112,"SQ_VMEM_TA_CMD_FIFO_FULL",99850327.000000,1000767613964688,1000767615075698
234,234,"Agent 1",1,43075,43075,2097152,1,"gemm",512,131072,0,128,0,112,"TCC_WRITE_SECTORS",33554432.000000,1000767613964688,1000767615075698
234,234,"Agent 1",1,43075,43075,2097152,1,"gemm",512,131072,0,128,0,112,"TCP_TCP_TA_DATA_STALL_CYCLES",24813043.000000,1000767613964688,1000767615075698
234,234,"Agent 1",1,43075,43075,2097152,1,"gemm",512,131072,0,128,0,112,"TCP_TCP_TA_ADDR_STALL_CYCLES",27350623.000000,1000767613964688,1000767615075698
235,235,"Agent 1",1,43075,43075,2097152,1,"gemm",512,131072,0,128,0,112,"SQ_INSTS_VMEM_WR",4194304.000000,1000767615171899,1000767616272229
235,235,"Agent 1",1,43075,43075,2097152,1,"gemm",512,131072,0,128,0,112,"SQ_VMEM_TA_CMD_FIFO_FULL",99877964.000000,1000767615171899,1000767616272229
235,235,"Agent 1",1,43075,43075,2097152,1,"gemm",512,131072,0,128,0,112,"TCC_WRITE_SECTORS",33554432.000000,1000767615171899,1000767616272229
235,235,"Agent 1",1,43075,43075,2097152,1,"gemm",512,131072,0,128,0,112,"TCP_TCP_TA_DATA_STALL_CYCLES",22759525.000000,1000767615171899,1000767616272229
235,235,"Agent 1",1,43075,43075,2097152,1,"gemm",512,131072,0,128,0,112,"TCP_TCP_TA_ADDR_STALL_CYCLES",29237019.000000,1000767615171899,1000767616272229
236,236,"Agent 1",1,43075,43075,2097152,1,"gemm",512,131072,0,128,0,112,"SQ_INSTS_VMEM_WR",4194304.000000,1000767616369350,1000767617478681
236,236,"Agent 1",1,43075,43075,2097152,1,"gemm",512,131072,0,128,0,112,"SQ_VMEM_TA_CMD_FIFO_FULL",101076353.000000,1000767616369350,1000767617478681
236,236,"Agent 1",1,43075,43075,2097152,1,"gemm",512,131072,0,128,0,112,"TCC_WRITE_SECTORS",33554432.000000,1000767616369350,1000767617478681
236,236,"Agent 1",1,43075,43075,2097152,1,"gemm",512,131072,0,128,0,112,"TCP_TCP_TA_DATA_STALL_CYCLES",23493808.000000,1000767616369350,1000767617478681
236,236,"Agent 1",1,43075,43075,2097152,1,"gemm",512,131072,0,128,0,112,"TCP_TCP_TA_ADDR_STALL_CYCLES",29936354.000000,1000767616369350,1000767617478681
237,237,"Agent 1",1,43075,43075,2097152,1,"gemm",512,131072,0,128,0,112,"SQ_INSTS_VMEM_WR",4194304.000000,1000767617578081,1000767618678212
237,237,"Agent 1",1,43075,43075,2097152,1,"gemm",512,131072,0,128,0,112,"SQ_VMEM_TA_CMD_FIFO_FULL",96935521.000000,1000767617578081,1000767618678212
237,237,"Agent 1",1,43075,43075,2097152,1,"gemm",512,131072,0,128,0,112,"TCC_WRITE_SECTORS",33554432.000000,1000767617578081,1000767618678212
237,237,"Agent 1",1,43075,43075,2097152,1,"gemm",512,131072,0,128,0,112,"TCP_TCP_TA_DATA_STALL_CYCLES",22572254.000000,1000767617578081,1000767618678212
237,237,"Agent 1",1,43075,43075,2097152,1,"gemm",512,131072,0,128,0,112,"TCP_TCP_TA_ADDR_STALL_CYCLES",27707910.000000,1000767617578081,1000767618678212
238,238,"Agent 1",1,43075,43075,2097152,1,"gemm",512,131072,0,128,0,112,"SQ_INSTS_VMEM_WR",4194304.000000,1000767618775853,1000767619877863
238,238,"Agent 1",1,43075,43075,2097152,1,"gemm",512,131072,0,128,0,112,"SQ_VMEM_TA_CMD_FIFO_FULL",97114084.000000,1000767618775853,1000767619877863
238,238,"Agent 1",1,43075,43075,2097152,1,"gemm",512,131072,0,128,0,112,"TCC_WRITE_SECTORS",33554432.000000,1000767618775853,1000767619877863
238,238,"Agent 1",1,43075,43075,2097152,1,"gemm",512,131072,0,128,0,112,"TCP_TCP_TA_DATA_STALL_CYCLES",22659362.000000,1000767618775853,1000767619877863
238,238,"Agent 1",1,43075,43075,2097152,1,"gemm",512,131072,0,128,0,112,"TCP_TCP_TA_ADDR_STALL_CYCLES",28011533.000000,1000767618775853,1000767619877863
239,239,"Agent 1",1,43075,43075,2097152,1,"gemm",512,131072,0,128,0,112,"SQ_INSTS_VMEM_WR",4194304.000000,1000767619972384,1000767621071994
239,239,"Agent 1",1,43075,43075,2097152,1,"gemm",512,131072,0,128,0,112,"SQ_VMEM_TA_CMD_FIFO_FULL",95670356.000000,1000767619972384,1000767621071994
239,239,"Agent 1",1,43075,43075,2097152,1,"gemm",512,131072,0,128,0,112,"TCC_WRITE_SECTORS",33554432.000000,1000767619972384,1000767621071994
239,239,"Agent 1",1,43075,43075,2097152,1,"gemm",512,131072,0,128,0,112,"TCP_TCP_TA_DATA_STALL_CYCLES",23201235.000000,1000767619972384,1000767621071994
239,239,"Agent 1",1,43075,43075,2097152,1,"gemm",512,131072,0,128,0,112,"TCP_TCP_TA_ADDR_STALL_CYCLES",26739519.000000,1000767619972384,1000767621071994
240,240,"Agent 1",1,43075,43075,2097152,1,"gemm",512,131072,0,128,0,112,"SQ_INSTS_VMEM_WR",4194304.000000,1000767621170275,1000767622270725
240,240,"Agent 1",1,43075,43075,2097152,1,"gemm",512,131072,0,128,0,112,"SQ_VMEM_TA_CMD_FIFO_FULL",96857521.000000,1000767621170275,1000767622270725
240,240,"Agent 1",1,43075,43075,2097152,1,"gemm",512,131072,0,128,0,112,"TCC_WRITE_SECTORS",33554432.000000,1000767621170275,1000767622270725
240,240,"Agent 1",1,43075,43075,2097152,1,"gemm",512,131072,0,128,0,112,"TCP_TCP_TA_DATA_STALL_CYCLES",22829812.000000,1000767621170275,1000767622270725
240,240,"Agent 1",1,43075,43075,2097152,1,"gemm",512,131072,0,128,0,112,"TCP_TCP_TA_ADDR_STALL_CYCLES",26679978.000000,1000767621170275,1000767622270725
241,241,"Agent 1",1,43075,43075,2097152,1,"gemm",512,131072,0,128,0,112,"SQ_INSTS_VMEM_WR",4194304.000000,1000767622365366,1000767623471697
241,241,"Agent 1",1,43075,43075,2097152,1,"gemm",512,131072,0,128,0,112,"SQ_VMEM_TA_CMD_FIFO_FULL",97474003.000000,1000767622365366,1000767623471697
241,241,"Agent 1",1,43075,43075,2097152,1,"gemm",512,131072,0,128,0,112,"TCC_WRITE_SECTORS",33554432.000000,1000767622365366,1000767623471697
241,241,"Agent 1",1,43075,43075,2097152,1,"gemm",512,131072,0,128,0,112,"TCP_TCP_TA_DATA_STALL_CYCLES",23301015.000000,1000767622365366,1000767623471697
241,241,"Agent 1",1,43075,43075,2097152,1,"gemm",512,131072,0,128,0,112,"TCP_TCP_TA_ADDR_STALL_CYCLES",27825501.000000,1000767622365366,1000767623471697
242,242,"Agent 1",1,43075,43075,2097152,1,"gemm",512,131072,0,128,0,112,"SQ_INSTS_VMEM_WR",4194304.000000,1000767623566858,1000767624669188
242,242,"Agent 1",1,43075,43075,2097152,1,"gemm",512,131072,0,128,0,112,"SQ_VMEM_TA_CMD_FIFO_FULL",97867825.000000,1000767623566858,1000767624669188
242,242,"Agent 1",1,43075,43075,2097152,1,"gemm",512,131072,0,128,0,112,"TCC_WRITE_SECTORS",33554432.000000,1000767623566858,1000767624669188
242,242,"Agent 1",1,43075,43075,2097152,1,"gemm",512,131072,0,128,0,112,"TCP_TCP_TA_DATA_STALL_CYCLES",23113157.000000,1000767623566858,1000767624669188
242,242,"Agent 1",1,43075,43075,2097152,1,"gemm",512,131072,0,128,0,112,"TCP_TCP_TA_ADDR_STALL_CYCLES",27682524.000000,1000767623566858,1000767624669188
243,243,"Agent 1",1,43075,43075,2097152,1,"gemm",512,131072,0,128,0,112,"SQ_INSTS_VMEM_WR",4194304.000000,1000767624764629,1000767625867959
243,243,"Agent 1",1,43075,43075,2097152,1,"gemm",512,131072,0,128,0,112,"SQ_VMEM_TA_CMD_FIFO_FULL",99160954.000000,1000767624764629,1000767625867959
243,243,"Agent 1",1,43075,43075,2097152,1,"gemm",512,131072,0,128,0,112,"TCC_WRITE_SECTORS",33554432.000000,1000767624764629,1000767625867959
243,243,"Agent 1",1,43075,43075,2097152,1,"gemm",512,131072,0,128,0,112,"TCP_TCP_TA_DATA_STALL_CYCLES",22413571.000000,1000767624764629,1000767625867959
243,243,"Agent 1",1,43075,43075,2097152,1,"gemm",512,131072,0,128,0,112,"TCP_TCP_TA_ADDR_STALL_CYCLES",29759426.000000,1000767624764629,1000767625867959
244,244,"Agent 1",1,43075,43075,2097152,1,"gemm",512,131072,0,128,0,112,"SQ_INSTS_VMEM_WR",4194304.000000,1000767625963240,1000767627068170
244,244,"Agent 1",1,43075,43075,2097152,1,"gemm",512,131072,0,128,0,112,"SQ_VMEM_TA_CMD_FIFO_FULL",99691312.000000,1000767625963240,1000767627068170
244,244,"Agent 1",1,43075,43075,2097152,1,"gemm",512,131072,0,128,0,112,"TCC_WRITE_SECTORS",33554432.000000,1000767625963240,1000767627068170
244,244,"Agent 1",1,43075,43075,2097152,1,"gemm",512,131072,0,128,0,112,"TCP_TCP_TA_DATA_STALL_CYCLES",23816154.000000,1000767625963240,1000767627068170
244,244,"Agent 1",1,43075,43075,2097152,1,"gemm",512,131072,0,128,0,112,"TCP_TCP_TA_ADDR_STALL_CYCLES",28350321.000000,1000767625963240,1000767627068170
245,245,"Agent 1",1,43075,43075,2097152,1,"gemm",512,131072,0,128,0,112,"SQ_INSTS_VMEM_WR",4194304.000000,1000767627163451,1000767628267142
245,245,"Agent 1",1,43075,43075,2097152,1,"gemm",512,131072,0,128,0,112,"SQ_VMEM_TA_CMD_FIFO_FULL",97929389.000000,1000767627163451,1000767628267142
245,245,"Agent 1",1,43075,43075,2097152,1,"gemm",512,131072,0,128,0,112,"TCC_WRITE_SECTORS",33554432.000000,1000767627163451,1000767628267142
245,245,"Agent 1",1,43075,43075,2097152,1,"gemm",512,131072,0,128,0,112,"TCP_TCP_TA_DATA_STALL_CYCLES",22750207.000000,1000767627163451,1000767628267142
245,245,"Agent 1",1,43075,43075,2097152,1,"gemm",512,131072,0,128,0,112,"TCP_TCP_TA_ADDR_STALL_CYCLES",28567250.000000,1000767627163451,1000767628267142
246,246,"Agent 1",1,43075,43075,2097152,1,"gemm",512,131072,0,128,0,112,"SQ_INSTS_VMEM_WR",4194304.000000,1000767628360902,1000767629467873
246,246,"Agent 1",1,43075,43075,2097152,1,"gemm",512,131072,0,128,0,112,"SQ_VMEM_TA_CMD_FIFO_FULL",102139330.000000,1000767628360902,1000767629467873
246,246,"Agent 1",1,43075,43075,2097152,1,"gemm",512,131072,0,128,0,112,"TCC_WRITE_SECTORS",33554432.000000,1000767628360902,1000767629467873
246,246,"Agent 1",1,43075,43075,2097152,1,"gemm",512,131072,0,128,0,112,"TCP_TCP_TA_DATA_STALL_CYCLES",23931008.000000,1000767628360902,1000767629467873
246,246,"Agent 1",1,43075,43075,2097152,1,"gemm",512,131072,0,128,0,112,"TCP_TCP_TA_ADDR_STALL_CYCLES",29211410.000000,1000767628360902,1000767629467873
247,247,"Agent 1",1,43075,43075,2097152,1,"gemm",512,131072,0,128,0,112,"SQ_INSTS_VMEM_WR",4194304.000000,1000767629561194,1000767630668244
247,247,"Agent 1",1,43075,43075,2097152,1,"gemm",512,131072,0,128,0,112,"SQ_VMEM_TA_CMD_FIFO_FULL",101140631.000000,1000767629561194,1000767630668244
247,247,"Agent 1",1,43075,43075,2097152,1,"gemm",512,131072,0,128,0,112,"TCC_WRITE_SECTORS",33554432.000000,1000767629561194,1000767630668244
247,247,"Agent 1",1,43075,43075,2097152,1,"gemm",512,131072,0,128,0,112,"TCP_TCP_TA_DATA_STALL_CYCLES",23355978.000000,1000767629561194,1000767630668244
247,247,"Agent 1",1,43075,43075,2097152,1,"gemm",512,131072,0,128,0,112,"TCP_TCP_TA_ADDR_STALL_CYCLES",29622812.000000,1000767629561194,1000767630668244
248,248,"Agent 1",1,43075,43075,2097152,1,"gemm",512,131072,0,128,0,112,"SQ_INSTS_VMEM_WR",4194304.000000,1000767630763845,1000767631868935
248,248,"Agent 1",1,43075,43075,2097152,1,"gemm",512,131072,0,128,0,112,"SQ_VMEM_TA_CMD_FIFO_FULL",99517334.000000,1000767630763845,1000767631868935
248,248,"Agent 1",1,43075,43075,2097152,1,"gemm",512,131072,0,128,0,112,"TCC_WRITE_SECTORS",33554432.000000,1000767630763845,1000767631868935
248,248,"Agent 1",1,43075,43075,2097152,1,"gemm",512,131072,0,128,0,112,"TCP_TCP_TA_DATA_STALL_CYCLES",23661053.000000,1000767630763845,1000767631868935
248,248,"Agent 1",1,43075,43075,2097152,1,"gemm",512,131072,0,128,0,112,"TCP_TCP_TA_ADDR_STALL_CYCLES",28282554.000000,1000767630763845,1000767631868935
249,249,"Agent 1",1,43075,43075,2097152,1,"gemm",512,131072,0,128,0,112,"SQ_INSTS_VMEM_WR",4194304.000000,1000767631966896,1000767633072907
249,249,"Agent 1",1,43075,43075,2097152,1,"gemm",512,131072,0,128,0,112,"SQ_VMEM_TA_CMD_FIFO_FULL",98172230.000000,1000767631966896,1000767633072907
249,249,"Agent 1",1,43075,43075,2097152,1,"gemm",512,131072,0,128,0,112,"TCC_WRITE_SECTORS",33554432.000000,1000767631966896,1000767633072907
249,249,"Agent 1",1,43075,43075,2097152,1,"gemm",512,131072,0,128,0,112,"TCP_TCP_TA_DATA_STALL_CYCLES",23317724.000000,1000767631966896,1000767633072907
249,249,"Agent 1",1,43075,43075,2097152,1,"gemm",512,131072,0,128,0,112,"TCP_TCP_TA_ADDR_STALL_CYCLES",27342654.000000,1000767631966896,1000767633072907
250,250,"Agent 1",1,43075,43075,2097152,1,"gemm",512,131072,0,128,0,112,"SQ_INSTS_VMEM_WR",4194304.000000,1000767633166187,1000767634270798
250,250,"Agent 1",1,43075,43075,2097152,1,"gemm",512,131072,0,128,0,112,"SQ_VMEM_TA_CMD_FIFO_FULL",99511510.000000,1000767633166187,1000767634270798
250,250,"Agent 1",1,43075,43075,2097152,1,"gemm",512,131072,0,128,0,112,"TCC_WRITE_SECTORS",33554432.000000,1000767633166187,1000767634270798
250,250,"Agent 1",1,43075,43075,2097152,1,"gemm",512,131072,0,128,0,112,"TCP_TCP_TA_DATA_STALL_CYCLES",22882957.000000,1000767633166187,1000767634270798
250,250,"Agent 1",1,43075,43075,2097152,1,"gemm",512,131072,0,128,0,112,"TCP_TCP_TA_ADDR_STALL_CYCLES",28407391.000000,1000767633166187,1000767634270798
251,251,"Agent 1",1,43075,43075,2097152,1,"gemm",512,131072,0,128,0,112,"SQ_INSTS_VMEM_WR",4194304.000000,1000767634365919,1000767635488209
251,251,"Agent 1",1,43075,43075,2097152,1,"gemm",512,131072,0,128,0,112,"SQ_VMEM_TA_CMD_FIFO_FULL",110080964.000000,1000767634365919,1000767635488209
251,251,"Agent 1",1,43075,43075,2097152,1,"gemm",512,131072,0,128,0,112,"TCC_WRITE_SECTORS",33554432.000000,1000767634365919,1000767635488209
251,251,"Agent 1",1,43075,43075,2097152,1,"gemm",512,131072,0,128,0,112,"TCP_TCP_TA_DATA_STALL_CYCLES",25482798.000000,1000767634365919,1000767635488209
251,251,"Agent 1",1,43075,43075,2097152,1,"gemm",512,131072,0,128,0,112,"TCP_TCP_TA_ADDR_STALL_CYCLES",32074694.000000,1000767634365919,1000767635488209
252,252,"Agent 1",1,43075,43075,2097152,1,"gemm",512,131072,0,128,0,112,"SQ_INSTS_VMEM_WR",4194304.000000,1000767635584010,1000767636684460
252,252,"Agent 1",1,43075,43075,2097152,1,"gemm",512,131072,0,128,0,112,"SQ_VMEM_TA_CMD_FIFO_FULL",98756940.000000,1000767635584010,1000767636684460
252,252,"Agent 1",1,43075,43075,2097152,1,"gemm",512,131072,0,128,0,112,"TCC_WRITE_SECTORS",33554432.000000,1000767635584010,1000767636684460
252,252,"Agent 1",1,43075,43075,2097152,1,"gemm",512,131072,0,128,0,112,"TCP_TCP_TA_DATA_STALL_CYCLES",23546725.000000,1000767635584010,1000767636684460
252,252,"Agent 1",1,43075,43075,2097152,1,"gemm",512,131072,0,128,0,112,"TCP_TCP_TA_ADDR_STALL_CYCLES",28022149.000000,1000767635584010,1000767636684460
