"Correlation_Id","Dispatch_Id","Agent_Id","Queue_Id","Process_Id","Thread_Id","Grid_Size","Kernel_Id","Kernel_Name","Workgroup_Size","LDS_Block_Size","Scratch_Size","VGPR_Count","Accum_VGPR_Count","SGPR_Count","Counter_Name","Counter_Value","Start_Timestamp","End_Timestamp"
53,53,"Agent 1",1,43416,43416,2097152,1,"gemm",512,131072,0,128,0,112,"SQ_INSTS_VMEM_WR",2097152.000000,1000800334753313,1000800335839043
53,53,"Agent 1",1,43416,43416,2097152,1,"gemm",512,131072,0,128,0,112,"SQ_VMEM_TA_CMD_FIFO_FULL",94425812.000000,1000800334753313,1000800335839043
53,53,"Agent 1",1,43416,43416,2097152,1,"gemm",512,131072,0,128,0,112,"TCC_WRITE_SECTORS",33554432.000000,1000800334753313,1000800335839043
53,53,"Agent 1",1,43416,43416,2097152,1,"gemm",512,131072,0,128,0,112,"TCP_TCP_TA_DATA_STALL_CYCLES",6930365.000000,1000800334753313,1000800335839043
53,53,"Agent 1",1,43416,43416,2097152,1,"gemm",512,131072,0,128,0,112,"TCP_TCP_TA_ADDR_STALL_CYCLES",29772293.000000,1000800334753313,1000800335839043
54,54,"Agent 1",1,43416,43416,2097152,1,"gemm",512,131072,0,128,0,112,"SQ_INSTS_VMEM_WR",2097152.000000,1000800335953283,1000800337043893
54,54,"Agent 1",1,43416,43416,2097152,1,"gemm",512,131072,0,128,0,112,"SQ_VMEM_TA_CMD_FIFO_FULL",98179197.000000,1000800335953283,1000800337043893
54,54,"Agent 1",1,43416,43416,2097152,1,"gemm",512,131072,0,128,0,112,"TCC_WRITE_SECTORS",33554432.000000,1000800335953283,1000800337043893
54,54,"Agent 1",1,43416,43416,2097152,1,"gemm",512,131072,0,128,0,112,"TCP_TCP_TA_DATA_STALL_CYCLES",6406397.000000,1000800335953283,1000800337043893
54,54,"Agent 1",1,43416,43416,2097152,1,"gemm",512,131072,0,128,0,112,"TCP_TCP_TA_ADDR_STALL_CYCLES",29058731.000000,1000800335953283,1000800337043893
55,55,"Agent 1",1,43416,43416,2097152,1,"gemm",512,131072,0,128,0,112,"SQ_INSTS_VMEM_WR",2097152.000000,1000800337144854,1000800338233984
55,55,"Agent 1",1,43416,43416,2097152,1,"gemm",512,131072,0,128,0,112,"SQ_VMEM_TA_CMD_FIFO_FULL",97757224.000000,1000800337144854,1000800338233984
55,55,"Agent 1",1,43416,43416,2097152,1,"gemm",512,131072,0,128,0,112,"TCC_WRITE_SECTORS",33554432.000000,1000800337144854,1000800338233984
55,55,"Agent 1",1,43416,43416,2097152,1,"gemm",512,131072,0,128,0,112,"TCP_TCP_TA_DATA_STALL_CYCLES",6717104.000000,1000800337144854,1000800338233984
55,55,"Agent 1",1,43416,43416,2097152,1,"gemm",512,131072,0,128,0,112,"TCP_TCP_TA_ADDR_STALL_CYCLES",28517620.000000,1000800337144854,1000800338233984
56,56,"Agent 1",1,43416,43416,2097152,1,"gemm",512,131072,0,128,0,112,"SQ_INSTS_VMEM_WR",2097152.000000,1000800338333945,1000800339425635
56,56,"Agent 1",1,43416,43416,2097152,1,"gemm",512,131072,0,128,0,112,"SQ_VMEM_TA_CMD_FIFO_FULL",97738981.000000,1000800338333945,1000800339425635
56,56,"Agent 1",1,43416,43416,2097152,1,"gemm",512,131072,0,128,0,112,"TCC_WRITE_SECTORS",33554432.000000,1000800338333945,1000800339425635
56,56,"Agent 1",1,43416,43416,2097152,1,"gemm",512,131072,0,128,0,112,"TCP_TCP_TA_DATA_STALL_CYCLES",6057302.000000,1000800338333945,1000800339425635
56,56,"Agent 1",1,43416,43416,2097152,1,"gemm",512,131072,0,128,0,112,"TCP_TCP_TA_ADDR_STALL_CYCLES",28743459.000000,1000800338333945,1000800339425635
57,57,"Agent 1",1,43416,43416,2097152,1,"gemm",512,131072,0,128,0,112,"SQ_INSTS_VMEM_WR",2097152.000000,1000800339526636,1000800340612566
57,57,"Agent 1",1,43416,43416,2097152,1,"gemm",512,131072,0,128,0,112,"SQ_VMEM_TA_CMD_FIFO_FULL",94854714.000000,1000800339526636,1000800340612566
57,57,"Agent 1",1,43416,43416,2097152,1,"gemm",512,131072,0,128,0,112,"TCC_WRITE_SECTORS",33554432.000000,1000800339526636,1000800340612566
57,57,"Agent 1",1,43416,43416,2097152,1,"gemm",512,131072,0,128,0,112,"TCP_TCP_TA_DATA_STALL_CYCLES",6103534.000000,1000800339526636,1000800340612566
57,57,"Agent 1",1,43416,43416,2097152,1,"gemm",512,131072,0,128,0,112,"TCP_TCP_TA_ADDR_STALL_CYCLES",27531952.000000,1000800339526636,1000800340612566
58,58,"Agent 1",1,43416,43416,2097152,1,"gemm",512,131072,0,128,0,112,"SQ_INSTS_VMEM_WR",2097152.000000,1000800340713287,1000800341801337
58,58,"Agent 1",1,43416,43416,2097152,1,"gemm",512,131072,0,128,0,112,"SQ_VMEM_TA_CMD_FIFO_FULL",96171808.000000,1000800340713287,1000800341801337
58,58,"Agent 1",1,43416,43416,2097152,1,"gemm",512,131072,0,128,0,112,"TCC_WRITE_SECTORS",33554432.000000,1000800340713287,1000800341801337
58,58,"Agent 1",1,43416,43416,2097152,1,"gemm",512,131072,0,128,0,112,"TCP_TCP_TA_DATA_STALL_CYCLES",6036026.000000,1000800340713287,1000800341801337
58,58,"Agent 1",1,43416,43416,2097152,1,"gemm",512,131072,0,128,0,112,"TCP_TCP_TA_ADDR_STALL_CYCLES",28953122.000000,1000800340713287,1000800341801337
59,59,"Agent 1",1,43416,43416,2097152,1,"gemm",512,131072,0,128,0,112,"SQ_INSTS_VMEM_WR",2097152.000000,1000800341903578,1000800342988228
59,59,"Agent 1",1,43416,43416,2097152,1,"gemm",512,131072,0,128,0,112,"SQ_VMEM_TA_CMD_FIFO_FULL",95717399.000000,1000800341903578,1000800342988228
59,59,"Agent 1",1,43416,43416,2097152,1,"gemm",512,131072,0,128,0,112,"TCC_WRITE_SECTORS",33554432.000000,1000800341903578,1000800342988228
59,59,"Agent 1",1,43416,43416,2097152,1,"gemm",512,131072,0,128,0,112,"TCP_TCP_TA_DATA_STALL_CYCLES",6109744.000000,1000800341903578,1000800342988228
59,59,"Agent 1",1,43416,43416,2097152,1,"gemm",512,131072,0,128,0,112,"TCP_TCP_TA_ADDR_STALL_CYCLES",27584713.000000,1000800341903578,1000800342988228
60,60,"Agent 1",1,43416,43416,2097152,1,"gemm",512,131072,0,128,0,112,"SQ_INSTS_VMEM_WR",2097152.000000,1000800343088549,1000800344179119
60,60,"Agent 1",1,43416,43416,2097152,1,"gemm",512,131072,0,128,0,112,"SQ_VMEM_TA_CMD_FIFO_FULL",98150121.000000,1000800343088549,1000800344179119
60,60,"Agent 1",1,43416,43416,2097152,1,"gemm",512,131072,0,128,0,112,"TCC_WRITE_SECTORS",33554432.000000,1000800343088549,1000800344179119
60,60,"Agent 1",1,43416,43416,2097152,1,"gemm",512,131072,0,128,0,112,"TCP_TCP_TA_DATA_STALL_CYCLES",6249844.000000,1000800343088549,1000800344179119
60,60,"Agent 1",1,43416,43416,2097152,1,"gemm",512,131072,0,128,0,112,"TCP_TCP_TA_ADDR_STALL_CYCLES",29353853.000000,1000800343088549,1000800344179119
61,61,"Agent 1",1,43416,43416,2097152,1,"gemm",512,131072,0,128,0,112,"SQ_INSTS_VMEM_WR",2097152.000000,1000800344277960,1000800345376210
61,61,"Agent 1",1,43416,43416,2097152,1,"gemm",512,131072,0,128,0,112,"SQ_VMEM_TA_CMD_FIFO_FULL",100923751.000000,1000800344277960,1000800345376210
61,61,"Agent 1",1,43416,43416,2097152,1,"gemm",512,131072,0,128,0,112,"TCC_WRITE_SECTORS",33554432.000000,1000800344277960,1000800345376210
61,61,"Agent 1",1,43416,43416,2097152,1,"gemm",512,131072,0,128,0,112,"TCP_TCP_TA_DATA_STALL_CYCLES",7480564.000000,1000800344277960,1000800345376210
61,61,"Agent 1",1,43416,43416,2097152,1,"gemm",512,131072,0,128,0,112,"TCP_TCP_TA_ADDR_STALL_CYCLES",30034180.000000,1000800344277960,1000800345376210
62,62,"Agent 1",1,43416,43416,2097152,1,"gemm",512,131072,0,128,0,112,"SQ_INSTS_VMEM_WR",2097152.000000,1000800345477651,1000800346571661
62,62,"Agent 1",1,43416,43416,2097152,1,"gemm",512,131072,0,128,0,112,"SQ_VMEM_TA_CMD_FIFO_FULL",100414494.000000,1000800345477651,1000800346571661
62,62,"Agent 1",1,43416,43416,2097152,1,"gemm",512,131072,0,128,0,112,"TCC_WRITE_SECTORS",33554432.000000,1000800345477651,1000800346571661
62,62,"Agent 1",1,43416,43416,2097152,1,"gemm",512,131072,0,128,0,112,"TCP_TCP_TA_DATA_STALL_CYCLES",6712087.000000,1000800345477651,1000800346571661
62,62,"Agent 1",1,43416,43416,2097152,1,"gemm",512,131072,0,128,0,112,"TCP_TCP_TA_ADDR_STALL_CYCLES",30012133.000000,1000800345477651,1000800346571661
63,63,"Agent 1",1,43416,43416,2097152,1,"gemm",512,131072,0,128,0,112,"SQ_INSTS_VMEM_WR",2097152.000000,1000800346675982,1000800347772152
63,63,"Agent 1",1,43416,43416,2097152,1,"gemm",512,131072,0,128,0,112,"SQ_VMEM_TA_CMD_FIFO_FULL",99970095.000000,1000800346675982,1000800347772152
63,63,"Agent 1",1,43416,43416,2097152,1,"gemm",512,131072,0,128,0,112,"TCC_WRITE_SECTORS",33554432.000000,1000800346675982,1000800347772152
63,63,"Agent 1",1,43416,43416,2097152,1,"gemm",512,131072,0,128,0,112,"TCP_TCP_TA_DATA_STALL_CYCLES",7588949.000000,1000800346675982,1000800347772152
63,63,"Agent 1",1,43416,43416,2097152,1,"gemm",512,131072,0,128,0,112,"TCP_TCP_TA_ADDR_STALL_CYCLES",29654783.000000,1000800346675982,1000800347772152
64,64,"Agent 1",1,43416,43416,2097152,1,"gemm",512,131072,0,128,0,112,"SQ_INSTS_VMEM_WR",2097152.000000,1000800347878393,1000800348965403
64,64,"Agent 1",1,43416,43416,2097152,1,"gemm",512,131072,0,128,0,112,"SQ_VMEM_TA_CMD_FIFO_FULL",96238183.000000,1000800347878393,1000800348965403
64,64,"Agent 1",1,43416,43416,2097152,1,"gemm",512,131072,0,128,0,112,"TCC_WRITE_SECTORS",33554432.000000,1000800347878393,1000800348965403
64,64,"Agent 1",1,43416,43416,2097152,1,"gemm",512,131072,0,128,0,112,"TCP_TCP_TA_DATA_STALL_CYCLES",6240662.000000,1000800347878393,1000800348965403
64,64,"Agent 1",1,43416,43416,2097152,1,"gemm",512,131072,0,128,0,112,"TCP_TCP_TA_ADDR_STALL_CYCLES",28604799.000000,1000800347878393,1000800348965403
65,65,"Agent 1",1,43416,43416,2097152,1,"gemm",512,131072,0,128,0,112,"SQ_INSTS_VMEM_WR",2097152.000000,1000800349073364,1000800350169775
65,65,"Agent 1",1,43416,43416,2097152,1,"gemm",512,131072,0,128,0,112,"SQ_VMEM_TA_CMD_FIFO_FULL",97314268.000000,1000800349073364,1000800350169775
65,65,"Agent 1",1,43416,43416,2097152,1,"gemm",512,131072,0,128,0,112,"TCC_WRITE_SECTORS",33554432.000000,1000800349073364,1000800350169775
65,65,"Agent 1",1,43416,43416,2097152,1,"gemm",512,131072,0,128,0,112,"TCP_TCP_TA_DATA_STALL_CYCLES",6779115.000000,1000800349073364,1000800350169775
65,65,"Agent 1",1,43416,43416,2097152,1,"gemm",512,131072,0,128,0,112,"TCP_TCP_TA_ADDR_STALL_CYCLES",28658635.000000,1000800349073364,1000800350169775
66,66,"Agent 1",1,43416,43416,2097152,1,"gemm",512,131072,0,128,0,112,"SQ_INSTS_VMEM_WR",2097152.000000,1000800350284856,1000800351374986
66,66,"Agent 1",1,43416,43416,2097152,1,"gemm",512,131072,0,128,0,112,"SQ_VMEM_TA_CMD_FIFO_FULL",98515976.000000,1000800350284856,1000800351374986
66,66,"Agent 1",1,43416,43416,2097152,1,"gemm",512,131072,0,128,0,112,"TCC_WRITE_SECTORS",33554432.000000,1000800350284856,1000800351374986
66,66,"Agent 1",1,43416,43416,2097152,1,"gemm",512,131072,0,128,0,112,"TCP_TCP_TA_DATA_STALL_CYCLES",6673073.000000,1000800350284856,1000800351374986
66,66,"Agent 1",1,43416,43416,2097152,1,"gemm",512,131072,0,128,0,112,"TCP_TCP_TA_ADDR_STALL_CYCLES",28702764.000000,1000800350284856,1000800351374986
67,67,"Agent 1",1,43416,43416,2097152,1,"gemm",512,131072,0,128,0,112,"SQ_INSTS_VMEM_WR",2097152.000000,1000800351485987,1000800352580397
67,67,"Agent 1",1,43416,43416,2097152,1,"gemm",512,131072,0,128,0,112,"SQ_VMEM_TA_CMD_FIFO_FULL",99812158.000000,1000800351485987,1000800352580397
67,67,"Agent 1",1,43416,43416,2097152,1,"gemm",512,131072,0,128,0,112,"TCC_WRITE_SECTORS",33554432.000000,1000800351485987,1000800352580397
67,67,"Agent 1",1,43416,43416,2097152,1,"gemm",512,131072,0,128,0,112,"TCP_TCP_TA_DATA_STALL_CYCLES",6454548.000000,1000800351485987,1000800352580397
67,67,"Agent 1",1,43416,43416,2097152,1,"gemm",512,131072,0,128,0,112,"TCP_TCP_TA_ADDR_STALL_CYCLES",29614394.000000,1000800351485987,1000800352580397
68,68,"Agent 1",1,43416,43416,2097152,1,"gemm",512,131072,0,128,0,112,"SQ_INSTS_VMEM_WR",2097152.000000,1000800352694758,1000800353784528
68,68,"Agent 1",1,43416,43416,2097152,1,"gemm",512,131072,0,128,0,112,"SQ_VMEM_TA_CMD_FIFO_FULL",97499263.000000,1000800352694758,1000800353784528
68,68,"Agent 1",1,43416,43416,2097152,1,"gemm",512,131072,0,128,0,112,"TCC_WRITE_SECTORS",33554432.000000,1000800352694758,1000800353784528
68,68,"Agent 1",1,43416,43416,2097152,1,"gemm",512,131072,0,128,0,112,"TCP_TCP_TA_DATA_STALL_CYCLES",6131200.000000,1000800352694758,1000800353784528
68,68,"Agent 1",1,43416,43416,2097152,1,"gemm",512,131072,0,128,0,112,"TCP_TCP_TA_ADDR_STALL_CYCLES",29102940.000000,1000800352694758,1000800353784528
69,69,"Agent 1",1,43416,43416,2097152,1,"gemm",512,131072,0,128,0,112,"SQ_INSTS_VMEM_WR",2097152.000000,1000800353903049,1000800354996339
69,69,"Agent 1",1,43416,43416,2097152,1,"gemm",512,131072,0,128,0,112,"SQ_VMEM_TA_CMD_FIFO_FULL",99020013.000000,1000800353903049,1000800354996339
69,69,"Agent 1",1,43416,43416,2097152,1,"gemm",512,131072,0,128,0,112,"TCC_WRITE_SECTORS",33554432.000000,1000800353903049,1000800354996339
69,69,"Agent 1",1,43416,43416,2097152,1,"gemm",512,131072,0,128,0,112,"TCP_TCP_TA_DATA_STALL_CYCLES",6487962.000000,1000800353903049,1000800354996339
69,69,"Agent 1",1,43416,43416,2097152,1,"gemm",512,131072,0,128,0,112,"TCP_TCP_TA_ADDR_STALL_CYCLES",29524056.000000,1000800353903049,1000800354996339
70,70,"Agent 1",1,43416,43416,2097152,1,"gemm",512,131072,0,128,0,112,"SQ_INSTS_VMEM_WR",2097152.000000,1000800355114420,1000800356205670
70,70,"Agent 1",1,43416,43416,2097152,1,"gemm",512,131072,0,128,0,112,"SQ_VMEM_TA_CMD_FIFO_FULL",97415935.000000,1000800355114420,1000800356205670
70,70,"Agent 1",1,43416,43416,2097152,1,"gemm",512,131072,0,128,0,112,"TCC_WRITE_SECTORS",33554432.000000,1000800355114420,1000800356205670
70,70,"Agent 1",1,43416,43416,2097152,1,"gemm",512,131072,0,128,0,112,"TCP_TCP_TA_DATA_STALL_CYCLES",6722829.000000,1000800355114420,1000800356205670
70,70,"Agent 1",1,43416,43416,2097152,1,"gemm",512,131072,0,128,0,112,"TCP_TCP_TA_ADDR_STALL_CYCLES",28706204.000000,1000800355114420,1000800356205670
71,71,"Agent 1",1,43416,43416,2097152,1,"gemm",512,131072,0,128,0,112,"SQ_INSTS_VMEM_WR",2097152.000000,1000800356315112,1000800357407842
71,71,"Agent 1",1,43416,43416,2097152,1,"gemm",512,131072,0,128,0,112,"SQ_VMEM_TA_CMD_FIFO_FULL",100472197.000000,1000800356315112,1000800357407842
71,71,"Agent 1",1,43416,43416,2097152,1,"gemm",512,131072,0,128,0,112,"TCC_WRITE_SECTORS",33554432.000000,1000800356315112,1000800357407842
71,71,"Agent 1",1,43416,43416,2097152,1,"gemm",512,131072,0,128,0,112,"TCP_TCP_TA_DATA_STALL_CYCLES",6075825.000000,1000800356315112,1000800357407842
71,71,"Agent 1",1,43416,43416,2097152,1,"gemm",512,131072,0,128,0,112,"TCP_TCP_TA_ADDR_STALL_CYCLES",30597082.000000,1000800356315112,1000800357407842
72,72,"Agent 1",1,43416,43416,2097152,1,"gemm",512,131072,0,128,0,112,"SQ_INSTS_VMEM_WR",2097152.000000,1000800357516563,1000800358607493
72,72,"Agent 1",1,43416,43416,2097152,1,"gemm",512,131072,0,128,0,112,"SQ_VMEM_TA_CMD_FIFO_FULL",99162582.000000,1000800357516563,1000800358607493
72,72,"Agent 1",1,43416,43416,2097152,1,"gemm",512,131072,0,128,0,112,"TCC_WRITE_SECTORS",33554432.000000,1000800357516563,1000800358607493
72,72,"Agent 1",1,43416,43416,2097152,1,"gemm",512,131072,0,128,0,112,"TCP_TCP_TA_DATA_STALL_CYCLES",6450741.000000,1000800357516563,1000800358607493
72,72,"Agent 1",1,43416,43416,2097152,1,"gemm",512,131072,0,128,0,112,"TCP_TCP_TA_ADDR_STALL_CYCLES",29734734.000000,1000800357516563,1000800358607493
73,73,"Agent 1",1,43416,43416,2097152,1,"gemm",512,131072,0,128,0,112,"SQ_INSTS_VMEM_WR",2097152.000000,1000800358730174,1000800359821344
73,73,"Agent 1",1,43416,43416,2097152,1,"gemm",512,131072,0,128,0,112,"SQ_VMEM_TA_CMD_FIFO_FULL",97784299.000000,1000800358730174,1000800359821344
73,73,"Agent 1",1,43416,43416,2097152,1,"gemm",512,131072,0,128,0,112,"TCC_WRITE_SECTORS",33554432.000000,1000800358730174,1000800359821344
73,73,"Agent 1",1,43416,43416,2097152,1,"gemm",512,131072,0,128,0,112,"TCP_TCP_TA_DATA_STALL_CYCLES",6049134.000000,1000800358730174,1000800359821344
73,73,"Agent 1",1,43416,43416,2097152,1,"gemm",512,131072,0,128,0,112,"TCP_TCP_TA_ADDR_STALL_CYCLES",29479788.000000,1000800358730174,1000800359821344
74,74,"Agent 1",1,43416,43416,2097152,1,"gemm",512,131072,0,128,0,112,"SQ_INSTS_VMEM_WR",2097152.000000,1000800359932505,1000800361026795
74,74,"Agent 1",1,43416,43416,2097152,1,"gemm",512,131072,0,128,0,112,"SQ_VMEM_TA_CMD_FIFO_FULL",100247120.000000,1000800359932505,1000800361026795
74,74,"Agent 1",1,43416,43416,2097152,1,"gemm",512,131072,0,128,0,112,"TCC_WRITE_SECTORS",33554432.000000,1000800359932505,1000800361026795
74,74,"Agent 1",1,43416,43416,2097152,1,"gemm",512,131072,0,128,0,112,"TCP_TCP_TA_DATA_STALL_CYCLES",7401421.000000,1000800359932505,1000800361026795
74,74,"Agent 1",1,43416,43416,2097152,1,"gemm",512,131072,0,128,0,112,"TCP_TCP_TA_ADDR_STALL_CYCLES",29885781.000000,1000800359932505,1000800361026795
75,75,"Agent 1",1,43416,43416,2097152,1,"gemm",512,131072,0,128,0,112,"SQ_INSTS_VMEM_WR",2097152.000000,1000800361137996,1000800362231486
75,75,"Agent 1",1,43416,43416,2097152,1,"gemm",512,131072,0,128,0,112,"SQ_VMEM_TA_CMD_FIFO_FULL",99714661.000000,1000800361137996,1000800362231486
75,75,"Agent 1",1,43416,43416,2097152,1,"gemm",512,131072,0,128,0,112,"TCC_WRITE_SECTORS",33554432.000000,1000800361137996,1000800362231486
75,75,"Agent 1",1,43416,43416,2097152,1,"gemm",512,131072,0,128,0,112,"TCP_TCP_TA_DATA_STALL_CYCLES",7089705.000000,1000800361137996,1000800362231486
75,75,"Agent 1",1,43416,43416,2097152,1,"gemm",512,131072,0,128,0,112,"TCP_TCP_TA_ADDR_STALL_CYCLES",29531873.000000,1000800361137996,1000800362231486
76,76,"Agent 1",1,43416,43416,2097152,1,"gemm",512,131072,0,128,0,112,"SQ_INSTS_VMEM_WR",2097152.000000,1000800362348647,1000800363444058
76,76,"Agent 1",1,43416,43416,2097152,1,"gemm",512,131072,0,128,0,112,"SQ_VMEM_TA_CMD_FIFO_FULL",99079732.000000,1000800362348647,1000800363444058
76,76,"Agent 1",1,43416,43416,2097152,1,"gemm",512,131072,0,128,0,112,"TCC_WRITE_SECTORS",33554432.000000,1000800362348647,1000800363444058
76,76,"Agent 1",1,43416,43416,2097152,1,"gemm",512,131072,0,128,0,112,"TCP_TCP_TA_DATA_STALL_CYCLES",7017763.000000,1000800362348647,1000800363444058
76,76,"Agent 1",1,43416,43416,2097152,1,"gemm",512,131072,0,128,0,112,"TCP_TCP_TA_ADDR_STALL_CYCLES",29403680.000000,1000800362348647,1000800363444058
77,77,"Agent 1",1,43416,43416,2097152,1,"gemm",512,131072,0,128,0,112,"SQ_INSTS_VMEM_WR",2097152.000000,1000800363562139,1000800364648509
77,77,"Agent 1",1,43416,43416,2097152,1,"gemm",512,131072,0,128,0,112,"SQ_VMEM_TA_CMD_FIFO_FULL",96410423.000000,1000800363562139,1000800364648509
77,77,"Agent 1",1,43416,43416,2097152,1,"gemm",512,131072,0,128,0,112,"TCC_WRITE_SECTORS",33554432.000000,1000800363562139,1000800364648509
77,77,"Agent 1",1,43416,43416,2097152,1,"gemm",512,131072,0,128,0,112,"TCP_TCP_TA_DATA_STALL_CYCLES",6112341.000000,1000800363562139,1000800364648509
77,77,"Agent 1",1,43416,43416,2097152,1,"gemm",512,131072,0,128,0,112,"TCP_TCP_TA_ADDR_STALL_CYCLES",28471948.000000,1000800363562139,1000800364648509
78,78,"Agent 1",1,43416,43416,2097152,1,"gemm",512,131072,0,128,0,112,"SQ_INSTS_VMEM_WR",2097152.000000,1000800364775110,1000800365871360
78,78,"Agent 1",1,43416,43416,2097152,1,"gemm",512,131072,0,128,0,112,"SQ_VMEM_TA_CMD_FIFO_FULL",100547046.000000,1000800364775110,1000800365871360
78,78,"Agent 1",1,43416,43416,2097152,1,"gemm",512,131072,0,128,0,112,"TCC_WRITE_SECTORS",33554432.000000,1000800364775110,1000800365871360
78,78,"Agent 1",1,43416,43416,2097152,1,"gemm",512,131072,0,128,0,112,"TCP_TCP_TA_DATA_STALL_CYCLES",7118307.000000,1000800364775110,1000800365871360
78,78,"Agent 1",1,43416,43416,2097152,1,"gemm",512,131072,0,128,0,112,"TCP_TCP_TA_ADDR_STALL_CYCLES",29895571.000000,1000800364775110,1000800365871360
79,79,"Agent 1",1,43416,43416,2097152,1,"gemm",512,131072,0,128,0,112,"SQ_INSTS_VMEM_WR",2097152.000000,1000800365993281,1000800367084651
79,79,"Agent 1",1,43416,43416,2097152,1,"gemm",512,131072,0,128,0,112,"SQ_VMEM_TA_CMD_FIFO_FULL",98196250.000000,1000800365993281,1000800367084651
79,79,"Agent 1",1,43416,43416,2097152,1,"gemm",512,131072,0,128,0,112,"TCC_WRITE_SECTORS",33554432.000000,1000800365993281,1000800367084651
79,79,"Agent 1",1,43416,43416,2097152,1,"gemm",512,131072,0,128,0,112,"TCP_TCP_TA_DATA_STALL_CYCLES",6579236.000000,1000800365993281,1000800367084651
79,79,"Agent 1",1,43416,43416,2097152,1,"gemm",512,131072,0,128,0,112,"TCP_TCP_TA_ADDR_STALL_CYCLES",29277365.000000,1000800365993281,1000800367084651
80,80,"Agent 1",1,43416,43416,2097152,1,"gemm",512,131072,0,128,0,112,"SQ_INSTS_VMEM_WR",2097152.000000,1000800367215013,1000800368303503
80,80,"Agent 1",1,43416,43416,2097152,1,"gemm",512,131072,0,128,0,112,"SQ_VMEM_TA_CMD_FIFO_FULL",97338752.000000,1000800367215013,1000800368303503
80,80,"Agent 1",1,43416,43416,2097152,1,"gemm",512,131072,0,128,0,112,"TCC_WRITE_SECTORS",33554432.000000,1000800367215013,1000800368303503
80,80,"Agent 1",1,43416,43416,2097152,1,"gemm",512,131072,0,128,0,112,"TCP_TCP_TA_DATA_STALL_CYCLES",5967749.000000,1000800367215013,1000800368303503
80,80,"Agent 1",1,43416,43416,2097152,1,"gemm",512,131072,0,128,0,112,"TCP_TCP_TA_ADDR_STALL_CYCLES",29394730.000000,1000800367215013,1000800368303503
81,81,"Agent 1",1,43416,43416,2097152,1,"gemm",512,131072,0,128,0,112,"SQ_INSTS_VMEM_WR",2097152.000000,1000800368420424,1000800369509354
81,81,"Agent 1",1,43416,43416,2097152,1,"gemm",512,131072,0,128,0,112,"SQ_VMEM_TA_CMD_FIFO_FULL",98337799.000000,1000800368420424,1000800369509354
81,81,"Agent 1",1,43416,43416,2097152,1,"gemm",512,131072,0,128,0,112,"TCC_WRITE_SECTORS",33554432.000000,1000800368420424,1000800369509354
81,81,"Agent 1",1,43416,43416,2097152,1,"gemm",512,131072,0,128,0,112,"TCP_TCP_TA_DATA_STALL_CYCLES",6622718.000000,1000800368420424,1000800369509354
81,81,"Agent 1",1,43416,43416,2097152,1,"gemm",512,131072,0,128,0,112,"TCP_TCP_TA_ADDR_STALL_CYCLES",30021903.000000,1000800368420424,1000800369509354
82,82,"Agent 1",1,43416,43416,2097152,1,"gemm",512,131072,0,128,0,112,"SQ_INSTS_VMEM_WR",2097152.000000,1000800369630875,1000800370721445
82,82,"Agent 1",1,43416,43416,2097152,1,"gemm",512,131072,0,128,0,112,"SQ_VMEM_TA_CMD_FIFO_FULL",98478266.000000,1000800369630875,1000800370721445
82,82,"Agent 1",1,43416,43416,2097152,1,"gemm",512,131072,0,128,0,112,"TCC_WRITE_SECTORS",33554432.000000,1000800369630875,1000800370721445
82,82,"Agent 1",1,43416,43416,2097152,1,"gemm",512,131072,0,128,0,112,"TCP_TCP_TA_DATA_STALL_CYCLES",6055856.000000,1000800369630875,1000800370721445
82,82,"Agent 1",1,43416,43416,2097152,1,"gemm",512,131072,0,128,0,112,"TCP_TCP_TA_ADDR_STALL_CYCLES",29260278.000000,1000800369630875,1000800370721445
83,83,"Agent 1",1,43416,43416,2097152,1,"gemm",512,131072,0,128,0,112,"SQ_INSTS_VMEM_WR",2097152.000000,1000800370840926,1000800371933176
83,83,"Agent 1",1,43416,43416,2097152,1,"gemm",512,131072,0,128,0,112,"SQ_VMEM_TA_CMD_FIFO_FULL",99116198.000000,1000800370840926,1000800371933176
83,83,"Agent 1",1,43416,43416,2097152,1,"gemm",512,131072,0,128,0,112,"TCC_WRITE_SECTORS",33554432.000000,1000800370840926,1000800371933176
83,83,"Agent 1",1,43416,43416,2097152,1,"gemm",512,131072,0,128,0,112,"TCP_TCP_TA_DATA_STALL_CYCLES",6992938.000000,1000800370840926,1000800371933176
83,83,"Agent 1",1,43416,43416,2097152,1,"gemm",512,131072,0,128,0,112,"TCP_TCP_TA_ADDR_STALL_CYCLES",29613285.000000,1000800370840926,1000800371933176
84,84,"Agent 1",1,43416,43416,2097152,1,"gemm",512,131072,0,128,0,112,"SQ_INSTS_VMEM_WR",2097152.000000,1000800372066018,1000800373158188
84,84,"Agent 1",1,43416,43416,2097152,1,"gemm",512,131072,0,128,0,112,"SQ_VMEM_TA_CMD_FIFO_FULL",100208942.000000,1000800372066018,1000800373158188
84,84,"Agent 1",1,43416,43416,2097152,1,"gemm",512,131072,0,128,0,112,"TCC_WRITE_SECTORS",33554432.000000,1000800372066018,1000800373158188
84,84,"Agent 1",1,43416,43416,2097152,1,"gemm",512,131072,0,128,0,112,"TCP_TCP_TA_DATA_STALL_CYCLES",6858923.000000,1000800372066018,1000800373158188
84,84,"Agent 1",1,43416,43416,2097152,1,"gemm",512,131072,0,128,0,112,"TCP_TCP_TA_ADDR_STALL_CYCLES",30006767.000000,1000800372066018,1000800373158188
85,85,"Agent 1",1,43416,43416,2097152,1,"gemm",512,131072,0,128,0,112,"SQ_INSTS_VMEM_WR",2097152.000000,1000800373287429,1000800374383119
85,85,"Agent 1",1,43416,43416,2097152,1,"gemm",512,131072,0,128,0,112,"SQ_VMEM_TA_CMD_FIFO_FULL",101248390.000000,1000800373287429,1000800374383119
85,85,"Agent 1",1,43416,43416,2097152,1,"gemm",512,131072,0,128,0,112,"TCC_WRITE_SECTORS",33554432.000000,1000800373287429,1000800374383119
85,85,"Agent 1",1,43416,43416,2097152,1,"gemm",512,131072,0,128,0,112,"TCP_TCP_TA_DATA_STALL_CYCLES",7018149.000000,1000800373287429,1000800374383119
85,85,"Agent 1",1,43416,43416,2097152,1,"gemm",512,131072,0,128,0,112,"TCP_TCP_TA_ADDR_STALL_CYCLES",30749153.000000,1000800373287429,1000800374383119
86,86,"Agent 1",1,43416,43416,2097152,1,"gemm",512,131072,0,128,0,112,"SQ_INSTS_VMEM_WR",2097152.000000,1000800374504600,1000800375595090
86,86,"Agent 1",1,43416,43416,2097152,1,"gemm",512,131072,0,128,0,112,"SQ_VMEM_TA_CMD_FIFO_FULL",97748458.000000,1000800374504600,1000800375595090
86,86,"Agent 1",1,43416,43416,2097152,1,"gemm",512,131072,0,128,0,112,"TCC_WRITE_SECTORS",33554432.000000,1000800374504600,1000800375595090
86,86,"Agent 1",1,43416,43416,2097152,1,"gemm",512,131072,0,128,0,112,"TCP_TCP_TA_DATA_STALL_CYCLES",6715390.000000,1000800374504600,1000800375595090
86,86,"Agent 1",1,43416,43416,2097152,1,"gemm",512,131072,0,128,0,112,"TCP_TCP_TA_ADDR_STALL_CYCLES",29820975.000000,1000800374504600,1000800375595090
87,87,"Agent 1",1,43416,43416,2097152,1,"gemm",512,131072,0,128,0,112,"SQ_INSTS_VMEM_WR",2097152.000000,1000800375713571,1000800376803341
87,87,"Agent 1",1,43416,43416,2097152,1,"gemm",512,131072,0,128,0,112,"SQ_VMEM_TA_CMD_FIFO_FULL",97315776.000000,1000800375713571,1000800376803341
87,87,"Agent 1",1,43416,43416,2097152,1,"gemm",512,131072,0,128,0,112,"TCC_WRITE_SECTORS",33554432.000000,1000800375713571,1000800376803341
87,87,"Agent 1",1,43416,43416,2097152,1,"gemm",512,131072,0,128,0,112,"TCP_TCP_TA_DATA_STALL_CYCLES",5825370.000000,1000800375713571,1000800376803341
87,87,"Agent 1",1,43416,43416,2097152,1,"gemm",512,131072,0,128,0,112,"TCP_TCP_TA_ADDR_STALL_CYCLES",28869259.000000,1000800375713571,1000800376803341
88,88,"Agent 1",1,43416,43416,2097152,1,"gemm",512,131072,0,128,0,112,"SQ_INSTS_VMEM_WR",2097152.000000,1000800376938303,1000800378028193
88,88,"Agent 1",1,43416,43416,2097152,1,"gemm",512,131072,0,128,0,112,"SQ_VMEM_TA_CMD_FIFO_FULL",97375471.000000,1000800376938303,1000800378028193
88,88,"Agent 1",1,43416,43416,2097152,1,"gemm",512,131072,0,128,0,112,"TCC_WRITE_SECTORS",33554432.000000,1000800376938303,1000800378028193
88,88,"Agent 1",1,43416,43416,2097152,1,"gemm",512,131072,0,128,0,112,"TCP_TCP_TA_DATA_STALL_CYCLES",6160528.000000,1000800376938303,1000800378028193
88,88,"Agent 1",1,43416,43416,2097152,1,"gemm",512,131072,0,128,0,112,"TCP_TCP_TA_ADDR_STALL_CYCLES",29272707.000000,1000800376938303,1000800378028193
89,89,"Agent 1",1,43416,43416,2097152,1,"gemm",512,131072,0,128,0,112,"SQ_INSTS_VMEM_WR",2097152.000000,1000800378160394,1000800379250084
89,89,"Agent 1",1,43416,43416,2097152,1,"gemm",512,131072,0,128,0,112,"SQ_VMEM_TA_CMD_FIFO_FULL",97516817.000000,1000800378160394,1000800379250084
89,89,"Agent 1",1,43416,43416,2097152,1,"gemm",512,131072,0,128,0,112,"TCC_WRITE_SECTORS",33554432.000000,1000800378160394,1000800379250084
89,89,"Agent 1",1,43416,43416,2097152,1,"gemm",512,131072,0,128,0,112,"TCP_TCP_TA_DATA_STALL_CYCLES",6041679.000000,1000800378160394,1000800379250084
89,89,"Agent 1",1,43416,43416,2097152,1,"gemm",512,131072,0,128,0,112,"TCP_TCP_TA_ADDR_STALL_CYCLES",29029814.000000,1000800378160394,1000800379250084
90,90,"Agent 1",1,43416,43416,2097152,1,"gemm",512,131072,0,128,0,112,"SQ_INSTS_VMEM_WR",2097152.000000,1000800379368845,1000800380460735
90,90,"Agent 1",1,43416,43416,2097152,1,"gemm",512,131072,0,128,0,112,"SQ_VMEM_TA_CMD_FIFO_FULL",98328619.000000,1000800379368845,1000800380460735
90,90,"Agent 1",1,43416,43416,2097152,1,"gemm",512,131072,0,128,0,112,"TCC_WRITE_SECTORS",33554432.000000,1000800379368845,1000800380460735
90,90,"Agent 1",1,43416,43416,2097152,1,"gemm",512,131072,0,128,0,112,"TCP_TCP_TA_DATA_STALL_CYCLES",7040637.000000,1000800379368845,1000800380460735
90,90,"Agent 1",1,43416,43416,2097152,1,"gemm",512,131072,0,128,0,112,"TCP_TCP_TA_ADDR_STALL_CYCLES",28455232.000000,1000800379368845,1000800380460735
91,91,"Agent 1",1,43416,43416,2097152,1,"gemm",512,131072,0,128,0,112,"SQ_INSTS_VMEM_WR",2097152.000000,1000800380588896,1000800381683467
91,91,"Agent 1",1,43416,43416,2097152,1,"gemm",512,131072,0,128,0,112,"SQ_VMEM_TA_CMD_FIFO_FULL",99149258.000000,1000800380588896,1000800381683467
91,91,"Agent 1",1,43416,43416,2097152,1,"gemm",512,131072,0,128,0,112,"TCC_WRITE_SECTORS",33554432.000000,1000800380588896,1000800381683467
91,91,"Agent 1",1,43416,43416,2097152,1,"gemm",512,131072,0,128,0,112,"TCP_TCP_TA_DATA_STALL_CYCLES",6317570.000000,1000800380588896,1000800381683467
91,91,"Agent 1",1,43416,43416,2097152,1,"gemm",512,131072,0,128,0,112,"TCP_TCP_TA_ADDR_STALL_CYCLES",30272020.000000,1000800380588896,1000800381683467
92,92,"Agent 1",1,43416,43416,2097152,1,"gemm",512,131072,0,128,0,112,"SQ_INSTS_VMEM_WR",2097152.000000,1000800381813948,1000800382907478
92,92,"Agent 1",1,43416,43416,2097152,1,"gemm",512,131072,0,128,0,112,"SQ_VMEM_TA_CMD_FIFO_FULL",99242581.000000,1000800381813948,1000800382907478
92,92,"Agent 1",1,43416,43416,2097152,1,"gemm",512,131072,0,128,0,112,"TCC_WRITE_SECTORS",33554432.000000,1000800381813948,1000800382907478
92,92,"Agent 1",1,43416,43416,2097152,1,"gemm",512,131072,0,128,0,112,"TCP_TCP_TA_DATA_STALL_CYCLES",6895662.000000,1000800381813948,1000800382907478
92,92,"Agent 1",1,43416,43416,2097152,1,"gemm",512,131072,0,128,0,112,"TCP_TCP_TA_ADDR_STALL_CYCLES",29676302.000000,1000800381813948,1000800382907478
93,93,"Agent 1",1,43416,43416,2097152,1,"gemm",512,131072,0,128,0,112,"SQ_INSTS_VMEM_WR",2097152.000000,1000800383033079,1000800384126689
93,93,"Agent 1",1,43416,43416,2097152,1,"gemm",512,131072,0,128,0,112,"SQ_VMEM_TA_CMD_FIFO_FULL",99162171.000000,1000800383033079,1000800384126689
93,93,"Agent 1",1,43416,43416,2097152,1,"gemm",512,131072,0,128,0,112,"TCC_WRITE_SECTORS",33554432.000000,1000800383033079,1000800384126689
93,93,"Agent 1",1,43416,43416,2097152,1,"gemm",512,131072,0,128,0,112,"TCP_TCP_TA_DATA_STALL_CYCLES",6743459.000000,1000800383033079,1000800384126689
93,93,"Agent 1",1,43416,43416,2097152,1,"gemm",512,131072,0,128,0,112,"TCP_TCP_TA_ADDR_STALL_CYCLES",29810598.000000,1000800383033079,1000800384126689
94,94,"Agent 1",1,43416,43416,2097152,1,"gemm",512,131072,0,128,0,112,"SQ_INSTS_VMEM_WR",2097152.000000,1000800384258971,1000800385353741
94,94,"Agent 1",1,43416,43416,2097152,1,"gemm",512,131072,0,128,0,112,"SQ_VMEM_TA_CMD_FIFO_FULL",100379223.000000,1000800384258971,1000800385353741
94,94,"Agent 1",1,43416,43416,2097152,1,"gemm",512,131072,0,128,0,112,"TCC_WRITE_SECTORS",33554432.000000,1000800384258971,1000800385353741
94,94,"Agent 1",1,43416,43416,2097152,1,"gemm",512,131072,0,128,0,112,"TCP_TCP_TA_DATA_STALL_CYCLES",6689856.000000,1000800384258971,1000800385353741
94,94,"Agent 1",1,43416,43416,2097152,1,"gemm",512,131072,0,128,0,112,"TCP_TCP_TA_ADDR_STALL_CYCLES",30010609.000000,1000800384258971,1000800385353741
95,95,"Agent 1",1,43416,43416,2097152,1,"gemm",512,131072,0,128,0,112,"SQ_INSTS_VMEM_WR",2097152.000000,1000800385480062,1000800386568552
95,95,"Agent 1",1,43416,43416,2097152,1,"gemm",512,131072,0,128,0,112,"SQ_VMEM_TA_CMD_FIFO_FULL",97464173.000000,1000800385480062,1000800386568552
95,95,"Agent 1",1,43416,43416,2097152,1,"gemm",512,131072,0,128,0,112,"TCC_WRITE_SECTORS",33554432.000000,1000800385480062,1000800386568552
95,95,"Agent 1",1,43416,43416,2097152,1,"gemm",512,131072,0,128,0,112,"TCP_TCP_TA_DATA_STALL_CYCLES",6136106.000000,1000800385480062,1000800386568552
95,95,"Agent 1",1,43416,43416,2097152,1,"gemm",512,131072,0,128,0,112,"TCP_TCP_TA_ADDR_STALL_CYCLES",29495109.000000,1000800385480062,1000800386568552
96,96,"Agent 1",1,43416,43416,2097152,1,"gemm",512,131072,0,128,0,112,"SQ_INSTS_VMEM_WR",2097152.000000,1000800386689953,1000800387792923
96,96,"Agent 1",1,43416,43416,2097152,1,"gemm",512,131072,0,128,0,112,"SQ_VMEM_TA_CMD_FIFO_FULL",101120925.000000,1000800386689953,1000800387792923
96,96,"Agent 1",1,43416,43416,2097152,1,"gemm",512,131072,0,128,0,112,"TCC_WRITE_SECTORS",33554432.000000,1000800386689953,1000800387792923
96,96,"Agent 1",1,43416,43416,2097152,1,"gemm",512,131072,0,128,0,112,"TCP_TCP_TA_DATA_STALL_CYCLES",7392215.000000,1000800386689953,1000800387792923
96,96,"Agent 1",1,43416,43416,2097152,1,"gemm",512,131072,0,128,0,112,"TCP_TCP_TA_ADDR_STALL_CYCLES",30180489.000000,1000800386689953,1000800387792923
97,97,"Agent 1",1,43416,43416,2097152,1,"gemm",512,131072,0,128,0,112,"SQ_INSTS_VMEM_WR",2097152.000000,1000800387917724,1000800389008255
97,97,"Agent 1",1,43416,43416,2097152,1,"gemm",512,131072,0,128,0,112,"SQ_VMEM_TA_CMD_FIFO_FULL",98020325.000000,1000800387917724,1000800389008255
97,97,"Agent 1",1,43416,43416,2097152,1,"gemm",512,131072,0,128,0,112,"TCC_WRITE_SECTORS",33554432.000000,1000800387917724,1000800389008255
97,97,"Agent 1",1,43416,43416,2097152,1,"gemm",512,131072,0,128,0,112,"TCP_TCP_TA_DATA_STALL_CYCLES",6573569.000000,1000800387917724,1000800389008255
97,97,"Agent 1",1,43416,43416,2097152,1,"gemm",512,131072,0,128,0,112,"TCP_TCP_TA_ADDR_STALL_CYCLES",29030964.000000,1000800387917724,1000800389008255
98,98,"Agent 1",1,43416,43416,2097152,1,"gemm",512,131072,0,128,0,112,"SQ_INSTS_VMEM_WR",2097152.000000,1000800389124056,1000800390221386
98,98,"Agent 1",1,43416,43416,2097152,1,"gemm",512,131072,0,128,0,112,"SQ_VMEM_TA_CMD_FIFO_FULL",100805070.000000,1000800389124056,1000800390221386
98,98,"Agent 1",1,43416,43416,2097152,1,"gemm",512,131072,0,128,0,112,"TCC_WRITE_SECTORS",33554432.000000,1000800389124056,1000800390221386
98,98,"Agent 1",1,43416,43416,2097152,1,"gemm",512,131072,0,128,0,112,"TCP_TCP_TA_DATA_STALL_CYCLES",7634112.000000,1000800389124056,1000800390221386
98,98,"Agent 1",1,43416,43416,2097152,1,"gemm",512,131072,0,128,0,112,"TCP_TCP_TA_ADDR_STALL_CYCLES",30298728.000000,1000800389124056,1000800390221386
99,99,"Agent 1",1,43416,43416,2097152,1,"gemm",512,131072,0,128,0,112,"SQ_INSTS_VMEM_WR",2097152.000000,1000800390338027,1000800391426077
99,99,"Agent 1",1,43416,43416,2097152,1,"gemm",512,131072,0,128,0,112,"SQ_VMEM_TA_CMD_FIFO_FULL",97359303.000000,1000800390338027,1000800391426077
99,99,"Agent 1",1,43416,43416,2097152,1,"gemm",512,131072,0,128,0,112,"TCC_WRITE_SECTORS",33554432.000000,1000800390338027,1000800391426077
99,99,"Agent 1",1,43416,43416,2097152,1,"gemm",512,131072,0,128,0,112,"TCP_TCP_TA_DATA_STALL_CYCLES",6091368.000000,1000800390338027,1000800391426077
99,99,"Agent 1",1,43416,43416,2097152,1,"gemm",512,131072,0,128,0,112,"TCP_TCP_TA_ADDR_STALL_CYCLES",28665980.000000,1000800390338027,1000800391426077
100,100,"Agent 1",1,43416,43416,2097152,1,"gemm",512,131072,0,128,0,112,"SQ_INSTS_VMEM_WR",2097152.000000,1000800391541038,1000800392630488
100,100,"Agent 1",1,43416,43416,2097152,1,"gemm",512,131072,0,128,0,112,"SQ_VMEM_TA_CMD_FIFO_FULL",97669585.000000,1000800391541038,1000800392630488
100,100,"Agent 1",1,43416,43416,2097152,1,"gemm",512,131072,0,128,0,112,"TCC_WRITE_SECTORS",33554432.000000,1000800391541038,1000800392630488
100,100,"Agent 1",1,43416,43416,2097152,1,"gemm",512,131072,0,128,0,112,"TCP_TCP_TA_DATA_STALL_CYCLES",6142659.000000,1000800391541038,1000800392630488
100,100,"Agent 1",1,43416,43416,2097152,1,"gemm",512,131072,0,128,0,112,"TCP_TCP_TA_ADDR_STALL_CYCLES",29069070.000000,1000800391541038,1000800392630488
101,101,"Agent 1",1,43416,43416,2097152,1,"gemm",512,131072,0,128,0,112,"SQ_INSTS_VMEM_WR",2097152.000000,1000800392761369,1000800393849899
101,101,"Agent 1",1,43416,43416,2097152,1,"gemm",512,131072,0,128,0,112,"SQ_VMEM_TA_CMD_FIFO_FULL",96137372.000000,1000800392761369,1000800393849899
101,101,"Agent 1",1,43416,43416,2097152,1,"gemm",512,131072,0,128,0,112,"TCC_WRITE_SECTORS",33554432.000000,1000800392761369,1000800393849899
101,101,"Agent 1",1,43416,43416,2097152,1,"gemm",512,131072,0,128,0,112,"TCP_TCP_TA_DATA_STALL_CYCLES",5916550.000000,1000800392761369,1000800393849899
101,101,"Agent 1",1,43416,43416,2097152,1,"gemm",512,131072,0,128,0,112,"TCP_TCP_TA_ADDR_STALL_CYCLES",29218065.000000,1000800392761369,1000800393849899
102,102,"Agent 1",1,43416,43416,2097152,1,"gemm",512,131072,0,128,0,112,"SQ_INSTS_VMEM_WR",2097152.000000,1000800393968461,1000800395062431
102,102,"Agent 1",1,43416,43416,2097152,1,"gemm",512,131072,0,128,0,112,"SQ_VMEM_TA_CMD_FIFO_FULL",98244599.000000,1000800393968461,1000800395062431
102,102,"Agent 1",1,43416,43416,2097152,1,"gemm",512,131072,0,128,0,112,"TCC_WRITE_SECTORS",33554432.000000,1000800393968461,1000800395062431
102,102,"Agent 1",1,43416,43416,2097152,1,"gemm",512,131072,0,128,0,112,"TCP_TCP_TA_DATA_STALL_CYCLES",6598465.000000,1000800393968461,1000800395062431
102,102,"Agent 1",1,43416,43416,2097152,1,"gemm",512,131072,0,128,0,112,"TCP_TCP_TA_ADDR_STALL_CYCLES",29395681.000000,1000800393968461,1000800395062431
103,103,"Agent 1",1,43416,43416,2097152,1,"gemm",512,131072,0,128,0,112,"SQ_INSTS_VMEM_WR",2097152.000000,1000800395177112,1000800396267602
103,103,"Agent 1",1,43416,43416,2097152,1,"gemm",512,131072,0,128,0,112,"SQ_VMEM_TA_CMD_FIFO_FULL",97825902.000000,1000800395177112,1000800396267602
103,103,"Agent 1",1,43416,43416,2097152,1,"gemm",512,131072,0,128,0,112,"TCC_WRITE_SECTORS",33554432.000000,1000800395177112,1000800396267602
103,103,"Agent 1",1,43416,43416,2097152,1,"gemm",512,131072,0,128,0,112,"TCP_TCP_TA_DATA_STALL_CYCLES",6227357.000000,1000800395177112,1000800396267602
103,103,"Agent 1",1,43416,43416,2097152,1,"gemm",512,131072,0,128,0,112,"TCP_TCP_TA_ADDR_STALL_CYCLES",28614476.000000,1000800395177112,1000800396267602
104,104,"Agent 1",1,43416,43416,2097152,1,"gemm",512,131072,0,128,0,112,"SQ_INSTS_VMEM_WR",2097152.000000,1000800396396483,1000800397486173
104,104,"Agent 1",1,43416,43416,2097152,1,"gemm",512,131072,0,128,0,112,"SQ_VMEM_TA_CMD_FIFO_FULL",98099676.000000,1000800396396483,1000800397486173
104,104,"Agent 1",1,43416,43416,2097152,1,"gemm",512,131072,0,128,0,112,"TCC_WRITE_SECTORS",33554432.000000,1000800396396483,1000800397486173
104,104,"Agent 1",1,43416,43416,2097152,1,"gemm",512,131072,0,128,0,112,"TCP_TCP_TA_DATA_STALL_CYCLES",6992155.000000,1000800396396483,1000800397486173
104,104,"Agent 1",1,43416,43416,2097152,1,"gemm",512,131072,0,128,0,112,"TCP_TCP_TA_ADDR_STALL_CYCLES",29017177.000000,1000800396396483,1000800397486173
105,105,"Agent 1",1,43416,43416,2097152,1,"gemm",512,131072,0,128,0,112,"SQ_INSTS_VMEM_WR",2097152.000000,1000800397602978,1000800398695749
105,105,"Agent 1",1,43416,43416,2097152,1,"gemm",512,131072,0,128,0,112,"SQ_VMEM_TA_CMD_FIFO_FULL",98819675.000000,1000800397602978,1000800398695749
105,105,"Agent 1",1,43416,43416,2097152,1,"gemm",512,131072,0,128,0,112,"TCC_WRITE_SECTORS",33554432.000000,1000800397602978,1000800398695749
105,105,"Agent 1",1,43416,43416,2097152,1,"gemm",512,131072,0,128,0,112,"TCP_TCP_TA_DATA_STALL_CYCLES",6368569.000000,1000800397602978,1000800398695749
105,105,"Agent 1",1,43416,43416,2097152,1,"gemm",512,131072,0,128,0,112,"TCP_TCP_TA_ADDR_STALL_CYCLES",29923848.000000,1000800397602978,1000800398695749
106,106,"Agent 1",1,43416,43416,2097152,1,"gemm",512,131072,0,128,0,112,"SQ_INSTS_VMEM_WR",2097152.000000,1000800398829869,1000800399916799
106,106,"Agent 1",1,43416,43416,2097152,1,"gemm",512,131072,0,128,0,112,"SQ_VMEM_TA_CMD_FIFO_FULL",96801934.000000,1000800398829869,1000800399916799
106,106,"Agent 1",1,43416,43416,2097152,1,"gemm",512,131072,0,128,0,112,"TCC_WRITE_SECTORS",33554432.000000,1000800398829869,1000800399916799
106,106,"Agent 1",1,43416,43416,2097152,1,"gemm",512,131072,0,128,0,112,"TCP_TCP_TA_DATA_STALL_CYCLES",6120300.000000,1000800398829869,1000800399916799
106,106,"Agent 1",1,43416,43416,2097152,1,"gemm",512,131072,0,128,0,112,"TCP_TCP_TA_ADDR_STALL_CYCLES",28530969.000000,1000800398829869,1000800399916799
107,107,"Agent 1",1,43416,43416,2097152,1,"gemm",512,131072,0,128,0,112,"SQ_INSTS_VMEM_WR",2097152.000000,1000800400052320,1000800401144050
107,107,"Agent 1",1,43416,43416,2097152,1,"gemm",512,131072,0,128,0,112,"SQ_VMEM_TA_CMD_FIFO_FULL",97817125.000000,1000800400052320,1000800401144050
107,107,"Agent 1",1,43416,43416,2097152,1,"gemm",512,131072,0,128,0,112,"TCC_WRITE_SECTORS",33554432.000000,1000800400052320,1000800401144050
107,107,"Agent 1",1,43416,43416,2097152,1,"gemm",512,131072,0,128,0,112,"TCP_TCP_TA_DATA_STALL_CYCLES",8354952.000000,1000800400052320,1000800401144050
107,107,"Agent 1",1,43416,43416,2097152,1,"gemm",512,131072,0,128,0,112,"TCP_TCP_TA_ADDR_STALL_CYCLES",29018620.000000,1000800400052320,1000800401144050
108,108,"Agent 1",1,43416,43416,2097152,1,"gemm",512,131072,0,128,0,112,"SQ_INSTS_VMEM_WR",2097152.000000,1000800401257771,1000800402353182
108,108,"Agent 1",1,43416,43416,2097152,1,"gemm",512,131072,0,128,0,112,"SQ_VMEM_TA_CMD_FIFO_FULL",100460077.000000,1000800401257771,1000800402353182
108,108,"Agent 1",1,43416,43416,2097152,1,"gemm",512,131072,0,128,0,112,"TCC_WRITE_SECTORS",33554432.000000,1000800401257771,1000800402353182
108,108,"Agent 1",1,43416,43416,2097152,1,"gemm",512,131072,0,128,0,112,"TCP_TCP_TA_DATA_STALL_CYCLES",6663138.000000,1000800401257771,1000800402353182
108,108,"Agent 1",1,43416,43416,2097152,1,"gemm",512,131072,0,128,0,112,"TCP_TCP_TA_ADDR_STALL_CYCLES",30761950.000000,1000800401257771,1000800402353182
109,109,"Agent 1",1,43416,43416,2097152,1,"gemm",512,131072,0,128,0,112,"SQ_INSTS_VMEM_WR",2097152.000000,1000800402478663,1000800403570513
109,109,"Agent 1",1,43416,43416,2097152,1,"gemm",512,131072,0,128,0,112,"SQ_VMEM_TA_CMD_FIFO_FULL",97300555.000000,1000800402478663,1000800403570513
109,109,"Agent 1",1,43416,43416,2097152,1,"gemm",512,131072,0,128,0,112,"TCC_WRITE_SECTORS",33554432.000000,1000800402478663,1000800403570513
109,109,"Agent 1",1,43416,43416,2097152,1,"gemm",512,131072,0,128,0,112,"TCP_TCP_TA_DATA_STALL_CYCLES",5969168.000000,1000800402478663,1000800403570513
109,109,"Agent 1",1,43416,43416,2097152,1,"gemm",512,131072,0,128,0,112,"TCP_TCP_TA_ADDR_STALL_CYCLES",28489067.000000,1000800402478663,1000800403570513
110,110,"Agent 1",1,43416,43416,2097152,1,"gemm",512,131072,0,128,0,112,"SQ_INSTS_VMEM_WR",2097152.000000,1000800403688314,1000800404776884
110,110,"Agent 1",1,43416,43416,2097152,1,"gemm",512,131072,0,128,0,112,"SQ_VMEM_TA_CMD_FIFO_FULL",96420321.000000,1000800403688314,1000800404776884
110,110,"Agent 1",1,43416,43416,2097152,1,"gemm",512,131072,0,128,0,112,"TCC_WRITE_SECTORS",33554432.000000,1000800403688314,1000800404776884
110,110,"Agent 1",1,43416,43416,2097152,1,"gemm",512,131072,0,128,0,112,"TCP_TCP_TA_DATA_STALL_CYCLES",6563171.000000,1000800403688314,1000800404776884
110,110,"Agent 1",1,43416,43416,2097152,1,"gemm",512,131072,0,128,0,112,"TCP_TCP_TA_ADDR_STALL_CYCLES",28370045.000000,1000800403688314,1000800404776884
111,111,"Agent 1",1,43416,43416,2097152,1,"gemm",512,131072,0,128,0,112,"SQ_INSTS_VMEM_WR",2097152.000000,1000800404903645,1000800405992055
111,111,"Agent 1",1,43416,43416,2097152,1,"gemm",512,131072,0,128,0,112,"SQ_VMEM_TA_CMD_FIFO_FULL",95925958.000000,1000800404903645,1000800405992055
111,111,"Agent 1",1,43416,43416,2097152,1,"gemm",512,131072,0,128,0,112,"TCC_WRITE_SECTORS",33554432.000000,1000800404903645,1000800405992055
111,111,"Agent 1",1,43416,43416,2097152,1,"gemm",512,131072,0,128,0,112,"TCP_TCP_TA_DATA_STALL_CYCLES",5968406.000000,1000800404903645,1000800405992055
111,111,"Agent 1",1,43416,43416,2097152,1,"gemm",512,131072,0,128,0,112,"TCP_TCP_TA_ADDR_STALL_CYCLES",28442939.000000,1000800404903645,1000800405992055
112,112,"Agent 1",1,43416,43416,2097152,1,"gemm",512,131072,0,128,0,112,"SQ_INSTS_VMEM_WR",2097152.000000,1000800406117896,1000800407213107
112,112,"Agent 1",1,43416,43416,2097152,1,"gemm",512,131072,0,128,0,112,"SQ_VMEM_TA_CMD_FIFO_FULL",100179901.000000,1000800406117896,1000800407213107
112,112,"Agent 1",1,43416,43416,2097152,1,"gemm",512,131072,0,128,0,112,"TCC_WRITE_SECTORS",33554432.000000,1000800406117896,1000800407213107
112,112,"Agent 1",1,43416,43416,2097152,1,"gemm",512,131072,0,128,0,112,"TCP_TCP_TA_DATA_STALL_CYCLES",6937568.000000,1000800406117896,1000800407213107
112,112,"Agent 1",1,43416,43416,2097152,1,"gemm",512,131072,0,128,0,112,"TCP_TCP_TA_ADDR_STALL_CYCLES",30050471.000000,1000800406117896,1000800407213107
113,113,"Agent 1",1,43416,43416,2097152,1,"gemm",512,131072,0,128,0,112,"SQ_INSTS_VMEM_WR",2097152.000000,1000800407335508,1000800408430318
113,113,"Agent 1",1,43416,43416,2097152,1,"gemm",512,131072,0,128,0,112,"SQ_VMEM_TA_CMD_FIFO_FULL",97884041.000000,1000800407335508,1000800408430318
113,113,"Agent 1",1,43416,43416,2097152,1,"gemm",512,131072,0,128,0,112,"TCC_WRITE_SECTORS",33554432.000000,1000800407335508,1000800408430318
113,113,"Agent 1",1,43416,43416,2097152,1,"gemm",512,131072,0,128,0,112,"TCP_TCP_TA_DATA_STALL_CYCLES",6434638.000000,1000800407335508,1000800408430318
113,113,"Agent 1",1,43416,43416,2097152,1,"gemm",512,131072,0,128,0,112,"TCP_TCP_TA_ADDR_STALL_CYCLES",29768474.000000,1000800407335508,1000800408430318
114,114,"Agent 1",1,43416,43416,2097152,1,"gemm",512,131072,0,128,0,112,"SQ_INSTS_VMEM_WR",2097152.000000,1000800408545479,1000800409637369
114,114,"Agent 1",1,43416,43416,2097152,1,"gemm",512,131072,0,128,0,112,"SQ_VMEM_TA_CMD_FIFO_FULL",100024978.000000,1000800408545479,1000800409637369
114,114,"Agent 1",1,43416,43416,2097152,1,"gemm",512,131072,0,128,0,112,"TCC_WRITE_SECTORS",33554432.000000,1000800408545479,1000800409637369
114,114,"Agent 1",1,43416,43416,2097152,1,"gemm",512,131072,0,128,0,112,"TCP_TCP_TA_DATA_STALL_CYCLES",6940718.000000,1000800408545479,1000800409637369
114,114,"Agent 1",1,43416,43416,2097152,1,"gemm",512,131072,0,128,0,112,"TCP_TCP_TA_ADDR_STALL_CYCLES",30285583.000000,1000800408545479,1000800409637369
115,115,"Agent 1",1,43416,43416,2097152,1,"gemm",512,131072,0,128,0,112,"SQ_INSTS_VMEM_WR",2097152.000000,1000800409764730,1000800410862700
115,115,"Agent 1",1,43416,43416,2097152,1,"gemm",512,131072,0,128,0,112,"SQ_VMEM_TA_CMD_FIFO_FULL",102008431.000000,1000800409764730,1000800410862700
115,115,"Agent 1",1,43416,43416,2097152,1,"gemm",512,131072,0,128,0,112,"TCC_WRITE_SECTORS",33554432.000000,1000800409764730,1000800410862700
115,115,"Agent 1",1,43416,43416,2097152,1,"gemm",512,131072,0,128,0,112,"TCP_TCP_TA_DATA_STALL_CYCLES",7443247.000000,1000800409764730,1000800410862700
115,115,"Agent 1",1,43416,43416,2097152,1,"gemm",512,131072,0,128,0,112,"TCP_TCP_TA_ADDR_STALL_CYCLES",30384540.000000,1000800409764730,1000800410862700
116,116,"Agent 1",1,43416,43416,2097152,1,"gemm",512,131072,0,128,0,112,"SQ_INSTS_VMEM_WR",2097152.000000,1000800410975742,1000800412074512
116,116,"Agent 1",1,43416,43416,2097152,1,"gemm",512,131072,0,128,0,112,"SQ_VMEM_TA_CMD_FIFO_FULL",102091341.000000,1000800410975742,1000800412074512
116,116,"Agent 1",1,43416,43416,2097152,1,"gemm",512,131072,0,128,0,112,"TCC_WRITE_SECTORS",33554432.000000,1000800410975742,1000800412074512
116,116,"Agent 1",1,43416,43416,2097152,1,"gemm",512,131072,0,128,0,112,"TCP_TCP_TA_DATA_STALL_CYCLES",7068240.000000,1000800410975742,1000800412074512
116,116,"Agent 1",1,43416,43416,2097152,1,"gemm",512,131072,0,128,0,112,"TCP_TCP_TA_ADDR_STALL_CYCLES",30993146.000000,1000800410975742,1000800412074512
117,117,"Agent 1",1,43416,43416,2097152,1,"gemm",512,131072,0,128,0,112,"SQ_INSTS_VMEM_WR",2097152.000000,1000800412200913,1000800413288603
117,117,"Agent 1",1,43416,43416,2097152,1,"gemm",512,131072,0,128,0,112,"SQ_VMEM_TA_CMD_FIFO_FULL",96111708.000000,1000800412200913,1000800413288603
117,117,"Agent 1",1,43416,43416,2097152,1,"gemm",512,131072,0,128,0,112,"TCC_WRITE_SECTORS",33554432.000000,1000800412200913,1000800413288603
117,117,"Agent 1",1,43416,43416,2097152,1,"gemm",512,131072,0,128,0,112,"TCP_TCP_TA_DATA_STALL_CYCLES",6446450.000000,1000800412200913,1000800413288603
117,117,"Agent 1",1,43416,43416,2097152,1,"gemm",512,131072,0,128,0,112,"TCP_TCP_TA_ADDR_STALL_CYCLES",28690933.000000,1000800412200913,1000800413288603
118,118,"Agent 1",1,43416,43416,2097152,1,"gemm",512,131072,0,128,0,112,"SQ_INSTS_VMEM_WR",2097152.000000,1000800413410084,1000800414504894
118,118,"Agent 1",1,43416,43416,2097152,1,"gemm",512,131072,0,128,0,112,"SQ_VMEM_TA_CMD_FIFO_FULL",99446141.000000,1000800413410084,1000800414504894
118,118,"Agent 1",1,43416,43416,2097152,1,"gemm",512,131072,0,128,0,112,"TCC_WRITE_SECTORS",33554432.000000,1000800413410084,1000800414504894
118,118,"Agent 1",1,43416,43416,2097152,1,"gemm",512,131072,0,128,0,112,"TCP_TCP_TA_DATA_STALL_CYCLES",6519217.000000,1000800413410084,1000800414504894
118,118,"Agent 1",1,43416,43416,2097152,1,"gemm",512,131072,0,128,0,112,"TCP_TCP_TA_ADDR_STALL_CYCLES",29989274.000000,1000800413410084,1000800414504894
119,119,"Agent 1",1,43416,43416,2097152,1,"gemm",512,131072,0,128,0,112,"SQ_INSTS_VMEM_WR",2097152.000000,1000800414636735,1000800415730746
119,119,"Agent 1",1,43416,43416,2097152,1,"gemm",512,131072,0,128,0,112,"SQ_VMEM_TA_CMD_FIFO_FULL",100843968.000000,1000800414636735,1000800415730746
119,119,"Agent 1",1,43416,43416,2097152,1,"gemm",512,131072,0,128,0,112,"TCC_WRITE_SECTORS",33554432.000000,1000800414636735,1000800415730746
119,119,"Agent 1",1,43416,43416,2097152,1,"gemm",512,131072,0,128,0,112,"TCP_TCP_TA_DATA_STALL_CYCLES",6826507.000000,1000800414636735,1000800415730746
119,119,"Agent 1",1,43416,43416,2097152,1,"gemm",512,131072,0,128,0,112,"TCP_TCP_TA_ADDR_STALL_CYCLES",30764635.000000,1000800414636735,1000800415730746
120,120,"Agent 1",1,43416,43416,2097152,1,"gemm",512,131072,0,128,0,112,"SQ_INSTS_VMEM_WR",2097152.000000,1000800415848907,1000800416947957
120,120,"Agent 1",1,43416,43416,2097152,1,"gemm",512,131072,0,128,0,112,"SQ_VMEM_TA_CMD_FIFO_FULL",101032015.000000,1000800415848907,1000800416947957
120,120,"Agent 1",1,43416,43416,2097152,1,"gemm",512,131072,0,128,0,112,"TCC_WRITE_SECTORS",33554432.000000,1000800415848907,1000800416947957
120,120,"Agent 1",1,43416,43416,2097152,1,"gemm",512,131072,0,128,0,112,"TCP_TCP_TA_DATA_STALL_CYCLES",7060264.000000,1000800415848907,1000800416947957
120,120,"Agent 1",1,43416,43416,2097152,1,"gemm",512,131072,0,128,0,112,"TCP_TCP_TA_ADDR_STALL_CYCLES",30709614.000000,1000800415848907,1000800416947957
121,121,"Agent 1",1,43416,43416,2097152,1,"gemm",512,131072,0,128,0,112,"SQ_INSTS_VMEM_WR",2097152.000000,1000800417062558,1000800418154808
121,121,"Agent 1",1,43416,43416,2097152,1,"gemm",512,131072,0,128,0,112,"SQ_VMEM_TA_CMD_FIFO_FULL",99603126.000000,1000800417062558,1000800418154808
121,121,"Agent 1",1,43416,43416,2097152,1,"gemm",512,131072,0,128,0,112,"TCC_WRITE_SECTORS",33554432.000000,1000800417062558,1000800418154808
121,121,"Agent 1",1,43416,43416,2097152,1,"gemm",512,131072,0,128,0,112,"TCP_TCP_TA_DATA_STALL_CYCLES",6542143.000000,1000800417062558,1000800418154808
121,121,"Agent 1",1,43416,43416,2097152,1,"gemm",512,131072,0,128,0,112,"TCP_TCP_TA_ADDR_STALL_CYCLES",29722755.000000,1000800417062558,1000800418154808
122,122,"Agent 1",1,43416,43416,2097152,1,"gemm",512,131072,0,128,0,112,"SQ_INSTS_VMEM_WR",2097152.000000,1000800418277489,1000800419366779
122,122,"Agent 1",1,43416,43416,2097152,1,"gemm",512,131072,0,128,0,112,"SQ_VMEM_TA_CMD_FIFO_FULL",97219752.000000,1000800418277489,1000800419366779
122,122,"Agent 1",1,43416,43416,2097152,1,"gemm",512,131072,0,128,0,112,"TCC_WRITE_SECTORS",33554432.000000,1000800418277489,1000800419366779
122,122,"Agent 1",1,43416,43416,2097152,1,"gemm",512,131072,0,128,0,112,"TCP_TCP_TA_DATA_STALL_CYCLES",6048793.000000,1000800418277489,1000800419366779
122,122,"Agent 1",1,43416,43416,2097152,1,"gemm",512,131072,0,128,0,112,"TCP_TCP_TA_ADDR_STALL_CYCLES",29423519.000000,1000800418277489,1000800419366779
123,123,"Agent 1",1,43416,43416,2097152,1,"gemm",512,131072,0,128,0,112,"SQ_INSTS_VMEM_WR",2097152.000000,1000800419484260,1000800420579311
123,123,"Agent 1",1,43416,43416,2097152,1,"gemm",512,131072,0,128,0,112,"SQ_VMEM_TA_CMD_FIFO_FULL",99737501.000000,1000800419484260,1000800420579311
123,123,"Agent 1",1,43416,43416,2097152,1,"gemm",512,131072,0,128,0,112,"TCC_WRITE_SECTORS",33554432.000000,1000800419484260,1000800420579311
123,123,"Agent 1",1,43416,43416,2097152,1,"gemm",512,131072,0,128,0,112,"TCP_TCP_TA_DATA_STALL_CYCLES",7263613.000000,1000800419484260,1000800420579311
123,123,"Agent 1",1,43416,43416,2097152,1,"gemm",512,131072,0,128,0,112,"TCP_TCP_TA_ADDR_STALL_CYCLES",29606571.000000,1000800419484260,1000800420579311
124,124,"Agent 1",1,43416,43416,2097152,1,"gemm",512,131072,0,128,0,112,"SQ_INSTS_VMEM_WR",2097152.000000,1000800420695432,1000800421787482
124,124,"Agent 1",1,43416,43416,2097152,1,"gemm",512,131072,0,128,0,112,"SQ_VMEM_TA_CMD_FIFO_FULL",100374342.000000,1000800420695432,1000800421787482
124,124,"Agent 1",1,43416,43416,2097152,1,"gemm",512,131072,0,128,0,112,"TCC_WRITE_SECTORS",33554432.000000,1000800420695432,1000800421787482
124,124,"Agent 1",1,43416,43416,2097152,1,"gemm",512,131072,0,128,0,112,"TCP_TCP_TA_DATA_STALL_CYCLES",7202905.000000,1000800420695432,1000800421787482
124,124,"Agent 1",1,43416,43416,2097152,1,"gemm",512,131072,0,128,0,112,"TCP_TCP_TA_ADDR_STALL_CYCLES",30568016.000000,1000800420695432,1000800421787482
125,125,"Agent 1",1,43416,43416,2097152,1,"gemm",512,131072,0,128,0,112,"SQ_INSTS_VMEM_WR",2097152.000000,1000800421902923,1000800423004093
125,125,"Agent 1",1,43416,43416,2097152,1,"gemm",512,131072,0,128,0,112,"SQ_VMEM_TA_CMD_FIFO_FULL",102461880.000000,1000800421902923,1000800423004093
125,125,"Agent 1",1,43416,43416,2097152,1,"gemm",512,131072,0,128,0,112,"TCC_WRITE_SECTORS",33554432.000000,1000800421902923,1000800423004093
125,125,"Agent 1",1,43416,43416,2097152,1,"gemm",512,131072,0,128,0,112,"TCP_TCP_TA_DATA_STALL_CYCLES",7573579.000000,1000800421902923,1000800423004093
125,125,"Agent 1",1,43416,43416,2097152,1,"gemm",512,131072,0,128,0,112,"TCP_TCP_TA_ADDR_STALL_CYCLES",30419168.000000,1000800421902923,1000800423004093
126,126,"Agent 1",1,43416,43416,2097152,1,"gemm",512,131072,0,128,0,112,"SQ_INSTS_VMEM_WR",2097152.000000,1000800423126574,1000800424212544
126,126,"Agent 1",1,43416,43416,2097152,1,"gemm",512,131072,0,128,0,112,"SQ_VMEM_TA_CMD_FIFO_FULL",97085452.000000,1000800423126574,1000800424212544
126,126,"Agent 1",1,43416,43416,2097152,1,"gemm",512,131072,0,128,0,112,"TCC_WRITE_SECTORS",33554432.000000,1000800423126574,1000800424212544
126,126,"Agent 1",1,43416,43416,2097152,1,"gemm",512,131072,0,128,0,112,"TCP_TCP_TA_DATA_STALL_CYCLES",6128245.000000,1000800423126574,1000800424212544
126,126,"Agent 1",1,43416,43416,2097152,1,"gemm",512,131072,0,128,0,112,"TCP_TCP_TA_ADDR_STALL_CYCLES",28343513.000000,1000800423126574,1000800424212544
127,127,"Agent 1",1,43416,43416,2097152,1,"gemm",512,131072,0,128,0,112,"SQ_INSTS_VMEM_WR",2097152.000000,1000800424328105,1000800425418595
127,127,"Agent 1",1,43416,43416,2097152,1,"gemm",512,131072,0,128,0,112,"SQ_VMEM_TA_CMD_FIFO_FULL",97891117.000000,1000800424328105,1000800425418595
127,127,"Agent 1",1,43416,43416,2097152,1,"gemm",512,131072,0,128,0,112,"TCC_WRITE_SECTORS",33554432.000000,1000800424328105,1000800425418595
127,127,"Agent 1",1,43416,43416,2097152,1,"gemm",512,131072,0,128,0,112,"TCP_TCP_TA_DATA_STALL_CYCLES",6328246.000000,1000800424328105,1000800425418595
127,127,"Agent 1",1,43416,43416,2097152,1,"gemm",512,131072,0,128,0,112,"TCP_TCP_TA_ADDR_STALL_CYCLES",29137945.000000,1000800424328105,1000800425418595
128,128,"Agent 1",1,43416,43416,2097152,1,"gemm",512,131072,0,128,0,112,"SQ_INSTS_VMEM_WR",2097152.000000,1000800425537357,1000800426628087
128,128,"Agent 1",1,43416,43416,2097152,1,"gemm",512,131072,0,128,0,112,"SQ_VMEM_TA_CMD_FIFO_FULL",98102432.000000,1000800425537357,1000800426628087
128,128,"Agent 1",1,43416,43416,2097152,1,"gemm",512,131072,0,128,0,112,"TCC_WRITE_SECTORS",33554432.000000,1000800425537357,1000800426628087
128,128,"Agent 1",1,43416,43416,2097152,1,"gemm",512,131072,0,128,0,112,"TCP_TCP_TA_DATA_STALL_CYCLES",6526382.000000,1000800425537357,1000800426628087
128,128,"Agent 1",1,43416,43416,2097152,1,"gemm",512,131072,0,128,0,112,"TCP_TCP_TA_ADDR_STALL_CYCLES",29114099.000000,1000800425537357,1000800426628087
129,129,"Agent 1",1,43416,43416,2097152,1,"gemm",512,131072,0,128,0,112,"SQ_INSTS_VMEM_WR",2097152.000000,1000800426740128,1000800427833978
129,129,"Agent 1",1,43416,43416,2097152,1,"gemm",512,131072,0,128,0,112,"SQ_VMEM_TA_CMD_FIFO_FULL",97793176.000000,1000800426740128,1000800427833978
129,129,"Agent 1",1,43416,43416,2097152,1,"gemm",512,131072,0,128,0,112,"TCC_WRITE_SECTORS",33554432.000000,1000800426740128,1000800427833978
129,129,"Agent 1",1,43416,43416,2097152,1,"gemm",512,131072,0,128,0,112,"TCP_TCP_TA_DATA_STALL_CYCLES",6036492.000000,1000800426740128,1000800427833978
129,129,"Agent 1",1,43416,43416,2097152,1,"gemm",512,131072,0,128,0,112,"TCP_TCP_TA_ADDR_STALL_CYCLES",29501530.000000,1000800426740128,1000800427833978
130,130,"Agent 1",1,43416,43416,2097152,1,"gemm",512,131072,0,128,0,112,"SQ_INSTS_VMEM_WR",2097152.000000,1000800427955979,1000800429051629
130,130,"Agent 1",1,43416,43416,2097152,1,"gemm",512,131072,0,128,0,112,"SQ_VMEM_TA_CMD_FIFO_FULL",101396039.000000,1000800427955979,1000800429051629
130,130,"Agent 1",1,43416,43416,2097152,1,"gemm",512,131072,0,128,0,112,"TCC_WRITE_SECTORS",33554432.000000,1000800427955979,1000800429051629
130,130,"Agent 1",1,43416,43416,2097152,1,"gemm",512,131072,0,128,0,112,"TCP_TCP_TA_DATA_STALL_CYCLES",7059495.000000,1000800427955979,1000800429051629
130,130,"Agent 1",1,43416,43416,2097152,1,"gemm",512,131072,0,128,0,112,"TCP_TCP_TA_ADDR_STALL_CYCLES",30881024.000000,1000800427955979,1000800429051629
131,131,"Agent 1",1,43416,43416,2097152,1,"gemm",512,131072,0,128,0,112,"SQ_INSTS_VMEM_WR",2097152.000000,1000800429159430,1000800430260800
131,131,"Agent 1",1,43416,43416,2097152,1,"gemm",512,131072,0,128,0,112,"SQ_VMEM_TA_CMD_FIFO_FULL",103583658.000000,1000800429159430,1000800430260800
131,131,"Agent 1",1,43416,43416,2097152,1,"gemm",512,131072,0,128,0,112,"TCC_WRITE_SECTORS",33554432.000000,1000800429159430,1000800430260800
131,131,"Agent 1",1,43416,43416,2097152,1,"gemm",512,131072,0,128,0,112,"TCP_TCP_TA_DATA_STALL_CYCLES",7314870.000000,1000800429159430,1000800430260800
131,131,"Agent 1",1,43416,43416,2097152,1,"gemm",512,131072,0,128,0,112,"TCP_TCP_TA_ADDR_STALL_CYCLES",31674931.000000,1000800429159430,1000800430260800
132,132,"Agent 1",1,43416,43416,2097152,1,"gemm",512,131072,0,128,0,112,"SQ_INSTS_VMEM_WR",2097152.000000,1000800430370361,1000800431464812
132,132,"Agent 1",1,43416,43416,2097152,1,"gemm",512,131072,0,128,0,112,"SQ_VMEM_TA_CMD_FIFO_FULL",100261488.000000,1000800430370361,1000800431464812
132,132,"Agent 1",1,43416,43416,2097152,1,"gemm",512,131072,0,128,0,112,"TCC_WRITE_SECTORS",33554432.000000,1000800430370361,1000800431464812
132,132,"Agent 1",1,43416,43416,2097152,1,"gemm",512,131072,0,128,0,112,"TCP_TCP_TA_DATA_STALL_CYCLES",6931262.000000,1000800430370361,1000800431464812
132,132,"Agent 1",1,43416,43416,2097152,1,"gemm",512,131072,0,128,0,112,"TCP_TCP_TA_ADDR_STALL_CYCLES",29911694.000000,1000800430370361,1000800431464812
133,133,"Agent 1",1,43416,43416,2097152,1,"gemm",512,131072,0,128,0,112,"SQ_INSTS_VMEM_WR",2097152.000000,1000800431588573,1000800432689623
133,133,"Agent 1",1,43416,43416,2097152,1,"gemm",512,131072,0,128,0,112,"SQ_VMEM_TA_CMD_FIFO_FULL",103201155.000000,1000800431588573,1000800432689623
133,133,"Agent 1",1,43416,43416,2097152,1,"gemm",512,131072,0,128,0,112,"TCC_WRITE_SECTORS",33554432.000000,1000800431588573,1000800432689623
133,133,"Agent 1",1,43416,43416,2097152,1,"gemm",512,131072,0,128,0,112,"TCP_TCP_TA_DATA_STALL_CYCLES",8174888.000000,1000800431588573,1000800432689623
133,133,"Agent 1",1,43416,43416,2097152,1,"gemm",512,131072,0,128,0,112,"TCP_TCP_TA_ADDR_STALL_CYCLES",30675921.000000,1000800431588573,1000800432689623
134,134,"Agent 1",1,43416,43416,2097152,1,"gemm",512,131072,0,128,0,112,"SQ_INSTS_VMEM_WR",2097152.000000,1000800432798424,1000800433892594
134,134,"Agent 1",1,43416,43416,2097152,1,"gemm",512,131072,0,128,0,112,"SQ_VMEM_TA_CMD_FIFO_FULL",98603717.000000,1000800432798424,1000800433892594
134,134,"Agent 1",1,43416,43416,2097152,1,"gemm",512,131072,0,128,0,112,"TCC_WRITE_SECTORS",33554432.000000,1000800432798424,1000800433892594
134,134,"Agent 1",1,43416,43416,2097152,1,"gemm",512,131072,0,128,0,112,"TCP_TCP_TA_DATA_STALL_CYCLES",6651335.000000,1000800432798424,1000800433892594
134,134,"Agent 1",1,43416,43416,2097152,1,"gemm",512,131072,0,128,0,112,"TCP_TCP_TA_ADDR_STALL_CYCLES",29907734.000000,1000800432798424,1000800433892594
135,135,"Agent 1",1,43416,43416,2097152,1,"gemm",512,131072,0,128,0,112,"SQ_INSTS_VMEM_WR",2097152.000000,1000800433999355,1000800435093405
135,135,"Agent 1",1,43416,43416,2097152,1,"gemm",512,131072,0,128,0,112,"SQ_VMEM_TA_CMD_FIFO_FULL",99493718.000000,1000800433999355,1000800435093405
135,135,"Agent 1",1,43416,43416,2097152,1,"gemm",512,131072,0,128,0,112,"TCC_WRITE_SECTORS",33554432.000000,1000800433999355,1000800435093405
135,135,"Agent 1",1,43416,43416,2097152,1,"gemm",512,131072,0,128,0,112,"TCP_TCP_TA_DATA_STALL_CYCLES",6657261.000000,1000800433999355,1000800435093405
135,135,"Agent 1",1,43416,43416,2097152,1,"gemm",512,131072,0,128,0,112,"TCP_TCP_TA_ADDR_STALL_CYCLES",30042929.000000,1000800433999355,1000800435093405
136,136,"Agent 1",1,43416,43416,2097152,1,"gemm",512,131072,0,128,0,112,"SQ_INSTS_VMEM_WR",2097152.000000,1000800435213886,1000800436306096
136,136,"Agent 1",1,43416,43416,2097152,1,"gemm",512,131072,0,128,0,112,"SQ_VMEM_TA_CMD_FIFO_FULL",98226443.000000,1000800435213886,1000800436306096
136,136,"Agent 1",1,43416,43416,2097152,1,"gemm",512,131072,0,128,0,112,"TCC_WRITE_SECTORS",33554432.000000,1000800435213886,1000800436306096
136,136,"Agent 1",1,43416,43416,2097152,1,"gemm",512,131072,0,128,0,112,"TCP_TCP_TA_DATA_STALL_CYCLES",6427710.000000,1000800435213886,1000800436306096
136,136,"Agent 1",1,43416,43416,2097152,1,"gemm",512,131072,0,128,0,112,"TCP_TCP_TA_ADDR_STALL_CYCLES",29652759.000000,1000800435213886,1000800436306096
137,137,"Agent 1",1,43416,43416,2097152,1,"gemm",512,131072,0,128,0,112,"SQ_INSTS_VMEM_WR",2097152.000000,1000800436423458,1000800437509148
137,137,"Agent 1",1,43416,43416,2097152,1,"gemm",512,131072,0,128,0,112,"SQ_VMEM_TA_CMD_FIFO_FULL",95295148.000000,1000800436423458,1000800437509148
137,137,"Agent 1",1,43416,43416,2097152,1,"gemm",512,131072,0,128,0,112,"TCC_WRITE_SECTORS",33554432.000000,1000800436423458,1000800437509148
137,137,"Agent 1",1,43416,43416,2097152,1,"gemm",512,131072,0,128,0,112,"TCP_TCP_TA_DATA_STALL_CYCLES",6101597.000000,1000800436423458,1000800437509148
137,137,"Agent 1",1,43416,43416,2097152,1,"gemm",512,131072,0,128,0,112,"TCP_TCP_TA_ADDR_STALL_CYCLES",27953239.000000,1000800436423458,1000800437509148
138,138,"Agent 1",1,43416,43416,2097152,1,"gemm",512,131072,0,128,0,112,"SQ_INSTS_VMEM_WR",2097152.000000,1000800437626549,1000800438723999
138,138,"Agent 1",1,43416,43416,2097152,1,"gemm",512,131072,0,128,0,112,"SQ_VMEM_TA_CMD_FIFO_FULL",102517933.000000,1000800437626549,1000800438723999
138,138,"Agent 1",1,43416,43416,2097152,1,"gemm",512,131072,0,128,0,112,"TCC_WRITE_SECTORS",33554432.000000,1000800437626549,1000800438723999
138,138,"Agent 1",1,43416,43416,2097152,1,"gemm",512,131072,0,128,0,112,"TCP_TCP_TA_DATA_STALL_CYCLES",6706066.000000,1000800437626549,1000800438723999
138,138,"Agent 1",1,43416,43416,2097152,1,"gemm",512,131072,0,128,0,112,"TCP_TCP_TA_ADDR_STALL_CYCLES",31761877.000000,1000800437626549,1000800438723999
139,139,"Agent 1",1,43416,43416,2097152,1,"gemm",512,131072,0,128,0,112,"SQ_INSTS_VMEM_WR",2097152.000000,1000800438833080,1000800439924970
139,139,"Agent 1",1,43416,43416,2097152,1,"gemm",512,131072,0,128,0,112,"SQ_VMEM_TA_CMD_FIFO_FULL",97432235.000000,1000800438833080,1000800439924970
139,139,"Agent 1",1,43416,43416,2097152,1,"gemm",512,131072,0,128,0,112,"TCC_WRITE_SECTORS",33554432.000000,1000800438833080,1000800439924970
139,139,"Agent 1",1,43416,43416,2097152,1,"gemm",512,131072,0,128,0,112,"TCP_TCP_TA_DATA_STALL_CYCLES",6438557.000000,1000800438833080,1000800439924970
139,139,"Agent 1",1,43416,43416,2097152,1,"gemm",512,131072,0,128,0,112,"TCP_TCP_TA_ADDR_STALL_CYCLES",28796181.000000,1000800438833080,1000800439924970
140,140,"Agent 1",1,43416,43416,2097152,1,"gemm",512,131072,0,128,0,112,"SQ_INSTS_VMEM_WR",2097152.000000,1000800440041651,1000800441134221
140,140,"Agent 1",1,43416,43416,2097152,1,"gemm",512,131072,0,128,0,112,"SQ_VMEM_TA_CMD_FIFO_FULL",99127452.000000,1000800440041651,1000800441134221
140,140,"Agent 1",1,43416,43416,2097152,1,"gemm",512,131072,0,128,0,112,"TCC_WRITE_SECTORS",33554432.000000,1000800440041651,1000800441134221
140,140,"Agent 1",1,43416,43416,2097152,1,"gemm",512,131072,0,128,0,112,"TCP_TCP_TA_DATA_STALL_CYCLES",6008655.000000,1000800440041651,1000800441134221
140,140,"Agent 1",1,43416,43416,2097152,1,"gemm",512,131072,0,128,0,112,"TCP_TCP_TA_ADDR_STALL_CYCLES",29949949.000000,1000800440041651,1000800441134221
141,141,"Agent 1",1,43416,43416,2097152,1,"gemm",512,131072,0,128,0,112,"SQ_INSTS_VMEM_WR",2097152.000000,1000800441244662,1000800442333472
141,141,"Agent 1",1,43416,43416,2097152,1,"gemm",512,131072,0,128,0,112,"SQ_VMEM_TA_CMD_FIFO_FULL",97371801.000000,1000800441244662,1000800442333472
141,141,"Agent 1",1,43416,43416,2097152,1,"gemm",512,131072,0,128,0,112,"TCC_WRITE_SECTORS",33554432.000000,1000800441244662,1000800442333472
141,141,"Agent 1",1,43416,43416,2097152,1,"gemm",512,131072,0,128,0,112,"TCP_TCP_TA_DATA_STALL_CYCLES",6639887.000000,1000800441244662,1000800442333472
141,141,"Agent 1",1,43416,43416,2097152,1,"gemm",512,131072,0,128,0,112,"TCP_TCP_TA_ADDR_STALL_CYCLES",29168298.000000,1000800441244662,1000800442333472
142,142,"Agent 1",1,43416,43416,2097152,1,"gemm",512,131072,0,128,0,112,"SQ_INSTS_VMEM_WR",2097152.000000,1000800442452593,1000800443543924
142,142,"Agent 1",1,43416,43416,2097152,1,"gemm",512,131072,0,128,0,112,"SQ_VMEM_TA_CMD_FIFO_FULL",98680605.000000,1000800442452593,1000800443543924
142,142,"Agent 1",1,43416,43416,2097152,1,"gemm",512,131072,0,128,0,112,"TCC_WRITE_SECTORS",33554432.000000,1000800442452593,1000800443543924
142,142,"Agent 1",1,43416,43416,2097152,1,"gemm",512,131072,0,128,0,112,"TCP_TCP_TA_DATA_STALL_CYCLES",6027695.000000,1000800442452593,1000800443543924
142,142,"Agent 1",1,43416,43416,2097152,1,"gemm",512,131072,0,128,0,112,"TCP_TCP_TA_ADDR_STALL_CYCLES",29768504.000000,1000800442452593,1000800443543924
143,143,"Agent 1",1,43416,43416,2097152,1,"gemm",512,131072,0,128,0,112,"SQ_INSTS_VMEM_WR",2097152.000000,1000800443652605,1000800444747535
143,143,"Agent 1",1,43416,43416,2097152,1,"gemm",512,131072,0,128,0,112,"SQ_VMEM_TA_CMD_FIFO_FULL",99843090.000000,1000800443652605,1000800444747535
143,143,"Agent 1",1,43416,43416,2097152,1,"gemm",512,131072,0,128,0,112,"TCC_WRITE_SECTORS",33554432.000000,1000800443652605,1000800444747535
143,143,"Agent 1",1,43416,43416,2097152,1,"gemm",512,131072,0,128,0,112,"TCP_TCP_TA_DATA_STALL_CYCLES",6793860.000000,1000800443652605,1000800444747535
143,143,"Agent 1",1,43416,43416,2097152,1,"gemm",512,131072,0,128,0,112,"TCP_TCP_TA_ADDR_STALL_CYCLES",30622802.000000,1000800443652605,1000800444747535
144,144,"Agent 1",1,43416,43416,2097152,1,"gemm",512,131072,0,128,0,112,"SQ_INSTS_VMEM_WR",2097152.000000,1000800444866256,1000800445961426
144,144,"Agent 1",1,43416,43416,2097152,1,"gemm",512,131072,0,128,0,112,"SQ_VMEM_TA_CMD_FIFO_FULL",100546230.000000,1000800444866256,1000800445961426
144,144,"Agent 1",1,43416,43416,2097152,1,"gemm",512,131072,0,128,0,112,"TCC_WRITE_SECTORS",33554432.000000,1000800444866256,1000800445961426
144,144,"Agent 1",1,43416,43416,2097152,1,"gemm",512,131072,0,128,0,112,"TCP_TCP_TA_DATA_STALL_CYCLES",6988298.000000,1000800444866256,1000800445961426
144,144,"Agent 1",1,43416,43416,2097152,1,"gemm",512,131072,0,128,0,112,"TCP_TCP_TA_ADDR_STALL_CYCLES",30533696.000000,1000800444866256,1000800445961426
145,145,"Agent 1",1,43416,43416,2097152,1,"gemm",512,131072,0,128,0,112,"SQ_INSTS_VMEM_WR",2097152.000000,1000800446080067,1000800447179237
145,145,"Agent 1",1,43416,43416,2097152,1,"gemm",512,131072,0,128,0,112,"SQ_VMEM_TA_CMD_FIFO_FULL",101598920.000000,1000800446080067,1000800447179237
145,145,"Agent 1",1,43416,43416,2097152,1,"gemm",512,131072,0,128,0,112,"TCC_WRITE_SECTORS",33554432.000000,1000800446080067,1000800447179237
145,145,"Agent 1",1,43416,43416,2097152,1,"gemm",512,131072,0,128,0,112,"TCP_TCP_TA_DATA_STALL_CYCLES",7563234.000000,1000800446080067,1000800447179237
145,145,"Agent 1",1,43416,43416,2097152,1,"gemm",512,131072,0,128,0,112,"TCP_TCP_TA_ADDR_STALL_CYCLES",30610798.000000,1000800446080067,1000800447179237
146,146,"Agent 1",1,43416,43416,2097152,1,"gemm",512,131072,0,128,0,112,"SQ_INSTS_VMEM_WR",2097152.000000,1000800447295038,1000800448388409
146,146,"Agent 1",1,43416,43416,2097152,1,"gemm",512,131072,0,128,0,112,"SQ_VMEM_TA_CMD_FIFO_FULL",100145332.000000,1000800447295038,1000800448388409
146,146,"Agent 1",1,43416,43416,2097152,1,"gemm",512,131072,0,128,0,112,"TCC_WRITE_SECTORS",33554432.000000,1000800447295038,1000800448388409
146,146,"Agent 1",1,43416,43416,2097152,1,"gemm",512,131072,0,128,0,112,"TCP_TCP_TA_DATA_STALL_CYCLES",6551957.000000,1000800447295038,1000800448388409
146,146,"Agent 1",1,43416,43416,2097152,1,"gemm",512,131072,0,128,0,112,"TCP_TCP_TA_ADDR_STALL_CYCLES",30339095.000000,1000800447295038,1000800448388409
147,147,"Agent 1",1,43416,43416,2097152,1,"gemm",512,131072,0,128,0,112,"SQ_INSTS_VMEM_WR",2097152.000000,1000800448498130,1000800449595820
147,147,"Agent 1",1,43416,43416,2097152,1,"gemm",512,131072,0,128,0,112,"SQ_VMEM_TA_CMD_FIFO_FULL",100176803.000000,1000800448498130,1000800449595820
147,147,"Agent 1",1,43416,43416,2097152,1,"gemm",512,131072,0,128,0,112,"TCC_WRITE_SECTORS",33554432.000000,1000800448498130,1000800449595820
147,147,"Agent 1",1,43416,43416,2097152,1,"gemm",512,131072,0,128,0,112,"TCP_TCP_TA_DATA_STALL_CYCLES",6124902.000000,1000800448498130,1000800449595820
147,147,"Agent 1",1,43416,43416,2097152,1,"gemm",512,131072,0,128,0,112,"TCP_TCP_TA_ADDR_STALL_CYCLES",30464089.000000,1000800448498130,1000800449595820
148,148,"Agent 1",1,43416,43416,2097152,1,"gemm",512,131072,0,128,0,112,"SQ_INSTS_VMEM_WR",2097152.000000,1000800449705301,1000800450798191
148,148,"Agent 1",1,43416,43416,2097152,1,"gemm",512,131072,0,128,0,112,"SQ_VMEM_TA_CMD_FIFO_FULL",99455923.000000,1000800449705301,1000800450798191
148,148,"Agent 1",1,43416,43416,2097152,1,"gemm",512,131072,0,128,0,112,"TCC_WRITE_SECTORS",33554432.000000,1000800449705301,1000800450798191
148,148,"Agent 1",1,43416,43416,2097152,1,"gemm",512,131072,0,128,0,112,"TCP_TCP_TA_DATA_STALL_CYCLES",6628904.000000,1000800449705301,1000800450798191
148,148,"Agent 1",1,43416,43416,2097152,1,"gemm",512,131072,0,128,0,112,"TCP_TCP_TA_ADDR_STALL_CYCLES",29997062.000000,1000800449705301,1000800450798191
149,149,"Agent 1",1,43416,43416,2097152,1,"gemm",512,131072,0,128,0,112,"SQ_INSTS_VMEM_WR",2097152.000000,1000800450904112,1000800452001842
149,149,"Agent 1",1,43416,43416,2097152,1,"gemm",512,131072,0,128,0,112,"SQ_VMEM_TA_CMD_FIFO_FULL",100728134.000000,1000800450904112,1000800452001842
149,149,"Agent 1",1,43416,43416,2097152,1,"gemm",512,131072,0,128,0,112,"TCC_WRITE_SECTORS",33554432.000000,1000800450904112,1000800452001842
149,149,"Agent 1",1,43416,43416,2097152,1,"gemm",512,131072,0,128,0,112,"TCP_TCP_TA_DATA_STALL_CYCLES",6719007.000000,1000800450904112,1000800452001842
149,149,"Agent 1",1,43416,43416,2097152,1,"gemm",512,131072,0,128,0,112,"TCP_TCP_TA_ADDR_STALL_CYCLES",30780218.000000,1000800450904112,1000800452001842
150,150,"Agent 1",1,43416,43416,2097152,1,"gemm",512,131072,0,128,0,112,"SQ_INSTS_VMEM_WR",2097152.000000,1000800452106203,1000800453199693
150,150,"Agent 1",1,43416,43416,2097152,1,"gemm",512,131072,0,128,0,112,"SQ_VMEM_TA_CMD_FIFO_FULL",97195405.000000,1000800452106203,1000800453199693
150,150,"Agent 1",1,43416,43416,2097152,1,"gemm",512,131072,0,128,0,112,"TCC_WRITE_SECTORS",33554432.000000,1000800452106203,1000800453199693
150,150,"Agent 1",1,43416,43416,2097152,1,"gemm",512,131072,0,128,0,112,"TCP_TCP_TA_DATA_STALL_CYCLES",6643558.000000,1000800452106203,1000800453199693
150,150,"Agent 1",1,43416,43416,2097152,1,"gemm",512,131072,0,128,0,112,"TCP_TCP_TA_ADDR_STALL_CYCLES",28924798.000000,1000800452106203,1000800453199693
151,151,"Agent 1",1,43416,43416,2097152,1,"gemm",512,131072,0,128,0,112,"SQ_INSTS_VMEM_WR",2097152.000000,1000800453307254,1000800454401504
151,151,"Agent 1",1,43416,43416,2097152,1,"gemm",512,131072,0,128,0,112,"SQ_VMEM_TA_CMD_FIFO_FULL",98172517.000000,1000800453307254,1000800454401504
151,151,"Agent 1",1,43416,43416,2097152,1,"gemm",512,131072,0,128,0,112,"TCC_WRITE_SECTORS",33554432.000000,1000800453307254,1000800454401504
151,151,"Agent 1",1,43416,43416,2097152,1,"gemm",512,131072,0,128,0,112,"TCP_TCP_TA_DATA_STALL_CYCLES",6100087.000000,1000800453307254,1000800454401504
151,151,"Agent 1",1,43416,43416,2097152,1,"gemm",512,131072,0,128,0,112,"TCP_TCP_TA_ADDR_STALL_CYCLES",29717020.000000,1000800453307254,1000800454401504
152,152,"Agent 1",1,43416,43416,2097152,1,"gemm",512,131072,0,128,0,112,"SQ_INSTS_VMEM_WR",2097152.000000,1000800454511705,1000800455606956
152,152,"Agent 1",1,43416,43416,2097152,1,"gemm",512,131072,0,128,0,112,"SQ_VMEM_TA_CMD_FIFO_FULL",99969737.000000,1000800454511705,1000800455606956
152,152,"Agent 1",1,43416,43416,2097152,1,"gemm",512,131072,0,128,0,112,"TCC_WRITE_SECTORS",33554432.000000,1000800454511705,1000800455606956
152,152,"Agent 1",1,43416,43416,2097152,1,"gemm",512,131072,0,128,0,112,"TCP_TCP_TA_DATA_STALL_CYCLES",6719164.000000,1000800454511705,1000800455606956
152,152,"Agent 1",1,43416,43416,2097152,1,"gemm",512,131072,0,128,0,112,"TCP_TCP_TA_ADDR_STALL_CYCLES",29695967.000000,1000800454511705,1000800455606956
153,153,"Agent 1",1,43416,43416,2097152,1,"gemm",512,131072,0,128,0,112,"SQ_INSTS_VMEM_WR",2097152.000000,1000800455723037,1000800456819767
153,153,"Agent 1",1,43416,43416,2097152,1,"gemm",512,131072,0,128,0,112,"SQ_VMEM_TA_CMD_FIFO_FULL",100930943.000000,1000800455723037,1000800456819767
153,153,"Agent 1",1,43416,43416,2097152,1,"gemm",512,131072,0,128,0,112,"TCC_WRITE_SECTORS",33554432.000000,1000800455723037,1000800456819767
153,153,"Agent 1",1,43416,43416,2097152,1,"gemm",512,131072,0,128,0,112,"TCP_TCP_TA_DATA_STALL_CYCLES",7246994.000000,1000800455723037,1000800456819767
153,153,"Agent 1",1,43416,43416,2097152,1,"gemm",512,131072,0,128,0,112,"TCP_TCP_TA_ADDR_STALL_CYCLES",30950801.000000,1000800455723037,1000800456819767
154,154,"Agent 1",1,43416,43416,2097152,1,"gemm",512,131072,0,128,0,112,"SQ_INSTS_VMEM_WR",2097152.000000,1000800456934848,1000800458029298
154,154,"Agent 1",1,43416,43416,2097152,1,"gemm",512,131072,0,128,0,112,"SQ_VMEM_TA_CMD_FIFO_FULL",100786344.000000,1000800456934848,1000800458029298
154,154,"Agent 1",1,43416,43416,2097152,1,"gemm",512,131072,0,128,0,112,"TCC_WRITE_SECTORS",33554432.000000,1000800456934848,1000800458029298
154,154,"Agent 1",1,43416,43416,2097152,1,"gemm",512,131072,0,128,0,112,"TCP_TCP_TA_DATA_STALL_CYCLES",8450586.000000,1000800456934848,1000800458029298
154,154,"Agent 1",1,43416,43416,2097152,1,"gemm",512,131072,0,128,0,112,"TCP_TCP_TA_ADDR_STALL_CYCLES",29854750.000000,1000800456934848,1000800458029298
155,155,"Agent 1",1,43416,43416,2097152,1,"gemm",512,131072,0,128,0,112,"SQ_INSTS_VMEM_WR",2097152.000000,1000800458140059,1000800459246989
155,155,"Agent 1",1,43416,43416,2097152,1,"gemm",512,131072,0,128,0,112,"SQ_VMEM_TA_CMD_FIFO_FULL",105435532.000000,1000800458140059,1000800459246989
155,155,"Agent 1",1,43416,43416,2097152,1,"gemm",512,131072,0,128,0,112,"TCC_WRITE_SECTORS",33554432.000000,1000800458140059,1000800459246989
155,155,"Agent 1",1,43416,43416,2097152,1,"gemm",512,131072,0,128,0,112,"TCP_TCP_TA_DATA_STALL_CYCLES",8271568.000000,1000800458140059,1000800459246989
155,155,"Agent 1",1,43416,43416,2097152,1,"gemm",512,131072,0,128,0,112,"TCP_TCP_TA_ADDR_STALL_CYCLES",32180692.000000,1000800458140059,1000800459246989
156,156,"Agent 1",1,43416,43416,2097152,1,"gemm",512,131072,0,128,0,112,"SQ_INSTS_VMEM_WR",2097152.000000,1000800459364670,1000800460460201
156,156,"Agent 1",1,43416,43416,2097152,1,"gemm",512,131072,0,128,0,112,"SQ_VMEM_TA_CMD_FIFO_FULL",99439951.000000,1000800459364670,1000800460460201
156,156,"Agent 1",1,43416,43416,2097152,1,"gemm",512,131072,0,128,0,112,"TCC_WRITE_SECTORS",33554432.000000,1000800459364670,1000800460460201
156,156,"Agent 1",1,43416,43416,2097152,1,"gemm",512,131072,0,128,0,112,"TCP_TCP_TA_DATA_STALL_CYCLES",6618470.000000,1000800459364670,1000800460460201
156,156,"Agent 1",1,43416,43416,2097152,1,"gemm",512,131072,0,128,0,112,"TCP_TCP_TA_ADDR_STALL_CYCLES",30595466.000000,1000800459364670,1000800460460201
157,157,"Agent 1",1,43416,43416,2097152,1,"gemm",512,131072,0,128,0,112,"SQ_INSTS_VMEM_WR",2097152.000000,1000800460570926,1000800461663456
157,157,"Agent 1",1,43416,43416,2097152,1,"gemm",512,131072,0,128,0,112,"SQ_VMEM_TA_CMD_FIFO_FULL",99046695.000000,1000800460570926,1000800461663456
157,157,"Agent 1",1,43416,43416,2097152,1,"gemm",512,131072,0,128,0,112,"TCC_WRITE_SECTORS",33554432.000000,1000800460570926,1000800461663456
157,157,"Agent 1",1,43416,43416,2097152,1,"gemm",512,131072,0,128,0,112,"TCP_TCP_TA_DATA_STALL_CYCLES",6715176.000000,1000800460570926,1000800461663456
157,157,"Agent 1",1,43416,43416,2097152,1,"gemm",512,131072,0,128,0,112,"TCP_TCP_TA_ADDR_STALL_CYCLES",29150771.000000,1000800460570926,1000800461663456
158,158,"Agent 1",1,43416,43416,2097152,1,"gemm",512,131072,0,128,0,112,"SQ_INSTS_VMEM_WR",2097152.000000,1000800461778816,1000800462873186
158,158,"Agent 1",1,43416,43416,2097152,1,"gemm",512,131072,0,128,0,112,"SQ_VMEM_TA_CMD_FIFO_FULL",98307353.000000,1000800461778816,1000800462873186
158,158,"Agent 1",1,43416,43416,2097152,1,"gemm",512,131072,0,128,0,112,"TCC_WRITE_SECTORS",33554432.000000,1000800461778816,1000800462873186
158,158,"Agent 1",1,43416,43416,2097152,1,"gemm",512,131072,0,128,0,112,"TCP_TCP_TA_DATA_STALL_CYCLES",5906727.000000,1000800461778816,1000800462873186
158,158,"Agent 1",1,43416,43416,2097152,1,"gemm",512,131072,0,128,0,112,"TCP_TCP_TA_ADDR_STALL_CYCLES",30495505.000000,1000800461778816,1000800462873186
159,159,"Agent 1",1,43416,43416,2097152,1,"gemm",512,131072,0,128,0,112,"SQ_INSTS_VMEM_WR",2097152.000000,1000800462982907,1000800464078997
159,159,"Agent 1",1,43416,43416,2097152,1,"gemm",512,131072,0,128,0,112,"SQ_VMEM_TA_CMD_FIFO_FULL",98800277.000000,1000800462982907,1000800464078997
159,159,"Agent 1",1,43416,43416,2097152,1,"gemm",512,131072,0,128,0,112,"TCC_WRITE_SECTORS",33554432.000000,1000800462982907,1000800464078997
159,159,"Agent 1",1,43416,43416,2097152,1,"gemm",512,131072,0,128,0,112,"TCP_TCP_TA_DATA_STALL_CYCLES",7037295.000000,1000800462982907,1000800464078997
159,159,"Agent 1",1,43416,43416,2097152,1,"gemm",512,131072,0,128,0,112,"TCP_TCP_TA_ADDR_STALL_CYCLES",29297027.000000,1000800462982907,1000800464078997
160,160,"Agent 1",1,43416,43416,2097152,1,"gemm",512,131072,0,128,0,112,"SQ_INSTS_VMEM_WR",2097152.000000,1000800464185998,1000800465278768
160,160,"Agent 1",1,43416,43416,2097152,1,"gemm",512,131072,0,128,0,112,"SQ_VMEM_TA_CMD_FIFO_FULL",96095512.000000,1000800464185998,1000800465278768
160,160,"Agent 1",1,43416,43416,2097152,1,"gemm",512,131072,0,128,0,112,"TCC_WRITE_SECTORS",33554432.000000,1000800464185998,1000800465278768
160,160,"Agent 1",1,43416,43416,2097152,1,"gemm",512,131072,0,128,0,112,"TCP_TCP_TA_DATA_STALL_CYCLES",6332461.000000,1000800464185998,1000800465278768
160,160,"Agent 1",1,43416,43416,2097152,1,"gemm",512,131072,0,128,0,112,"TCP_TCP_TA_ADDR_STALL_CYCLES",29110290.000000,1000800464185998,1000800465278768
161,161,"Agent 1",1,43416,43416,2097152,1,"gemm",512,131072,0,128,0,112,"SQ_INSTS_VMEM_WR",2097152.000000,1000800465387529,1000800466485259
161,161,"Agent 1",1,43416,43416,2097152,1,"gemm",512,131072,0,128,0,112,"SQ_VMEM_TA_CMD_FIFO_FULL",99795527.000000,1000800465387529,1000800466485259
161,161,"Agent 1",1,43416,43416,2097152,1,"gemm",512,131072,0,128,0,112,"TCC_WRITE_SECTORS",33554432.000000,1000800465387529,1000800466485259
161,161,"Agent 1",1,43416,43416,2097152,1,"gemm",512,131072,0,128,0,112,"TCP_TCP_TA_DATA_STALL_CYCLES",6931326.000000,1000800465387529,1000800466485259
161,161,"Agent 1",1,43416,43416,2097152,1,"gemm",512,131072,0,128,0,112,"TCP_TCP_TA_ADDR_STALL_CYCLES",30737369.000000,1000800465387529,1000800466485259
162,162,"Agent 1",1,43416,43416,2097152,1,"gemm",512,131072,0,128,0,112,"SQ_INSTS_VMEM_WR",2097152.000000,1000800466592660,1000800467689351
162,162,"Agent 1",1,43416,43416,2097152,1,"gemm",512,131072,0,128,0,112,"SQ_VMEM_TA_CMD_FIFO_FULL",99953893.000000,1000800466592660,1000800467689351
162,162,"Agent 1",1,43416,43416,2097152,1,"gemm",512,131072,0,128,0,112,"TCC_WRITE_SECTORS",33554432.000000,1000800466592660,1000800467689351
162,162,"Agent 1",1,43416,43416,2097152,1,"gemm",512,131072,0,128,0,112,"TCP_TCP_TA_DATA_STALL_CYCLES",7398245.000000,1000800466592660,1000800467689351
162,162,"Agent 1",1,43416,43416,2097152,1,"gemm",512,131072,0,128,0,112,"TCP_TCP_TA_ADDR_STALL_CYCLES",29733373.000000,1000800466592660,1000800467689351
163,163,"Agent 1",1,43416,43416,2097152,1,"gemm",512,131072,0,128,0,112,"SQ_INSTS_VMEM_WR",2097152.000000,1000800467798952,1000800468892842
163,163,"Agent 1",1,43416,43416,2097152,1,"gemm",512,131072,0,128,0,112,"SQ_VMEM_TA_CMD_FIFO_FULL",98584892.000000,1000800467798952,1000800468892842
163,163,"Agent 1",1,43416,43416,2097152,1,"gemm",512,131072,0,128,0,112,"TCC_WRITE_SECTORS",33554432.000000,1000800467798952,1000800468892842
163,163,"Agent 1",1,43416,43416,2097152,1,"gemm",512,131072,0,128,0,112,"TCP_TCP_TA_DATA_STALL_CYCLES",6714812.000000,1000800467798952,1000800468892842
163,163,"Agent 1",1,43416,43416,2097152,1,"gemm",512,131072,0,128,0,112,"TCP_TCP_TA_ADDR_STALL_CYCLES",29678152.000000,1000800467798952,1000800468892842
164,164,"Agent 1",1,43416,43416,2097152,1,"gemm",512,131072,0,128,0,112,"SQ_INSTS_VMEM_WR",2097152.000000,1000800469008283,1000800470100733
164,164,"Agent 1",1,43416,43416,2097152,1,"gemm",512,131072,0,128,0,112,"SQ_VMEM_TA_CMD_FIFO_FULL",98381147.000000,1000800469008283,1000800470100733
164,164,"Agent 1",1,43416,43416,2097152,1,"gemm",512,131072,0,128,0,112,"TCC_WRITE_SECTORS",33554432.000000,1000800469008283,1000800470100733
164,164,"Agent 1",1,43416,43416,2097152,1,"gemm",512,131072,0,128,0,112,"TCP_TCP_TA_DATA_STALL_CYCLES",6123409.000000,1000800469008283,1000800470100733
164,164,"Agent 1",1,43416,43416,2097152,1,"gemm",512,131072,0,128,0,112,"TCP_TCP_TA_ADDR_STALL_CYCLES",30260915.000000,1000800469008283,1000800470100733
165,165,"Agent 1",1,43416,43416,2097152,1,"gemm",512,131072,0,128,0,112,"SQ_INSTS_VMEM_WR",2097152.000000,1000800470209494,1000800471306664
165,165,"Agent 1",1,43416,43416,2097152,1,"gemm",512,131072,0,128,0,112,"SQ_VMEM_TA_CMD_FIFO_FULL",99927839.000000,1000800470209494,1000800471306664
165,165,"Agent 1",1,43416,43416,2097152,1,"gemm",512,131072,0,128,0,112,"TCC_WRITE_SECTORS",33554432.000000,1000800470209494,1000800471306664
165,165,"Agent 1",1,43416,43416,2097152,1,"gemm",512,131072,0,128,0,112,"TCP_TCP_TA_DATA_STALL_CYCLES",6538694.000000,1000800470209494,1000800471306664
165,165,"Agent 1",1,43416,43416,2097152,1,"gemm",512,131072,0,128,0,112,"TCP_TCP_TA_ADDR_STALL_CYCLES",30175393.000000,1000800470209494,1000800471306664
166,166,"Agent 1",1,43416,43416,2097152,1,"gemm",512,131072,0,128,0,112,"SQ_INSTS_VMEM_WR",2097152.000000,1000800471414425,1000800472514435
166,166,"Agent 1",1,43416,43416,2097152,1,"gemm",512,131072,0,128,0,112,"SQ_VMEM_TA_CMD_FIFO_FULL",100168796.000000,1000800471414425,1000800472514435
166,166,"Agent 1",1,43416,43416,2097152,1,"gemm",512,131072,0,128,0,112,"TCC_WRITE_SECTORS",33554432.000000,1000800471414425,1000800472514435
166,166,"Agent 1",1,43416,43416,2097152,1,"gemm",512,131072,0,128,0,112,"TCP_TCP_TA_DATA_STALL_CYCLES",7674239.000000,1000800471414425,1000800472514435
166,166,"Agent 1",1,43416,43416,2097152,1,"gemm",512,131072,0,128,0,112,"TCP_TCP_TA_ADDR_STALL_CYCLES",29225844.000000,1000800471414425,1000800472514435
167,167,"Agent 1",1,43416,43416,2097152,1,"gemm",512,131072,0,128,0,112,"SQ_INSTS_VMEM_WR",2097152.000000,1000800472619356,1000800473711846
167,167,"Agent 1",1,43416,43416,2097152,1,"gemm",512,131072,0,128,0,112,"SQ_VMEM_TA_CMD_FIFO_FULL",99348376.000000,1000800472619356,1000800473711846
167,167,"Agent 1",1,43416,43416,2097152,1,"gemm",512,131072,0,128,0,112,"TCC_WRITE_SECTORS",33554432.000000,1000800472619356,1000800473711846
167,167,"Agent 1",1,43416,43416,2097152,1,"gemm",512,131072,0,128,0,112,"TCP_TCP_TA_DATA_STALL_CYCLES",6599912.000000,1000800472619356,1000800473711846
167,167,"Agent 1",1,43416,43416,2097152,1,"gemm",512,131072,0,128,0,112,"TCP_TCP_TA_ADDR_STALL_CYCLES",29536232.000000,1000800472619356,1000800473711846
168,168,"Agent 1",1,43416,43416,2097152,1,"gemm",512,131072,0,128,0,112,"SQ_INSTS_VMEM_WR",2097152.000000,1000800473817207,1000800474910257
168,168,"Agent 1",1,43416,43416,2097152,1,"gemm",512,131072,0,128,0,112,"SQ_VMEM_TA_CMD_FIFO_FULL",99403382.000000,1000800473817207,1000800474910257
168,168,"Agent 1",1,43416,43416,2097152,1,"gemm",512,131072,0,128,0,112,"TCC_WRITE_SECTORS",33554432.000000,1000800473817207,1000800474910257
168,168,"Agent 1",1,43416,43416,2097152,1,"gemm",512,131072,0,128,0,112,"TCP_TCP_TA_DATA_STALL_CYCLES",6799251.000000,1000800473817207,1000800474910257
168,168,"Agent 1",1,43416,43416,2097152,1,"gemm",512,131072,0,128,0,112,"TCP_TCP_TA_ADDR_STALL_CYCLES",30425038.000000,1000800473817207,1000800474910257
169,169,"Agent 1",1,43416,43416,2097152,1,"gemm",512,131072,0,128,0,112,"SQ_INSTS_VMEM_WR",2097152.000000,1000800475021818,1000800476115069
169,169,"Agent 1",1,43416,43416,2097152,1,"gemm",512,131072,0,128,0,112,"SQ_VMEM_TA_CMD_FIFO_FULL",98620473.000000,1000800475021818,1000800476115069
169,169,"Agent 1",1,43416,43416,2097152,1,"gemm",512,131072,0,128,0,112,"TCC_WRITE_SECTORS",33554432.000000,1000800475021818,1000800476115069
169,169,"Agent 1",1,43416,43416,2097152,1,"gemm",512,131072,0,128,0,112,"TCP_TCP_TA_DATA_STALL_CYCLES",6557215.000000,1000800475021818,1000800476115069
169,169,"Agent 1",1,43416,43416,2097152,1,"gemm",512,131072,0,128,0,112,"TCP_TCP_TA_ADDR_STALL_CYCLES",29401571.000000,1000800475021818,1000800476115069
170,170,"Agent 1",1,43416,43416,2097152,1,"gemm",512,131072,0,128,0,112,"SQ_INSTS_VMEM_WR",2097152.000000,1000800476226390,1000800477319560
170,170,"Agent 1",1,43416,43416,2097152,1,"gemm",512,131072,0,128,0,112,"SQ_VMEM_TA_CMD_FIFO_FULL",99827660.000000,1000800476226390,1000800477319560
170,170,"Agent 1",1,43416,43416,2097152,1,"gemm",512,131072,0,128,0,112,"TCC_WRITE_SECTORS",33554432.000000,1000800476226390,1000800477319560
170,170,"Agent 1",1,43416,43416,2097152,1,"gemm",512,131072,0,128,0,112,"TCP_TCP_TA_DATA_STALL_CYCLES",7176525.000000,1000800476226390,1000800477319560
170,170,"Agent 1",1,43416,43416,2097152,1,"gemm",512,131072,0,128,0,112,"TCP_TCP_TA_ADDR_STALL_CYCLES",29692076.000000,1000800476226390,1000800477319560
171,171,"Agent 1",1,43416,43416,2097152,1,"gemm",512,131072,0,128,0,112,"SQ_INSTS_VMEM_WR",2097152.000000,1000800477432001,1000800478531131
171,171,"Agent 1",1,43416,43416,2097152,1,"gemm",512,131072,0,128,0,112,"SQ_VMEM_TA_CMD_FIFO_FULL",101748449.000000,1000800477432001,1000800478531131
171,171,"Agent 1",1,43416,43416,2097152,1,"gemm",512,131072,0,128,0,112,"TCC_WRITE_SECTORS",33554432.000000,1000800477432001,1000800478531131
171,171,"Agent 1",1,43416,43416,2097152,1,"gemm",512,131072,0,128,0,112,"TCP_TCP_TA_DATA_STALL_CYCLES",6935238.000000,1000800477432001,1000800478531131
171,171,"Agent 1",1,43416,43416,2097152,1,"gemm",512,131072,0,128,0,112,"TCP_TCP_TA_ADDR_STALL_CYCLES",31547202.000000,1000800477432001,1000800478531131
172,172,"Agent 1",1,43416,43416,2097152,1,"gemm",512,131072,0,128,0,112,"SQ_INSTS_VMEM_WR",2097152.000000,1000800478636412,1000800479739022
172,172,"Agent 1",1,43416,43416,2097152,1,"gemm",512,131072,0,128,0,112,"SQ_VMEM_TA_CMD_FIFO_FULL",102298563.000000,1000800478636412,1000800479739022
172,172,"Agent 1",1,43416,43416,2097152,1,"gemm",512,131072,0,128,0,112,"TCC_WRITE_SECTORS",33554432.000000,1000800478636412,1000800479739022
172,172,"Agent 1",1,43416,43416,2097152,1,"gemm",512,131072,0,128,0,112,"TCP_TCP_TA_DATA_STALL_CYCLES",7813756.000000,1000800478636412,1000800479739022
172,172,"Agent 1",1,43416,43416,2097152,1,"gemm",512,131072,0,128,0,112,"TCP_TCP_TA_ADDR_STALL_CYCLES",30924503.000000,1000800478636412,1000800479739022
173,173,"Agent 1",1,43416,43416,2097152,1,"gemm",512,131072,0,128,0,112,"SQ_INSTS_VMEM_WR",2097152.000000,1000800479847983,1000800480943313
173,173,"Agent 1",1,43416,43416,2097152,1,"gemm",512,131072,0,128,0,112,"SQ_VMEM_TA_CMD_FIFO_FULL",97937367.000000,1000800479847983,1000800480943313
173,173,"Agent 1",1,43416,43416,2097152,1,"gemm",512,131072,0,128,0,112,"TCC_WRITE_SECTORS",33554432.000000,1000800479847983,1000800480943313
173,173,"Agent 1",1,43416,43416,2097152,1,"gemm",512,131072,0,128,0,112,"TCP_TCP_TA_DATA_STALL_CYCLES",6811307.000000,1000800479847983,1000800480943313
173,173,"Agent 1",1,43416,43416,2097152,1,"gemm",512,131072,0,128,0,112,"TCP_TCP_TA_ADDR_STALL_CYCLES",29003527.000000,1000800479847983,1000800480943313
174,174,"Agent 1",1,43416,43416,2097152,1,"gemm",512,131072,0,128,0,112,"SQ_INSTS_VMEM_WR",2097152.000000,1000800481044954,1000800482141804
174,174,"Agent 1",1,43416,43416,2097152,1,"gemm",512,131072,0,128,0,112,"SQ_VMEM_TA_CMD_FIFO_FULL",98830063.000000,1000800481044954,1000800482141804
174,174,"Agent 1",1,43416,43416,2097152,1,"gemm",512,131072,0,128,0,112,"TCC_WRITE_SECTORS",33554432.000000,1000800481044954,1000800482141804
174,174,"Agent 1",1,43416,43416,2097152,1,"gemm",512,131072,0,128,0,112,"TCP_TCP_TA_DATA_STALL_CYCLES",6560621.000000,1000800481044954,1000800482141804
174,174,"Agent 1",1,43416,43416,2097152,1,"gemm",512,131072,0,128,0,112,"TCP_TCP_TA_ADDR_STALL_CYCLES",29641415.000000,1000800481044954,1000800482141804
175,175,"Agent 1",1,43416,43416,2097152,1,"gemm",512,131072,0,128,0,112,"SQ_INSTS_VMEM_WR",2097152.000000,1000800482246925,1000800483360056
175,175,"Agent 1",1,43416,43416,2097152,1,"gemm",512,131072,0,128,0,112,"SQ_VMEM_TA_CMD_FIFO_FULL",106686098.000000,1000800482246925,1000800483360056
175,175,"Agent 1",1,43416,43416,2097152,1,"gemm",512,131072,0,128,0,112,"TCC_WRITE_SECTORS",33554432.000000,1000800482246925,1000800483360056
175,175,"Agent 1",1,43416,43416,2097152,1,"gemm",512,131072,0,128,0,112,"TCP_TCP_TA_DATA_STALL_CYCLES",7657842.000000,1000800482246925,1000800483360056
175,175,"Agent 1",1,43416,43416,2097152,1,"gemm",512,131072,0,128,0,112,"TCP_TCP_TA_ADDR_STALL_CYCLES",34063603.000000,1000800482246925,1000800483360056
176,176,"Agent 1",1,43416,43416,2097152,1,"gemm",512,131072,0,128,0,112,"SQ_INSTS_VMEM_WR",2097152.000000,1000800483462737,1000800484553867
176,176,"Agent 1",1,43416,43416,2097152,1,"gemm",512,131072,0,128,0,112,"SQ_VMEM_TA_CMD_FIFO_FULL",98691510.000000,1000800483462737,1000800484553867
176,176,"Agent 1",1,43416,43416,2097152,1,"gemm",512,131072,0,128,0,112,"TCC_WRITE_SECTORS",33554432.000000,1000800483462737,1000800484553867
176,176,"Agent 1",1,43416,43416,2097152,1,"gemm",512,131072,0,128,0,112,"TCP_TCP_TA_DATA_STALL_CYCLES",6074582.000000,1000800483462737,1000800484553867
176,176,"Agent 1",1,43416,43416,2097152,1,"gemm",512,131072,0,128,0,112,"TCP_TCP_TA_ADDR_STALL_CYCLES",30567852.000000,1000800483462737,1000800484553867
177,177,"Agent 1",1,43416,43416,2097152,1,"gemm",512,131072,0,128,0,112,"SQ_INSTS_VMEM_WR",2097152.000000,1000800484660748,1000800485756758
177,177,"Agent 1",1,43416,43416,2097152,1,"gemm",512,131072,0,128,0,112,"SQ_VMEM_TA_CMD_FIFO_FULL",99993586.000000,1000800484660748,1000800485756758
177,177,"Agent 1",1,43416,43416,2097152,1,"gemm",512,131072,0,128,0,112,"TCC_WRITE_SECTORS",33554432.000000,1000800484660748,1000800485756758
177,177,"Agent 1",1,43416,43416,2097152,1,"gemm",512,131072,0,128,0,112,"TCP_TCP_TA_DATA_STALL_CYCLES",6524973.000000,1000800484660748,1000800485756758
177,177,"Agent 1",1,43416,43416,2097152,1,"gemm",512,131072,0,128,0,112,"TCP_TCP_TA_ADDR_STALL_CYCLES",30051461.000000,1000800484660748,1000800485756758
178,178,"Agent 1",1,43416,43416,2097152,1,"gemm",512,131072,0,128,0,112,"SQ_INSTS_VMEM_WR",2097152.000000,1000800485871319,1000800486962489
178,178,"Agent 1",1,43416,43416,2097152,1,"gemm",512,131072,0,128,0,112,"SQ_VMEM_TA_CMD_FIFO_FULL",97391509.000000,1000800485871319,1000800486962489
178,178,"Agent 1",1,43416,43416,2097152,1,"gemm",512,131072,0,128,0,112,"TCC_WRITE_SECTORS",33554432.000000,1000800485871319,1000800486962489
178,178,"Agent 1",1,43416,43416,2097152,1,"gemm",512,131072,0,128,0,112,"TCP_TCP_TA_DATA_STALL_CYCLES",5997213.000000,1000800485871319,1000800486962489
178,178,"Agent 1",1,43416,43416,2097152,1,"gemm",512,131072,0,128,0,112,"TCP_TCP_TA_ADDR_STALL_CYCLES",29325847.000000,1000800485871319,1000800486962489
179,179,"Agent 1",1,43416,43416,2097152,1,"gemm",512,131072,0,128,0,112,"SQ_INSTS_VMEM_WR",2097152.000000,1000800487073770,1000800488165380
179,179,"Agent 1",1,43416,43416,2097152,1,"gemm",512,131072,0,128,0,112,"SQ_VMEM_TA_CMD_FIFO_FULL",97384810.000000,1000800487073770,1000800488165380
179,179,"Agent 1",1,43416,43416,2097152,1,"gemm",512,131072,0,128,0,112,"TCC_WRITE_SECTORS",33554432.000000,1000800487073770,1000800488165380
179,179,"Agent 1",1,43416,43416,2097152,1,"gemm",512,131072,0,128,0,112,"TCP_TCP_TA_DATA_STALL_CYCLES",6106556.000000,1000800487073770,1000800488165380
179,179,"Agent 1",1,43416,43416,2097152,1,"gemm",512,131072,0,128,0,112,"TCP_TCP_TA_ADDR_STALL_CYCLES",28561791.000000,1000800487073770,1000800488165380
180,180,"Agent 1",1,43416,43416,2097152,1,"gemm",512,131072,0,128,0,112,"SQ_INSTS_VMEM_WR",2097152.000000,1000800488277221,1000800489370551
180,180,"Agent 1",1,43416,43416,2097152,1,"gemm",512,131072,0,128,0,112,"SQ_VMEM_TA_CMD_FIFO_FULL",98254218.000000,1000800488277221,1000800489370551
180,180,"Agent 1",1,43416,43416,2097152,1,"gemm",512,131072,0,128,0,112,"TCC_WRITE_SECTORS",33554432.000000,1000800488277221,1000800489370551
180,180,"Agent 1",1,43416,43416,2097152,1,"gemm",512,131072,0,128,0,112,"TCP_TCP_TA_DATA_STALL_CYCLES",6067949.000000,1000800488277221,1000800489370551
180,180,"Agent 1",1,43416,43416,2097152,1,"gemm",512,131072,0,128,0,112,"TCP_TCP_TA_ADDR_STALL_CYCLES",29215574.000000,1000800488277221,1000800489370551
181,181,"Agent 1",1,43416,43416,2097152,1,"gemm",512,131072,0,128,0,112,"SQ_INSTS_VMEM_WR",2097152.000000,1000800489480592,1000800490571162
181,181,"Agent 1",1,43416,43416,2097152,1,"gemm",512,131072,0,128,0,112,"SQ_VMEM_TA_CMD_FIFO_FULL",97224481.000000,1000800489480592,1000800490571162
181,181,"Agent 1",1,43416,43416,2097152,1,"gemm",512,131072,0,128,0,112,"TCC_WRITE_SECTORS",33554432.000000,1000800489480592,1000800490571162
181,181,"Agent 1",1,43416,43416,2097152,1,"gemm",512,131072,0,128,0,112,"TCP_TCP_TA_DATA_STALL_CYCLES",6540412.000000,1000800489480592,1000800490571162
181,181,"Agent 1",1,43416,43416,2097152,1,"gemm",512,131072,0,128,0,112,"TCP_TCP_TA_ADDR_STALL_CYCLES",29505612.000000,1000800489480592,1000800490571162
182,182,"Agent 1",1,43416,43416,2097152,1,"gemm",512,131072,0,128,0,112,"SQ_INSTS_VMEM_WR",2097152.000000,1000800490672083,1000800491779934
182,182,"Agent 1",1,43416,43416,2097152,1,"gemm",512,131072,0,128,0,112,"SQ_VMEM_TA_CMD_FIFO_FULL",105672190.000000,1000800490672083,1000800491779934
182,182,"Agent 1",1,43416,43416,2097152,1,"gemm",512,131072,0,128,0,112,"TCC_WRITE_SECTORS",33554432.000000,1000800490672083,1000800491779934
182,182,"Agent 1",1,43416,43416,2097152,1,"gemm",512,131072,0,128,0,112,"TCP_TCP_TA_DATA_STALL_CYCLES",7861319.000000,1000800490672083,1000800491779934
182,182,"Agent 1",1,43416,43416,2097152,1,"gemm",512,131072,0,128,0,112,"TCP_TCP_TA_ADDR_STALL_CYCLES",32073362.000000,1000800490672083,1000800491779934
183,183,"Agent 1",1,43416,43416,2097152,1,"gemm",512,131072,0,128,0,112,"SQ_INSTS_VMEM_WR",2097152.000000,1000800491884854,1000800492978385
183,183,"Agent 1",1,43416,43416,2097152,1,"gemm",512,131072,0,128,0,112,"SQ_VMEM_TA_CMD_FIFO_FULL",98700583.000000,1000800491884854,1000800492978385
183,183,"Agent 1",1,43416,43416,2097152,1,"gemm",512,131072,0,128,0,112,"TCC_WRITE_SECTORS",33554432.000000,1000800491884854,1000800492978385
183,183,"Agent 1",1,43416,43416,2097152,1,"gemm",512,131072,0,128,0,112,"TCP_TCP_TA_DATA_STALL_CYCLES",6663858.000000,1000800491884854,1000800492978385
183,183,"Agent 1",1,43416,43416,2097152,1,"gemm",512,131072,0,128,0,112,"TCP_TCP_TA_ADDR_STALL_CYCLES",29190125.000000,1000800491884854,1000800492978385
184,184,"Agent 1",1,43416,43416,2097152,1,"gemm",512,131072,0,128,0,112,"SQ_INSTS_VMEM_WR",2097152.000000,1000800493090346,1000800494190476
184,184,"Agent 1",1,43416,43416,2097152,1,"gemm",512,131072,0,128,0,112,"SQ_VMEM_TA_CMD_FIFO_FULL",99508821.000000,1000800493090346,1000800494190476
184,184,"Agent 1",1,43416,43416,2097152,1,"gemm",512,131072,0,128,0,112,"TCC_WRITE_SECTORS",33554432.000000,1000800493090346,1000800494190476
184,184,"Agent 1",1,43416,43416,2097152,1,"gemm",512,131072,0,128,0,112,"TCP_TCP_TA_DATA_STALL_CYCLES",7388874.000000,1000800493090346,1000800494190476
184,184,"Agent 1",1,43416,43416,2097152,1,"gemm",512,131072,0,128,0,112,"TCP_TCP_TA_ADDR_STALL_CYCLES",30049692.000000,1000800493090346,1000800494190476
185,185,"Agent 1",1,43416,43416,2097152,1,"gemm",512,131072,0,128,0,112,"SQ_INSTS_VMEM_WR",2097152.000000,1000800494300397,1000800495403527
185,185,"Agent 1",1,43416,43416,2097152,1,"gemm",512,131072,0,128,0,112,"SQ_VMEM_TA_CMD_FIFO_FULL",101683326.000000,1000800494300397,1000800495403527
185,185,"Agent 1",1,43416,43416,2097152,1,"gemm",512,131072,0,128,0,112,"TCC_WRITE_SECTORS",33554432.000000,1000800494300397,1000800495403527
185,185,"Agent 1",1,43416,43416,2097152,1,"gemm",512,131072,0,128,0,112,"TCP_TCP_TA_DATA_STALL_CYCLES",7493279.000000,1000800494300397,1000800495403527
185,185,"Agent 1",1,43416,43416,2097152,1,"gemm",512,131072,0,128,0,112,"TCP_TCP_TA_ADDR_STALL_CYCLES",30463698.000000,1000800494300397,1000800495403527
186,186,"Agent 1",1,43416,43416,2097152,1,"gemm",512,131072,0,128,0,112,"SQ_INSTS_VMEM_WR",2097152.000000,1000800495509248,1000800496607098
186,186,"Agent 1",1,43416,43416,2097152,1,"gemm",512,131072,0,128,0,112,"SQ_VMEM_TA_CMD_FIFO_FULL",100431722.000000,1000800495509248,1000800496607098
186,186,"Agent 1",1,43416,43416,2097152,1,"gemm",512,131072,0,128,0,112,"TCC_WRITE_SECTORS",33554432.000000,1000800495509248,1000800496607098
186,186,"Agent 1",1,43416,43416,2097152,1,"gemm",512,131072,0,128,0,112,"TCP_TCP_TA_DATA_STALL_CYCLES",7950167.000000,1000800495509248,1000800496607098
186,186,"Agent 1",1,43416,43416,2097152,1,"gemm",512,131072,0,128,0,112,"TCP_TCP_TA_ADDR_STALL_CYCLES",29732998.000000,1000800495509248,1000800496607098
187,187,"Agent 1",1,43416,43416,2097152,1,"gemm",512,131072,0,128,0,112,"SQ_INSTS_VMEM_WR",2097152.000000,1000800496709939,1000800497801589
187,187,"Agent 1",1,43416,43416,2097152,1,"gemm",512,131072,0,128,0,112,"SQ_VMEM_TA_CMD_FIFO_FULL",96771154.000000,1000800496709939,1000800497801589
187,187,"Agent 1",1,43416,43416,2097152,1,"gemm",512,131072,0,128,0,112,"TCC_WRITE_SECTORS",33554432.000000,1000800496709939,1000800497801589
187,187,"Agent 1",1,43416,43416,2097152,1,"gemm",512,131072,0,128,0,112,"TCP_TCP_TA_DATA_STALL_CYCLES",5994436.000000,1000800496709939,1000800497801589
187,187,"Agent 1",1,43416,43416,2097152,1,"gemm",512,131072,0,128,0,112,"TCP_TCP_TA_ADDR_STALL_CYCLES",29303053.000000,1000800496709939,1000800497801589
188,188,"Agent 1",1,43416,43416,2097152,1,"gemm",512,131072,0,128,0,112,"SQ_INSTS_VMEM_WR",2097152.000000,1000800497902790,1000800498997640
188,188,"Agent 1",1,43416,43416,2097152,1,"gemm",512,131072,0,128,0,112,"SQ_VMEM_TA_CMD_FIFO_FULL",98258707.000000,1000800497902790,1000800498997640
188,188,"Agent 1",1,43416,43416,2097152,1,"gemm",512,131072,0,128,0,112,"TCC_WRITE_SECTORS",33554432.000000,1000800497902790,1000800498997640
188,188,"Agent 1",1,43416,43416,2097152,1,"gemm",512,131072,0,128,0,112,"TCP_TCP_TA_DATA_STALL_CYCLES",6631449.000000,1000800497902790,1000800498997640
188,188,"Agent 1",1,43416,43416,2097152,1,"gemm",512,131072,0,128,0,112,"TCP_TCP_TA_ADDR_STALL_CYCLES",29257302.000000,1000800497902790,1000800498997640
189,189,"Agent 1",1,43416,43416,2097152,1,"gemm",512,131072,0,128,0,112,"SQ_INSTS_VMEM_WR",2097152.000000,1000800499100881,1000800500203251
189,189,"Agent 1",1,43416,43416,2097152,1,"gemm",512,131072,0,128,0,112,"SQ_VMEM_TA_CMD_FIFO_FULL",102507773.000000,1000800499100881,1000800500203251
189,189,"Agent 1",1,43416,43416,2097152,1,"gemm",512,131072,0,128,0,112,"TCC_WRITE_SECTORS",33554432.000000,1000800499100881,1000800500203251
189,189,"Agent 1",1,43416,43416,2097152,1,"gemm",512,131072,0,128,0,112,"TCP_TCP_TA_DATA_STALL_CYCLES",8026582.000000,1000800499100881,1000800500203251
189,189,"Agent 1",1,43416,43416,2097152,1,"gemm",512,131072,0,128,0,112,"TCP_TCP_TA_ADDR_STALL_CYCLES",31349935.000000,1000800499100881,1000800500203251
190,190,"Agent 1",1,43416,43416,2097152,1,"gemm",512,131072,0,128,0,112,"SQ_INSTS_VMEM_WR",2097152.000000,1000800500302052,1000800501395863
190,190,"Agent 1",1,43416,43416,2097152,1,"gemm",512,131072,0,128,0,112,"SQ_VMEM_TA_CMD_FIFO_FULL",98669733.000000,1000800500302052,1000800501395863
190,190,"Agent 1",1,43416,43416,2097152,1,"gemm",512,131072,0,128,0,112,"TCC_WRITE_SECTORS",33554432.000000,1000800500302052,1000800501395863
190,190,"Agent 1",1,43416,43416,2097152,1,"gemm",512,131072,0,128,0,112,"TCP_TCP_TA_DATA_STALL_CYCLES",6610153.000000,1000800500302052,1000800501395863
190,190,"Agent 1",1,43416,43416,2097152,1,"gemm",512,131072,0,128,0,112,"TCP_TCP_TA_ADDR_STALL_CYCLES",29497634.000000,1000800500302052,1000800501395863
191,191,"Agent 1",1,43416,43416,2097152,1,"gemm",512,131072,0,128,0,112,"SQ_INSTS_VMEM_WR",2097152.000000,1000800501494863,1000800502590994
191,191,"Agent 1",1,43416,43416,2097152,1,"gemm",512,131072,0,128,0,112,"SQ_VMEM_TA_CMD_FIFO_FULL",98145087.000000,1000800501494863,1000800502590994
191,191,"Agent 1",1,43416,43416,2097152,1,"gemm",512,131072,0,128,0,112,"TCC_WRITE_SECTORS",33554432.000000,1000800501494863,1000800502590994
191,191,"Agent 1",1,43416,43416,2097152,1,"gemm",512,131072,0,128,0,112,"TCP_TCP_TA_DATA_STALL_CYCLES",6631785.000000,1000800501494863,1000800502590994
191,191,"Agent 1",1,43416,43416,2097152,1,"gemm",512,131072,0,128,0,112,"TCP_TCP_TA_ADDR_STALL_CYCLES",29550428.000000,1000800501494863,1000800502590994
192,192,"Agent 1",1,43416,43416,2097152,1,"gemm",512,131072,0,128,0,112,"SQ_INSTS_VMEM_WR",2097152.000000,1000800502695395,1000800503788885
192,192,"Agent 1",1,43416,43416,2097152,1,"gemm",512,131072,0,128,0,112,"SQ_VMEM_TA_CMD_FIFO_FULL",97957754.000000,1000800502695395,1000800503788885
192,192,"Agent 1",1,43416,43416,2097152,1,"gemm",512,131072,0,128,0,112,"TCC_WRITE_SECTORS",33554432.000000,1000800502695395,1000800503788885
192,192,"Agent 1",1,43416,43416,2097152,1,"gemm",512,131072,0,128,0,112,"TCP_TCP_TA_DATA_STALL_CYCLES",6581035.000000,1000800502695395,1000800503788885
192,192,"Agent 1",1,43416,43416,2097152,1,"gemm",512,131072,0,128,0,112,"TCP_TCP_TA_ADDR_STALL_CYCLES",29175419.000000,1000800502695395,1000800503788885
193,193,"Agent 1",1,43416,43416,2097152,1,"gemm",512,131072,0,128,0,112,"SQ_INSTS_VMEM_WR",2097152.000000,1000800503890526,1000800504986056
193,193,"Agent 1",1,43416,43416,2097152,1,"gemm",512,131072,0,128,0,112,"SQ_VMEM_TA_CMD_FIFO_FULL",97989541.000000,1000800503890526,1000800504986056
193,193,"Agent 1",1,43416,43416,2097152,1,"gemm",512,131072,0,128,0,112,"TCC_WRITE_SECTORS",33554432.000000,1000800503890526,1000800504986056
193,193,"Agent 1",1,43416,43416,2097152,1,"gemm",512,131072,0,128,0,112,"TCP_TCP_TA_DATA_STALL_CYCLES",6893854.000000,1000800503890526,1000800504986056
193,193,"Agent 1",1,43416,43416,2097152,1,"gemm",512,131072,0,128,0,112,"TCP_TCP_TA_ADDR_STALL_CYCLES",30002424.000000,1000800503890526,1000800504986056
194,194,"Agent 1",1,43416,43416,2097152,1,"gemm",512,131072,0,128,0,112,"SQ_INSTS_VMEM_WR",2097152.000000,1000800505084897,1000800506182507
194,194,"Agent 1",1,43416,43416,2097152,1,"gemm",512,131072,0,128,0,112,"SQ_VMEM_TA_CMD_FIFO_FULL",99800458.000000,1000800505084897,1000800506182507
194,194,"Agent 1",1,43416,43416,2097152,1,"gemm",512,131072,0,128,0,112,"TCC_WRITE_SECTORS",33554432.000000,1000800505084897,1000800506182507
194,194,"Agent 1",1,43416,43416,2097152,1,"gemm",512,131072,0,128,0,112,"TCP_TCP_TA_DATA_STALL_CYCLES",7011691.000000,1000800505084897,1000800506182507
194,194,"Agent 1",1,43416,43416,2097152,1,"gemm",512,131072,0,128,0,112,"TCP_TCP_TA_ADDR_STALL_CYCLES",29891471.000000,1000800505084897,1000800506182507
195,195,"Agent 1",1,43416,43416,2097152,1,"gemm",512,131072,0,128,0,112,"SQ_INSTS_VMEM_WR",2097152.000000,1000800506288828,1000800507380198
195,195,"Agent 1",1,43416,43416,2097152,1,"gemm",512,131072,0,128,0,112,"SQ_VMEM_TA_CMD_FIFO_FULL",97984812.000000,1000800506288828,1000800507380198
195,195,"Agent 1",1,43416,43416,2097152,1,"gemm",512,131072,0,128,0,112,"TCC_WRITE_SECTORS",33554432.000000,1000800506288828,1000800507380198
195,195,"Agent 1",1,43416,43416,2097152,1,"gemm",512,131072,0,128,0,112,"TCP_TCP_TA_DATA_STALL_CYCLES",6027354.000000,1000800506288828,1000800507380198
195,195,"Agent 1",1,43416,43416,2097152,1,"gemm",512,131072,0,128,0,112,"TCP_TCP_TA_ADDR_STALL_CYCLES",29306106.000000,1000800506288828,1000800507380198
196,196,"Agent 1",1,43416,43416,2097152,1,"gemm",512,131072,0,128,0,112,"SQ_INSTS_VMEM_WR",2097152.000000,1000800507483119,1000800508570809
196,196,"Agent 1",1,43416,43416,2097152,1,"gemm",512,131072,0,128,0,112,"SQ_VMEM_TA_CMD_FIFO_FULL",95031446.000000,1000800507483119,1000800508570809
196,196,"Agent 1",1,43416,43416,2097152,1,"gemm",512,131072,0,128,0,112,"TCC_WRITE_SECTORS",33554432.000000,1000800507483119,1000800508570809
196,196,"Agent 1",1,43416,43416,2097152,1,"gemm",512,131072,0,128,0,112,"TCP_TCP_TA_DATA_STALL_CYCLES",6176117.000000,1000800507483119,1000800508570809
196,196,"Agent 1",1,43416,43416,2097152,1,"gemm",512,131072,0,128,0,112,"TCP_TCP_TA_ADDR_STALL_CYCLES",28259744.000000,1000800507483119,1000800508570809
197,197,"Agent 1",1,43416,43416,2097152,1,"gemm",512,131072,0,128,0,112,"SQ_INSTS_VMEM_WR",2097152.000000,1000800508669730,1000800509763220
197,197,"Agent 1",1,43416,43416,2097152,1,"gemm",512,131072,0,128,0,112,"SQ_VMEM_TA_CMD_FIFO_FULL",97297168.000000,1000800508669730,1000800509763220
197,197,"Agent 1",1,43416,43416,2097152,1,"gemm",512,131072,0,128,0,112,"TCC_WRITE_SECTORS",33554432.000000,1000800508669730,1000800509763220
197,197,"Agent 1",1,43416,43416,2097152,1,"gemm",512,131072,0,128,0,112,"TCP_TCP_TA_DATA_STALL_CYCLES",7004455.000000,1000800508669730,1000800509763220
197,197,"Agent 1",1,43416,43416,2097152,1,"gemm",512,131072,0,128,0,112,"TCP_TCP_TA_ADDR_STALL_CYCLES",29015106.000000,1000800508669730,1000800509763220
198,198,"Agent 1",1,43416,43416,2097152,1,"gemm",512,131072,0,128,0,112,"SQ_INSTS_VMEM_WR",2097152.000000,1000800509868261,1000800510961551
198,198,"Agent 1",1,43416,43416,2097152,1,"gemm",512,131072,0,128,0,112,"SQ_VMEM_TA_CMD_FIFO_FULL",98332179.000000,1000800509868261,1000800510961551
198,198,"Agent 1",1,43416,43416,2097152,1,"gemm",512,131072,0,128,0,112,"TCC_WRITE_SECTORS",33554432.000000,1000800509868261,1000800510961551
198,198,"Agent 1",1,43416,43416,2097152,1,"gemm",512,131072,0,128,0,112,"TCP_TCP_TA_DATA_STALL_CYCLES",6697414.000000,1000800509868261,1000800510961551
198,198,"Agent 1",1,43416,43416,2097152,1,"gemm",512,131072,0,128,0,112,"TCP_TCP_TA_ADDR_STALL_CYCLES",29732982.000000,1000800509868261,1000800510961551
199,199,"Agent 1",1,43416,43416,2097152,1,"gemm",512,131072,0,128,0,112,"SQ_INSTS_VMEM_WR",2097152.000000,1000800511066512,1000800512157602
199,199,"Agent 1",1,43416,43416,2097152,1,"gemm",512,131072,0,128,0,112,"SQ_VMEM_TA_CMD_FIFO_FULL",96681872.000000,1000800511066512,1000800512157602
199,199,"Agent 1",1,43416,43416,2097152,1,"gemm",512,131072,0,128,0,112,"TCC_WRITE_SECTORS",33554432.000000,1000800511066512,1000800512157602
199,199,"Agent 1",1,43416,43416,2097152,1,"gemm",512,131072,0,128,0,112,"TCP_TCP_TA_DATA_STALL_CYCLES",6107699.000000,1000800511066512,1000800512157602
199,199,"Agent 1",1,43416,43416,2097152,1,"gemm",512,131072,0,128,0,112,"TCP_TCP_TA_ADDR_STALL_CYCLES",28718384.000000,1000800511066512,1000800512157602
200,200,"Agent 1",1,43416,43416,2097152,1,"gemm",512,131072,0,128,0,112,"SQ_INSTS_VMEM_WR",2097152.000000,1000800512263283,1000800513373853
200,200,"Agent 1",1,43416,43416,2097152,1,"gemm",512,131072,0,128,0,112,"SQ_VMEM_TA_CMD_FIFO_FULL",106931452.000000,1000800512263283,1000800513373853
200,200,"Agent 1",1,43416,43416,2097152,1,"gemm",512,131072,0,128,0,112,"TCC_WRITE_SECTORS",33554432.000000,1000800512263283,1000800513373853
200,200,"Agent 1",1,43416,43416,2097152,1,"gemm",512,131072,0,128,0,112,"TCP_TCP_TA_DATA_STALL_CYCLES",7986892.000000,1000800512263283,1000800513373853
200,200,"Agent 1",1,43416,43416,2097152,1,"gemm",512,131072,0,128,0,112,"TCP_TCP_TA_ADDR_STALL_CYCLES",33140664.000000,1000800512263283,1000800513373853
201,201,"Agent 1",1,43416,43416,2097152,1,"gemm",512,131072,0,128,0,112,"SQ_INSTS_VMEM_WR",2097152.000000,1000800513474934,1000800514568864
201,201,"Agent 1",1,43416,43416,2097152,1,"gemm",512,131072,0,128,0,112,"SQ_VMEM_TA_CMD_FIFO_FULL",99467100.000000,1000800513474934,1000800514568864
201,201,"Agent 1",1,43416,43416,2097152,1,"gemm",512,131072,0,128,0,112,"TCC_WRITE_SECTORS",33554432.000000,1000800513474934,1000800514568864
201,201,"Agent 1",1,43416,43416,2097152,1,"gemm",512,131072,0,128,0,112,"TCP_TCP_TA_DATA_STALL_CYCLES",6735797.000000,1000800513474934,1000800514568864
201,201,"Agent 1",1,43416,43416,2097152,1,"gemm",512,131072,0,128,0,112,"TCP_TCP_TA_ADDR_STALL_CYCLES",29843365.000000,1000800513474934,1000800514568864
202,202,"Agent 1",1,43416,43416,2097152,1,"gemm",512,131072,0,128,0,112,"SQ_INSTS_VMEM_WR",2097152.000000,1000800514668025,1000800515767556
202,202,"Agent 1",1,43416,43416,2097152,1,"gemm",512,131072,0,128,0,112,"SQ_VMEM_TA_CMD_FIFO_FULL",100370135.000000,1000800514668025,1000800515767556
202,202,"Agent 1",1,43416,43416,2097152,1,"gemm",512,131072,0,128,0,112,"TCC_WRITE_SECTORS",33554432.000000,1000800514668025,1000800515767556
202,202,"Agent 1",1,43416,43416,2097152,1,"gemm",512,131072,0,128,0,112,"TCP_TCP_TA_DATA_STALL_CYCLES",6966500.000000,1000800514668025,1000800515767556
202,202,"Agent 1",1,43416,43416,2097152,1,"gemm",512,131072,0,128,0,112,"TCP_TCP_TA_ADDR_STALL_CYCLES",30550956.000000,1000800514668025,1000800515767556
203,203,"Agent 1",1,43416,43416,2097152,1,"gemm",512,131072,0,128,0,112,"SQ_INSTS_VMEM_WR",2097152.000000,1000800515866316,1000800516966247
203,203,"Agent 1",1,43416,43416,2097152,1,"gemm",512,131072,0,128,0,112,"SQ_VMEM_TA_CMD_FIFO_FULL",101874825.000000,1000800515866316,1000800516966247
203,203,"Agent 1",1,43416,43416,2097152,1,"gemm",512,131072,0,128,0,112,"TCC_WRITE_SECTORS",33554432.000000,1000800515866316,1000800516966247
203,203,"Agent 1",1,43416,43416,2097152,1,"gemm",512,131072,0,128,0,112,"TCP_TCP_TA_DATA_STALL_CYCLES",8266949.000000,1000800515866316,1000800516966247
203,203,"Agent 1",1,43416,43416,2097152,1,"gemm",512,131072,0,128,0,112,"TCP_TCP_TA_ADDR_STALL_CYCLES",29924701.000000,1000800515866316,1000800516966247
204,204,"Agent 1",1,43416,43416,2097152,1,"gemm",512,131072,0,128,0,112,"SQ_INSTS_VMEM_WR",2097152.000000,1000800517064008,1000800518163018
204,204,"Agent 1",1,43416,43416,2097152,1,"gemm",512,131072,0,128,0,112,"SQ_VMEM_TA_CMD_FIFO_FULL",99957647.000000,1000800517064008,1000800518163018
204,204,"Agent 1",1,43416,43416,2097152,1,"gemm",512,131072,0,128,0,112,"TCC_WRITE_SECTORS",33554432.000000,1000800517064008,1000800518163018
204,204,"Agent 1",1,43416,43416,2097152,1,"gemm",512,131072,0,128,0,112,"TCP_TCP_TA_DATA_STALL_CYCLES",6867755.000000,1000800517064008,1000800518163018
204,204,"Agent 1",1,43416,43416,2097152,1,"gemm",512,131072,0,128,0,112,"TCP_TCP_TA_ADDR_STALL_CYCLES",30247563.000000,1000800517064008,1000800518163018
205,205,"Agent 1",1,43416,43416,2097152,1,"gemm",512,131072,0,128,0,112,"SQ_INSTS_VMEM_WR",2097152.000000,1000800518260019,1000800519352789
205,205,"Agent 1",1,43416,43416,2097152,1,"gemm",512,131072,0,128,0,112,"SQ_VMEM_TA_CMD_FIFO_FULL",96520146.000000,1000800518260019,1000800519352789
205,205,"Agent 1",1,43416,43416,2097152,1,"gemm",512,131072,0,128,0,112,"TCC_WRITE_SECTORS",33554432.000000,1000800518260019,1000800519352789
205,205,"Agent 1",1,43416,43416,2097152,1,"gemm",512,131072,0,128,0,112,"TCP_TCP_TA_DATA_STALL_CYCLES",6638231.000000,1000800518260019,1000800519352789
205,205,"Agent 1",1,43416,43416,2097152,1,"gemm",512,131072,0,128,0,112,"TCP_TCP_TA_ADDR_STALL_CYCLES",28515594.000000,1000800518260019,1000800519352789
206,206,"Agent 1",1,43416,43416,2097152,1,"gemm",512,131072,0,128,0,112,"SQ_INSTS_VMEM_WR",2097152.000000,1000800519456310,1000800520550680
206,206,"Agent 1",1,43416,43416,2097152,1,"gemm",512,131072,0,128,0,112,"SQ_VMEM_TA_CMD_FIFO_FULL",98826373.000000,1000800519456310,1000800520550680
206,206,"Agent 1",1,43416,43416,2097152,1,"gemm",512,131072,0,128,0,112,"TCC_WRITE_SECTORS",33554432.000000,1000800519456310,1000800520550680
206,206,"Agent 1",1,43416,43416,2097152,1,"gemm",512,131072,0,128,0,112,"TCP_TCP_TA_DATA_STALL_CYCLES",6386916.000000,1000800519456310,1000800520550680
206,206,"Agent 1",1,43416,43416,2097152,1,"gemm",512,131072,0,128,0,112,"TCP_TCP_TA_ADDR_STALL_CYCLES",29548808.000000,1000800519456310,1000800520550680
207,207,"Agent 1",1,43416,43416,2097152,1,"gemm",512,131072,0,128,0,112,"SQ_INSTS_VMEM_WR",2097152.000000,1000800520650881,1000800521738971
207,207,"Agent 1",1,43416,43416,2097152,1,"gemm",512,131072,0,128,0,112,"SQ_VMEM_TA_CMD_FIFO_FULL",95910555.000000,1000800520650881,1000800521738971
207,207,"Agent 1",1,43416,43416,2097152,1,"gemm",512,131072,0,128,0,112,"TCC_WRITE_SECTORS",33554432.000000,1000800520650881,1000800521738971
207,207,"Agent 1",1,43416,43416,2097152,1,"gemm",512,131072,0,128,0,112,"TCP_TCP_TA_DATA_STALL_CYCLES",6108315.000000,1000800520650881,1000800521738971
207,207,"Agent 1",1,43416,43416,2097152,1,"gemm",512,131072,0,128,0,112,"TCP_TCP_TA_ADDR_STALL_CYCLES",28444531.000000,1000800520650881,1000800521738971
208,208,"Agent 1",1,43416,43416,2097152,1,"gemm",512,131072,0,128,0,112,"SQ_INSTS_VMEM_WR",2097152.000000,1000800521838572,1000800522932302
208,208,"Agent 1",1,43416,43416,2097152,1,"gemm",512,131072,0,128,0,112,"SQ_VMEM_TA_CMD_FIFO_FULL",97813470.000000,1000800521838572,1000800522932302
208,208,"Agent 1",1,43416,43416,2097152,1,"gemm",512,131072,0,128,0,112,"TCC_WRITE_SECTORS",33554432.000000,1000800521838572,1000800522932302
208,208,"Agent 1",1,43416,43416,2097152,1,"gemm",512,131072,0,128,0,112,"TCP_TCP_TA_DATA_STALL_CYCLES",6503417.000000,1000800521838572,1000800522932302
208,208,"Agent 1",1,43416,43416,2097152,1,"gemm",512,131072,0,128,0,112,"TCP_TCP_TA_ADDR_STALL_CYCLES",29391874.000000,1000800521838572,1000800522932302
209,209,"Agent 1",1,43416,43416,2097152,1,"gemm",512,131072,0,128,0,112,"SQ_INSTS_VMEM_WR",2097152.000000,1000800523032783,1000800524129473
209,209,"Agent 1",1,43416,43416,2097152,1,"gemm",512,131072,0,128,0,112,"SQ_VMEM_TA_CMD_FIFO_FULL",99496077.000000,1000800523032783,1000800524129473
209,209,"Agent 1",1,43416,43416,2097152,1,"gemm",512,131072,0,128,0,112,"TCC_WRITE_SECTORS",33554432.000000,1000800523032783,1000800524129473
209,209,"Agent 1",1,43416,43416,2097152,1,"gemm",512,131072,0,128,0,112,"TCP_TCP_TA_DATA_STALL_CYCLES",7302179.000000,1000800523032783,1000800524129473
209,209,"Agent 1",1,43416,43416,2097152,1,"gemm",512,131072,0,128,0,112,"TCP_TCP_TA_ADDR_STALL_CYCLES",30072676.000000,1000800523032783,1000800524129473
210,210,"Agent 1",1,43416,43416,2097152,1,"gemm",512,131072,0,128,0,112,"SQ_INSTS_VMEM_WR",2097152.000000,1000800524225133,1000800525324463
210,210,"Agent 1",1,43416,43416,2097152,1,"gemm",512,131072,0,128,0,112,"SQ_VMEM_TA_CMD_FIFO_FULL",100996494.000000,1000800524225133,1000800525324463
210,210,"Agent 1",1,43416,43416,2097152,1,"gemm",512,131072,0,128,0,112,"TCC_WRITE_SECTORS",33554432.000000,1000800524225133,1000800525324463
210,210,"Agent 1",1,43416,43416,2097152,1,"gemm",512,131072,0,128,0,112,"TCP_TCP_TA_DATA_STALL_CYCLES",7778796.000000,1000800524225133,1000800525324463
210,210,"Agent 1",1,43416,43416,2097152,1,"gemm",512,131072,0,128,0,112,"TCP_TCP_TA_ADDR_STALL_CYCLES",30181437.000000,1000800524225133,1000800525324463
211,211,"Agent 1",1,43416,43416,2097152,1,"gemm",512,131072,0,128,0,112,"SQ_INSTS_VMEM_WR",2097152.000000,1000800525428023,1000800526527073
211,211,"Agent 1",1,43416,43416,2097152,1,"gemm",512,131072,0,128,0,112,"SQ_VMEM_TA_CMD_FIFO_FULL",101415517.000000,1000800525428023,1000800526527073
211,211,"Agent 1",1,43416,43416,2097152,1,"gemm",512,131072,0,128,0,112,"TCC_WRITE_SECTORS",33554432.000000,1000800525428023,1000800526527073
211,211,"Agent 1",1,43416,43416,2097152,1,"gemm",512,131072,0,128,0,112,"TCP_TCP_TA_DATA_STALL_CYCLES",7133661.000000,1000800525428023,1000800526527073
211,211,"Agent 1",1,43416,43416,2097152,1,"gemm",512,131072,0,128,0,112,"TCP_TCP_TA_ADDR_STALL_CYCLES",29965456.000000,1000800525428023,1000800526527073
212,212,"Agent 1",1,43416,43416,2097152,1,"gemm",512,131072,0,128,0,112,"SQ_INSTS_VMEM_WR",2097152.000000,1000800526627754,1000800527725444
212,212,"Agent 1",1,43416,43416,2097152,1,"gemm",512,131072,0,128,0,112,"SQ_VMEM_TA_CMD_FIFO_FULL",102228466.000000,1000800526627754,1000800527725444
212,212,"Agent 1",1,43416,43416,2097152,1,"gemm",512,131072,0,128,0,112,"TCC_WRITE_SECTORS",33554432.000000,1000800526627754,1000800527725444
212,212,"Agent 1",1,43416,43416,2097152,1,"gemm",512,131072,0,128,0,112,"TCP_TCP_TA_DATA_STALL_CYCLES",6927106.000000,1000800526627754,1000800527725444
212,212,"Agent 1",1,43416,43416,2097152,1,"gemm",512,131072,0,128,0,112,"TCP_TCP_TA_ADDR_STALL_CYCLES",31677974.000000,1000800526627754,1000800527725444
213,213,"Agent 1",1,43416,43416,2097152,1,"gemm",512,131072,0,128,0,112,"SQ_INSTS_VMEM_WR",2097152.000000,1000800527827405,1000800528922335
213,213,"Agent 1",1,43416,43416,2097152,1,"gemm",512,131072,0,128,0,112,"SQ_VMEM_TA_CMD_FIFO_FULL",100239626.000000,1000800527827405,1000800528922335
213,213,"Agent 1",1,43416,43416,2097152,1,"gemm",512,131072,0,128,0,112,"TCC_WRITE_SECTORS",33554432.000000,1000800527827405,1000800528922335
213,213,"Agent 1",1,43416,43416,2097152,1,"gemm",512,131072,0,128,0,112,"TCP_TCP_TA_DATA_STALL_CYCLES",6487817.000000,1000800527827405,1000800528922335
213,213,"Agent 1",1,43416,43416,2097152,1,"gemm",512,131072,0,128,0,112,"TCP_TCP_TA_ADDR_STALL_CYCLES",30827078.000000,1000800527827405,1000800528922335
214,214,"Agent 1",1,43416,43416,2097152,1,"gemm",512,131072,0,128,0,112,"SQ_INSTS_VMEM_WR",2097152.000000,1000800529033256,1000800530132506
214,214,"Agent 1",1,43416,43416,2097152,1,"gemm",512,131072,0,128,0,112,"SQ_VMEM_TA_CMD_FIFO_FULL",101352644.000000,1000800529033256,1000800530132506
214,214,"Agent 1",1,43416,43416,2097152,1,"gemm",512,131072,0,128,0,112,"TCC_WRITE_SECTORS",33554432.000000,1000800529033256,1000800530132506
214,214,"Agent 1",1,43416,43416,2097152,1,"gemm",512,131072,0,128,0,112,"TCP_TCP_TA_DATA_STALL_CYCLES",7601499.000000,1000800529033256,1000800530132506
214,214,"Agent 1",1,43416,43416,2097152,1,"gemm",512,131072,0,128,0,112,"TCP_TCP_TA_ADDR_STALL_CYCLES",30717343.000000,1000800529033256,1000800530132506
215,215,"Agent 1",1,43416,43416,2097152,1,"gemm",512,131072,0,128,0,112,"SQ_INSTS_VMEM_WR",2097152.000000,1000800530232867,1000800531331038
215,215,"Agent 1",1,43416,43416,2097152,1,"gemm",512,131072,0,128,0,112,"SQ_VMEM_TA_CMD_FIFO_FULL",99943408.000000,1000800530232867,1000800531331038
215,215,"Agent 1",1,43416,43416,2097152,1,"gemm",512,131072,0,128,0,112,"TCC_WRITE_SECTORS",33554432.000000,1000800530232867,1000800531331038
215,215,"Agent 1",1,43416,43416,2097152,1,"gemm",512,131072,0,128,0,112,"TCP_TCP_TA_DATA_STALL_CYCLES",6778173.000000,1000800530232867,1000800531331038
215,215,"Agent 1",1,43416,43416,2097152,1,"gemm",512,131072,0,128,0,112,"TCP_TCP_TA_ADDR_STALL_CYCLES",30331047.000000,1000800530232867,1000800531331038
216,216,"Agent 1",1,43416,43416,2097152,1,"gemm",512,131072,0,128,0,112,"SQ_INSTS_VMEM_WR",2097152.000000,1000800531433518,1000800532521809
216,216,"Agent 1",1,43416,43416,2097152,1,"gemm",512,131072,0,128,0,112,"SQ_VMEM_TA_CMD_FIFO_FULL",96240877.000000,1000800531433518,1000800532521809
216,216,"Agent 1",1,43416,43416,2097152,1,"gemm",512,131072,0,128,0,112,"TCC_WRITE_SECTORS",33554432.000000,1000800531433518,1000800532521809
216,216,"Agent 1",1,43416,43416,2097152,1,"gemm",512,131072,0,128,0,112,"TCP_TCP_TA_DATA_STALL_CYCLES",6219173.000000,1000800531433518,1000800532521809
216,216,"Agent 1",1,43416,43416,2097152,1,"gemm",512,131072,0,128,0,112,"TCP_TCP_TA_ADDR_STALL_CYCLES",28378492.000000,1000800531433518,1000800532521809
217,217,"Agent 1",1,43416,43416,2097152,1,"gemm",512,131072,0,128,0,112,"SQ_INSTS_VMEM_WR",2097152.000000,1000800532622649,1000800533725300
217,217,"Agent 1",1,43416,43416,2097152,1,"gemm",512,131072,0,128,0,112,"SQ_VMEM_TA_CMD_FIFO_FULL",100632021.000000,1000800532622649,1000800533725300
217,217,"Agent 1",1,43416,43416,2097152,1,"gemm",512,131072,0,128,0,112,"TCC_WRITE_SECTORS",33554432.000000,1000800532622649,1000800533725300
217,217,"Agent 1",1,43416,43416,2097152,1,"gemm",512,131072,0,128,0,112,"TCP_TCP_TA_DATA_STALL_CYCLES",7160040.000000,1000800532622649,1000800533725300
217,217,"Agent 1",1,43416,43416,2097152,1,"gemm",512,131072,0,128,0,112,"TCP_TCP_TA_ADDR_STALL_CYCLES",30729552.000000,1000800532622649,1000800533725300
218,218,"Agent 1",1,43416,43416,2097152,1,"gemm",512,131072,0,128,0,112,"SQ_INSTS_VMEM_WR",2097152.000000,1000800533822861,1000800534918551
218,218,"Agent 1",1,43416,43416,2097152,1,"gemm",512,131072,0,128,0,112,"SQ_VMEM_TA_CMD_FIFO_FULL",100863694.000000,1000800533822861,1000800534918551
218,218,"Agent 1",1,43416,43416,2097152,1,"gemm",512,131072,0,128,0,112,"TCC_WRITE_SECTORS",33554432.000000,1000800533822861,1000800534918551
218,218,"Agent 1",1,43416,43416,2097152,1,"gemm",512,131072,0,128,0,112,"TCP_TCP_TA_DATA_STALL_CYCLES",7024539.000000,1000800533822861,1000800534918551
218,218,"Agent 1",1,43416,43416,2097152,1,"gemm",512,131072,0,128,0,112,"TCP_TCP_TA_ADDR_STALL_CYCLES",30375071.000000,1000800533822861,1000800534918551
219,219,"Agent 1",1,43416,43416,2097152,1,"gemm",512,131072,0,128,0,112,"SQ_INSTS_VMEM_WR",2097152.000000,1000800535025512,1000800536126762
219,219,"Agent 1",1,43416,43416,2097152,1,"gemm",512,131072,0,128,0,112,"SQ_VMEM_TA_CMD_FIFO_FULL",100069311.000000,1000800535025512,1000800536126762
219,219,"Agent 1",1,43416,43416,2097152,1,"gemm",512,131072,0,128,0,112,"TCC_WRITE_SECTORS",33554432.000000,1000800535025512,1000800536126762
219,219,"Agent 1",1,43416,43416,2097152,1,"gemm",512,131072,0,128,0,112,"TCP_TCP_TA_DATA_STALL_CYCLES",6850226.000000,1000800535025512,1000800536126762
219,219,"Agent 1",1,43416,43416,2097152,1,"gemm",512,131072,0,128,0,112,"TCP_TCP_TA_ADDR_STALL_CYCLES",31000668.000000,1000800535025512,1000800536126762
220,220,"Agent 1",1,43416,43416,2097152,1,"gemm",512,131072,0,128,0,112,"SQ_INSTS_VMEM_WR",2097152.000000,1000800536228643,1000800537324013
220,220,"Agent 1",1,43416,43416,2097152,1,"gemm",512,131072,0,128,0,112,"SQ_VMEM_TA_CMD_FIFO_FULL",99654972.000000,1000800536228643,1000800537324013
220,220,"Agent 1",1,43416,43416,2097152,1,"gemm",512,131072,0,128,0,112,"TCC_WRITE_SECTORS",33554432.000000,1000800536228643,1000800537324013
220,220,"Agent 1",1,43416,43416,2097152,1,"gemm",512,131072,0,128,0,112,"TCP_TCP_TA_DATA_STALL_CYCLES",6547590.000000,1000800536228643,1000800537324013
220,220,"Agent 1",1,43416,43416,2097152,1,"gemm",512,131072,0,128,0,112,"TCP_TCP_TA_ADDR_STALL_CYCLES",30048756.000000,1000800536228643,1000800537324013
221,221,"Agent 1",1,43416,43416,2097152,1,"gemm",512,131072,0,128,0,112,"SQ_INSTS_VMEM_WR",2097152.000000,1000800537426574,1000800538522984
221,221,"Agent 1",1,43416,43416,2097152,1,"gemm",512,131072,0,128,0,112,"SQ_VMEM_TA_CMD_FIFO_FULL",95762877.000000,1000800537426574,1000800538522984
221,221,"Agent 1",1,43416,43416,2097152,1,"gemm",512,131072,0,128,0,112,"TCC_WRITE_SECTORS",33554432.000000,1000800537426574,1000800538522984
221,221,"Agent 1",1,43416,43416,2097152,1,"gemm",512,131072,0,128,0,112,"TCP_TCP_TA_DATA_STALL_CYCLES",6365610.000000,1000800537426574,1000800538522984
221,221,"Agent 1",1,43416,43416,2097152,1,"gemm",512,131072,0,128,0,112,"TCP_TCP_TA_ADDR_STALL_CYCLES",28224743.000000,1000800537426574,1000800538522984
222,222,"Agent 1",1,43416,43416,2097152,1,"gemm",512,131072,0,128,0,112,"SQ_INSTS_VMEM_WR",2097152.000000,1000800538620945,1000800539724715
222,222,"Agent 1",1,43416,43416,2097152,1,"gemm",512,131072,0,128,0,112,"SQ_VMEM_TA_CMD_FIFO_FULL",101492238.000000,1000800538620945,1000800539724715
222,222,"Agent 1",1,43416,43416,2097152,1,"gemm",512,131072,0,128,0,112,"TCC_WRITE_SECTORS",33554432.000000,1000800538620945,1000800539724715
222,222,"Agent 1",1,43416,43416,2097152,1,"gemm",512,131072,0,128,0,112,"TCP_TCP_TA_DATA_STALL_CYCLES",7530565.000000,1000800538620945,1000800539724715
222,222,"Agent 1",1,43416,43416,2097152,1,"gemm",512,131072,0,128,0,112,"TCP_TCP_TA_ADDR_STALL_CYCLES",30430107.000000,1000800538620945,1000800539724715
223,223,"Agent 1",1,43416,43416,2097152,1,"gemm",512,131072,0,128,0,112,"SQ_INSTS_VMEM_WR",2097152.000000,1000800539820116,1000800540919806
223,223,"Agent 1",1,43416,43416,2097152,1,"gemm",512,131072,0,128,0,112,"SQ_VMEM_TA_CMD_FIFO_FULL",100320911.000000,1000800539820116,1000800540919806
223,223,"Agent 1",1,43416,43416,2097152,1,"gemm",512,131072,0,128,0,112,"TCC_WRITE_SECTORS",33554432.000000,1000800539820116,1000800540919806
223,223,"Agent 1",1,43416,43416,2097152,1,"gemm",512,131072,0,128,0,112,"TCP_TCP_TA_DATA_STALL_CYCLES",6726335.000000,1000800539820116,1000800540919806
223,223,"Agent 1",1,43416,43416,2097152,1,"gemm",512,131072,0,128,0,112,"TCP_TCP_TA_ADDR_STALL_CYCLES",30258890.000000,1000800539820116,1000800540919806
224,224,"Agent 1",1,43416,43416,2097152,1,"gemm",512,131072,0,128,0,112,"SQ_INSTS_VMEM_WR",2097152.000000,1000800541023207,1000800542121978
224,224,"Agent 1",1,43416,43416,2097152,1,"gemm",512,131072,0,128,0,112,"SQ_VMEM_TA_CMD_FIFO_FULL",100976407.000000,1000800541023207,1000800542121978
224,224,"Agent 1",1,43416,43416,2097152,1,"gemm",512,131072,0,128,0,112,"TCC_WRITE_SECTORS",33554432.000000,1000800541023207,1000800542121978
224,224,"Agent 1",1,43416,43416,2097152,1,"gemm",512,131072,0,128,0,112,"TCP_TCP_TA_DATA_STALL_CYCLES",6845378.000000,1000800541023207,1000800542121978
224,224,"Agent 1",1,43416,43416,2097152,1,"gemm",512,131072,0,128,0,112,"TCP_TCP_TA_ADDR_STALL_CYCLES",30748132.000000,1000800541023207,1000800542121978
225,225,"Agent 1",1,43416,43416,2097152,1,"gemm",512,131072,0,128,0,112,"SQ_INSTS_VMEM_WR",2097152.000000,1000800542221979,1000800543317269
225,225,"Agent 1",1,43416,43416,2097152,1,"gemm",512,131072,0,128,0,112,"SQ_VMEM_TA_CMD_FIFO_FULL",98986657.000000,1000800542221979,1000800543317269
225,225,"Agent 1",1,43416,43416,2097152,1,"gemm",512,131072,0,128,0,112,"TCC_WRITE_SECTORS",33554432.000000,1000800542221979,1000800543317269
225,225,"Agent 1",1,43416,43416,2097152,1,"gemm",512,131072,0,128,0,112,"TCP_TCP_TA_DATA_STALL_CYCLES",6586112.000000,1000800542221979,1000800543317269
225,225,"Agent 1",1,43416,43416,2097152,1,"gemm",512,131072,0,128,0,112,"TCP_TCP_TA_ADDR_STALL_CYCLES",30002465.000000,1000800542221979,1000800543317269
226,226,"Agent 1",1,43416,43416,2097152,1,"gemm",512,131072,0,128,0,112,"SQ_INSTS_VMEM_WR",2097152.000000,1000800543417830,1000800544521800
226,226,"Agent 1",1,43416,43416,2097152,1,"gemm",512,131072,0,128,0,112,"SQ_VMEM_TA_CMD_FIFO_FULL",102788670.000000,1000800543417830,1000800544521800
226,226,"Agent 1",1,43416,43416,2097152,1,"gemm",512,131072,0,128,0,112,"TCC_WRITE_SECTORS",33554432.000000,1000800543417830,1000800544521800
226,226,"Agent 1",1,43416,43416,2097152,1,"gemm",512,131072,0,128,0,112,"TCP_TCP_TA_DATA_STALL_CYCLES",7996134.000000,1000800543417830,1000800544521800
226,226,"Agent 1",1,43416,43416,2097152,1,"gemm",512,131072,0,128,0,112,"TCP_TCP_TA_ADDR_STALL_CYCLES",31499208.000000,1000800543417830,1000800544521800
227,227,"Agent 1",1,43416,43416,2097152,1,"gemm",512,131072,0,128,0,112,"SQ_INSTS_VMEM_WR",2097152.000000,1000800544617921,1000800545713131
227,227,"Agent 1",1,43416,43416,2097152,1,"gemm",512,131072,0,128,0,112,"SQ_VMEM_TA_CMD_FIFO_FULL",99158756.000000,1000800544617921,1000800545713131
227,227,"Agent 1",1,43416,43416,2097152,1,"gemm",512,131072,0,128,0,112,"TCC_WRITE_SECTORS",33554432.000000,1000800544617921,1000800545713131
227,227,"Agent 1",1,43416,43416,2097152,1,"gemm",512,131072,0,128,0,112,"TCP_TCP_TA_DATA_STALL_CYCLES",7245947.000000,1000800544617921,1000800545713131
227,227,"Agent 1",1,43416,43416,2097152,1,"gemm",512,131072,0,128,0,112,"TCP_TCP_TA_ADDR_STALL_CYCLES",29722146.000000,1000800544617921,1000800545713131
228,228,"Agent 1",1,43416,43416,2097152,1,"gemm",512,131072,0,128,0,112,"SQ_INSTS_VMEM_WR",2097152.000000,1000800545809092,1000800546904502
228,228,"Agent 1",1,43416,43416,2097152,1,"gemm",512,131072,0,128,0,112,"SQ_VMEM_TA_CMD_FIFO_FULL",100043783.000000,1000800545809092,1000800546904502
228,228,"Agent 1",1,43416,43416,2097152,1,"gemm",512,131072,0,128,0,112,"TCC_WRITE_SECTORS",33554432.000000,1000800545809092,1000800546904502
228,228,"Agent 1",1,43416,43416,2097152,1,"gemm",512,131072,0,128,0,112,"TCP_TCP_TA_DATA_STALL_CYCLES",6076731.000000,1000800545809092,1000800546904502
228,228,"Agent 1",1,43416,43416,2097152,1,"gemm",512,131072,0,128,0,112,"TCP_TCP_TA_ADDR_STALL_CYCLES",30787976.000000,1000800545809092,1000800546904502
229,229,"Agent 1",1,43416,43416,2097152,1,"gemm",512,131072,0,128,0,112,"SQ_INSTS_VMEM_WR",2097152.000000,1000800547004463,1000800548103673
229,229,"Agent 1",1,43416,43416,2097152,1,"gemm",512,131072,0,128,0,112,"SQ_VMEM_TA_CMD_FIFO_FULL",99527806.000000,1000800547004463,1000800548103673
229,229,"Agent 1",1,43416,43416,2097152,1,"gemm",512,131072,0,128,0,112,"TCC_WRITE_SECTORS",33554432.000000,1000800547004463,1000800548103673
229,229,"Agent 1",1,43416,43416,2097152,1,"gemm",512,131072,0,128,0,112,"TCP_TCP_TA_DATA_STALL_CYCLES",6520161.000000,1000800547004463,1000800548103673
229,229,"Agent 1",1,43416,43416,2097152,1,"gemm",512,131072,0,128,0,112,"TCP_TCP_TA_ADDR_STALL_CYCLES",29572292.000000,1000800547004463,1000800548103673
230,230,"Agent 1",1,43416,43416,2097152,1,"gemm",512,131072,0,128,0,112,"SQ_INSTS_VMEM_WR",2097152.000000,1000800548198274,1000800549296844
230,230,"Agent 1",1,43416,43416,2097152,1,"gemm",512,131072,0,128,0,112,"SQ_VMEM_TA_CMD_FIFO_FULL",100325684.000000,1000800548198274,1000800549296844
230,230,"Agent 1",1,43416,43416,2097152,1,"gemm",512,131072,0,128,0,112,"TCC_WRITE_SECTORS",33554432.000000,1000800548198274,1000800549296844
230,230,"Agent 1",1,43416,43416,2097152,1,"gemm",512,131072,0,128,0,112,"TCP_TCP_TA_DATA_STALL_CYCLES",7365871.000000,1000800548198274,1000800549296844
230,230,"Agent 1",1,43416,43416,2097152,1,"gemm",512,131072,0,128,0,112,"TCP_TCP_TA_ADDR_STALL_CYCLES",29662611.000000,1000800548198274,1000800549296844
231,231,"Agent 1",1,43416,43416,2097152,1,"gemm",512,131072,0,128,0,112,"SQ_INSTS_VMEM_WR",2097152.000000,1000800549394405,1000800550486335
231,231,"Agent 1",1,43416,43416,2097152,1,"gemm",512,131072,0,128,0,112,"SQ_VMEM_TA_CMD_FIFO_FULL",96180183.000000,1000800549394405,1000800550486335
231,231,"Agent 1",1,43416,43416,2097152,1,"gemm",512,131072,0,128,0,112,"TCC_WRITE_SECTORS",33554432.000000,1000800549394405,1000800550486335
231,231,"Agent 1",1,43416,43416,2097152,1,"gemm",512,131072,0,128,0,112,"TCP_TCP_TA_DATA_STALL_CYCLES",6120596.000000,1000800549394405,1000800550486335
231,231,"Agent 1",1,43416,43416,2097152,1,"gemm",512,131072,0,128,0,112,"TCP_TCP_TA_ADDR_STALL_CYCLES",28138747.000000,1000800549394405,1000800550486335
232,232,"Agent 1",1,43416,43416,2097152,1,"gemm",512,131072,0,128,0,112,"SQ_INSTS_VMEM_WR",2097152.000000,1000800550585856,1000800551694946
232,232,"Agent 1",1,43416,43416,2097152,1,"gemm",512,131072,0,128,0,112,"SQ_VMEM_TA_CMD_FIFO_FULL",103782613.000000,1000800550585856,1000800551694946
232,232,"Agent 1",1,43416,43416,2097152,1,"gemm",512,131072,0,128,0,112,"TCC_WRITE_SECTORS",33554432.000000,1000800550585856,1000800551694946
232,232,"Agent 1",1,43416,43416,2097152,1,"gemm",512,131072,0,128,0,112,"TCP_TCP_TA_DATA_STALL_CYCLES",8154493.000000,1000800550585856,1000800551694946
232,232,"Agent 1",1,43416,43416,2097152,1,"gemm",512,131072,0,128,0,112,"TCP_TCP_TA_ADDR_STALL_CYCLES",32250498.000000,1000800550585856,1000800551694946
233,233,"Agent 1",1,43416,43416,2097152,1,"gemm",512,131072,0,128,0,112,"SQ_INSTS_VMEM_WR",2097152.000000,1000800551795587,1000800552911438
233,233,"Agent 1",1,43416,43416,2097152,1,"gemm",512,131072,0,128,0,112,"SQ_VMEM_TA_CMD_FIFO_FULL",106371180.000000,1000800551795587,1000800552911438
233,233,"Agent 1",1,43416,43416,2097152,1,"gemm",512,131072,0,128,0,112,"TCC_WRITE_SECTORS",33554432.000000,1000800551795587,1000800552911438
233,233,"Agent 1",1,43416,43416,2097152,1,"gemm",512,131072,0,128,0,112,"TCP_TCP_TA_DATA_STALL_CYCLES",8741233.000000,1000800551795587,1000800552911438
233,233,"Agent 1",1,43416,43416,2097152,1,"gemm",512,131072,0,128,0,112,"TCP_TCP_TA_ADDR_STALL_CYCLES",31932995.000000,1000800551795587,1000800552911438
234,234,"Agent 1",1,43416,43416,2097152,1,"gemm",512,131072,0,128,0,112,"SQ_INSTS_VMEM_WR",2097152.000000,1000800553008079,1000800554097169
234,234,"Agent 1",1,43416,43416,2097152,1,"gemm",512,131072,0,128,0,112,"SQ_VMEM_TA_CMD_FIFO_FULL",96085070.000000,1000800553008079,1000800554097169
234,234,"Agent 1",1,43416,43416,2097152,1,"gemm",512,131072,0,128,0,112,"TCC_WRITE_SECTORS",33554432.000000,1000800553008079,1000800554097169
234,234,"Agent 1",1,43416,43416,2097152,1,"gemm",512,131072,0,128,0,112,"TCP_TCP_TA_DATA_STALL_CYCLES",6003701.000000,1000800553008079,1000800554097169
234,234,"Agent 1",1,43416,43416,2097152,1,"gemm",512,131072,0,128,0,112,"TCP_TCP_TA_ADDR_STALL_CYCLES",28412405.000000,1000800553008079,1000800554097169
235,235,"Agent 1",1,43416,43416,2097152,1,"gemm",512,131072,0,128,0,112,"SQ_INSTS_VMEM_WR",2097152.000000,1000800554195410,1000800555298900
235,235,"Agent 1",1,43416,43416,2097152,1,"gemm",512,131072,0,128,0,112,"SQ_VMEM_TA_CMD_FIFO_FULL",100176490.000000,1000800554195410,1000800555298900
235,235,"Agent 1",1,43416,43416,2097152,1,"gemm",512,131072,0,128,0,112,"TCC_WRITE_SECTORS",33554432.000000,1000800554195410,1000800555298900
235,235,"Agent 1",1,43416,43416,2097152,1,"gemm",512,131072,0,128,0,112,"TCP_TCP_TA_DATA_STALL_CYCLES",6896217.000000,1000800554195410,1000800555298900
235,235,"Agent 1",1,43416,43416,2097152,1,"gemm",512,131072,0,128,0,112,"TCP_TCP_TA_ADDR_STALL_CYCLES",30255648.000000,1000800554195410,1000800555298900
236,236,"Agent 1",1,43416,43416,2097152,1,"gemm",512,131072,0,128,0,112,"SQ_INSTS_VMEM_WR",2097152.000000,1000800555396461,1000800556495231
236,236,"Agent 1",1,43416,43416,2097152,1,"gemm",512,131072,0,128,0,112,"SQ_VMEM_TA_CMD_FIFO_FULL",101406646.000000,1000800555396461,1000800556495231
236,236,"Agent 1",1,43416,43416,2097152,1,"gemm",512,131072,0,128,0,112,"TCC_WRITE_SECTORS",33554432.000000,1000800555396461,1000800556495231
236,236,"Agent 1",1,43416,43416,2097152,1,"gemm",512,131072,0,128,0,112,"TCP_TCP_TA_DATA_STALL_CYCLES",6881997.000000,1000800555396461,1000800556495231
236,236,"Agent 1",1,43416,43416,2097152,1,"gemm",512,131072,0,128,0,112,"TCP_TCP_TA_ADDR_STALL_CYCLES",30711495.000000,1000800555396461,1000800556495231
237,237,"Agent 1",1,43416,43416,2097152,1,"gemm",512,131072,0,128,0,112,"SQ_INSTS_VMEM_WR",2097152.000000,1000800556592912,1000800557694162
237,237,"Agent 1",1,43416,43416,2097152,1,"gemm",512,131072,0,128,0,112,"SQ_VMEM_TA_CMD_FIFO_FULL",99990280.000000,1000800556592912,1000800557694162
237,237,"Agent 1",1,43416,43416,2097152,1,"gemm",512,131072,0,128,0,112,"TCC_WRITE_SECTORS",33554432.000000,1000800556592912,1000800557694162
237,237,"Agent 1",1,43416,43416,2097152,1,"gemm",512,131072,0,128,0,112,"TCP_TCP_TA_DATA_STALL_CYCLES",7006998.000000,1000800556592912,1000800557694162
237,237,"Agent 1",1,43416,43416,2097152,1,"gemm",512,131072,0,128,0,112,"TCP_TCP_TA_ADDR_STALL_CYCLES",29656154.000000,1000800556592912,1000800557694162
238,238,"Agent 1",1,43416,43416,2097152,1,"gemm",512,131072,0,128,0,112,"SQ_INSTS_VMEM_WR",2097152.000000,1000800557791523,1000800558890373
238,238,"Agent 1",1,43416,43416,2097152,1,"gemm",512,131072,0,128,0,112,"SQ_VMEM_TA_CMD_FIFO_FULL",99279148.000000,1000800557791523,1000800558890373
238,238,"Agent 1",1,43416,43416,2097152,1,"gemm",512,131072,0,128,0,112,"TCC_WRITE_SECTORS",33554432.000000,1000800557791523,1000800558890373
238,238,"Agent 1",1,43416,43416,2097152,1,"gemm",512,131072,0,128,0,112,"TCP_TCP_TA_DATA_STALL_CYCLES",8033911.000000,1000800557791523,1000800558890373
238,238,"Agent 1",1,43416,43416,2097152,1,"gemm",512,131072,0,128,0,112,"TCP_TCP_TA_ADDR_STALL_CYCLES",29162017.000000,1000800557791523,1000800558890373
239,239,"Agent 1",1,43416,43416,2097152,1,"gemm",512,131072,0,128,0,112,"SQ_INSTS_VMEM_WR",2097152.000000,1000800558986414,1000800560083424
239,239,"Agent 1",1,43416,43416,2097152,1,"gemm",512,131072,0,128,0,112,"SQ_VMEM_TA_CMD_FIFO_FULL",97714933.000000,1000800558986414,1000800560083424
239,239,"Agent 1",1,43416,43416,2097152,1,"gemm",512,131072,0,128,0,112,"TCC_WRITE_SECTORS",33554432.000000,1000800558986414,1000800560083424
239,239,"Agent 1",1,43416,43416,2097152,1,"gemm",512,131072,0,128,0,112,"TCP_TCP_TA_DATA_STALL_CYCLES",6844406.000000,1000800558986414,1000800560083424
239,239,"Agent 1",1,43416,43416,2097152,1,"gemm",512,131072,0,128,0,112,"TCP_TCP_TA_ADDR_STALL_CYCLES",28928231.000000,1000800558986414,1000800560083424
240,240,"Agent 1",1,43416,43416,2097152,1,"gemm",512,131072,0,128,0,112,"SQ_INSTS_VMEM_WR",2097152.000000,1000800560180105,1000800561280755
240,240,"Agent 1",1,43416,43416,2097152,1,"gemm",512,131072,0,128,0,112,"SQ_VMEM_TA_CMD_FIFO_FULL",99843781.000000,1000800560180105,1000800561280755
240,240,"Agent 1",1,43416,43416,2097152,1,"gemm",512,131072,0,128,0,112,"TCC_WRITE_SECTORS",33554432.000000,1000800560180105,1000800561280755
240,240,"Agent 1",1,43416,43416,2097152,1,"gemm",512,131072,0,128,0,112,"TCP_TCP_TA_DATA_STALL_CYCLES",7120468.000000,1000800560180105,1000800561280755
240,240,"Agent 1",1,43416,43416,2097152,1,"gemm",512,131072,0,128,0,112,"TCP_TCP_TA_ADDR_STALL_CYCLES",30554921.000000,1000800560180105,1000800561280755
241,241,"Agent 1",1,43416,43416,2097152,1,"gemm",512,131072,0,128,0,112,"SQ_INSTS_VMEM_WR",2097152.000000,1000800561377196,1000800562478087
241,241,"Agent 1",1,43416,43416,2097152,1,"gemm",512,131072,0,128,0,112,"SQ_VMEM_TA_CMD_FIFO_FULL",100187343.000000,1000800561377196,1000800562478087
241,241,"Agent 1",1,43416,43416,2097152,1,"gemm",512,131072,0,128,0,112,"TCC_WRITE_SECTORS",33554432.000000,1000800561377196,1000800562478087
241,241,"Agent 1",1,43416,43416,2097152,1,"gemm",512,131072,0,128,0,112,"TCP_TCP_TA_DATA_STALL_CYCLES",7107035.000000,1000800561377196,1000800562478087
241,241,"Agent 1",1,43416,43416,2097152,1,"gemm",512,131072,0,128,0,112,"TCP_TCP_TA_ADDR_STALL_CYCLES",29883396.000000,1000800561377196,1000800562478087
242,242,"Agent 1",1,43416,43416,2097152,1,"gemm",512,131072,0,128,0,112,"SQ_INSTS_VMEM_WR",2097152.000000,1000800562573807,1000800563672378
242,242,"Agent 1",1,43416,43416,2097152,1,"gemm",512,131072,0,128,0,112,"SQ_VMEM_TA_CMD_FIFO_FULL",99298281.000000,1000800562573807,1000800563672378
242,242,"Agent 1",1,43416,43416,2097152,1,"gemm",512,131072,0,128,0,112,"TCC_WRITE_SECTORS",33554432.000000,1000800562573807,1000800563672378
242,242,"Agent 1",1,43416,43416,2097152,1,"gemm",512,131072,0,128,0,112,"TCP_TCP_TA_DATA_STALL_CYCLES",6837262.000000,1000800562573807,1000800563672378
242,242,"Agent 1",1,43416,43416,2097152,1,"gemm",512,131072,0,128,0,112,"TCP_TCP_TA_ADDR_STALL_CYCLES",29979012.000000,1000800562573807,1000800563672378
243,243,"Agent 1",1,43416,43416,2097152,1,"gemm",512,131072,0,128,0,112,"SQ_INSTS_VMEM_WR",2097152.000000,1000800563767298,1000800564872429
243,243,"Agent 1",1,43416,43416,2097152,1,"gemm",512,131072,0,128,0,112,"SQ_VMEM_TA_CMD_FIFO_FULL",100876023.000000,1000800563767298,1000800564872429
243,243,"Agent 1",1,43416,43416,2097152,1,"gemm",512,131072,0,128,0,112,"TCC_WRITE_SECTORS",33554432.000000,1000800563767298,1000800564872429
243,243,"Agent 1",1,43416,43416,2097152,1,"gemm",512,131072,0,128,0,112,"TCP_TCP_TA_DATA_STALL_CYCLES",7317413.000000,1000800563767298,1000800564872429
243,243,"Agent 1",1,43416,43416,2097152,1,"gemm",512,131072,0,128,0,112,"TCP_TCP_TA_ADDR_STALL_CYCLES",29749443.000000,1000800563767298,1000800564872429
244,244,"Agent 1",1,43416,43416,2097152,1,"gemm",512,131072,0,128,0,112,"SQ_INSTS_VMEM_WR",2097152.000000,1000800564970830,1000800566062200
244,244,"Agent 1",1,43416,43416,2097152,1,"gemm",512,131072,0,128,0,112,"SQ_VMEM_TA_CMD_FIFO_FULL",95745853.000000,1000800564970830,1000800566062200
244,244,"Agent 1",1,43416,43416,2097152,1,"gemm",512,131072,0,128,0,112,"TCC_WRITE_SECTORS",33554432.000000,1000800564970830,1000800566062200
244,244,"Agent 1",1,43416,43416,2097152,1,"gemm",512,131072,0,128,0,112,"TCP_TCP_TA_DATA_STALL_CYCLES",6620777.000000,1000800564970830,1000800566062200
244,244,"Agent 1",1,43416,43416,2097152,1,"gemm",512,131072,0,128,0,112,"TCP_TCP_TA_ADDR_STALL_CYCLES",28087991.000000,1000800564970830,1000800566062200
245,245,"Agent 1",1,43416,43416,2097152,1,"gemm",512,131072,0,128,0,112,"SQ_INSTS_VMEM_WR",2097152.000000,1000800566158441,1000800567254651
245,245,"Agent 1",1,43416,43416,2097152,1,"gemm",512,131072,0,128,0,112,"SQ_VMEM_TA_CMD_FIFO_FULL",98407112.000000,1000800566158441,1000800567254651
245,245,"Agent 1",1,43416,43416,2097152,1,"gemm",512,131072,0,128,0,112,"TCC_WRITE_SECTORS",33554432.000000,1000800566158441,1000800567254651
245,245,"Agent 1",1,43416,43416,2097152,1,"gemm",512,131072,0,128,0,112,"TCP_TCP_TA_DATA_STALL_CYCLES",6793392.000000,1000800566158441,1000800567254651
245,245,"Agent 1",1,43416,43416,2097152,1,"gemm",512,131072,0,128,0,112,"TCP_TCP_TA_ADDR_STALL_CYCLES",28807616.000000,1000800566158441,1000800567254651
246,246,"Agent 1",1,43416,43416,2097152,1,"gemm",512,131072,0,128,0,112,"SQ_INSTS_VMEM_WR",2097152.000000,1000800567349652,1000800568449302
246,246,"Agent 1",1,43416,43416,2097152,1,"gemm",512,131072,0,128,0,112,"SQ_VMEM_TA_CMD_FIFO_FULL",98930963.000000,1000800567349652,1000800568449302
246,246,"Agent 1",1,43416,43416,2097152,1,"gemm",512,131072,0,128,0,112,"TCC_WRITE_SECTORS",33554432.000000,1000800567349652,1000800568449302
246,246,"Agent 1",1,43416,43416,2097152,1,"gemm",512,131072,0,128,0,112,"TCP_TCP_TA_DATA_STALL_CYCLES",7361149.000000,1000800567349652,1000800568449302
246,246,"Agent 1",1,43416,43416,2097152,1,"gemm",512,131072,0,128,0,112,"TCP_TCP_TA_ADDR_STALL_CYCLES",29249313.000000,1000800567349652,1000800568449302
247,247,"Agent 1",1,43416,43416,2097152,1,"gemm",512,131072,0,128,0,112,"SQ_INSTS_VMEM_WR",2097152.000000,1000800568544783,1000800569641873
247,247,"Agent 1",1,43416,43416,2097152,1,"gemm",512,131072,0,128,0,112,"SQ_VMEM_TA_CMD_FIFO_FULL",99941833.000000,1000800568544783,1000800569641873
247,247,"Agent 1",1,43416,43416,2097152,1,"gemm",512,131072,0,128,0,112,"TCC_WRITE_SECTORS",33554432.000000,1000800568544783,1000800569641873
247,247,"Agent 1",1,43416,43416,2097152,1,"gemm",512,131072,0,128,0,112,"TCP_TCP_TA_DATA_STALL_CYCLES",7080329.000000,1000800568544783,1000800569641873
247,247,"Agent 1",1,43416,43416,2097152,1,"gemm",512,131072,0,128,0,112,"TCP_TCP_TA_ADDR_STALL_CYCLES",30609056.000000,1000800568544783,1000800569641873
248,248,"Agent 1",1,43416,43416,2097152,1,"gemm",512,131072,0,128,0,112,"SQ_INSTS_VMEM_WR",2097152.000000,1000800569737634,1000800570833724
248,248,"Agent 1",1,43416,43416,2097152,1,"gemm",512,131072,0,128,0,112,"SQ_VMEM_TA_CMD_FIFO_FULL",98732717.000000,1000800569737634,1000800570833724
248,248,"Agent 1",1,43416,43416,2097152,1,"gemm",512,131072,0,128,0,112,"TCC_WRITE_SECTORS",33554432.000000,1000800569737634,1000800570833724
248,248,"Agent 1",1,43416,43416,2097152,1,"gemm",512,131072,0,128,0,112,"TCP_TCP_TA_DATA_STALL_CYCLES",6977155.000000,1000800569737634,1000800570833724
248,248,"Agent 1",1,43416,43416,2097152,1,"gemm",512,131072,0,128,0,112,"TCP_TCP_TA_ADDR_STALL_CYCLES",29264757.000000,1000800569737634,1000800570833724
249,249,"Agent 1",1,43416,43416,2097152,1,"gemm",512,131072,0,128,0,112,"SQ_INSTS_VMEM_WR",2097152.000000,1000800570926245,1000800572024615
249,249,"Agent 1",1,43416,43416,2097152,1,"gemm",512,131072,0,128,0,112,"SQ_VMEM_TA_CMD_FIFO_FULL",100555956.000000,1000800570926245,1000800572024615
249,249,"Agent 1",1,43416,43416,2097152,1,"gemm",512,131072,0,128,0,112,"TCC_WRITE_SECTORS",33554432.000000,1000800570926245,1000800572024615
249,249,"Agent 1",1,43416,43416,2097152,1,"gemm",512,131072,0,128,0,112,"TCP_TCP_TA_DATA_STALL_CYCLES",7592271.000000,1000800570926245,1000800572024615
249,249,"Agent 1",1,43416,43416,2097152,1,"gemm",512,131072,0,128,0,112,"TCP_TCP_TA_ADDR_STALL_CYCLES",29932092.000000,1000800570926245,1000800572024615
250,250,"Agent 1",1,43416,43416,2097152,1,"gemm",512,131072,0,128,0,112,"SQ_INSTS_VMEM_WR",2097152.000000,1000800572119536,1000800573221546
250,250,"Agent 1",1,43416,43416,2097152,1,"gemm",512,131072,0,128,0,112,"SQ_VMEM_TA_CMD_FIFO_FULL",100884739.000000,1000800572119536,1000800573221546
250,250,"Agent 1",1,43416,43416,2097152,1,"gemm",512,131072,0,128,0,112,"TCC_WRITE_SECTORS",33554432.000000,1000800572119536,1000800573221546
250,250,"Agent 1",1,43416,43416,2097152,1,"gemm",512,131072,0,128,0,112,"TCP_TCP_TA_DATA_STALL_CYCLES",7101262.000000,1000800572119536,1000800573221546
250,250,"Agent 1",1,43416,43416,2097152,1,"gemm",512,131072,0,128,0,112,"TCP_TCP_TA_ADDR_STALL_CYCLES",30803913.000000,1000800572119536,1000800573221546
251,251,"Agent 1",1,43416,43416,2097152,1,"gemm",512,131072,0,128,0,112,"SQ_INSTS_VMEM_WR",2097152.000000,1000800573317987,1000800574413597
251,251,"Agent 1",1,43416,43416,2097152,1,"gemm",512,131072,0,128,0,112,"SQ_VMEM_TA_CMD_FIFO_FULL",98175317.000000,1000800573317987,1000800574413597
251,251,"Agent 1",1,43416,43416,2097152,1,"gemm",512,131072,0,128,0,112,"TCC_WRITE_SECTORS",33554432.000000,1000800573317987,1000800574413597
251,251,"Agent 1",1,43416,43416,2097152,1,"gemm",512,131072,0,128,0,112,"TCP_TCP_TA_DATA_STALL_CYCLES",7310255.000000,1000800573317987,1000800574413597
251,251,"Agent 1",1,43416,43416,2097152,1,"gemm",512,131072,0,128,0,112,"TCP_TCP_TA_ADDR_STALL_CYCLES",28877704.000000,1000800573317987,1000800574413597
252,252,"Agent 1",1,43416,43416,2097152,1,"gemm",512,131072,0,128,0,112,"SQ_INSTS_VMEM_WR",2097152.000000,1000800574508478,1000800575615808
252,252,"Agent 1",1,43416,43416,2097152,1,"gemm",512,131072,0,128,0,112,"SQ_VMEM_TA_CMD_FIFO_FULL",105206552.000000,1000800574508478,1000800575615808
252,252,"Agent 1",1,43416,43416,2097152,1,"gemm",512,131072,0,128,0,112,"TCC_WRITE_SECTORS",33554432.000000,1000800574508478,1000800575615808
252,252,"Agent 1",1,43416,43416,2097152,1,"gemm",512,131072,0,128,0,112,"TCP_TCP_TA_DATA_STALL_CYCLES",7930553.000000,1000800574508478,1000800575615808
252,252,"Agent 1",1,43416,43416,2097152,1,"gemm",512,131072,0,128,0,112,"TCP_TCP_TA_ADDR_STALL_CYCLES",32901965.000000,1000800574508478,1000800575615808
