"Correlation_Id","Dispatch_Id","Agent_Id","Queue_Id","Process_Id","Thread_Id","Grid_Size","Kernel_Id","Kernel_Name","Workgroup_Size","LDS_Block_Size","Scratch_Size","VGPR_Count","Accum_VGPR_Count","SGPR_Count","Counter_Name","Counter_Value","Start_Timestamp","End_Timestamp"
53,53,"Agent 1",1,44101,44101,32768,1,"gemm",512,131072,0,128,0,112,"SQ_INSTS_VMEM_WR",32768.000000,1008416347309076,1008416347370677
53,53,"Agent 1",1,44101,44101,32768,1,"gemm",512,131072,0,128,0,112,"SQ_VMEM_TA_CMD_FIFO_FULL",2230171.000000,1008416347309076,1008416347370677
53,53,"Agent 1",1,44101,44101,32768,1,"gemm",512,131072,0,128,0,112,"TCC_WRITE_SECTORS",524288.000000,1008416347309076,1008416347370677
53,53,"Agent 1",1,44101,44101,32768,1,"gemm",512,131072,0,128,0,112,"TCP_TCP_TA_DATA_STALL_CYCLES",25787.000000,1008416347309076,1008416347370677
53,53,"Agent 1",1,44101,44101,32768,1,"gemm",512,131072,0,128,0,112,"TCP_TCP_TA_ADDR_STALL_CYCLES",1226242.000000,1008416347309076,1008416347370677
54,54,"Agent 1",1,44101,44101,32768,1,"gemm",512,131072,0,128,0,112,"SQ_INSTS_VMEM_WR",32768.000000,1008416347475718,1008416347527278
54,54,"Agent 1",1,44101,44101,32768,1,"gemm",512,131072,0,128,0,112,"SQ_VMEM_TA_CMD_FIFO_FULL",614724.000000,1008416347475718,1008416347527278
54,54,"Agent 1",1,44101,44101,32768,1,"gemm",512,131072,0,128,0,112,"TCC_WRITE_SECTORS",524288.000000,1008416347475718,1008416347527278
54,54,"Agent 1",1,44101,44101,32768,1,"gemm",512,131072,0,128,0,112,"TCP_TCP_TA_DATA_STALL_CYCLES",6674.000000,1008416347475718,1008416347527278
54,54,"Agent 1",1,44101,44101,32768,1,"gemm",512,131072,0,128,0,112,"TCP_TCP_TA_ADDR_STALL_CYCLES",152877.000000,1008416347475718,1008416347527278
55,55,"Agent 1",1,44101,44101,32768,1,"gemm",512,131072,0,128,0,112,"SQ_INSTS_VMEM_WR",32768.000000,1008416347620999,1008416347672319
55,55,"Agent 1",1,44101,44101,32768,1,"gemm",512,131072,0,128,0,112,"SQ_VMEM_TA_CMD_FIFO_FULL",616587.000000,1008416347620999,1008416347672319
55,55,"Agent 1",1,44101,44101,32768,1,"gemm",512,131072,0,128,0,112,"TCC_WRITE_SECTORS",524288.000000,1008416347620999,1008416347672319
55,55,"Agent 1",1,44101,44101,32768,1,"gemm",512,131072,0,128,0,112,"TCP_TCP_TA_DATA_STALL_CYCLES",6546.000000,1008416347620999,1008416347672319
55,55,"Agent 1",1,44101,44101,32768,1,"gemm",512,131072,0,128,0,112,"TCP_TCP_TA_ADDR_STALL_CYCLES",153200.000000,1008416347620999,1008416347672319
56,56,"Agent 1",1,44101,44101,32768,1,"gemm",512,131072,0,128,0,112,"SQ_INSTS_VMEM_WR",32768.000000,1008416347765560,1008416347816761
56,56,"Agent 1",1,44101,44101,32768,1,"gemm",512,131072,0,128,0,112,"SQ_VMEM_TA_CMD_FIFO_FULL",631434.000000,1008416347765560,1008416347816761
56,56,"Agent 1",1,44101,44101,32768,1,"gemm",512,131072,0,128,0,112,"TCC_WRITE_SECTORS",524288.000000,1008416347765560,1008416347816761
56,56,"Agent 1",1,44101,44101,32768,1,"gemm",512,131072,0,128,0,112,"TCP_TCP_TA_DATA_STALL_CYCLES",6544.000000,1008416347765560,1008416347816761
56,56,"Agent 1",1,44101,44101,32768,1,"gemm",512,131072,0,128,0,112,"TCP_TCP_TA_ADDR_STALL_CYCLES",158576.000000,1008416347765560,1008416347816761
57,57,"Agent 1",1,44101,44101,32768,1,"gemm",512,131072,0,128,0,112,"SQ_INSTS_VMEM_WR",32768.000000,1008416347912642,1008416347963642
57,57,"Agent 1",1,44101,44101,32768,1,"gemm",512,131072,0,128,0,112,"SQ_VMEM_TA_CMD_FIFO_FULL",598834.000000,1008416347912642,1008416347963642
57,57,"Agent 1",1,44101,44101,32768,1,"gemm",512,131072,0,128,0,112,"TCC_WRITE_SECTORS",524288.000000,1008416347912642,1008416347963642
57,57,"Agent 1",1,44101,44101,32768,1,"gemm",512,131072,0,128,0,112,"TCP_TCP_TA_DATA_STALL_CYCLES",564.000000,1008416347912642,1008416347963642
57,57,"Agent 1",1,44101,44101,32768,1,"gemm",512,131072,0,128,0,112,"TCP_TCP_TA_ADDR_STALL_CYCLES",128400.000000,1008416347912642,1008416347963642
58,58,"Agent 1",1,44101,44101,32768,1,"gemm",512,131072,0,128,0,112,"SQ_INSTS_VMEM_WR",32768.000000,1008416348059763,1008416348111243
58,58,"Agent 1",1,44101,44101,32768,1,"gemm",512,131072,0,128,0,112,"SQ_VMEM_TA_CMD_FIFO_FULL",599490.000000,1008416348059763,1008416348111243
58,58,"Agent 1",1,44101,44101,32768,1,"gemm",512,131072,0,128,0,112,"TCC_WRITE_SECTORS",524288.000000,1008416348059763,1008416348111243
58,58,"Agent 1",1,44101,44101,32768,1,"gemm",512,131072,0,128,0,112,"TCP_TCP_TA_DATA_STALL_CYCLES",527.000000,1008416348059763,1008416348111243
58,58,"Agent 1",1,44101,44101,32768,1,"gemm",512,131072,0,128,0,112,"TCP_TCP_TA_ADDR_STALL_CYCLES",130502.000000,1008416348059763,1008416348111243
59,59,"Agent 1",1,44101,44101,32768,1,"gemm",512,131072,0,128,0,112,"SQ_INSTS_VMEM_WR",32768.000000,1008416348205644,1008416348257005
59,59,"Agent 1",1,44101,44101,32768,1,"gemm",512,131072,0,128,0,112,"SQ_VMEM_TA_CMD_FIFO_FULL",601508.000000,1008416348205644,1008416348257005
59,59,"Agent 1",1,44101,44101,32768,1,"gemm",512,131072,0,128,0,112,"TCC_WRITE_SECTORS",524288.000000,1008416348205644,1008416348257005
59,59,"Agent 1",1,44101,44101,32768,1,"gemm",512,131072,0,128,0,112,"TCP_TCP_TA_DATA_STALL_CYCLES",500.000000,1008416348205644,1008416348257005
59,59,"Agent 1",1,44101,44101,32768,1,"gemm",512,131072,0,128,0,112,"TCP_TCP_TA_ADDR_STALL_CYCLES",128812.000000,1008416348205644,1008416348257005
60,60,"Agent 1",1,44101,44101,32768,1,"gemm",512,131072,0,128,0,112,"SQ_INSTS_VMEM_WR",32768.000000,1008416348351205,1008416348401966
60,60,"Agent 1",1,44101,44101,32768,1,"gemm",512,131072,0,128,0,112,"SQ_VMEM_TA_CMD_FIFO_FULL",586180.000000,1008416348351205,1008416348401966
60,60,"Agent 1",1,44101,44101,32768,1,"gemm",512,131072,0,128,0,112,"TCC_WRITE_SECTORS",524288.000000,1008416348351205,1008416348401966
60,60,"Agent 1",1,44101,44101,32768,1,"gemm",512,131072,0,128,0,112,"TCP_TCP_TA_DATA_STALL_CYCLES",626.000000,1008416348351205,1008416348401966
60,60,"Agent 1",1,44101,44101,32768,1,"gemm",512,131072,0,128,0,112,"TCP_TCP_TA_ADDR_STALL_CYCLES",129527.000000,1008416348351205,1008416348401966
61,61,"Agent 1",1,44101,44101,32768,1,"gemm",512,131072,0,128,0,112,"SQ_INSTS_VMEM_WR",32768.000000,1008416348497847,1008416348548687
61,61,"Agent 1",1,44101,44101,32768,1,"gemm",512,131072,0,128,0,112,"SQ_VMEM_TA_CMD_FIFO_FULL",578971.000000,1008416348497847,1008416348548687
61,61,"Agent 1",1,44101,44101,32768,1,"gemm",512,131072,0,128,0,112,"TCC_WRITE_SECTORS",524288.000000,1008416348497847,1008416348548687
61,61,"Agent 1",1,44101,44101,32768,1,"gemm",512,131072,0,128,0,112,"TCP_TCP_TA_DATA_STALL_CYCLES",560.000000,1008416348497847,1008416348548687
61,61,"Agent 1",1,44101,44101,32768,1,"gemm",512,131072,0,128,0,112,"TCP_TCP_TA_ADDR_STALL_CYCLES",127227.000000,1008416348497847,1008416348548687
62,62,"Agent 1",1,44101,44101,32768,1,"gemm",512,131072,0,128,0,112,"SQ_INSTS_VMEM_WR",32768.000000,1008416348649288,1008416348700809
62,62,"Agent 1",1,44101,44101,32768,1,"gemm",512,131072,0,128,0,112,"SQ_VMEM_TA_CMD_FIFO_FULL",596469.000000,1008416348649288,1008416348700809
62,62,"Agent 1",1,44101,44101,32768,1,"gemm",512,131072,0,128,0,112,"TCC_WRITE_SECTORS",524288.000000,1008416348649288,1008416348700809
62,62,"Agent 1",1,44101,44101,32768,1,"gemm",512,131072,0,128,0,112,"TCP_TCP_TA_DATA_STALL_CYCLES",550.000000,1008416348649288,1008416348700809
62,62,"Agent 1",1,44101,44101,32768,1,"gemm",512,131072,0,128,0,112,"TCP_TCP_TA_ADDR_STALL_CYCLES",128470.000000,1008416348649288,1008416348700809
63,63,"Agent 1",1,44101,44101,32768,1,"gemm",512,131072,0,128,0,112,"SQ_INSTS_VMEM_WR",32768.000000,1008416348796929,1008416348848210
63,63,"Agent 1",1,44101,44101,32768,1,"gemm",512,131072,0,128,0,112,"SQ_VMEM_TA_CMD_FIFO_FULL",590248.000000,1008416348796929,1008416348848210
63,63,"Agent 1",1,44101,44101,32768,1,"gemm",512,131072,0,128,0,112,"TCC_WRITE_SECTORS",524288.000000,1008416348796929,1008416348848210
63,63,"Agent 1",1,44101,44101,32768,1,"gemm",512,131072,0,128,0,112,"TCP_TCP_TA_DATA_STALL_CYCLES",529.000000,1008416348796929,1008416348848210
63,63,"Agent 1",1,44101,44101,32768,1,"gemm",512,131072,0,128,0,112,"TCP_TCP_TA_ADDR_STALL_CYCLES",129161.000000,1008416348796929,1008416348848210
64,64,"Agent 1",1,44101,44101,32768,1,"gemm",512,131072,0,128,0,112,"SQ_INSTS_VMEM_WR",32768.000000,1008416348941771,1008416348992731
64,64,"Agent 1",1,44101,44101,32768,1,"gemm",512,131072,0,128,0,112,"SQ_VMEM_TA_CMD_FIFO_FULL",594931.000000,1008416348941771,1008416348992731
64,64,"Agent 1",1,44101,44101,32768,1,"gemm",512,131072,0,128,0,112,"TCC_WRITE_SECTORS",524288.000000,1008416348941771,1008416348992731
64,64,"Agent 1",1,44101,44101,32768,1,"gemm",512,131072,0,128,0,112,"TCP_TCP_TA_DATA_STALL_CYCLES",497.000000,1008416348941771,1008416348992731
64,64,"Agent 1",1,44101,44101,32768,1,"gemm",512,131072,0,128,0,112,"TCP_TCP_TA_ADDR_STALL_CYCLES",126519.000000,1008416348941771,1008416348992731
65,65,"Agent 1",1,44101,44101,32768,1,"gemm",512,131072,0,128,0,112,"SQ_INSTS_VMEM_WR",32768.000000,1008416349089772,1008416349140693
65,65,"Agent 1",1,44101,44101,32768,1,"gemm",512,131072,0,128,0,112,"SQ_VMEM_TA_CMD_FIFO_FULL",595780.000000,1008416349089772,1008416349140693
65,65,"Agent 1",1,44101,44101,32768,1,"gemm",512,131072,0,128,0,112,"TCC_WRITE_SECTORS",524288.000000,1008416349089772,1008416349140693
65,65,"Agent 1",1,44101,44101,32768,1,"gemm",512,131072,0,128,0,112,"TCP_TCP_TA_DATA_STALL_CYCLES",574.000000,1008416349089772,1008416349140693
65,65,"Agent 1",1,44101,44101,32768,1,"gemm",512,131072,0,128,0,112,"TCP_TCP_TA_ADDR_STALL_CYCLES",134582.000000,1008416349089772,1008416349140693
66,66,"Agent 1",1,44101,44101,32768,1,"gemm",512,131072,0,128,0,112,"SQ_INSTS_VMEM_WR",32768.000000,1008416349236413,1008416349287894
66,66,"Agent 1",1,44101,44101,32768,1,"gemm",512,131072,0,128,0,112,"SQ_VMEM_TA_CMD_FIFO_FULL",598481.000000,1008416349236413,1008416349287894
66,66,"Agent 1",1,44101,44101,32768,1,"gemm",512,131072,0,128,0,112,"TCC_WRITE_SECTORS",524288.000000,1008416349236413,1008416349287894
66,66,"Agent 1",1,44101,44101,32768,1,"gemm",512,131072,0,128,0,112,"TCP_TCP_TA_DATA_STALL_CYCLES",617.000000,1008416349236413,1008416349287894
66,66,"Agent 1",1,44101,44101,32768,1,"gemm",512,131072,0,128,0,112,"TCP_TCP_TA_ADDR_STALL_CYCLES",131789.000000,1008416349236413,1008416349287894
67,67,"Agent 1",1,44101,44101,32768,1,"gemm",512,131072,0,128,0,112,"SQ_INSTS_VMEM_WR",32768.000000,1008416349384495,1008416349435735
67,67,"Agent 1",1,44101,44101,32768,1,"gemm",512,131072,0,128,0,112,"SQ_VMEM_TA_CMD_FIFO_FULL",600075.000000,1008416349384495,1008416349435735
67,67,"Agent 1",1,44101,44101,32768,1,"gemm",512,131072,0,128,0,112,"TCC_WRITE_SECTORS",524288.000000,1008416349384495,1008416349435735
67,67,"Agent 1",1,44101,44101,32768,1,"gemm",512,131072,0,128,0,112,"TCP_TCP_TA_DATA_STALL_CYCLES",549.000000,1008416349384495,1008416349435735
67,67,"Agent 1",1,44101,44101,32768,1,"gemm",512,131072,0,128,0,112,"TCP_TCP_TA_ADDR_STALL_CYCLES",126490.000000,1008416349384495,1008416349435735
68,68,"Agent 1",1,44101,44101,32768,1,"gemm",512,131072,0,128,0,112,"SQ_INSTS_VMEM_WR",32768.000000,1008416349531056,1008416349582137
68,68,"Agent 1",1,44101,44101,32768,1,"gemm",512,131072,0,128,0,112,"SQ_VMEM_TA_CMD_FIFO_FULL",595027.000000,1008416349531056,1008416349582137
68,68,"Agent 1",1,44101,44101,32768,1,"gemm",512,131072,0,128,0,112,"TCC_WRITE_SECTORS",524288.000000,1008416349531056,1008416349582137
68,68,"Agent 1",1,44101,44101,32768,1,"gemm",512,131072,0,128,0,112,"TCP_TCP_TA_DATA_STALL_CYCLES",575.000000,1008416349531056,1008416349582137
68,68,"Agent 1",1,44101,44101,32768,1,"gemm",512,131072,0,128,0,112,"TCP_TCP_TA_ADDR_STALL_CYCLES",126439.000000,1008416349531056,1008416349582137
69,69,"Agent 1",1,44101,44101,32768,1,"gemm",512,131072,0,128,0,112,"SQ_INSTS_VMEM_WR",32768.000000,1008416349677057,1008416349728098
69,69,"Agent 1",1,44101,44101,32768,1,"gemm",512,131072,0,128,0,112,"SQ_VMEM_TA_CMD_FIFO_FULL",595525.000000,1008416349677057,1008416349728098
69,69,"Agent 1",1,44101,44101,32768,1,"gemm",512,131072,0,128,0,112,"TCC_WRITE_SECTORS",524288.000000,1008416349677057,1008416349728098
69,69,"Agent 1",1,44101,44101,32768,1,"gemm",512,131072,0,128,0,112,"TCP_TCP_TA_DATA_STALL_CYCLES",568.000000,1008416349677057,1008416349728098
69,69,"Agent 1",1,44101,44101,32768,1,"gemm",512,131072,0,128,0,112,"TCP_TCP_TA_ADDR_STALL_CYCLES",130740.000000,1008416349677057,1008416349728098
70,70,"Agent 1",1,44101,44101,32768,1,"gemm",512,131072,0,128,0,112,"SQ_INSTS_VMEM_WR",32768.000000,1008416349825019,1008416349876579
70,70,"Agent 1",1,44101,44101,32768,1,"gemm",512,131072,0,128,0,112,"SQ_VMEM_TA_CMD_FIFO_FULL",593098.000000,1008416349825019,1008416349876579
70,70,"Agent 1",1,44101,44101,32768,1,"gemm",512,131072,0,128,0,112,"TCC_WRITE_SECTORS",524288.000000,1008416349825019,1008416349876579
70,70,"Agent 1",1,44101,44101,32768,1,"gemm",512,131072,0,128,0,112,"TCP_TCP_TA_DATA_STALL_CYCLES",574.000000,1008416349825019,1008416349876579
70,70,"Agent 1",1,44101,44101,32768,1,"gemm",512,131072,0,128,0,112,"TCP_TCP_TA_ADDR_STALL_CYCLES",126241.000000,1008416349825019,1008416349876579
71,71,"Agent 1",1,44101,44101,32768,1,"gemm",512,131072,0,128,0,112,"SQ_INSTS_VMEM_WR",32768.000000,1008416349976100,1008416350027381
71,71,"Agent 1",1,44101,44101,32768,1,"gemm",512,131072,0,128,0,112,"SQ_VMEM_TA_CMD_FIFO_FULL",593416.000000,1008416349976100,1008416350027381
71,71,"Agent 1",1,44101,44101,32768,1,"gemm",512,131072,0,128,0,112,"TCC_WRITE_SECTORS",524288.000000,1008416349976100,1008416350027381
71,71,"Agent 1",1,44101,44101,32768,1,"gemm",512,131072,0,128,0,112,"TCP_TCP_TA_DATA_STALL_CYCLES",556.000000,1008416349976100,1008416350027381
71,71,"Agent 1",1,44101,44101,32768,1,"gemm",512,131072,0,128,0,112,"TCP_TCP_TA_ADDR_STALL_CYCLES",131781.000000,1008416349976100,1008416350027381
72,72,"Agent 1",1,44101,44101,32768,1,"gemm",512,131072,0,128,0,112,"SQ_INSTS_VMEM_WR",32768.000000,1008416350124821,1008416350175862
72,72,"Agent 1",1,44101,44101,32768,1,"gemm",512,131072,0,128,0,112,"SQ_VMEM_TA_CMD_FIFO_FULL",595397.000000,1008416350124821,1008416350175862
72,72,"Agent 1",1,44101,44101,32768,1,"gemm",512,131072,0,128,0,112,"TCC_WRITE_SECTORS",524288.000000,1008416350124821,1008416350175862
72,72,"Agent 1",1,44101,44101,32768,1,"gemm",512,131072,0,128,0,112,"TCP_TCP_TA_DATA_STALL_CYCLES",615.000000,1008416350124821,1008416350175862
72,72,"Agent 1",1,44101,44101,32768,1,"gemm",512,131072,0,128,0,112,"TCP_TCP_TA_ADDR_STALL_CYCLES",127261.000000,1008416350124821,1008416350175862
73,73,"Agent 1",1,44101,44101,32768,1,"gemm",512,131072,0,128,0,112,"SQ_INSTS_VMEM_WR",32768.000000,1008416350271343,1008416350322183
73,73,"Agent 1",1,44101,44101,32768,1,"gemm",512,131072,0,128,0,112,"SQ_VMEM_TA_CMD_FIFO_FULL",601969.000000,1008416350271343,1008416350322183
73,73,"Agent 1",1,44101,44101,32768,1,"gemm",512,131072,0,128,0,112,"TCC_WRITE_SECTORS",524288.000000,1008416350271343,1008416350322183
73,73,"Agent 1",1,44101,44101,32768,1,"gemm",512,131072,0,128,0,112,"TCP_TCP_TA_DATA_STALL_CYCLES",604.000000,1008416350271343,1008416350322183
73,73,"Agent 1",1,44101,44101,32768,1,"gemm",512,131072,0,128,0,112,"TCP_TCP_TA_ADDR_STALL_CYCLES",134236.000000,1008416350271343,1008416350322183
74,74,"Agent 1",1,44101,44101,32768,1,"gemm",512,131072,0,128,0,112,"SQ_INSTS_VMEM_WR",32768.000000,1008416350415344,1008416350466744
74,74,"Agent 1",1,44101,44101,32768,1,"gemm",512,131072,0,128,0,112,"SQ_VMEM_TA_CMD_FIFO_FULL",598785.000000,1008416350415344,1008416350466744
74,74,"Agent 1",1,44101,44101,32768,1,"gemm",512,131072,0,128,0,112,"TCC_WRITE_SECTORS",524288.000000,1008416350415344,1008416350466744
74,74,"Agent 1",1,44101,44101,32768,1,"gemm",512,131072,0,128,0,112,"TCP_TCP_TA_DATA_STALL_CYCLES",545.000000,1008416350415344,1008416350466744
74,74,"Agent 1",1,44101,44101,32768,1,"gemm",512,131072,0,128,0,112,"TCP_TCP_TA_ADDR_STALL_CYCLES",127713.000000,1008416350415344,1008416350466744
75,75,"Agent 1",1,44101,44101,32768,1,"gemm",512,131072,0,128,0,112,"SQ_INSTS_VMEM_WR",32768.000000,1008416350562985,1008416350614266
75,75,"Agent 1",1,44101,44101,32768,1,"gemm",512,131072,0,128,0,112,"SQ_VMEM_TA_CMD_FIFO_FULL",596077.000000,1008416350562985,1008416350614266
75,75,"Agent 1",1,44101,44101,32768,1,"gemm",512,131072,0,128,0,112,"TCC_WRITE_SECTORS",524288.000000,1008416350562985,1008416350614266
75,75,"Agent 1",1,44101,44101,32768,1,"gemm",512,131072,0,128,0,112,"TCP_TCP_TA_DATA_STALL_CYCLES",567.000000,1008416350562985,1008416350614266
75,75,"Agent 1",1,44101,44101,32768,1,"gemm",512,131072,0,128,0,112,"TCP_TCP_TA_ADDR_STALL_CYCLES",131782.000000,1008416350562985,1008416350614266
76,76,"Agent 1",1,44101,44101,32768,1,"gemm",512,131072,0,128,0,112,"SQ_INSTS_VMEM_WR",32768.000000,1008416350712547,1008416350763387
76,76,"Agent 1",1,44101,44101,32768,1,"gemm",512,131072,0,128,0,112,"SQ_VMEM_TA_CMD_FIFO_FULL",592402.000000,1008416350712547,1008416350763387
76,76,"Agent 1",1,44101,44101,32768,1,"gemm",512,131072,0,128,0,112,"TCC_WRITE_SECTORS",524288.000000,1008416350712547,1008416350763387
76,76,"Agent 1",1,44101,44101,32768,1,"gemm",512,131072,0,128,0,112,"TCP_TCP_TA_DATA_STALL_CYCLES",511.000000,1008416350712547,1008416350763387
76,76,"Agent 1",1,44101,44101,32768,1,"gemm",512,131072,0,128,0,112,"TCP_TCP_TA_ADDR_STALL_CYCLES",123403.000000,1008416350712547,1008416350763387
77,77,"Agent 1",1,44101,44101,32768,1,"gemm",512,131072,0,128,0,112,"SQ_INSTS_VMEM_WR",32768.000000,1008416350855588,1008416350906588
77,77,"Agent 1",1,44101,44101,32768,1,"gemm",512,131072,0,128,0,112,"SQ_VMEM_TA_CMD_FIFO_FULL",598406.000000,1008416350855588,1008416350906588
77,77,"Agent 1",1,44101,44101,32768,1,"gemm",512,131072,0,128,0,112,"TCC_WRITE_SECTORS",524288.000000,1008416350855588,1008416350906588
77,77,"Agent 1",1,44101,44101,32768,1,"gemm",512,131072,0,128,0,112,"TCP_TCP_TA_DATA_STALL_CYCLES",642.000000,1008416350855588,1008416350906588
77,77,"Agent 1",1,44101,44101,32768,1,"gemm",512,131072,0,128,0,112,"TCP_TCP_TA_ADDR_STALL_CYCLES",129848.000000,1008416350855588,1008416350906588
78,78,"Agent 1",1,44101,44101,32768,1,"gemm",512,131072,0,128,0,112,"SQ_INSTS_VMEM_WR",32768.000000,1008416351002709,1008416351054110
78,78,"Agent 1",1,44101,44101,32768,1,"gemm",512,131072,0,128,0,112,"SQ_VMEM_TA_CMD_FIFO_FULL",598255.000000,1008416351002709,1008416351054110
78,78,"Agent 1",1,44101,44101,32768,1,"gemm",512,131072,0,128,0,112,"TCC_WRITE_SECTORS",524288.000000,1008416351002709,1008416351054110
78,78,"Agent 1",1,44101,44101,32768,1,"gemm",512,131072,0,128,0,112,"TCP_TCP_TA_DATA_STALL_CYCLES",626.000000,1008416351002709,1008416351054110
78,78,"Agent 1",1,44101,44101,32768,1,"gemm",512,131072,0,128,0,112,"TCP_TCP_TA_ADDR_STALL_CYCLES",129069.000000,1008416351002709,1008416351054110
79,79,"Agent 1",1,44101,44101,32768,1,"gemm",512,131072,0,128,0,112,"SQ_INSTS_VMEM_WR",32768.000000,1008416351151271,1008416351202671
79,79,"Agent 1",1,44101,44101,32768,1,"gemm",512,131072,0,128,0,112,"SQ_VMEM_TA_CMD_FIFO_FULL",602420.000000,1008416351151271,1008416351202671
79,79,"Agent 1",1,44101,44101,32768,1,"gemm",512,131072,0,128,0,112,"TCC_WRITE_SECTORS",524288.000000,1008416351151271,1008416351202671
79,79,"Agent 1",1,44101,44101,32768,1,"gemm",512,131072,0,128,0,112,"TCP_TCP_TA_DATA_STALL_CYCLES",536.000000,1008416351151271,1008416351202671
79,79,"Agent 1",1,44101,44101,32768,1,"gemm",512,131072,0,128,0,112,"TCP_TCP_TA_ADDR_STALL_CYCLES",128551.000000,1008416351151271,1008416351202671
80,80,"Agent 1",1,44101,44101,32768,1,"gemm",512,131072,0,128,0,112,"SQ_INSTS_VMEM_WR",32768.000000,1008416351301272,1008416351352192
80,80,"Agent 1",1,44101,44101,32768,1,"gemm",512,131072,0,128,0,112,"SQ_VMEM_TA_CMD_FIFO_FULL",591063.000000,1008416351301272,1008416351352192
80,80,"Agent 1",1,44101,44101,32768,1,"gemm",512,131072,0,128,0,112,"TCC_WRITE_SECTORS",524288.000000,1008416351301272,1008416351352192
80,80,"Agent 1",1,44101,44101,32768,1,"gemm",512,131072,0,128,0,112,"TCP_TCP_TA_DATA_STALL_CYCLES",556.000000,1008416351301272,1008416351352192
80,80,"Agent 1",1,44101,44101,32768,1,"gemm",512,131072,0,128,0,112,"TCP_TCP_TA_ADDR_STALL_CYCLES",131414.000000,1008416351301272,1008416351352192
81,81,"Agent 1",1,44101,44101,32768,1,"gemm",512,131072,0,128,0,112,"SQ_INSTS_VMEM_WR",32768.000000,1008416351450873,1008416351501874
81,81,"Agent 1",1,44101,44101,32768,1,"gemm",512,131072,0,128,0,112,"SQ_VMEM_TA_CMD_FIFO_FULL",583553.000000,1008416351450873,1008416351501874
81,81,"Agent 1",1,44101,44101,32768,1,"gemm",512,131072,0,128,0,112,"TCC_WRITE_SECTORS",524288.000000,1008416351450873,1008416351501874
81,81,"Agent 1",1,44101,44101,32768,1,"gemm",512,131072,0,128,0,112,"TCP_TCP_TA_DATA_STALL_CYCLES",553.000000,1008416351450873,1008416351501874
81,81,"Agent 1",1,44101,44101,32768,1,"gemm",512,131072,0,128,0,112,"TCP_TCP_TA_ADDR_STALL_CYCLES",130659.000000,1008416351450873,1008416351501874
82,82,"Agent 1",1,44101,44101,32768,1,"gemm",512,131072,0,128,0,112,"SQ_INSTS_VMEM_WR",32768.000000,1008416351598475,1008416351649755
82,82,"Agent 1",1,44101,44101,32768,1,"gemm",512,131072,0,128,0,112,"SQ_VMEM_TA_CMD_FIFO_FULL",583736.000000,1008416351598475,1008416351649755
82,82,"Agent 1",1,44101,44101,32768,1,"gemm",512,131072,0,128,0,112,"TCC_WRITE_SECTORS",524288.000000,1008416351598475,1008416351649755
82,82,"Agent 1",1,44101,44101,32768,1,"gemm",512,131072,0,128,0,112,"TCP_TCP_TA_DATA_STALL_CYCLES",563.000000,1008416351598475,1008416351649755
82,82,"Agent 1",1,44101,44101,32768,1,"gemm",512,131072,0,128,0,112,"TCP_TCP_TA_ADDR_STALL_CYCLES",133683.000000,1008416351598475,1008416351649755
83,83,"Agent 1",1,44101,44101,32768,1,"gemm",512,131072,0,128,0,112,"SQ_INSTS_VMEM_WR",32768.000000,1008416351747956,1008416351799116
83,83,"Agent 1",1,44101,44101,32768,1,"gemm",512,131072,0,128,0,112,"SQ_VMEM_TA_CMD_FIFO_FULL",583216.000000,1008416351747956,1008416351799116
83,83,"Agent 1",1,44101,44101,32768,1,"gemm",512,131072,0,128,0,112,"TCC_WRITE_SECTORS",524288.000000,1008416351747956,1008416351799116
83,83,"Agent 1",1,44101,44101,32768,1,"gemm",512,131072,0,128,0,112,"TCP_TCP_TA_DATA_STALL_CYCLES",554.000000,1008416351747956,1008416351799116
83,83,"Agent 1",1,44101,44101,32768,1,"gemm",512,131072,0,128,0,112,"TCP_TCP_TA_ADDR_STALL_CYCLES",124044.000000,1008416351747956,1008416351799116
84,84,"Agent 1",1,44101,44101,32768,1,"gemm",512,131072,0,128,0,112,"SQ_INSTS_VMEM_WR",32768.000000,1008416351892357,1008416351943398
84,84,"Agent 1",1,44101,44101,32768,1,"gemm",512,131072,0,128,0,112,"SQ_VMEM_TA_CMD_FIFO_FULL",592108.000000,1008416351892357,1008416351943398
84,84,"Agent 1",1,44101,44101,32768,1,"gemm",512,131072,0,128,0,112,"TCC_WRITE_SECTORS",524288.000000,1008416351892357,1008416351943398
84,84,"Agent 1",1,44101,44101,32768,1,"gemm",512,131072,0,128,0,112,"TCP_TCP_TA_DATA_STALL_CYCLES",574.000000,1008416351892357,1008416351943398
84,84,"Agent 1",1,44101,44101,32768,1,"gemm",512,131072,0,128,0,112,"TCP_TCP_TA_ADDR_STALL_CYCLES",129104.000000,1008416351892357,1008416351943398
85,85,"Agent 1",1,44101,44101,32768,1,"gemm",512,131072,0,128,0,112,"SQ_INSTS_VMEM_WR",32768.000000,1008416352037359,1008416352088359
85,85,"Agent 1",1,44101,44101,32768,1,"gemm",512,131072,0,128,0,112,"SQ_VMEM_TA_CMD_FIFO_FULL",602181.000000,1008416352037359,1008416352088359
85,85,"Agent 1",1,44101,44101,32768,1,"gemm",512,131072,0,128,0,112,"TCC_WRITE_SECTORS",524288.000000,1008416352037359,1008416352088359
85,85,"Agent 1",1,44101,44101,32768,1,"gemm",512,131072,0,128,0,112,"TCP_TCP_TA_DATA_STALL_CYCLES",541.000000,1008416352037359,1008416352088359
85,85,"Agent 1",1,44101,44101,32768,1,"gemm",512,131072,0,128,0,112,"TCP_TCP_TA_ADDR_STALL_CYCLES",125446.000000,1008416352037359,1008416352088359
86,86,"Agent 1",1,44101,44101,32768,1,"gemm",512,131072,0,128,0,112,"SQ_INSTS_VMEM_WR",32768.000000,1008416352188480,1008416352239840
86,86,"Agent 1",1,44101,44101,32768,1,"gemm",512,131072,0,128,0,112,"SQ_VMEM_TA_CMD_FIFO_FULL",593683.000000,1008416352188480,1008416352239840
86,86,"Agent 1",1,44101,44101,32768,1,"gemm",512,131072,0,128,0,112,"TCC_WRITE_SECTORS",524288.000000,1008416352188480,1008416352239840
86,86,"Agent 1",1,44101,44101,32768,1,"gemm",512,131072,0,128,0,112,"TCP_TCP_TA_DATA_STALL_CYCLES",544.000000,1008416352188480,1008416352239840
86,86,"Agent 1",1,44101,44101,32768,1,"gemm",512,131072,0,128,0,112,"TCP_TCP_TA_ADDR_STALL_CYCLES",128830.000000,1008416352188480,1008416352239840
87,87,"Agent 1",1,44101,44101,32768,1,"gemm",512,131072,0,128,0,112,"SQ_INSTS_VMEM_WR",32768.000000,1008416352340721,1008416352392002
87,87,"Agent 1",1,44101,44101,32768,1,"gemm",512,131072,0,128,0,112,"SQ_VMEM_TA_CMD_FIFO_FULL",586627.000000,1008416352340721,1008416352392002
87,87,"Agent 1",1,44101,44101,32768,1,"gemm",512,131072,0,128,0,112,"TCC_WRITE_SECTORS",524288.000000,1008416352340721,1008416352392002
87,87,"Agent 1",1,44101,44101,32768,1,"gemm",512,131072,0,128,0,112,"TCP_TCP_TA_DATA_STALL_CYCLES",539.000000,1008416352340721,1008416352392002
87,87,"Agent 1",1,44101,44101,32768,1,"gemm",512,131072,0,128,0,112,"TCP_TCP_TA_ADDR_STALL_CYCLES",126490.000000,1008416352340721,1008416352392002
88,88,"Agent 1",1,44101,44101,32768,1,"gemm",512,131072,0,128,0,112,"SQ_INSTS_VMEM_WR",32768.000000,1008416352491203,1008416352542323
88,88,"Agent 1",1,44101,44101,32768,1,"gemm",512,131072,0,128,0,112,"SQ_VMEM_TA_CMD_FIFO_FULL",596809.000000,1008416352491203,1008416352542323
88,88,"Agent 1",1,44101,44101,32768,1,"gemm",512,131072,0,128,0,112,"TCC_WRITE_SECTORS",524288.000000,1008416352491203,1008416352542323
88,88,"Agent 1",1,44101,44101,32768,1,"gemm",512,131072,0,128,0,112,"TCP_TCP_TA_DATA_STALL_CYCLES",660.000000,1008416352491203,1008416352542323
88,88,"Agent 1",1,44101,44101,32768,1,"gemm",512,131072,0,128,0,112,"TCP_TCP_TA_ADDR_STALL_CYCLES",130519.000000,1008416352491203,1008416352542323
89,89,"Agent 1",1,44101,44101,32768,1,"gemm",512,131072,0,128,0,112,"SQ_INSTS_VMEM_WR",32768.000000,1008416352637164,1008416352688044
89,89,"Agent 1",1,44101,44101,32768,1,"gemm",512,131072,0,128,0,112,"SQ_VMEM_TA_CMD_FIFO_FULL",605431.000000,1008416352637164,1008416352688044
89,89,"Agent 1",1,44101,44101,32768,1,"gemm",512,131072,0,128,0,112,"TCC_WRITE_SECTORS",524288.000000,1008416352637164,1008416352688044
89,89,"Agent 1",1,44101,44101,32768,1,"gemm",512,131072,0,128,0,112,"TCP_TCP_TA_DATA_STALL_CYCLES",636.000000,1008416352637164,1008416352688044
89,89,"Agent 1",1,44101,44101,32768,1,"gemm",512,131072,0,128,0,112,"TCP_TCP_TA_ADDR_STALL_CYCLES",131356.000000,1008416352637164,1008416352688044
90,90,"Agent 1",1,44101,44101,32768,1,"gemm",512,131072,0,128,0,112,"SQ_INSTS_VMEM_WR",32768.000000,1008416352785445,1008416352837006
90,90,"Agent 1",1,44101,44101,32768,1,"gemm",512,131072,0,128,0,112,"SQ_VMEM_TA_CMD_FIFO_FULL",600418.000000,1008416352785445,1008416352837006
90,90,"Agent 1",1,44101,44101,32768,1,"gemm",512,131072,0,128,0,112,"TCC_WRITE_SECTORS",524288.000000,1008416352785445,1008416352837006
90,90,"Agent 1",1,44101,44101,32768,1,"gemm",512,131072,0,128,0,112,"TCP_TCP_TA_DATA_STALL_CYCLES",528.000000,1008416352785445,1008416352837006
90,90,"Agent 1",1,44101,44101,32768,1,"gemm",512,131072,0,128,0,112,"TCP_TCP_TA_ADDR_STALL_CYCLES",124778.000000,1008416352785445,1008416352837006
91,91,"Agent 1",1,44101,44101,32768,1,"gemm",512,131072,0,128,0,112,"SQ_INSTS_VMEM_WR",32768.000000,1008416352936527,1008416352987727
91,91,"Agent 1",1,44101,44101,32768,1,"gemm",512,131072,0,128,0,112,"SQ_VMEM_TA_CMD_FIFO_FULL",610402.000000,1008416352936527,1008416352987727
91,91,"Agent 1",1,44101,44101,32768,1,"gemm",512,131072,0,128,0,112,"TCC_WRITE_SECTORS",524288.000000,1008416352936527,1008416352987727
91,91,"Agent 1",1,44101,44101,32768,1,"gemm",512,131072,0,128,0,112,"TCP_TCP_TA_DATA_STALL_CYCLES",530.000000,1008416352936527,1008416352987727
91,91,"Agent 1",1,44101,44101,32768,1,"gemm",512,131072,0,128,0,112,"TCP_TCP_TA_ADDR_STALL_CYCLES",132105.000000,1008416352936527,1008416352987727
92,92,"Agent 1",1,44101,44101,32768,1,"gemm",512,131072,0,128,0,112,"SQ_INSTS_VMEM_WR",32768.000000,1008416353080368,1008416353131408
92,92,"Agent 1",1,44101,44101,32768,1,"gemm",512,131072,0,128,0,112,"SQ_VMEM_TA_CMD_FIFO_FULL",604008.000000,1008416353080368,1008416353131408
92,92,"Agent 1",1,44101,44101,32768,1,"gemm",512,131072,0,128,0,112,"TCC_WRITE_SECTORS",524288.000000,1008416353080368,1008416353131408
92,92,"Agent 1",1,44101,44101,32768,1,"gemm",512,131072,0,128,0,112,"TCP_TCP_TA_DATA_STALL_CYCLES",522.000000,1008416353080368,1008416353131408
92,92,"Agent 1",1,44101,44101,32768,1,"gemm",512,131072,0,128,0,112,"TCP_TCP_TA_ADDR_STALL_CYCLES",123449.000000,1008416353080368,1008416353131408
93,93,"Agent 1",1,44101,44101,32768,1,"gemm",512,131072,0,128,0,112,"SQ_INSTS_VMEM_WR",32768.000000,1008416353227089,1008416353278050
93,93,"Agent 1",1,44101,44101,32768,1,"gemm",512,131072,0,128,0,112,"SQ_VMEM_TA_CMD_FIFO_FULL",602076.000000,1008416353227089,1008416353278050
93,93,"Agent 1",1,44101,44101,32768,1,"gemm",512,131072,0,128,0,112,"TCC_WRITE_SECTORS",524288.000000,1008416353227089,1008416353278050
93,93,"Agent 1",1,44101,44101,32768,1,"gemm",512,131072,0,128,0,112,"TCP_TCP_TA_DATA_STALL_CYCLES",574.000000,1008416353227089,1008416353278050
93,93,"Agent 1",1,44101,44101,32768,1,"gemm",512,131072,0,128,0,112,"TCP_TCP_TA_ADDR_STALL_CYCLES",131825.000000,1008416353227089,1008416353278050
94,94,"Agent 1",1,44101,44101,32768,1,"gemm",512,131072,0,128,0,112,"SQ_INSTS_VMEM_WR",32768.000000,1008416353379091,1008416353430651
94,94,"Agent 1",1,44101,44101,32768,1,"gemm",512,131072,0,128,0,112,"SQ_VMEM_TA_CMD_FIFO_FULL",588118.000000,1008416353379091,1008416353430651
94,94,"Agent 1",1,44101,44101,32768,1,"gemm",512,131072,0,128,0,112,"TCC_WRITE_SECTORS",524288.000000,1008416353379091,1008416353430651
94,94,"Agent 1",1,44101,44101,32768,1,"gemm",512,131072,0,128,0,112,"TCP_TCP_TA_DATA_STALL_CYCLES",599.000000,1008416353379091,1008416353430651
94,94,"Agent 1",1,44101,44101,32768,1,"gemm",512,131072,0,128,0,112,"TCP_TCP_TA_ADDR_STALL_CYCLES",130065.000000,1008416353379091,1008416353430651
95,95,"Agent 1",1,44101,44101,32768,1,"gemm",512,131072,0,128,0,112,"SQ_INSTS_VMEM_WR",32768.000000,1008416353523732,1008416353575012
95,95,"Agent 1",1,44101,44101,32768,1,"gemm",512,131072,0,128,0,112,"SQ_VMEM_TA_CMD_FIFO_FULL",592256.000000,1008416353523732,1008416353575012
95,95,"Agent 1",1,44101,44101,32768,1,"gemm",512,131072,0,128,0,112,"TCC_WRITE_SECTORS",524288.000000,1008416353523732,1008416353575012
95,95,"Agent 1",1,44101,44101,32768,1,"gemm",512,131072,0,128,0,112,"TCP_TCP_TA_DATA_STALL_CYCLES",537.000000,1008416353523732,1008416353575012
95,95,"Agent 1",1,44101,44101,32768,1,"gemm",512,131072,0,128,0,112,"TCP_TCP_TA_ADDR_STALL_CYCLES",125810.000000,1008416353523732,1008416353575012
96,96,"Agent 1",1,44101,44101,32768,1,"gemm",512,131072,0,128,0,112,"SQ_INSTS_VMEM_WR",32768.000000,1008416353670813,1008416353721814
96,96,"Agent 1",1,44101,44101,32768,1,"gemm",512,131072,0,128,0,112,"SQ_VMEM_TA_CMD_FIFO_FULL",590589.000000,1008416353670813,1008416353721814
96,96,"Agent 1",1,44101,44101,32768,1,"gemm",512,131072,0,128,0,112,"TCC_WRITE_SECTORS",524288.000000,1008416353670813,1008416353721814
96,96,"Agent 1",1,44101,44101,32768,1,"gemm",512,131072,0,128,0,112,"TCP_TCP_TA_DATA_STALL_CYCLES",581.000000,1008416353670813,1008416353721814
96,96,"Agent 1",1,44101,44101,32768,1,"gemm",512,131072,0,128,0,112,"TCP_TCP_TA_ADDR_STALL_CYCLES",130276.000000,1008416353670813,1008416353721814
97,97,"Agent 1",1,44101,44101,32768,1,"gemm",512,131072,0,128,0,112,"SQ_INSTS_VMEM_WR",32768.000000,1008416353819735,1008416353870615
97,97,"Agent 1",1,44101,44101,32768,1,"gemm",512,131072,0,128,0,112,"SQ_VMEM_TA_CMD_FIFO_FULL",605013.000000,1008416353819735,1008416353870615
97,97,"Agent 1",1,44101,44101,32768,1,"gemm",512,131072,0,128,0,112,"TCC_WRITE_SECTORS",524288.000000,1008416353819735,1008416353870615
97,97,"Agent 1",1,44101,44101,32768,1,"gemm",512,131072,0,128,0,112,"TCP_TCP_TA_DATA_STALL_CYCLES",614.000000,1008416353819735,1008416353870615
97,97,"Agent 1",1,44101,44101,32768,1,"gemm",512,131072,0,128,0,112,"TCP_TCP_TA_ADDR_STALL_CYCLES",130601.000000,1008416353819735,1008416353870615
98,98,"Agent 1",1,44101,44101,32768,1,"gemm",512,131072,0,128,0,112,"SQ_INSTS_VMEM_WR",32768.000000,1008416353966216,1008416354017696
98,98,"Agent 1",1,44101,44101,32768,1,"gemm",512,131072,0,128,0,112,"SQ_VMEM_TA_CMD_FIFO_FULL",593221.000000,1008416353966216,1008416354017696
98,98,"Agent 1",1,44101,44101,32768,1,"gemm",512,131072,0,128,0,112,"TCC_WRITE_SECTORS",524288.000000,1008416353966216,1008416354017696
98,98,"Agent 1",1,44101,44101,32768,1,"gemm",512,131072,0,128,0,112,"TCP_TCP_TA_DATA_STALL_CYCLES",573.000000,1008416353966216,1008416354017696
98,98,"Agent 1",1,44101,44101,32768,1,"gemm",512,131072,0,128,0,112,"TCP_TCP_TA_ADDR_STALL_CYCLES",127108.000000,1008416353966216,1008416354017696
99,99,"Agent 1",1,44101,44101,32768,1,"gemm",512,131072,0,128,0,112,"SQ_INSTS_VMEM_WR",32768.000000,1008416354112017,1008416354163378
99,99,"Agent 1",1,44101,44101,32768,1,"gemm",512,131072,0,128,0,112,"SQ_VMEM_TA_CMD_FIFO_FULL",595233.000000,1008416354112017,1008416354163378
99,99,"Agent 1",1,44101,44101,32768,1,"gemm",512,131072,0,128,0,112,"TCC_WRITE_SECTORS",524288.000000,1008416354112017,1008416354163378
99,99,"Agent 1",1,44101,44101,32768,1,"gemm",512,131072,0,128,0,112,"TCP_TCP_TA_DATA_STALL_CYCLES",581.000000,1008416354112017,1008416354163378
99,99,"Agent 1",1,44101,44101,32768,1,"gemm",512,131072,0,128,0,112,"TCP_TCP_TA_ADDR_STALL_CYCLES",128672.000000,1008416354112017,1008416354163378
100,100,"Agent 1",1,44101,44101,32768,1,"gemm",512,131072,0,128,0,112,"SQ_INSTS_VMEM_WR",32768.000000,1008416354267259,1008416354318299
100,100,"Agent 1",1,44101,44101,32768,1,"gemm",512,131072,0,128,0,112,"SQ_VMEM_TA_CMD_FIFO_FULL",599489.000000,1008416354267259,1008416354318299
100,100,"Agent 1",1,44101,44101,32768,1,"gemm",512,131072,0,128,0,112,"TCC_WRITE_SECTORS",524288.000000,1008416354267259,1008416354318299
100,100,"Agent 1",1,44101,44101,32768,1,"gemm",512,131072,0,128,0,112,"TCP_TCP_TA_DATA_STALL_CYCLES",567.000000,1008416354267259,1008416354318299
100,100,"Agent 1",1,44101,44101,32768,1,"gemm",512,131072,0,128,0,112,"TCP_TCP_TA_ADDR_STALL_CYCLES",130555.000000,1008416354267259,1008416354318299
101,101,"Agent 1",1,44101,44101,32768,1,"gemm",512,131072,0,128,0,112,"SQ_INSTS_VMEM_WR",32768.000000,1008416354412460,1008416354463500
101,101,"Agent 1",1,44101,44101,32768,1,"gemm",512,131072,0,128,0,112,"SQ_VMEM_TA_CMD_FIFO_FULL",595981.000000,1008416354412460,1008416354463500
101,101,"Agent 1",1,44101,44101,32768,1,"gemm",512,131072,0,128,0,112,"TCC_WRITE_SECTORS",524288.000000,1008416354412460,1008416354463500
101,101,"Agent 1",1,44101,44101,32768,1,"gemm",512,131072,0,128,0,112,"TCP_TCP_TA_DATA_STALL_CYCLES",581.000000,1008416354412460,1008416354463500
101,101,"Agent 1",1,44101,44101,32768,1,"gemm",512,131072,0,128,0,112,"TCP_TCP_TA_ADDR_STALL_CYCLES",131449.000000,1008416354412460,1008416354463500
102,102,"Agent 1",1,44101,44101,32768,1,"gemm",512,131072,0,128,0,112,"SQ_INSTS_VMEM_WR",32768.000000,1008416354561301,1008416354612942
102,102,"Agent 1",1,44101,44101,32768,1,"gemm",512,131072,0,128,0,112,"SQ_VMEM_TA_CMD_FIFO_FULL",595592.000000,1008416354561301,1008416354612942
102,102,"Agent 1",1,44101,44101,32768,1,"gemm",512,131072,0,128,0,112,"TCC_WRITE_SECTORS",524288.000000,1008416354561301,1008416354612942
102,102,"Agent 1",1,44101,44101,32768,1,"gemm",512,131072,0,128,0,112,"TCP_TCP_TA_DATA_STALL_CYCLES",526.000000,1008416354561301,1008416354612942
102,102,"Agent 1",1,44101,44101,32768,1,"gemm",512,131072,0,128,0,112,"TCP_TCP_TA_ADDR_STALL_CYCLES",122595.000000,1008416354561301,1008416354612942
103,103,"Agent 1",1,44101,44101,32768,1,"gemm",512,131072,0,128,0,112,"SQ_INSTS_VMEM_WR",32768.000000,1008416354708062,1008416354759343
103,103,"Agent 1",1,44101,44101,32768,1,"gemm",512,131072,0,128,0,112,"SQ_VMEM_TA_CMD_FIFO_FULL",601994.000000,1008416354708062,1008416354759343
103,103,"Agent 1",1,44101,44101,32768,1,"gemm",512,131072,0,128,0,112,"TCC_WRITE_SECTORS",524288.000000,1008416354708062,1008416354759343
103,103,"Agent 1",1,44101,44101,32768,1,"gemm",512,131072,0,128,0,112,"TCP_TCP_TA_DATA_STALL_CYCLES",499.000000,1008416354708062,1008416354759343
103,103,"Agent 1",1,44101,44101,32768,1,"gemm",512,131072,0,128,0,112,"TCP_TCP_TA_ADDR_STALL_CYCLES",126352.000000,1008416354708062,1008416354759343
104,104,"Agent 1",1,44101,44101,32768,1,"gemm",512,131072,0,128,0,112,"SQ_INSTS_VMEM_WR",32768.000000,1008416354856224,1008416354907264
104,104,"Agent 1",1,44101,44101,32768,1,"gemm",512,131072,0,128,0,112,"SQ_VMEM_TA_CMD_FIFO_FULL",594903.000000,1008416354856224,1008416354907264
104,104,"Agent 1",1,44101,44101,32768,1,"gemm",512,131072,0,128,0,112,"TCC_WRITE_SECTORS",524288.000000,1008416354856224,1008416354907264
104,104,"Agent 1",1,44101,44101,32768,1,"gemm",512,131072,0,128,0,112,"TCP_TCP_TA_DATA_STALL_CYCLES",570.000000,1008416354856224,1008416354907264
104,104,"Agent 1",1,44101,44101,32768,1,"gemm",512,131072,0,128,0,112,"TCP_TCP_TA_ADDR_STALL_CYCLES",130849.000000,1008416354856224,1008416354907264
105,105,"Agent 1",1,44101,44101,32768,1,"gemm",512,131072,0,128,0,112,"SQ_INSTS_VMEM_WR",32768.000000,1008416355006545,1008416355057386
105,105,"Agent 1",1,44101,44101,32768,1,"gemm",512,131072,0,128,0,112,"SQ_VMEM_TA_CMD_FIFO_FULL",591489.000000,1008416355006545,1008416355057386
105,105,"Agent 1",1,44101,44101,32768,1,"gemm",512,131072,0,128,0,112,"TCC_WRITE_SECTORS",524288.000000,1008416355006545,1008416355057386
105,105,"Agent 1",1,44101,44101,32768,1,"gemm",512,131072,0,128,0,112,"TCP_TCP_TA_DATA_STALL_CYCLES",555.000000,1008416355006545,1008416355057386
105,105,"Agent 1",1,44101,44101,32768,1,"gemm",512,131072,0,128,0,112,"TCP_TCP_TA_ADDR_STALL_CYCLES",129982.000000,1008416355006545,1008416355057386
106,106,"Agent 1",1,44101,44101,32768,1,"gemm",512,131072,0,128,0,112,"SQ_INSTS_VMEM_WR",32768.000000,1008416355154706,1008416355206387
106,106,"Agent 1",1,44101,44101,32768,1,"gemm",512,131072,0,128,0,112,"SQ_VMEM_TA_CMD_FIFO_FULL",599361.000000,1008416355154706,1008416355206387
106,106,"Agent 1",1,44101,44101,32768,1,"gemm",512,131072,0,128,0,112,"TCC_WRITE_SECTORS",524288.000000,1008416355154706,1008416355206387
106,106,"Agent 1",1,44101,44101,32768,1,"gemm",512,131072,0,128,0,112,"TCP_TCP_TA_DATA_STALL_CYCLES",559.000000,1008416355154706,1008416355206387
106,106,"Agent 1",1,44101,44101,32768,1,"gemm",512,131072,0,128,0,112,"TCP_TCP_TA_ADDR_STALL_CYCLES",129306.000000,1008416355154706,1008416355206387
107,107,"Agent 1",1,44101,44101,32768,1,"gemm",512,131072,0,128,0,112,"SQ_INSTS_VMEM_WR",32768.000000,1008416355304588,1008416355356068
107,107,"Agent 1",1,44101,44101,32768,1,"gemm",512,131072,0,128,0,112,"SQ_VMEM_TA_CMD_FIFO_FULL",594216.000000,1008416355304588,1008416355356068
107,107,"Agent 1",1,44101,44101,32768,1,"gemm",512,131072,0,128,0,112,"TCC_WRITE_SECTORS",524288.000000,1008416355304588,1008416355356068
107,107,"Agent 1",1,44101,44101,32768,1,"gemm",512,131072,0,128,0,112,"TCP_TCP_TA_DATA_STALL_CYCLES",538.000000,1008416355304588,1008416355356068
107,107,"Agent 1",1,44101,44101,32768,1,"gemm",512,131072,0,128,0,112,"TCP_TCP_TA_ADDR_STALL_CYCLES",128161.000000,1008416355304588,1008416355356068
108,108,"Agent 1",1,44101,44101,32768,1,"gemm",512,131072,0,128,0,112,"SQ_INSTS_VMEM_WR",32768.000000,1008416355456709,1008416355507510
108,108,"Agent 1",1,44101,44101,32768,1,"gemm",512,131072,0,128,0,112,"SQ_VMEM_TA_CMD_FIFO_FULL",597096.000000,1008416355456709,1008416355507510
108,108,"Agent 1",1,44101,44101,32768,1,"gemm",512,131072,0,128,0,112,"TCC_WRITE_SECTORS",524288.000000,1008416355456709,1008416355507510
108,108,"Agent 1",1,44101,44101,32768,1,"gemm",512,131072,0,128,0,112,"TCP_TCP_TA_DATA_STALL_CYCLES",560.000000,1008416355456709,1008416355507510
108,108,"Agent 1",1,44101,44101,32768,1,"gemm",512,131072,0,128,0,112,"TCP_TCP_TA_ADDR_STALL_CYCLES",128437.000000,1008416355456709,1008416355507510
109,109,"Agent 1",1,44101,44101,32768,1,"gemm",512,131072,0,128,0,112,"SQ_INSTS_VMEM_WR",32768.000000,1008416355601710,1008416355652831
109,109,"Agent 1",1,44101,44101,32768,1,"gemm",512,131072,0,128,0,112,"SQ_VMEM_TA_CMD_FIFO_FULL",599321.000000,1008416355601710,1008416355652831
109,109,"Agent 1",1,44101,44101,32768,1,"gemm",512,131072,0,128,0,112,"TCC_WRITE_SECTORS",524288.000000,1008416355601710,1008416355652831
109,109,"Agent 1",1,44101,44101,32768,1,"gemm",512,131072,0,128,0,112,"TCP_TCP_TA_DATA_STALL_CYCLES",586.000000,1008416355601710,1008416355652831
109,109,"Agent 1",1,44101,44101,32768,1,"gemm",512,131072,0,128,0,112,"TCP_TCP_TA_ADDR_STALL_CYCLES",132494.000000,1008416355601710,1008416355652831
110,110,"Agent 1",1,44101,44101,32768,1,"gemm",512,131072,0,128,0,112,"SQ_INSTS_VMEM_WR",32768.000000,1008416355751952,1008416355803432
110,110,"Agent 1",1,44101,44101,32768,1,"gemm",512,131072,0,128,0,112,"SQ_VMEM_TA_CMD_FIFO_FULL",606179.000000,1008416355751952,1008416355803432
110,110,"Agent 1",1,44101,44101,32768,1,"gemm",512,131072,0,128,0,112,"TCC_WRITE_SECTORS",524288.000000,1008416355751952,1008416355803432
110,110,"Agent 1",1,44101,44101,32768,1,"gemm",512,131072,0,128,0,112,"TCP_TCP_TA_DATA_STALL_CYCLES",591.000000,1008416355751952,1008416355803432
110,110,"Agent 1",1,44101,44101,32768,1,"gemm",512,131072,0,128,0,112,"TCP_TCP_TA_ADDR_STALL_CYCLES",125267.000000,1008416355751952,1008416355803432
111,111,"Agent 1",1,44101,44101,32768,1,"gemm",512,131072,0,128,0,112,"SQ_INSTS_VMEM_WR",32768.000000,1008416355908073,1008416355959394
111,111,"Agent 1",1,44101,44101,32768,1,"gemm",512,131072,0,128,0,112,"SQ_VMEM_TA_CMD_FIFO_FULL",601147.000000,1008416355908073,1008416355959394
111,111,"Agent 1",1,44101,44101,32768,1,"gemm",512,131072,0,128,0,112,"TCC_WRITE_SECTORS",524288.000000,1008416355908073,1008416355959394
111,111,"Agent 1",1,44101,44101,32768,1,"gemm",512,131072,0,128,0,112,"TCP_TCP_TA_DATA_STALL_CYCLES",554.000000,1008416355908073,1008416355959394
111,111,"Agent 1",1,44101,44101,32768,1,"gemm",512,131072,0,128,0,112,"TCP_TCP_TA_ADDR_STALL_CYCLES",129311.000000,1008416355908073,1008416355959394
112,112,"Agent 1",1,44101,44101,32768,1,"gemm",512,131072,0,128,0,112,"SQ_INSTS_VMEM_WR",32768.000000,1008416356057395,1008416356108115
112,112,"Agent 1",1,44101,44101,32768,1,"gemm",512,131072,0,128,0,112,"SQ_VMEM_TA_CMD_FIFO_FULL",584190.000000,1008416356057395,1008416356108115
112,112,"Agent 1",1,44101,44101,32768,1,"gemm",512,131072,0,128,0,112,"TCC_WRITE_SECTORS",524288.000000,1008416356057395,1008416356108115
112,112,"Agent 1",1,44101,44101,32768,1,"gemm",512,131072,0,128,0,112,"TCP_TCP_TA_DATA_STALL_CYCLES",557.000000,1008416356057395,1008416356108115
112,112,"Agent 1",1,44101,44101,32768,1,"gemm",512,131072,0,128,0,112,"TCP_TCP_TA_ADDR_STALL_CYCLES",126490.000000,1008416356057395,1008416356108115
113,113,"Agent 1",1,44101,44101,32768,1,"gemm",512,131072,0,128,0,112,"SQ_INSTS_VMEM_WR",32768.000000,1008416356208196,1008416356259036
113,113,"Agent 1",1,44101,44101,32768,1,"gemm",512,131072,0,128,0,112,"SQ_VMEM_TA_CMD_FIFO_FULL",573194.000000,1008416356208196,1008416356259036
113,113,"Agent 1",1,44101,44101,32768,1,"gemm",512,131072,0,128,0,112,"TCC_WRITE_SECTORS",524288.000000,1008416356208196,1008416356259036
113,113,"Agent 1",1,44101,44101,32768,1,"gemm",512,131072,0,128,0,112,"TCP_TCP_TA_DATA_STALL_CYCLES",626.000000,1008416356208196,1008416356259036
113,113,"Agent 1",1,44101,44101,32768,1,"gemm",512,131072,0,128,0,112,"TCP_TCP_TA_ADDR_STALL_CYCLES",129108.000000,1008416356208196,1008416356259036
114,114,"Agent 1",1,44101,44101,32768,1,"gemm",512,131072,0,128,0,112,"SQ_INSTS_VMEM_WR",32768.000000,1008416356356317,1008416356407958
114,114,"Agent 1",1,44101,44101,32768,1,"gemm",512,131072,0,128,0,112,"SQ_VMEM_TA_CMD_FIFO_FULL",583930.000000,1008416356356317,1008416356407958
114,114,"Agent 1",1,44101,44101,32768,1,"gemm",512,131072,0,128,0,112,"TCC_WRITE_SECTORS",524288.000000,1008416356356317,1008416356407958
114,114,"Agent 1",1,44101,44101,32768,1,"gemm",512,131072,0,128,0,112,"TCP_TCP_TA_DATA_STALL_CYCLES",511.000000,1008416356356317,1008416356407958
114,114,"Agent 1",1,44101,44101,32768,1,"gemm",512,131072,0,128,0,112,"TCP_TCP_TA_ADDR_STALL_CYCLES",122069.000000,1008416356356317,1008416356407958
115,115,"Agent 1",1,44101,44101,32768,1,"gemm",512,131072,0,128,0,112,"SQ_INSTS_VMEM_WR",32768.000000,1008416356506679,1008416356557879
115,115,"Agent 1",1,44101,44101,32768,1,"gemm",512,131072,0,128,0,112,"SQ_VMEM_TA_CMD_FIFO_FULL",588582.000000,1008416356506679,1008416356557879
115,115,"Agent 1",1,44101,44101,32768,1,"gemm",512,131072,0,128,0,112,"TCC_WRITE_SECTORS",524288.000000,1008416356506679,1008416356557879
115,115,"Agent 1",1,44101,44101,32768,1,"gemm",512,131072,0,128,0,112,"TCP_TCP_TA_DATA_STALL_CYCLES",514.000000,1008416356506679,1008416356557879
115,115,"Agent 1",1,44101,44101,32768,1,"gemm",512,131072,0,128,0,112,"TCP_TCP_TA_ADDR_STALL_CYCLES",127931.000000,1008416356506679,1008416356557879
116,116,"Agent 1",1,44101,44101,32768,1,"gemm",512,131072,0,128,0,112,"SQ_INSTS_VMEM_WR",32768.000000,1008416356656520,1008416356707480
116,116,"Agent 1",1,44101,44101,32768,1,"gemm",512,131072,0,128,0,112,"SQ_VMEM_TA_CMD_FIFO_FULL",585275.000000,1008416356656520,1008416356707480
116,116,"Agent 1",1,44101,44101,32768,1,"gemm",512,131072,0,128,0,112,"TCC_WRITE_SECTORS",524288.000000,1008416356656520,1008416356707480
116,116,"Agent 1",1,44101,44101,32768,1,"gemm",512,131072,0,128,0,112,"TCP_TCP_TA_DATA_STALL_CYCLES",579.000000,1008416356656520,1008416356707480
116,116,"Agent 1",1,44101,44101,32768,1,"gemm",512,131072,0,128,0,112,"TCP_TCP_TA_ADDR_STALL_CYCLES",128093.000000,1008416356656520,1008416356707480
117,117,"Agent 1",1,44101,44101,32768,1,"gemm",512,131072,0,128,0,112,"SQ_INSTS_VMEM_WR",32768.000000,1008416356813161,1008416356864162
117,117,"Agent 1",1,44101,44101,32768,1,"gemm",512,131072,0,128,0,112,"SQ_VMEM_TA_CMD_FIFO_FULL",605187.000000,1008416356813161,1008416356864162
117,117,"Agent 1",1,44101,44101,32768,1,"gemm",512,131072,0,128,0,112,"TCC_WRITE_SECTORS",524288.000000,1008416356813161,1008416356864162
117,117,"Agent 1",1,44101,44101,32768,1,"gemm",512,131072,0,128,0,112,"TCP_TCP_TA_DATA_STALL_CYCLES",573.000000,1008416356813161,1008416356864162
117,117,"Agent 1",1,44101,44101,32768,1,"gemm",512,131072,0,128,0,112,"TCP_TCP_TA_ADDR_STALL_CYCLES",130310.000000,1008416356813161,1008416356864162
118,118,"Agent 1",1,44101,44101,32768,1,"gemm",512,131072,0,128,0,112,"SQ_INSTS_VMEM_WR",32768.000000,1008416356963083,1008416357014563
118,118,"Agent 1",1,44101,44101,32768,1,"gemm",512,131072,0,128,0,112,"SQ_VMEM_TA_CMD_FIFO_FULL",591050.000000,1008416356963083,1008416357014563
118,118,"Agent 1",1,44101,44101,32768,1,"gemm",512,131072,0,128,0,112,"TCC_WRITE_SECTORS",524288.000000,1008416356963083,1008416357014563
118,118,"Agent 1",1,44101,44101,32768,1,"gemm",512,131072,0,128,0,112,"TCP_TCP_TA_DATA_STALL_CYCLES",540.000000,1008416356963083,1008416357014563
118,118,"Agent 1",1,44101,44101,32768,1,"gemm",512,131072,0,128,0,112,"TCP_TCP_TA_ADDR_STALL_CYCLES",121317.000000,1008416356963083,1008416357014563
119,119,"Agent 1",1,44101,44101,32768,1,"gemm",512,131072,0,128,0,112,"SQ_INSTS_VMEM_WR",32768.000000,1008416357112564,1008416357163844
119,119,"Agent 1",1,44101,44101,32768,1,"gemm",512,131072,0,128,0,112,"SQ_VMEM_TA_CMD_FIFO_FULL",596679.000000,1008416357112564,1008416357163844
119,119,"Agent 1",1,44101,44101,32768,1,"gemm",512,131072,0,128,0,112,"TCC_WRITE_SECTORS",524288.000000,1008416357112564,1008416357163844
119,119,"Agent 1",1,44101,44101,32768,1,"gemm",512,131072,0,128,0,112,"TCP_TCP_TA_DATA_STALL_CYCLES",559.000000,1008416357112564,1008416357163844
119,119,"Agent 1",1,44101,44101,32768,1,"gemm",512,131072,0,128,0,112,"TCP_TCP_TA_ADDR_STALL_CYCLES",127624.000000,1008416357112564,1008416357163844
120,120,"Agent 1",1,44101,44101,32768,1,"gemm",512,131072,0,128,0,112,"SQ_INSTS_VMEM_WR",32768.000000,1008416357262285,1008416357313166
120,120,"Agent 1",1,44101,44101,32768,1,"gemm",512,131072,0,128,0,112,"SQ_VMEM_TA_CMD_FIFO_FULL",591904.000000,1008416357262285,1008416357313166
120,120,"Agent 1",1,44101,44101,32768,1,"gemm",512,131072,0,128,0,112,"TCC_WRITE_SECTORS",524288.000000,1008416357262285,1008416357313166
120,120,"Agent 1",1,44101,44101,32768,1,"gemm",512,131072,0,128,0,112,"TCP_TCP_TA_DATA_STALL_CYCLES",512.000000,1008416357262285,1008416357313166
120,120,"Agent 1",1,44101,44101,32768,1,"gemm",512,131072,0,128,0,112,"TCP_TCP_TA_ADDR_STALL_CYCLES",125290.000000,1008416357262285,1008416357313166
121,121,"Agent 1",1,44101,44101,32768,1,"gemm",512,131072,0,128,0,112,"SQ_INSTS_VMEM_WR",32768.000000,1008416357411127,1008416357462167
121,121,"Agent 1",1,44101,44101,32768,1,"gemm",512,131072,0,128,0,112,"SQ_VMEM_TA_CMD_FIFO_FULL",602199.000000,1008416357411127,1008416357462167
121,121,"Agent 1",1,44101,44101,32768,1,"gemm",512,131072,0,128,0,112,"TCC_WRITE_SECTORS",524288.000000,1008416357411127,1008416357462167
121,121,"Agent 1",1,44101,44101,32768,1,"gemm",512,131072,0,128,0,112,"TCP_TCP_TA_DATA_STALL_CYCLES",545.000000,1008416357411127,1008416357462167
121,121,"Agent 1",1,44101,44101,32768,1,"gemm",512,131072,0,128,0,112,"TCP_TCP_TA_ADDR_STALL_CYCLES",127279.000000,1008416357411127,1008416357462167
122,122,"Agent 1",1,44101,44101,32768,1,"gemm",512,131072,0,128,0,112,"SQ_INSTS_VMEM_WR",32768.000000,1008416357562088,1008416357613649
122,122,"Agent 1",1,44101,44101,32768,1,"gemm",512,131072,0,128,0,112,"SQ_VMEM_TA_CMD_FIFO_FULL",593604.000000,1008416357562088,1008416357613649
122,122,"Agent 1",1,44101,44101,32768,1,"gemm",512,131072,0,128,0,112,"TCC_WRITE_SECTORS",524288.000000,1008416357562088,1008416357613649
122,122,"Agent 1",1,44101,44101,32768,1,"gemm",512,131072,0,128,0,112,"TCP_TCP_TA_DATA_STALL_CYCLES",584.000000,1008416357562088,1008416357613649
122,122,"Agent 1",1,44101,44101,32768,1,"gemm",512,131072,0,128,0,112,"TCP_TCP_TA_ADDR_STALL_CYCLES",129817.000000,1008416357562088,1008416357613649
123,123,"Agent 1",1,44101,44101,32768,1,"gemm",512,131072,0,128,0,112,"SQ_INSTS_VMEM_WR",32768.000000,1008416357711569,1008416357762890
123,123,"Agent 1",1,44101,44101,32768,1,"gemm",512,131072,0,128,0,112,"SQ_VMEM_TA_CMD_FIFO_FULL",599336.000000,1008416357711569,1008416357762890
123,123,"Agent 1",1,44101,44101,32768,1,"gemm",512,131072,0,128,0,112,"TCC_WRITE_SECTORS",524288.000000,1008416357711569,1008416357762890
123,123,"Agent 1",1,44101,44101,32768,1,"gemm",512,131072,0,128,0,112,"TCP_TCP_TA_DATA_STALL_CYCLES",552.000000,1008416357711569,1008416357762890
123,123,"Agent 1",1,44101,44101,32768,1,"gemm",512,131072,0,128,0,112,"TCP_TCP_TA_ADDR_STALL_CYCLES",132674.000000,1008416357711569,1008416357762890
124,124,"Agent 1",1,44101,44101,32768,1,"gemm",512,131072,0,128,0,112,"SQ_INSTS_VMEM_WR",32768.000000,1008416357860931,1008416357912051
124,124,"Agent 1",1,44101,44101,32768,1,"gemm",512,131072,0,128,0,112,"SQ_VMEM_TA_CMD_FIFO_FULL",597516.000000,1008416357860931,1008416357912051
124,124,"Agent 1",1,44101,44101,32768,1,"gemm",512,131072,0,128,0,112,"TCC_WRITE_SECTORS",524288.000000,1008416357860931,1008416357912051
124,124,"Agent 1",1,44101,44101,32768,1,"gemm",512,131072,0,128,0,112,"TCP_TCP_TA_DATA_STALL_CYCLES",560.000000,1008416357860931,1008416357912051
124,124,"Agent 1",1,44101,44101,32768,1,"gemm",512,131072,0,128,0,112,"TCP_TCP_TA_ADDR_STALL_CYCLES",126682.000000,1008416357860931,1008416357912051
125,125,"Agent 1",1,44101,44101,32768,1,"gemm",512,131072,0,128,0,112,"SQ_INSTS_VMEM_WR",32768.000000,1008416358012332,1008416358063173
125,125,"Agent 1",1,44101,44101,32768,1,"gemm",512,131072,0,128,0,112,"SQ_VMEM_TA_CMD_FIFO_FULL",601440.000000,1008416358012332,1008416358063173
125,125,"Agent 1",1,44101,44101,32768,1,"gemm",512,131072,0,128,0,112,"TCC_WRITE_SECTORS",524288.000000,1008416358012332,1008416358063173
125,125,"Agent 1",1,44101,44101,32768,1,"gemm",512,131072,0,128,0,112,"TCP_TCP_TA_DATA_STALL_CYCLES",546.000000,1008416358012332,1008416358063173
125,125,"Agent 1",1,44101,44101,32768,1,"gemm",512,131072,0,128,0,112,"TCP_TCP_TA_ADDR_STALL_CYCLES",127865.000000,1008416358012332,1008416358063173
126,126,"Agent 1",1,44101,44101,32768,1,"gemm",512,131072,0,128,0,112,"SQ_INSTS_VMEM_WR",32768.000000,1008416358158453,1008416358210054
126,126,"Agent 1",1,44101,44101,32768,1,"gemm",512,131072,0,128,0,112,"SQ_VMEM_TA_CMD_FIFO_FULL",598224.000000,1008416358158453,1008416358210054
126,126,"Agent 1",1,44101,44101,32768,1,"gemm",512,131072,0,128,0,112,"TCC_WRITE_SECTORS",524288.000000,1008416358158453,1008416358210054
126,126,"Agent 1",1,44101,44101,32768,1,"gemm",512,131072,0,128,0,112,"TCP_TCP_TA_DATA_STALL_CYCLES",549.000000,1008416358158453,1008416358210054
126,126,"Agent 1",1,44101,44101,32768,1,"gemm",512,131072,0,128,0,112,"TCP_TCP_TA_ADDR_STALL_CYCLES",129215.000000,1008416358158453,1008416358210054
127,127,"Agent 1",1,44101,44101,32768,1,"gemm",512,131072,0,128,0,112,"SQ_INSTS_VMEM_WR",32768.000000,1008416358308215,1008416358359575
127,127,"Agent 1",1,44101,44101,32768,1,"gemm",512,131072,0,128,0,112,"SQ_VMEM_TA_CMD_FIFO_FULL",599113.000000,1008416358308215,1008416358359575
127,127,"Agent 1",1,44101,44101,32768,1,"gemm",512,131072,0,128,0,112,"TCC_WRITE_SECTORS",524288.000000,1008416358308215,1008416358359575
127,127,"Agent 1",1,44101,44101,32768,1,"gemm",512,131072,0,128,0,112,"TCP_TCP_TA_DATA_STALL_CYCLES",521.000000,1008416358308215,1008416358359575
127,127,"Agent 1",1,44101,44101,32768,1,"gemm",512,131072,0,128,0,112,"TCP_TCP_TA_ADDR_STALL_CYCLES",124759.000000,1008416358308215,1008416358359575
128,128,"Agent 1",1,44101,44101,32768,1,"gemm",512,131072,0,128,0,112,"SQ_INSTS_VMEM_WR",32768.000000,1008416358455056,1008416358506097
128,128,"Agent 1",1,44101,44101,32768,1,"gemm",512,131072,0,128,0,112,"SQ_VMEM_TA_CMD_FIFO_FULL",598155.000000,1008416358455056,1008416358506097
128,128,"Agent 1",1,44101,44101,32768,1,"gemm",512,131072,0,128,0,112,"TCC_WRITE_SECTORS",524288.000000,1008416358455056,1008416358506097
128,128,"Agent 1",1,44101,44101,32768,1,"gemm",512,131072,0,128,0,112,"TCP_TCP_TA_DATA_STALL_CYCLES",556.000000,1008416358455056,1008416358506097
128,128,"Agent 1",1,44101,44101,32768,1,"gemm",512,131072,0,128,0,112,"TCP_TCP_TA_ADDR_STALL_CYCLES",128137.000000,1008416358455056,1008416358506097
129,129,"Agent 1",1,44101,44101,32768,1,"gemm",512,131072,0,128,0,112,"SQ_INSTS_VMEM_WR",32768.000000,1008416358606417,1008416358657458
129,129,"Agent 1",1,44101,44101,32768,1,"gemm",512,131072,0,128,0,112,"SQ_VMEM_TA_CMD_FIFO_FULL",609511.000000,1008416358606417,1008416358657458
129,129,"Agent 1",1,44101,44101,32768,1,"gemm",512,131072,0,128,0,112,"TCC_WRITE_SECTORS",524288.000000,1008416358606417,1008416358657458
129,129,"Agent 1",1,44101,44101,32768,1,"gemm",512,131072,0,128,0,112,"TCP_TCP_TA_DATA_STALL_CYCLES",544.000000,1008416358606417,1008416358657458
129,129,"Agent 1",1,44101,44101,32768,1,"gemm",512,131072,0,128,0,112,"TCP_TCP_TA_ADDR_STALL_CYCLES",129876.000000,1008416358606417,1008416358657458
130,130,"Agent 1",1,44101,44101,32768,1,"gemm",512,131072,0,128,0,112,"SQ_INSTS_VMEM_WR",32768.000000,1008416358754459,1008416358806179
130,130,"Agent 1",1,44101,44101,32768,1,"gemm",512,131072,0,128,0,112,"SQ_VMEM_TA_CMD_FIFO_FULL",597202.000000,1008416358754459,1008416358806179
130,130,"Agent 1",1,44101,44101,32768,1,"gemm",512,131072,0,128,0,112,"TCC_WRITE_SECTORS",524288.000000,1008416358754459,1008416358806179
130,130,"Agent 1",1,44101,44101,32768,1,"gemm",512,131072,0,128,0,112,"TCP_TCP_TA_DATA_STALL_CYCLES",551.000000,1008416358754459,1008416358806179
130,130,"Agent 1",1,44101,44101,32768,1,"gemm",512,131072,0,128,0,112,"TCP_TCP_TA_ADDR_STALL_CYCLES",130379.000000,1008416358754459,1008416358806179
131,131,"Agent 1",1,44101,44101,32768,1,"gemm",512,131072,0,128,0,112,"SQ_INSTS_VMEM_WR",32768.000000,1008416358905020,1008416358956341
131,131,"Agent 1",1,44101,44101,32768,1,"gemm",512,131072,0,128,0,112,"SQ_VMEM_TA_CMD_FIFO_FULL",589385.000000,1008416358905020,1008416358956341
131,131,"Agent 1",1,44101,44101,32768,1,"gemm",512,131072,0,128,0,112,"TCC_WRITE_SECTORS",524288.000000,1008416358905020,1008416358956341
131,131,"Agent 1",1,44101,44101,32768,1,"gemm",512,131072,0,128,0,112,"TCP_TCP_TA_DATA_STALL_CYCLES",516.000000,1008416358905020,1008416358956341
131,131,"Agent 1",1,44101,44101,32768,1,"gemm",512,131072,0,128,0,112,"TCP_TCP_TA_ADDR_STALL_CYCLES",125288.000000,1008416358905020,1008416358956341
132,132,"Agent 1",1,44101,44101,32768,1,"gemm",512,131072,0,128,0,112,"SQ_INSTS_VMEM_WR",32768.000000,1008416359051141,1008416359102102
132,132,"Agent 1",1,44101,44101,32768,1,"gemm",512,131072,0,128,0,112,"SQ_VMEM_TA_CMD_FIFO_FULL",596326.000000,1008416359051141,1008416359102102
132,132,"Agent 1",1,44101,44101,32768,1,"gemm",512,131072,0,128,0,112,"TCC_WRITE_SECTORS",524288.000000,1008416359051141,1008416359102102
132,132,"Agent 1",1,44101,44101,32768,1,"gemm",512,131072,0,128,0,112,"TCP_TCP_TA_DATA_STALL_CYCLES",555.000000,1008416359051141,1008416359102102
132,132,"Agent 1",1,44101,44101,32768,1,"gemm",512,131072,0,128,0,112,"TCP_TCP_TA_ADDR_STALL_CYCLES",130831.000000,1008416359051141,1008416359102102
133,133,"Agent 1",1,44101,44101,32768,1,"gemm",512,131072,0,128,0,112,"SQ_INSTS_VMEM_WR",32768.000000,1008416359198463,1008416359249263
133,133,"Agent 1",1,44101,44101,32768,1,"gemm",512,131072,0,128,0,112,"SQ_VMEM_TA_CMD_FIFO_FULL",599990.000000,1008416359198463,1008416359249263
133,133,"Agent 1",1,44101,44101,32768,1,"gemm",512,131072,0,128,0,112,"TCC_WRITE_SECTORS",524288.000000,1008416359198463,1008416359249263
133,133,"Agent 1",1,44101,44101,32768,1,"gemm",512,131072,0,128,0,112,"TCP_TCP_TA_DATA_STALL_CYCLES",512.000000,1008416359198463,1008416359249263
133,133,"Agent 1",1,44101,44101,32768,1,"gemm",512,131072,0,128,0,112,"TCP_TCP_TA_ADDR_STALL_CYCLES",127925.000000,1008416359198463,1008416359249263
134,134,"Agent 1",1,44101,44101,32768,1,"gemm",512,131072,0,128,0,112,"SQ_INSTS_VMEM_WR",32768.000000,1008416359348264,1008416359399825
134,134,"Agent 1",1,44101,44101,32768,1,"gemm",512,131072,0,128,0,112,"SQ_VMEM_TA_CMD_FIFO_FULL",593648.000000,1008416359348264,1008416359399825
134,134,"Agent 1",1,44101,44101,32768,1,"gemm",512,131072,0,128,0,112,"TCC_WRITE_SECTORS",524288.000000,1008416359348264,1008416359399825
134,134,"Agent 1",1,44101,44101,32768,1,"gemm",512,131072,0,128,0,112,"TCP_TCP_TA_DATA_STALL_CYCLES",551.000000,1008416359348264,1008416359399825
134,134,"Agent 1",1,44101,44101,32768,1,"gemm",512,131072,0,128,0,112,"TCP_TCP_TA_ADDR_STALL_CYCLES",129392.000000,1008416359348264,1008416359399825
135,135,"Agent 1",1,44101,44101,32768,1,"gemm",512,131072,0,128,0,112,"SQ_INSTS_VMEM_WR",32768.000000,1008416359494305,1008416359545666
135,135,"Agent 1",1,44101,44101,32768,1,"gemm",512,131072,0,128,0,112,"SQ_VMEM_TA_CMD_FIFO_FULL",586742.000000,1008416359494305,1008416359545666
135,135,"Agent 1",1,44101,44101,32768,1,"gemm",512,131072,0,128,0,112,"TCC_WRITE_SECTORS",524288.000000,1008416359494305,1008416359545666
135,135,"Agent 1",1,44101,44101,32768,1,"gemm",512,131072,0,128,0,112,"TCP_TCP_TA_DATA_STALL_CYCLES",507.000000,1008416359494305,1008416359545666
135,135,"Agent 1",1,44101,44101,32768,1,"gemm",512,131072,0,128,0,112,"TCP_TCP_TA_ADDR_STALL_CYCLES",126808.000000,1008416359494305,1008416359545666
136,136,"Agent 1",1,44101,44101,32768,1,"gemm",512,131072,0,128,0,112,"SQ_INSTS_VMEM_WR",32768.000000,1008416359646307,1008416359697387
136,136,"Agent 1",1,44101,44101,32768,1,"gemm",512,131072,0,128,0,112,"SQ_VMEM_TA_CMD_FIFO_FULL",600592.000000,1008416359646307,1008416359697387
136,136,"Agent 1",1,44101,44101,32768,1,"gemm",512,131072,0,128,0,112,"TCC_WRITE_SECTORS",524288.000000,1008416359646307,1008416359697387
136,136,"Agent 1",1,44101,44101,32768,1,"gemm",512,131072,0,128,0,112,"TCP_TCP_TA_DATA_STALL_CYCLES",619.000000,1008416359646307,1008416359697387
136,136,"Agent 1",1,44101,44101,32768,1,"gemm",512,131072,0,128,0,112,"TCP_TCP_TA_ADDR_STALL_CYCLES",132548.000000,1008416359646307,1008416359697387
137,137,"Agent 1",1,44101,44101,32768,1,"gemm",512,131072,0,128,0,112,"SQ_INSTS_VMEM_WR",32768.000000,1008416359794708,1008416359845629
137,137,"Agent 1",1,44101,44101,32768,1,"gemm",512,131072,0,128,0,112,"SQ_VMEM_TA_CMD_FIFO_FULL",603571.000000,1008416359794708,1008416359845629
137,137,"Agent 1",1,44101,44101,32768,1,"gemm",512,131072,0,128,0,112,"TCC_WRITE_SECTORS",524288.000000,1008416359794708,1008416359845629
137,137,"Agent 1",1,44101,44101,32768,1,"gemm",512,131072,0,128,0,112,"TCP_TCP_TA_DATA_STALL_CYCLES",620.000000,1008416359794708,1008416359845629
137,137,"Agent 1",1,44101,44101,32768,1,"gemm",512,131072,0,128,0,112,"TCP_TCP_TA_ADDR_STALL_CYCLES",133310.000000,1008416359794708,1008416359845629
138,138,"Agent 1",1,44101,44101,32768,1,"gemm",512,131072,0,128,0,112,"SQ_INSTS_VMEM_WR",32768.000000,1008416359944989,1008416359996510
138,138,"Agent 1",1,44101,44101,32768,1,"gemm",512,131072,0,128,0,112,"SQ_VMEM_TA_CMD_FIFO_FULL",597290.000000,1008416359944989,1008416359996510
138,138,"Agent 1",1,44101,44101,32768,1,"gemm",512,131072,0,128,0,112,"TCC_WRITE_SECTORS",524288.000000,1008416359944989,1008416359996510
138,138,"Agent 1",1,44101,44101,32768,1,"gemm",512,131072,0,128,0,112,"TCP_TCP_TA_DATA_STALL_CYCLES",588.000000,1008416359944989,1008416359996510
138,138,"Agent 1",1,44101,44101,32768,1,"gemm",512,131072,0,128,0,112,"TCP_TCP_TA_ADDR_STALL_CYCLES",125872.000000,1008416359944989,1008416359996510
139,139,"Agent 1",1,44101,44101,32768,1,"gemm",512,131072,0,128,0,112,"SQ_INSTS_VMEM_WR",32768.000000,1008416360095871,1008416360146991
139,139,"Agent 1",1,44101,44101,32768,1,"gemm",512,131072,0,128,0,112,"SQ_VMEM_TA_CMD_FIFO_FULL",592443.000000,1008416360095871,1008416360146991
139,139,"Agent 1",1,44101,44101,32768,1,"gemm",512,131072,0,128,0,112,"TCC_WRITE_SECTORS",524288.000000,1008416360095871,1008416360146991
139,139,"Agent 1",1,44101,44101,32768,1,"gemm",512,131072,0,128,0,112,"TCP_TCP_TA_DATA_STALL_CYCLES",567.000000,1008416360095871,1008416360146991
139,139,"Agent 1",1,44101,44101,32768,1,"gemm",512,131072,0,128,0,112,"TCP_TCP_TA_ADDR_STALL_CYCLES",127831.000000,1008416360095871,1008416360146991
140,140,"Agent 1",1,44101,44101,32768,1,"gemm",512,131072,0,128,0,112,"SQ_INSTS_VMEM_WR",32768.000000,1008416360245472,1008416360296393
140,140,"Agent 1",1,44101,44101,32768,1,"gemm",512,131072,0,128,0,112,"SQ_VMEM_TA_CMD_FIFO_FULL",592312.000000,1008416360245472,1008416360296393
140,140,"Agent 1",1,44101,44101,32768,1,"gemm",512,131072,0,128,0,112,"TCC_WRITE_SECTORS",524288.000000,1008416360245472,1008416360296393
140,140,"Agent 1",1,44101,44101,32768,1,"gemm",512,131072,0,128,0,112,"TCP_TCP_TA_DATA_STALL_CYCLES",558.000000,1008416360245472,1008416360296393
140,140,"Agent 1",1,44101,44101,32768,1,"gemm",512,131072,0,128,0,112,"TCP_TCP_TA_ADDR_STALL_CYCLES",131997.000000,1008416360245472,1008416360296393
141,141,"Agent 1",1,44101,44101,32768,1,"gemm",512,131072,0,128,0,112,"SQ_INSTS_VMEM_WR",32768.000000,1008416360396753,1008416360447834
141,141,"Agent 1",1,44101,44101,32768,1,"gemm",512,131072,0,128,0,112,"SQ_VMEM_TA_CMD_FIFO_FULL",604756.000000,1008416360396753,1008416360447834
141,141,"Agent 1",1,44101,44101,32768,1,"gemm",512,131072,0,128,0,112,"TCC_WRITE_SECTORS",524288.000000,1008416360396753,1008416360447834
141,141,"Agent 1",1,44101,44101,32768,1,"gemm",512,131072,0,128,0,112,"TCP_TCP_TA_DATA_STALL_CYCLES",578.000000,1008416360396753,1008416360447834
141,141,"Agent 1",1,44101,44101,32768,1,"gemm",512,131072,0,128,0,112,"TCP_TCP_TA_ADDR_STALL_CYCLES",134102.000000,1008416360396753,1008416360447834
142,142,"Agent 1",1,44101,44101,32768,1,"gemm",512,131072,0,128,0,112,"SQ_INSTS_VMEM_WR",32768.000000,1008416360547275,1008416360598795
142,142,"Agent 1",1,44101,44101,32768,1,"gemm",512,131072,0,128,0,112,"SQ_VMEM_TA_CMD_FIFO_FULL",603407.000000,1008416360547275,1008416360598795
142,142,"Agent 1",1,44101,44101,32768,1,"gemm",512,131072,0,128,0,112,"TCC_WRITE_SECTORS",524288.000000,1008416360547275,1008416360598795
142,142,"Agent 1",1,44101,44101,32768,1,"gemm",512,131072,0,128,0,112,"TCP_TCP_TA_DATA_STALL_CYCLES",562.000000,1008416360547275,1008416360598795
142,142,"Agent 1",1,44101,44101,32768,1,"gemm",512,131072,0,128,0,112,"TCP_TCP_TA_ADDR_STALL_CYCLES",123575.000000,1008416360547275,1008416360598795
143,143,"Agent 1",1,44101,44101,32768,1,"gemm",512,131072,0,128,0,112,"SQ_INSTS_VMEM_WR",32768.000000,1008416360699796,1008416360751117
143,143,"Agent 1",1,44101,44101,32768,1,"gemm",512,131072,0,128,0,112,"SQ_VMEM_TA_CMD_FIFO_FULL",593551.000000,1008416360699796,1008416360751117
143,143,"Agent 1",1,44101,44101,32768,1,"gemm",512,131072,0,128,0,112,"TCC_WRITE_SECTORS",524288.000000,1008416360699796,1008416360751117
143,143,"Agent 1",1,44101,44101,32768,1,"gemm",512,131072,0,128,0,112,"TCP_TCP_TA_DATA_STALL_CYCLES",547.000000,1008416360699796,1008416360751117
143,143,"Agent 1",1,44101,44101,32768,1,"gemm",512,131072,0,128,0,112,"TCP_TCP_TA_ADDR_STALL_CYCLES",134081.000000,1008416360699796,1008416360751117
144,144,"Agent 1",1,44101,44101,32768,1,"gemm",512,131072,0,128,0,112,"SQ_INSTS_VMEM_WR",32768.000000,1008416360848958,1008416360900038
144,144,"Agent 1",1,44101,44101,32768,1,"gemm",512,131072,0,128,0,112,"SQ_VMEM_TA_CMD_FIFO_FULL",590266.000000,1008416360848958,1008416360900038
144,144,"Agent 1",1,44101,44101,32768,1,"gemm",512,131072,0,128,0,112,"TCC_WRITE_SECTORS",524288.000000,1008416360848958,1008416360900038
144,144,"Agent 1",1,44101,44101,32768,1,"gemm",512,131072,0,128,0,112,"TCP_TCP_TA_DATA_STALL_CYCLES",547.000000,1008416360848958,1008416360900038
144,144,"Agent 1",1,44101,44101,32768,1,"gemm",512,131072,0,128,0,112,"TCP_TCP_TA_ADDR_STALL_CYCLES",125426.000000,1008416360848958,1008416360900038
145,145,"Agent 1",1,44101,44101,32768,1,"gemm",512,131072,0,128,0,112,"SQ_INSTS_VMEM_WR",32768.000000,1008416360999239,1008416361050279
145,145,"Agent 1",1,44101,44101,32768,1,"gemm",512,131072,0,128,0,112,"SQ_VMEM_TA_CMD_FIFO_FULL",595437.000000,1008416360999239,1008416361050279
145,145,"Agent 1",1,44101,44101,32768,1,"gemm",512,131072,0,128,0,112,"TCC_WRITE_SECTORS",524288.000000,1008416360999239,1008416361050279
145,145,"Agent 1",1,44101,44101,32768,1,"gemm",512,131072,0,128,0,112,"TCP_TCP_TA_DATA_STALL_CYCLES",544.000000,1008416360999239,1008416361050279
145,145,"Agent 1",1,44101,44101,32768,1,"gemm",512,131072,0,128,0,112,"TCP_TCP_TA_ADDR_STALL_CYCLES",128726.000000,1008416360999239,1008416361050279
146,146,"Agent 1",1,44101,44101,32768,1,"gemm",512,131072,0,128,0,112,"SQ_INSTS_VMEM_WR",32768.000000,1008416361145720,1008416361197201
146,146,"Agent 1",1,44101,44101,32768,1,"gemm",512,131072,0,128,0,112,"SQ_VMEM_TA_CMD_FIFO_FULL",591835.000000,1008416361145720,1008416361197201
146,146,"Agent 1",1,44101,44101,32768,1,"gemm",512,131072,0,128,0,112,"TCC_WRITE_SECTORS",524288.000000,1008416361145720,1008416361197201
146,146,"Agent 1",1,44101,44101,32768,1,"gemm",512,131072,0,128,0,112,"TCP_TCP_TA_DATA_STALL_CYCLES",560.000000,1008416361145720,1008416361197201
146,146,"Agent 1",1,44101,44101,32768,1,"gemm",512,131072,0,128,0,112,"TCP_TCP_TA_ADDR_STALL_CYCLES",126339.000000,1008416361145720,1008416361197201
147,147,"Agent 1",1,44101,44101,32768,1,"gemm",512,131072,0,128,0,112,"SQ_INSTS_VMEM_WR",32768.000000,1008416361296402,1008416361347642
147,147,"Agent 1",1,44101,44101,32768,1,"gemm",512,131072,0,128,0,112,"SQ_VMEM_TA_CMD_FIFO_FULL",600155.000000,1008416361296402,1008416361347642
147,147,"Agent 1",1,44101,44101,32768,1,"gemm",512,131072,0,128,0,112,"TCC_WRITE_SECTORS",524288.000000,1008416361296402,1008416361347642
147,147,"Agent 1",1,44101,44101,32768,1,"gemm",512,131072,0,128,0,112,"TCP_TCP_TA_DATA_STALL_CYCLES",610.000000,1008416361296402,1008416361347642
147,147,"Agent 1",1,44101,44101,32768,1,"gemm",512,131072,0,128,0,112,"TCP_TCP_TA_ADDR_STALL_CYCLES",130166.000000,1008416361296402,1008416361347642
148,148,"Agent 1",1,44101,44101,32768,1,"gemm",512,131072,0,128,0,112,"SQ_INSTS_VMEM_WR",32768.000000,1008416361450003,1008416361500963
148,148,"Agent 1",1,44101,44101,32768,1,"gemm",512,131072,0,128,0,112,"SQ_VMEM_TA_CMD_FIFO_FULL",597028.000000,1008416361450003,1008416361500963
148,148,"Agent 1",1,44101,44101,32768,1,"gemm",512,131072,0,128,0,112,"TCC_WRITE_SECTORS",524288.000000,1008416361450003,1008416361500963
148,148,"Agent 1",1,44101,44101,32768,1,"gemm",512,131072,0,128,0,112,"TCP_TCP_TA_DATA_STALL_CYCLES",523.000000,1008416361450003,1008416361500963
148,148,"Agent 1",1,44101,44101,32768,1,"gemm",512,131072,0,128,0,112,"TCP_TCP_TA_ADDR_STALL_CYCLES",135614.000000,1008416361450003,1008416361500963
149,149,"Agent 1",1,44101,44101,32768,1,"gemm",512,131072,0,128,0,112,"SQ_INSTS_VMEM_WR",32768.000000,1008416361603044,1008416361654045
149,149,"Agent 1",1,44101,44101,32768,1,"gemm",512,131072,0,128,0,112,"SQ_VMEM_TA_CMD_FIFO_FULL",600362.000000,1008416361603044,1008416361654045
149,149,"Agent 1",1,44101,44101,32768,1,"gemm",512,131072,0,128,0,112,"TCC_WRITE_SECTORS",524288.000000,1008416361603044,1008416361654045
149,149,"Agent 1",1,44101,44101,32768,1,"gemm",512,131072,0,128,0,112,"TCP_TCP_TA_DATA_STALL_CYCLES",586.000000,1008416361603044,1008416361654045
149,149,"Agent 1",1,44101,44101,32768,1,"gemm",512,131072,0,128,0,112,"TCP_TCP_TA_ADDR_STALL_CYCLES",132960.000000,1008416361603044,1008416361654045
150,150,"Agent 1",1,44101,44101,32768,1,"gemm",512,131072,0,128,0,112,"SQ_INSTS_VMEM_WR",32768.000000,1008416361757326,1008416361808686
150,150,"Agent 1",1,44101,44101,32768,1,"gemm",512,131072,0,128,0,112,"SQ_VMEM_TA_CMD_FIFO_FULL",585678.000000,1008416361757326,1008416361808686
150,150,"Agent 1",1,44101,44101,32768,1,"gemm",512,131072,0,128,0,112,"TCC_WRITE_SECTORS",524288.000000,1008416361757326,1008416361808686
150,150,"Agent 1",1,44101,44101,32768,1,"gemm",512,131072,0,128,0,112,"TCP_TCP_TA_DATA_STALL_CYCLES",563.000000,1008416361757326,1008416361808686
150,150,"Agent 1",1,44101,44101,32768,1,"gemm",512,131072,0,128,0,112,"TCP_TCP_TA_ADDR_STALL_CYCLES",132236.000000,1008416361757326,1008416361808686
151,151,"Agent 1",1,44101,44101,32768,1,"gemm",512,131072,0,128,0,112,"SQ_INSTS_VMEM_WR",32768.000000,1008416361906647,1008416361957767
151,151,"Agent 1",1,44101,44101,32768,1,"gemm",512,131072,0,128,0,112,"SQ_VMEM_TA_CMD_FIFO_FULL",573709.000000,1008416361906647,1008416361957767
151,151,"Agent 1",1,44101,44101,32768,1,"gemm",512,131072,0,128,0,112,"TCC_WRITE_SECTORS",524288.000000,1008416361906647,1008416361957767
151,151,"Agent 1",1,44101,44101,32768,1,"gemm",512,131072,0,128,0,112,"TCP_TCP_TA_DATA_STALL_CYCLES",562.000000,1008416361906647,1008416361957767
151,151,"Agent 1",1,44101,44101,32768,1,"gemm",512,131072,0,128,0,112,"TCP_TCP_TA_ADDR_STALL_CYCLES",125936.000000,1008416361906647,1008416361957767
152,152,"Agent 1",1,44101,44101,32768,1,"gemm",512,131072,0,128,0,112,"SQ_INSTS_VMEM_WR",32768.000000,1008416362055808,1008416362106889
152,152,"Agent 1",1,44101,44101,32768,1,"gemm",512,131072,0,128,0,112,"SQ_VMEM_TA_CMD_FIFO_FULL",596908.000000,1008416362055808,1008416362106889
152,152,"Agent 1",1,44101,44101,32768,1,"gemm",512,131072,0,128,0,112,"TCC_WRITE_SECTORS",524288.000000,1008416362055808,1008416362106889
152,152,"Agent 1",1,44101,44101,32768,1,"gemm",512,131072,0,128,0,112,"TCP_TCP_TA_DATA_STALL_CYCLES",537.000000,1008416362055808,1008416362106889
152,152,"Agent 1",1,44101,44101,32768,1,"gemm",512,131072,0,128,0,112,"TCP_TCP_TA_ADDR_STALL_CYCLES",128067.000000,1008416362055808,1008416362106889
153,153,"Agent 1",1,44101,44101,32768,1,"gemm",512,131072,0,128,0,112,"SQ_INSTS_VMEM_WR",32768.000000,1008416362207770,1008416362258770
153,153,"Agent 1",1,44101,44101,32768,1,"gemm",512,131072,0,128,0,112,"SQ_VMEM_TA_CMD_FIFO_FULL",605218.000000,1008416362207770,1008416362258770
153,153,"Agent 1",1,44101,44101,32768,1,"gemm",512,131072,0,128,0,112,"TCC_WRITE_SECTORS",524288.000000,1008416362207770,1008416362258770
153,153,"Agent 1",1,44101,44101,32768,1,"gemm",512,131072,0,128,0,112,"TCP_TCP_TA_DATA_STALL_CYCLES",525.000000,1008416362207770,1008416362258770
153,153,"Agent 1",1,44101,44101,32768,1,"gemm",512,131072,0,128,0,112,"TCP_TCP_TA_ADDR_STALL_CYCLES",130456.000000,1008416362207770,1008416362258770
154,154,"Agent 1",1,44101,44101,32768,1,"gemm",512,131072,0,128,0,112,"SQ_INSTS_VMEM_WR",32768.000000,1008416362355611,1008416362407251
154,154,"Agent 1",1,44101,44101,32768,1,"gemm",512,131072,0,128,0,112,"SQ_VMEM_TA_CMD_FIFO_FULL",605292.000000,1008416362355611,1008416362407251
154,154,"Agent 1",1,44101,44101,32768,1,"gemm",512,131072,0,128,0,112,"TCC_WRITE_SECTORS",524288.000000,1008416362355611,1008416362407251
154,154,"Agent 1",1,44101,44101,32768,1,"gemm",512,131072,0,128,0,112,"TCP_TCP_TA_DATA_STALL_CYCLES",606.000000,1008416362355611,1008416362407251
154,154,"Agent 1",1,44101,44101,32768,1,"gemm",512,131072,0,128,0,112,"TCP_TCP_TA_ADDR_STALL_CYCLES",131214.000000,1008416362355611,1008416362407251
155,155,"Agent 1",1,44101,44101,32768,1,"gemm",512,131072,0,128,0,112,"SQ_INSTS_VMEM_WR",32768.000000,1008416362509932,1008416362560973
155,155,"Agent 1",1,44101,44101,32768,1,"gemm",512,131072,0,128,0,112,"SQ_VMEM_TA_CMD_FIFO_FULL",599277.000000,1008416362509932,1008416362560973
155,155,"Agent 1",1,44101,44101,32768,1,"gemm",512,131072,0,128,0,112,"TCC_WRITE_SECTORS",524288.000000,1008416362509932,1008416362560973
155,155,"Agent 1",1,44101,44101,32768,1,"gemm",512,131072,0,128,0,112,"TCP_TCP_TA_DATA_STALL_CYCLES",594.000000,1008416362509932,1008416362560973
155,155,"Agent 1",1,44101,44101,32768,1,"gemm",512,131072,0,128,0,112,"TCP_TCP_TA_ADDR_STALL_CYCLES",130519.000000,1008416362509932,1008416362560973
156,156,"Agent 1",1,44101,44101,32768,1,"gemm",512,131072,0,128,0,112,"SQ_INSTS_VMEM_WR",32768.000000,1008416362661854,1008416362712934
156,156,"Agent 1",1,44101,44101,32768,1,"gemm",512,131072,0,128,0,112,"SQ_VMEM_TA_CMD_FIFO_FULL",594050.000000,1008416362661854,1008416362712934
156,156,"Agent 1",1,44101,44101,32768,1,"gemm",512,131072,0,128,0,112,"TCC_WRITE_SECTORS",524288.000000,1008416362661854,1008416362712934
156,156,"Agent 1",1,44101,44101,32768,1,"gemm",512,131072,0,128,0,112,"TCP_TCP_TA_DATA_STALL_CYCLES",563.000000,1008416362661854,1008416362712934
156,156,"Agent 1",1,44101,44101,32768,1,"gemm",512,131072,0,128,0,112,"TCP_TCP_TA_ADDR_STALL_CYCLES",131150.000000,1008416362661854,1008416362712934
157,157,"Agent 1",1,44101,44101,32768,1,"gemm",512,131072,0,128,0,112,"SQ_INSTS_VMEM_WR",32768.000000,1008416362817295,1008416362868336
157,157,"Agent 1",1,44101,44101,32768,1,"gemm",512,131072,0,128,0,112,"SQ_VMEM_TA_CMD_FIFO_FULL",598388.000000,1008416362817295,1008416362868336
157,157,"Agent 1",1,44101,44101,32768,1,"gemm",512,131072,0,128,0,112,"TCC_WRITE_SECTORS",524288.000000,1008416362817295,1008416362868336
157,157,"Agent 1",1,44101,44101,32768,1,"gemm",512,131072,0,128,0,112,"TCP_TCP_TA_DATA_STALL_CYCLES",622.000000,1008416362817295,1008416362868336
157,157,"Agent 1",1,44101,44101,32768,1,"gemm",512,131072,0,128,0,112,"TCP_TCP_TA_ADDR_STALL_CYCLES",126792.000000,1008416362817295,1008416362868336
158,158,"Agent 1",1,44101,44101,32768,1,"gemm",512,131072,0,128,0,112,"SQ_INSTS_VMEM_WR",32768.000000,1008416362964456,1008416363016017
158,158,"Agent 1",1,44101,44101,32768,1,"gemm",512,131072,0,128,0,112,"SQ_VMEM_TA_CMD_FIFO_FULL",596648.000000,1008416362964456,1008416363016017
158,158,"Agent 1",1,44101,44101,32768,1,"gemm",512,131072,0,128,0,112,"TCC_WRITE_SECTORS",524288.000000,1008416362964456,1008416363016017
158,158,"Agent 1",1,44101,44101,32768,1,"gemm",512,131072,0,128,0,112,"TCP_TCP_TA_DATA_STALL_CYCLES",569.000000,1008416362964456,1008416363016017
158,158,"Agent 1",1,44101,44101,32768,1,"gemm",512,131072,0,128,0,112,"TCP_TCP_TA_ADDR_STALL_CYCLES",131503.000000,1008416362964456,1008416363016017
159,159,"Agent 1",1,44101,44101,32768,1,"gemm",512,131072,0,128,0,112,"SQ_INSTS_VMEM_WR",32768.000000,1008416363116058,1008416363167298
159,159,"Agent 1",1,44101,44101,32768,1,"gemm",512,131072,0,128,0,112,"SQ_VMEM_TA_CMD_FIFO_FULL",589362.000000,1008416363116058,1008416363167298
159,159,"Agent 1",1,44101,44101,32768,1,"gemm",512,131072,0,128,0,112,"TCC_WRITE_SECTORS",524288.000000,1008416363116058,1008416363167298
159,159,"Agent 1",1,44101,44101,32768,1,"gemm",512,131072,0,128,0,112,"TCP_TCP_TA_DATA_STALL_CYCLES",589.000000,1008416363116058,1008416363167298
159,159,"Agent 1",1,44101,44101,32768,1,"gemm",512,131072,0,128,0,112,"TCP_TCP_TA_ADDR_STALL_CYCLES",129711.000000,1008416363116058,1008416363167298
160,160,"Agent 1",1,44101,44101,32768,1,"gemm",512,131072,0,128,0,112,"SQ_INSTS_VMEM_WR",32768.000000,1008416363265779,1008416363316820
160,160,"Agent 1",1,44101,44101,32768,1,"gemm",512,131072,0,128,0,112,"SQ_VMEM_TA_CMD_FIFO_FULL",598355.000000,1008416363265779,1008416363316820
160,160,"Agent 1",1,44101,44101,32768,1,"gemm",512,131072,0,128,0,112,"TCC_WRITE_SECTORS",524288.000000,1008416363265779,1008416363316820
160,160,"Agent 1",1,44101,44101,32768,1,"gemm",512,131072,0,128,0,112,"TCP_TCP_TA_DATA_STALL_CYCLES",551.000000,1008416363265779,1008416363316820
160,160,"Agent 1",1,44101,44101,32768,1,"gemm",512,131072,0,128,0,112,"TCP_TCP_TA_ADDR_STALL_CYCLES",130740.000000,1008416363265779,1008416363316820
161,161,"Agent 1",1,44101,44101,32768,1,"gemm",512,131072,0,128,0,112,"SQ_INSTS_VMEM_WR",32768.000000,1008416363416901,1008416363467821
161,161,"Agent 1",1,44101,44101,32768,1,"gemm",512,131072,0,128,0,112,"SQ_VMEM_TA_CMD_FIFO_FULL",605552.000000,1008416363416901,1008416363467821
161,161,"Agent 1",1,44101,44101,32768,1,"gemm",512,131072,0,128,0,112,"TCC_WRITE_SECTORS",524288.000000,1008416363416901,1008416363467821
161,161,"Agent 1",1,44101,44101,32768,1,"gemm",512,131072,0,128,0,112,"TCP_TCP_TA_DATA_STALL_CYCLES",602.000000,1008416363416901,1008416363467821
161,161,"Agent 1",1,44101,44101,32768,1,"gemm",512,131072,0,128,0,112,"TCP_TCP_TA_ADDR_STALL_CYCLES",130858.000000,1008416363416901,1008416363467821
162,162,"Agent 1",1,44101,44101,32768,1,"gemm",512,131072,0,128,0,112,"SQ_INSTS_VMEM_WR",32768.000000,1008416363569502,1008416363621182
162,162,"Agent 1",1,44101,44101,32768,1,"gemm",512,131072,0,128,0,112,"SQ_VMEM_TA_CMD_FIFO_FULL",593101.000000,1008416363569502,1008416363621182
162,162,"Agent 1",1,44101,44101,32768,1,"gemm",512,131072,0,128,0,112,"TCC_WRITE_SECTORS",524288.000000,1008416363569502,1008416363621182
162,162,"Agent 1",1,44101,44101,32768,1,"gemm",512,131072,0,128,0,112,"TCP_TCP_TA_DATA_STALL_CYCLES",607.000000,1008416363569502,1008416363621182
162,162,"Agent 1",1,44101,44101,32768,1,"gemm",512,131072,0,128,0,112,"TCP_TCP_TA_ADDR_STALL_CYCLES",127208.000000,1008416363569502,1008416363621182
163,163,"Agent 1",1,44101,44101,32768,1,"gemm",512,131072,0,128,0,112,"SQ_INSTS_VMEM_WR",32768.000000,1008416363721423,1008416363772744
163,163,"Agent 1",1,44101,44101,32768,1,"gemm",512,131072,0,128,0,112,"SQ_VMEM_TA_CMD_FIFO_FULL",601022.000000,1008416363721423,1008416363772744
163,163,"Agent 1",1,44101,44101,32768,1,"gemm",512,131072,0,128,0,112,"TCC_WRITE_SECTORS",524288.000000,1008416363721423,1008416363772744
163,163,"Agent 1",1,44101,44101,32768,1,"gemm",512,131072,0,128,0,112,"TCP_TCP_TA_DATA_STALL_CYCLES",492.000000,1008416363721423,1008416363772744
163,163,"Agent 1",1,44101,44101,32768,1,"gemm",512,131072,0,128,0,112,"TCP_TCP_TA_ADDR_STALL_CYCLES",126703.000000,1008416363721423,1008416363772744
164,164,"Agent 1",1,44101,44101,32768,1,"gemm",512,131072,0,128,0,112,"SQ_INSTS_VMEM_WR",32768.000000,1008416363875545,1008416363926585
164,164,"Agent 1",1,44101,44101,32768,1,"gemm",512,131072,0,128,0,112,"SQ_VMEM_TA_CMD_FIFO_FULL",604996.000000,1008416363875545,1008416363926585
164,164,"Agent 1",1,44101,44101,32768,1,"gemm",512,131072,0,128,0,112,"TCC_WRITE_SECTORS",524288.000000,1008416363875545,1008416363926585
164,164,"Agent 1",1,44101,44101,32768,1,"gemm",512,131072,0,128,0,112,"TCP_TCP_TA_DATA_STALL_CYCLES",526.000000,1008416363875545,1008416363926585
164,164,"Agent 1",1,44101,44101,32768,1,"gemm",512,131072,0,128,0,112,"TCP_TCP_TA_ADDR_STALL_CYCLES",132502.000000,1008416363875545,1008416363926585
165,165,"Agent 1",1,44101,44101,32768,1,"gemm",512,131072,0,128,0,112,"SQ_INSTS_VMEM_WR",32768.000000,1008416364031746,1008416364082747
165,165,"Agent 1",1,44101,44101,32768,1,"gemm",512,131072,0,128,0,112,"SQ_VMEM_TA_CMD_FIFO_FULL",605104.000000,1008416364031746,1008416364082747
165,165,"Agent 1",1,44101,44101,32768,1,"gemm",512,131072,0,128,0,112,"TCC_WRITE_SECTORS",524288.000000,1008416364031746,1008416364082747
165,165,"Agent 1",1,44101,44101,32768,1,"gemm",512,131072,0,128,0,112,"TCP_TCP_TA_DATA_STALL_CYCLES",602.000000,1008416364031746,1008416364082747
165,165,"Agent 1",1,44101,44101,32768,1,"gemm",512,131072,0,128,0,112,"TCP_TCP_TA_ADDR_STALL_CYCLES",130113.000000,1008416364031746,1008416364082747
166,166,"Agent 1",1,44101,44101,32768,1,"gemm",512,131072,0,128,0,112,"SQ_INSTS_VMEM_WR",32768.000000,1008416364187387,1008416364238828
166,166,"Agent 1",1,44101,44101,32768,1,"gemm",512,131072,0,128,0,112,"SQ_VMEM_TA_CMD_FIFO_FULL",593638.000000,1008416364187387,1008416364238828
166,166,"Agent 1",1,44101,44101,32768,1,"gemm",512,131072,0,128,0,112,"TCC_WRITE_SECTORS",524288.000000,1008416364187387,1008416364238828
166,166,"Agent 1",1,44101,44101,32768,1,"gemm",512,131072,0,128,0,112,"TCP_TCP_TA_DATA_STALL_CYCLES",541.000000,1008416364187387,1008416364238828
166,166,"Agent 1",1,44101,44101,32768,1,"gemm",512,131072,0,128,0,112,"TCP_TCP_TA_ADDR_STALL_CYCLES",127897.000000,1008416364187387,1008416364238828
167,167,"Agent 1",1,44101,44101,32768,1,"gemm",512,131072,0,128,0,112,"SQ_INSTS_VMEM_WR",32768.000000,1008416364336509,1008416364387749
167,167,"Agent 1",1,44101,44101,32768,1,"gemm",512,131072,0,128,0,112,"SQ_VMEM_TA_CMD_FIFO_FULL",593543.000000,1008416364336509,1008416364387749
167,167,"Agent 1",1,44101,44101,32768,1,"gemm",512,131072,0,128,0,112,"TCC_WRITE_SECTORS",524288.000000,1008416364336509,1008416364387749
167,167,"Agent 1",1,44101,44101,32768,1,"gemm",512,131072,0,128,0,112,"TCP_TCP_TA_DATA_STALL_CYCLES",567.000000,1008416364336509,1008416364387749
167,167,"Agent 1",1,44101,44101,32768,1,"gemm",512,131072,0,128,0,112,"TCP_TCP_TA_ADDR_STALL_CYCLES",126735.000000,1008416364336509,1008416364387749
168,168,"Agent 1",1,44101,44101,32768,1,"gemm",512,131072,0,128,0,112,"SQ_INSTS_VMEM_WR",32768.000000,1008416364494030,1008416364545031
168,168,"Agent 1",1,44101,44101,32768,1,"gemm",512,131072,0,128,0,112,"SQ_VMEM_TA_CMD_FIFO_FULL",606196.000000,1008416364494030,1008416364545031
168,168,"Agent 1",1,44101,44101,32768,1,"gemm",512,131072,0,128,0,112,"TCC_WRITE_SECTORS",524288.000000,1008416364494030,1008416364545031
168,168,"Agent 1",1,44101,44101,32768,1,"gemm",512,131072,0,128,0,112,"TCP_TCP_TA_DATA_STALL_CYCLES",470.000000,1008416364494030,1008416364545031
168,168,"Agent 1",1,44101,44101,32768,1,"gemm",512,131072,0,128,0,112,"TCP_TCP_TA_ADDR_STALL_CYCLES",130418.000000,1008416364494030,1008416364545031
169,169,"Agent 1",1,44101,44101,32768,1,"gemm",512,131072,0,128,0,112,"SQ_INSTS_VMEM_WR",32768.000000,1008416364647232,1008416364698312
169,169,"Agent 1",1,44101,44101,32768,1,"gemm",512,131072,0,128,0,112,"SQ_VMEM_TA_CMD_FIFO_FULL",600215.000000,1008416364647232,1008416364698312
169,169,"Agent 1",1,44101,44101,32768,1,"gemm",512,131072,0,128,0,112,"TCC_WRITE_SECTORS",524288.000000,1008416364647232,1008416364698312
169,169,"Agent 1",1,44101,44101,32768,1,"gemm",512,131072,0,128,0,112,"TCP_TCP_TA_DATA_STALL_CYCLES",508.000000,1008416364647232,1008416364698312
169,169,"Agent 1",1,44101,44101,32768,1,"gemm",512,131072,0,128,0,112,"TCP_TCP_TA_ADDR_STALL_CYCLES",128386.000000,1008416364647232,1008416364698312
170,170,"Agent 1",1,44101,44101,32768,1,"gemm",512,131072,0,128,0,112,"SQ_INSTS_VMEM_WR",32768.000000,1008416364803913,1008416364855393
170,170,"Agent 1",1,44101,44101,32768,1,"gemm",512,131072,0,128,0,112,"SQ_VMEM_TA_CMD_FIFO_FULL",600001.000000,1008416364803913,1008416364855393
170,170,"Agent 1",1,44101,44101,32768,1,"gemm",512,131072,0,128,0,112,"TCC_WRITE_SECTORS",524288.000000,1008416364803913,1008416364855393
170,170,"Agent 1",1,44101,44101,32768,1,"gemm",512,131072,0,128,0,112,"TCP_TCP_TA_DATA_STALL_CYCLES",585.000000,1008416364803913,1008416364855393
170,170,"Agent 1",1,44101,44101,32768,1,"gemm",512,131072,0,128,0,112,"TCP_TCP_TA_ADDR_STALL_CYCLES",128949.000000,1008416364803913,1008416364855393
171,171,"Agent 1",1,44101,44101,32768,1,"gemm",512,131072,0,128,0,112,"SQ_INSTS_VMEM_WR",32768.000000,1008416364956194,1008416365007435
171,171,"Agent 1",1,44101,44101,32768,1,"gemm",512,131072,0,128,0,112,"SQ_VMEM_TA_CMD_FIFO_FULL",590910.000000,1008416364956194,1008416365007435
171,171,"Agent 1",1,44101,44101,32768,1,"gemm",512,131072,0,128,0,112,"TCC_WRITE_SECTORS",524288.000000,1008416364956194,1008416365007435
171,171,"Agent 1",1,44101,44101,32768,1,"gemm",512,131072,0,128,0,112,"TCP_TCP_TA_DATA_STALL_CYCLES",600.000000,1008416364956194,1008416365007435
171,171,"Agent 1",1,44101,44101,32768,1,"gemm",512,131072,0,128,0,112,"TCP_TCP_TA_ADDR_STALL_CYCLES",128984.000000,1008416364956194,1008416365007435
172,172,"Agent 1",1,44101,44101,32768,1,"gemm",512,131072,0,128,0,112,"SQ_INSTS_VMEM_WR",32768.000000,1008416365105876,1008416365156956
172,172,"Agent 1",1,44101,44101,32768,1,"gemm",512,131072,0,128,0,112,"SQ_VMEM_TA_CMD_FIFO_FULL",596059.000000,1008416365105876,1008416365156956
172,172,"Agent 1",1,44101,44101,32768,1,"gemm",512,131072,0,128,0,112,"TCC_WRITE_SECTORS",524288.000000,1008416365105876,1008416365156956
172,172,"Agent 1",1,44101,44101,32768,1,"gemm",512,131072,0,128,0,112,"TCP_TCP_TA_DATA_STALL_CYCLES",528.000000,1008416365105876,1008416365156956
172,172,"Agent 1",1,44101,44101,32768,1,"gemm",512,131072,0,128,0,112,"TCP_TCP_TA_ADDR_STALL_CYCLES",129509.000000,1008416365105876,1008416365156956
173,173,"Agent 1",1,44101,44101,32768,1,"gemm",512,131072,0,128,0,112,"SQ_INSTS_VMEM_WR",32768.000000,1008416365259957,1008416365310838
173,173,"Agent 1",1,44101,44101,32768,1,"gemm",512,131072,0,128,0,112,"SQ_VMEM_TA_CMD_FIFO_FULL",602390.000000,1008416365259957,1008416365310838
173,173,"Agent 1",1,44101,44101,32768,1,"gemm",512,131072,0,128,0,112,"TCC_WRITE_SECTORS",524288.000000,1008416365259957,1008416365310838
173,173,"Agent 1",1,44101,44101,32768,1,"gemm",512,131072,0,128,0,112,"TCP_TCP_TA_DATA_STALL_CYCLES",549.000000,1008416365259957,1008416365310838
173,173,"Agent 1",1,44101,44101,32768,1,"gemm",512,131072,0,128,0,112,"TCP_TCP_TA_ADDR_STALL_CYCLES",128021.000000,1008416365259957,1008416365310838
174,174,"Agent 1",1,44101,44101,32768,1,"gemm",512,131072,0,128,0,112,"SQ_INSTS_VMEM_WR",32768.000000,1008416365417038,1008416365468679
174,174,"Agent 1",1,44101,44101,32768,1,"gemm",512,131072,0,128,0,112,"SQ_VMEM_TA_CMD_FIFO_FULL",597247.000000,1008416365417038,1008416365468679
174,174,"Agent 1",1,44101,44101,32768,1,"gemm",512,131072,0,128,0,112,"TCC_WRITE_SECTORS",524288.000000,1008416365417038,1008416365468679
174,174,"Agent 1",1,44101,44101,32768,1,"gemm",512,131072,0,128,0,112,"TCP_TCP_TA_DATA_STALL_CYCLES",522.000000,1008416365417038,1008416365468679
174,174,"Agent 1",1,44101,44101,32768,1,"gemm",512,131072,0,128,0,112,"TCP_TCP_TA_ADDR_STALL_CYCLES",124373.000000,1008416365417038,1008416365468679
175,175,"Agent 1",1,44101,44101,32768,1,"gemm",512,131072,0,128,0,112,"SQ_INSTS_VMEM_WR",32768.000000,1008416365574320,1008416365625520
175,175,"Agent 1",1,44101,44101,32768,1,"gemm",512,131072,0,128,0,112,"SQ_VMEM_TA_CMD_FIFO_FULL",599804.000000,1008416365574320,1008416365625520
175,175,"Agent 1",1,44101,44101,32768,1,"gemm",512,131072,0,128,0,112,"TCC_WRITE_SECTORS",524288.000000,1008416365574320,1008416365625520
175,175,"Agent 1",1,44101,44101,32768,1,"gemm",512,131072,0,128,0,112,"TCP_TCP_TA_DATA_STALL_CYCLES",499.000000,1008416365574320,1008416365625520
175,175,"Agent 1",1,44101,44101,32768,1,"gemm",512,131072,0,128,0,112,"TCP_TCP_TA_ADDR_STALL_CYCLES",126271.000000,1008416365574320,1008416365625520
176,176,"Agent 1",1,44101,44101,32768,1,"gemm",512,131072,0,128,0,112,"SQ_INSTS_VMEM_WR",32768.000000,1008416365732561,1008416365783642
176,176,"Agent 1",1,44101,44101,32768,1,"gemm",512,131072,0,128,0,112,"SQ_VMEM_TA_CMD_FIFO_FULL",603649.000000,1008416365732561,1008416365783642
176,176,"Agent 1",1,44101,44101,32768,1,"gemm",512,131072,0,128,0,112,"TCC_WRITE_SECTORS",524288.000000,1008416365732561,1008416365783642
176,176,"Agent 1",1,44101,44101,32768,1,"gemm",512,131072,0,128,0,112,"TCP_TCP_TA_DATA_STALL_CYCLES",585.000000,1008416365732561,1008416365783642
176,176,"Agent 1",1,44101,44101,32768,1,"gemm",512,131072,0,128,0,112,"TCP_TCP_TA_ADDR_STALL_CYCLES",130218.000000,1008416365732561,1008416365783642
177,177,"Agent 1",1,44101,44101,32768,1,"gemm",512,131072,0,128,0,112,"SQ_INSTS_VMEM_WR",32768.000000,1008416365888843,1008416365940003
177,177,"Agent 1",1,44101,44101,32768,1,"gemm",512,131072,0,128,0,112,"SQ_VMEM_TA_CMD_FIFO_FULL",599966.000000,1008416365888843,1008416365940003
177,177,"Agent 1",1,44101,44101,32768,1,"gemm",512,131072,0,128,0,112,"TCC_WRITE_SECTORS",524288.000000,1008416365888843,1008416365940003
177,177,"Agent 1",1,44101,44101,32768,1,"gemm",512,131072,0,128,0,112,"TCP_TCP_TA_DATA_STALL_CYCLES",629.000000,1008416365888843,1008416365940003
177,177,"Agent 1",1,44101,44101,32768,1,"gemm",512,131072,0,128,0,112,"TCP_TCP_TA_ADDR_STALL_CYCLES",131558.000000,1008416365888843,1008416365940003
178,178,"Agent 1",1,44101,44101,32768,1,"gemm",512,131072,0,128,0,112,"SQ_INSTS_VMEM_WR",32768.000000,1008416366047604,1008416366099245
178,178,"Agent 1",1,44101,44101,32768,1,"gemm",512,131072,0,128,0,112,"SQ_VMEM_TA_CMD_FIFO_FULL",602380.000000,1008416366047604,1008416366099245
178,178,"Agent 1",1,44101,44101,32768,1,"gemm",512,131072,0,128,0,112,"TCC_WRITE_SECTORS",524288.000000,1008416366047604,1008416366099245
178,178,"Agent 1",1,44101,44101,32768,1,"gemm",512,131072,0,128,0,112,"TCP_TCP_TA_DATA_STALL_CYCLES",585.000000,1008416366047604,1008416366099245
178,178,"Agent 1",1,44101,44101,32768,1,"gemm",512,131072,0,128,0,112,"TCP_TCP_TA_ADDR_STALL_CYCLES",128191.000000,1008416366047604,1008416366099245
179,179,"Agent 1",1,44101,44101,32768,1,"gemm",512,131072,0,128,0,112,"SQ_INSTS_VMEM_WR",32768.000000,1008416366198365,1008416366249566
179,179,"Agent 1",1,44101,44101,32768,1,"gemm",512,131072,0,128,0,112,"SQ_VMEM_TA_CMD_FIFO_FULL",593753.000000,1008416366198365,1008416366249566
179,179,"Agent 1",1,44101,44101,32768,1,"gemm",512,131072,0,128,0,112,"TCC_WRITE_SECTORS",524288.000000,1008416366198365,1008416366249566
179,179,"Agent 1",1,44101,44101,32768,1,"gemm",512,131072,0,128,0,112,"TCP_TCP_TA_DATA_STALL_CYCLES",478.000000,1008416366198365,1008416366249566
179,179,"Agent 1",1,44101,44101,32768,1,"gemm",512,131072,0,128,0,112,"TCP_TCP_TA_ADDR_STALL_CYCLES",128626.000000,1008416366198365,1008416366249566
180,180,"Agent 1",1,44101,44101,32768,1,"gemm",512,131072,0,128,0,112,"SQ_INSTS_VMEM_WR",32768.000000,1008416366349127,1008416366399807
180,180,"Agent 1",1,44101,44101,32768,1,"gemm",512,131072,0,128,0,112,"SQ_VMEM_TA_CMD_FIFO_FULL",580046.000000,1008416366349127,1008416366399807
180,180,"Agent 1",1,44101,44101,32768,1,"gemm",512,131072,0,128,0,112,"TCC_WRITE_SECTORS",524288.000000,1008416366349127,1008416366399807
180,180,"Agent 1",1,44101,44101,32768,1,"gemm",512,131072,0,128,0,112,"TCP_TCP_TA_DATA_STALL_CYCLES",566.000000,1008416366349127,1008416366399807
180,180,"Agent 1",1,44101,44101,32768,1,"gemm",512,131072,0,128,0,112,"TCP_TCP_TA_ADDR_STALL_CYCLES",129794.000000,1008416366349127,1008416366399807
181,181,"Agent 1",1,44101,44101,32768,1,"gemm",512,131072,0,128,0,112,"SQ_INSTS_VMEM_WR",32768.000000,1008416366501928,1008416366552529
181,181,"Agent 1",1,44101,44101,32768,1,"gemm",512,131072,0,128,0,112,"SQ_VMEM_TA_CMD_FIFO_FULL",588481.000000,1008416366501928,1008416366552529
181,181,"Agent 1",1,44101,44101,32768,1,"gemm",512,131072,0,128,0,112,"TCC_WRITE_SECTORS",524288.000000,1008416366501928,1008416366552529
181,181,"Agent 1",1,44101,44101,32768,1,"gemm",512,131072,0,128,0,112,"TCP_TCP_TA_DATA_STALL_CYCLES",552.000000,1008416366501928,1008416366552529
181,181,"Agent 1",1,44101,44101,32768,1,"gemm",512,131072,0,128,0,112,"TCP_TCP_TA_ADDR_STALL_CYCLES",134630.000000,1008416366501928,1008416366552529
182,182,"Agent 1",1,44101,44101,32768,1,"gemm",512,131072,0,128,0,112,"SQ_INSTS_VMEM_WR",32768.000000,1008416366657050,1008416366708610
182,182,"Agent 1",1,44101,44101,32768,1,"gemm",512,131072,0,128,0,112,"SQ_VMEM_TA_CMD_FIFO_FULL",602049.000000,1008416366657050,1008416366708610
182,182,"Agent 1",1,44101,44101,32768,1,"gemm",512,131072,0,128,0,112,"TCC_WRITE_SECTORS",524288.000000,1008416366657050,1008416366708610
182,182,"Agent 1",1,44101,44101,32768,1,"gemm",512,131072,0,128,0,112,"TCP_TCP_TA_DATA_STALL_CYCLES",541.000000,1008416366657050,1008416366708610
182,182,"Agent 1",1,44101,44101,32768,1,"gemm",512,131072,0,128,0,112,"TCP_TCP_TA_ADDR_STALL_CYCLES",126211.000000,1008416366657050,1008416366708610
183,183,"Agent 1",1,44101,44101,32768,1,"gemm",512,131072,0,128,0,112,"SQ_INSTS_VMEM_WR",32768.000000,1008416366811691,1008416366862891
183,183,"Agent 1",1,44101,44101,32768,1,"gemm",512,131072,0,128,0,112,"SQ_VMEM_TA_CMD_FIFO_FULL",601322.000000,1008416366811691,1008416366862891
183,183,"Agent 1",1,44101,44101,32768,1,"gemm",512,131072,0,128,0,112,"TCC_WRITE_SECTORS",524288.000000,1008416366811691,1008416366862891
183,183,"Agent 1",1,44101,44101,32768,1,"gemm",512,131072,0,128,0,112,"TCP_TCP_TA_DATA_STALL_CYCLES",543.000000,1008416366811691,1008416366862891
183,183,"Agent 1",1,44101,44101,32768,1,"gemm",512,131072,0,128,0,112,"TCP_TCP_TA_ADDR_STALL_CYCLES",127483.000000,1008416366811691,1008416366862891
184,184,"Agent 1",1,44101,44101,32768,1,"gemm",512,131072,0,128,0,112,"SQ_INSTS_VMEM_WR",32768.000000,1008416366967412,1008416367018333
184,184,"Agent 1",1,44101,44101,32768,1,"gemm",512,131072,0,128,0,112,"SQ_VMEM_TA_CMD_FIFO_FULL",595071.000000,1008416366967412,1008416367018333
184,184,"Agent 1",1,44101,44101,32768,1,"gemm",512,131072,0,128,0,112,"TCC_WRITE_SECTORS",524288.000000,1008416366967412,1008416367018333
184,184,"Agent 1",1,44101,44101,32768,1,"gemm",512,131072,0,128,0,112,"TCP_TCP_TA_DATA_STALL_CYCLES",533.000000,1008416366967412,1008416367018333
184,184,"Agent 1",1,44101,44101,32768,1,"gemm",512,131072,0,128,0,112,"TCP_TCP_TA_ADDR_STALL_CYCLES",123704.000000,1008416366967412,1008416367018333
185,185,"Agent 1",1,44101,44101,32768,1,"gemm",512,131072,0,128,0,112,"SQ_INSTS_VMEM_WR",32768.000000,1008416367123214,1008416367174334
185,185,"Agent 1",1,44101,44101,32768,1,"gemm",512,131072,0,128,0,112,"SQ_VMEM_TA_CMD_FIFO_FULL",600053.000000,1008416367123214,1008416367174334
185,185,"Agent 1",1,44101,44101,32768,1,"gemm",512,131072,0,128,0,112,"TCC_WRITE_SECTORS",524288.000000,1008416367123214,1008416367174334
185,185,"Agent 1",1,44101,44101,32768,1,"gemm",512,131072,0,128,0,112,"TCP_TCP_TA_DATA_STALL_CYCLES",515.000000,1008416367123214,1008416367174334
185,185,"Agent 1",1,44101,44101,32768,1,"gemm",512,131072,0,128,0,112,"TCP_TCP_TA_ADDR_STALL_CYCLES",127842.000000,1008416367123214,1008416367174334
186,186,"Agent 1",1,44101,44101,32768,1,"gemm",512,131072,0,128,0,112,"SQ_INSTS_VMEM_WR",32768.000000,1008416367282015,1008416367333576
186,186,"Agent 1",1,44101,44101,32768,1,"gemm",512,131072,0,128,0,112,"SQ_VMEM_TA_CMD_FIFO_FULL",602027.000000,1008416367282015,1008416367333576
186,186,"Agent 1",1,44101,44101,32768,1,"gemm",512,131072,0,128,0,112,"TCC_WRITE_SECTORS",524288.000000,1008416367282015,1008416367333576
186,186,"Agent 1",1,44101,44101,32768,1,"gemm",512,131072,0,128,0,112,"TCP_TCP_TA_DATA_STALL_CYCLES",546.000000,1008416367282015,1008416367333576
186,186,"Agent 1",1,44101,44101,32768,1,"gemm",512,131072,0,128,0,112,"TCP_TCP_TA_ADDR_STALL_CYCLES",127102.000000,1008416367282015,1008416367333576
187,187,"Agent 1",1,44101,44101,32768,1,"gemm",512,131072,0,128,0,112,"SQ_INSTS_VMEM_WR",32768.000000,1008416367441457,1008416367492777
187,187,"Agent 1",1,44101,44101,32768,1,"gemm",512,131072,0,128,0,112,"SQ_VMEM_TA_CMD_FIFO_FULL",600552.000000,1008416367441457,1008416367492777
187,187,"Agent 1",1,44101,44101,32768,1,"gemm",512,131072,0,128,0,112,"TCC_WRITE_SECTORS",524288.000000,1008416367441457,1008416367492777
187,187,"Agent 1",1,44101,44101,32768,1,"gemm",512,131072,0,128,0,112,"TCP_TCP_TA_DATA_STALL_CYCLES",551.000000,1008416367441457,1008416367492777
187,187,"Agent 1",1,44101,44101,32768,1,"gemm",512,131072,0,128,0,112,"TCP_TCP_TA_ADDR_STALL_CYCLES",133460.000000,1008416367441457,1008416367492777
188,188,"Agent 1",1,44101,44101,32768,1,"gemm",512,131072,0,128,0,112,"SQ_INSTS_VMEM_WR",32768.000000,1008416367591258,1008416367642058
188,188,"Agent 1",1,44101,44101,32768,1,"gemm",512,131072,0,128,0,112,"SQ_VMEM_TA_CMD_FIFO_FULL",597345.000000,1008416367591258,1008416367642058
188,188,"Agent 1",1,44101,44101,32768,1,"gemm",512,131072,0,128,0,112,"TCC_WRITE_SECTORS",524288.000000,1008416367591258,1008416367642058
188,188,"Agent 1",1,44101,44101,32768,1,"gemm",512,131072,0,128,0,112,"TCP_TCP_TA_DATA_STALL_CYCLES",540.000000,1008416367591258,1008416367642058
188,188,"Agent 1",1,44101,44101,32768,1,"gemm",512,131072,0,128,0,112,"TCP_TCP_TA_ADDR_STALL_CYCLES",125081.000000,1008416367591258,1008416367642058
189,189,"Agent 1",1,44101,44101,32768,1,"gemm",512,131072,0,128,0,112,"SQ_INSTS_VMEM_WR",32768.000000,1008416367743379,1008416367794340
189,189,"Agent 1",1,44101,44101,32768,1,"gemm",512,131072,0,128,0,112,"SQ_VMEM_TA_CMD_FIFO_FULL",610152.000000,1008416367743379,1008416367794340
189,189,"Agent 1",1,44101,44101,32768,1,"gemm",512,131072,0,128,0,112,"TCC_WRITE_SECTORS",524288.000000,1008416367743379,1008416367794340
189,189,"Agent 1",1,44101,44101,32768,1,"gemm",512,131072,0,128,0,112,"TCP_TCP_TA_DATA_STALL_CYCLES",611.000000,1008416367743379,1008416367794340
189,189,"Agent 1",1,44101,44101,32768,1,"gemm",512,131072,0,128,0,112,"TCP_TCP_TA_ADDR_STALL_CYCLES",134374.000000,1008416367743379,1008416367794340
190,190,"Agent 1",1,44101,44101,32768,1,"gemm",512,131072,0,128,0,112,"SQ_INSTS_VMEM_WR",32768.000000,1008416367900221,1008416367951621
190,190,"Agent 1",1,44101,44101,32768,1,"gemm",512,131072,0,128,0,112,"SQ_VMEM_TA_CMD_FIFO_FULL",602083.000000,1008416367900221,1008416367951621
190,190,"Agent 1",1,44101,44101,32768,1,"gemm",512,131072,0,128,0,112,"TCC_WRITE_SECTORS",524288.000000,1008416367900221,1008416367951621
190,190,"Agent 1",1,44101,44101,32768,1,"gemm",512,131072,0,128,0,112,"TCP_TCP_TA_DATA_STALL_CYCLES",625.000000,1008416367900221,1008416367951621
190,190,"Agent 1",1,44101,44101,32768,1,"gemm",512,131072,0,128,0,112,"TCP_TCP_TA_ADDR_STALL_CYCLES",131542.000000,1008416367900221,1008416367951621
191,191,"Agent 1",1,44101,44101,32768,1,"gemm",512,131072,0,128,0,112,"SQ_INSTS_VMEM_WR",32768.000000,1008416368052862,1008416368104223
191,191,"Agent 1",1,44101,44101,32768,1,"gemm",512,131072,0,128,0,112,"SQ_VMEM_TA_CMD_FIFO_FULL",591120.000000,1008416368052862,1008416368104223
191,191,"Agent 1",1,44101,44101,32768,1,"gemm",512,131072,0,128,0,112,"TCC_WRITE_SECTORS",524288.000000,1008416368052862,1008416368104223
191,191,"Agent 1",1,44101,44101,32768,1,"gemm",512,131072,0,128,0,112,"TCP_TCP_TA_DATA_STALL_CYCLES",551.000000,1008416368052862,1008416368104223
191,191,"Agent 1",1,44101,44101,32768,1,"gemm",512,131072,0,128,0,112,"TCP_TCP_TA_ADDR_STALL_CYCLES",128389.000000,1008416368052862,1008416368104223
192,192,"Agent 1",1,44101,44101,32768,1,"gemm",512,131072,0,128,0,112,"SQ_INSTS_VMEM_WR",32768.000000,1008416368208383,1008416368259424
192,192,"Agent 1",1,44101,44101,32768,1,"gemm",512,131072,0,128,0,112,"SQ_VMEM_TA_CMD_FIFO_FULL",594428.000000,1008416368208383,1008416368259424
192,192,"Agent 1",1,44101,44101,32768,1,"gemm",512,131072,0,128,0,112,"TCC_WRITE_SECTORS",524288.000000,1008416368208383,1008416368259424
192,192,"Agent 1",1,44101,44101,32768,1,"gemm",512,131072,0,128,0,112,"TCP_TCP_TA_DATA_STALL_CYCLES",574.000000,1008416368208383,1008416368259424
192,192,"Agent 1",1,44101,44101,32768,1,"gemm",512,131072,0,128,0,112,"TCP_TCP_TA_ADDR_STALL_CYCLES",130008.000000,1008416368208383,1008416368259424
193,193,"Agent 1",1,44101,44101,32768,1,"gemm",512,131072,0,128,0,112,"SQ_INSTS_VMEM_WR",32768.000000,1008416368357825,1008416368408865
193,193,"Agent 1",1,44101,44101,32768,1,"gemm",512,131072,0,128,0,112,"SQ_VMEM_TA_CMD_FIFO_FULL",605347.000000,1008416368357825,1008416368408865
193,193,"Agent 1",1,44101,44101,32768,1,"gemm",512,131072,0,128,0,112,"TCC_WRITE_SECTORS",524288.000000,1008416368357825,1008416368408865
193,193,"Agent 1",1,44101,44101,32768,1,"gemm",512,131072,0,128,0,112,"TCP_TCP_TA_DATA_STALL_CYCLES",596.000000,1008416368357825,1008416368408865
193,193,"Agent 1",1,44101,44101,32768,1,"gemm",512,131072,0,128,0,112,"TCP_TCP_TA_ADDR_STALL_CYCLES",133886.000000,1008416368357825,1008416368408865
194,194,"Agent 1",1,44101,44101,32768,1,"gemm",512,131072,0,128,0,112,"SQ_INSTS_VMEM_WR",32768.000000,1008416368506466,1008416368558147
194,194,"Agent 1",1,44101,44101,32768,1,"gemm",512,131072,0,128,0,112,"SQ_VMEM_TA_CMD_FIFO_FULL",594880.000000,1008416368506466,1008416368558147
194,194,"Agent 1",1,44101,44101,32768,1,"gemm",512,131072,0,128,0,112,"TCC_WRITE_SECTORS",524288.000000,1008416368506466,1008416368558147
194,194,"Agent 1",1,44101,44101,32768,1,"gemm",512,131072,0,128,0,112,"TCP_TCP_TA_DATA_STALL_CYCLES",556.000000,1008416368506466,1008416368558147
194,194,"Agent 1",1,44101,44101,32768,1,"gemm",512,131072,0,128,0,112,"TCP_TCP_TA_ADDR_STALL_CYCLES",124909.000000,1008416368506466,1008416368558147
195,195,"Agent 1",1,44101,44101,32768,1,"gemm",512,131072,0,128,0,112,"SQ_INSTS_VMEM_WR",32768.000000,1008416368663108,1008416368714388
195,195,"Agent 1",1,44101,44101,32768,1,"gemm",512,131072,0,128,0,112,"SQ_VMEM_TA_CMD_FIFO_FULL",578929.000000,1008416368663108,1008416368714388
195,195,"Agent 1",1,44101,44101,32768,1,"gemm",512,131072,0,128,0,112,"TCC_WRITE_SECTORS",524288.000000,1008416368663108,1008416368714388
195,195,"Agent 1",1,44101,44101,32768,1,"gemm",512,131072,0,128,0,112,"TCP_TCP_TA_DATA_STALL_CYCLES",492.000000,1008416368663108,1008416368714388
195,195,"Agent 1",1,44101,44101,32768,1,"gemm",512,131072,0,128,0,112,"TCP_TCP_TA_ADDR_STALL_CYCLES",123043.000000,1008416368663108,1008416368714388
196,196,"Agent 1",1,44101,44101,32768,1,"gemm",512,131072,0,128,0,112,"SQ_INSTS_VMEM_WR",32768.000000,1008416368818389,1008416368869349
196,196,"Agent 1",1,44101,44101,32768,1,"gemm",512,131072,0,128,0,112,"SQ_VMEM_TA_CMD_FIFO_FULL",603194.000000,1008416368818389,1008416368869349
196,196,"Agent 1",1,44101,44101,32768,1,"gemm",512,131072,0,128,0,112,"TCC_WRITE_SECTORS",524288.000000,1008416368818389,1008416368869349
196,196,"Agent 1",1,44101,44101,32768,1,"gemm",512,131072,0,128,0,112,"TCP_TCP_TA_DATA_STALL_CYCLES",549.000000,1008416368818389,1008416368869349
196,196,"Agent 1",1,44101,44101,32768,1,"gemm",512,131072,0,128,0,112,"TCP_TCP_TA_ADDR_STALL_CYCLES",128116.000000,1008416368818389,1008416368869349
197,197,"Agent 1",1,44101,44101,32768,1,"gemm",512,131072,0,128,0,112,"SQ_INSTS_VMEM_WR",32768.000000,1008416368969230,1008416369020271
197,197,"Agent 1",1,44101,44101,32768,1,"gemm",512,131072,0,128,0,112,"SQ_VMEM_TA_CMD_FIFO_FULL",590311.000000,1008416368969230,1008416369020271
197,197,"Agent 1",1,44101,44101,32768,1,"gemm",512,131072,0,128,0,112,"TCC_WRITE_SECTORS",524288.000000,1008416368969230,1008416369020271
197,197,"Agent 1",1,44101,44101,32768,1,"gemm",512,131072,0,128,0,112,"TCP_TCP_TA_DATA_STALL_CYCLES",573.000000,1008416368969230,1008416369020271
197,197,"Agent 1",1,44101,44101,32768,1,"gemm",512,131072,0,128,0,112,"TCP_TCP_TA_ADDR_STALL_CYCLES",130186.000000,1008416368969230,1008416369020271
198,198,"Agent 1",1,44101,44101,32768,1,"gemm",512,131072,0,128,0,112,"SQ_INSTS_VMEM_WR",32768.000000,1008416369121152,1008416369172752
198,198,"Agent 1",1,44101,44101,32768,1,"gemm",512,131072,0,128,0,112,"SQ_VMEM_TA_CMD_FIFO_FULL",596420.000000,1008416369121152,1008416369172752
198,198,"Agent 1",1,44101,44101,32768,1,"gemm",512,131072,0,128,0,112,"TCC_WRITE_SECTORS",524288.000000,1008416369121152,1008416369172752
198,198,"Agent 1",1,44101,44101,32768,1,"gemm",512,131072,0,128,0,112,"TCP_TCP_TA_DATA_STALL_CYCLES",570.000000,1008416369121152,1008416369172752
198,198,"Agent 1",1,44101,44101,32768,1,"gemm",512,131072,0,128,0,112,"TCP_TCP_TA_ADDR_STALL_CYCLES",128752.000000,1008416369121152,1008416369172752
199,199,"Agent 1",1,44101,44101,32768,1,"gemm",512,131072,0,128,0,112,"SQ_INSTS_VMEM_WR",32768.000000,1008416369277873,1008416369329154
199,199,"Agent 1",1,44101,44101,32768,1,"gemm",512,131072,0,128,0,112,"SQ_VMEM_TA_CMD_FIFO_FULL",598325.000000,1008416369277873,1008416369329154
199,199,"Agent 1",1,44101,44101,32768,1,"gemm",512,131072,0,128,0,112,"TCC_WRITE_SECTORS",524288.000000,1008416369277873,1008416369329154
199,199,"Agent 1",1,44101,44101,32768,1,"gemm",512,131072,0,128,0,112,"TCP_TCP_TA_DATA_STALL_CYCLES",525.000000,1008416369277873,1008416369329154
199,199,"Agent 1",1,44101,44101,32768,1,"gemm",512,131072,0,128,0,112,"TCP_TCP_TA_ADDR_STALL_CYCLES",126968.000000,1008416369277873,1008416369329154
200,200,"Agent 1",1,44101,44101,32768,1,"gemm",512,131072,0,128,0,112,"SQ_INSTS_VMEM_WR",32768.000000,1008416369430234,1008416369481275
200,200,"Agent 1",1,44101,44101,32768,1,"gemm",512,131072,0,128,0,112,"SQ_VMEM_TA_CMD_FIFO_FULL",593528.000000,1008416369430234,1008416369481275
200,200,"Agent 1",1,44101,44101,32768,1,"gemm",512,131072,0,128,0,112,"TCC_WRITE_SECTORS",524288.000000,1008416369430234,1008416369481275
200,200,"Agent 1",1,44101,44101,32768,1,"gemm",512,131072,0,128,0,112,"TCP_TCP_TA_DATA_STALL_CYCLES",616.000000,1008416369430234,1008416369481275
200,200,"Agent 1",1,44101,44101,32768,1,"gemm",512,131072,0,128,0,112,"TCP_TCP_TA_ADDR_STALL_CYCLES",132628.000000,1008416369430234,1008416369481275
201,201,"Agent 1",1,44101,44101,32768,1,"gemm",512,131072,0,128,0,112,"SQ_INSTS_VMEM_WR",32768.000000,1008416369583356,1008416369634196
201,201,"Agent 1",1,44101,44101,32768,1,"gemm",512,131072,0,128,0,112,"SQ_VMEM_TA_CMD_FIFO_FULL",609098.000000,1008416369583356,1008416369634196
201,201,"Agent 1",1,44101,44101,32768,1,"gemm",512,131072,0,128,0,112,"TCC_WRITE_SECTORS",524288.000000,1008416369583356,1008416369634196
201,201,"Agent 1",1,44101,44101,32768,1,"gemm",512,131072,0,128,0,112,"TCP_TCP_TA_DATA_STALL_CYCLES",551.000000,1008416369583356,1008416369634196
201,201,"Agent 1",1,44101,44101,32768,1,"gemm",512,131072,0,128,0,112,"TCP_TCP_TA_ADDR_STALL_CYCLES",130931.000000,1008416369583356,1008416369634196
202,202,"Agent 1",1,44101,44101,32768,1,"gemm",512,131072,0,128,0,112,"SQ_INSTS_VMEM_WR",32768.000000,1008416369739677,1008416369791358
202,202,"Agent 1",1,44101,44101,32768,1,"gemm",512,131072,0,128,0,112,"SQ_VMEM_TA_CMD_FIFO_FULL",587987.000000,1008416369739677,1008416369791358
202,202,"Agent 1",1,44101,44101,32768,1,"gemm",512,131072,0,128,0,112,"TCC_WRITE_SECTORS",524288.000000,1008416369739677,1008416369791358
202,202,"Agent 1",1,44101,44101,32768,1,"gemm",512,131072,0,128,0,112,"TCP_TCP_TA_DATA_STALL_CYCLES",522.000000,1008416369739677,1008416369791358
202,202,"Agent 1",1,44101,44101,32768,1,"gemm",512,131072,0,128,0,112,"TCP_TCP_TA_ADDR_STALL_CYCLES",124994.000000,1008416369739677,1008416369791358
203,203,"Agent 1",1,44101,44101,32768,1,"gemm",512,131072,0,128,0,112,"SQ_INSTS_VMEM_WR",32768.000000,1008416369893359,1008416369944719
203,203,"Agent 1",1,44101,44101,32768,1,"gemm",512,131072,0,128,0,112,"SQ_VMEM_TA_CMD_FIFO_FULL",596370.000000,1008416369893359,1008416369944719
203,203,"Agent 1",1,44101,44101,32768,1,"gemm",512,131072,0,128,0,112,"TCC_WRITE_SECTORS",524288.000000,1008416369893359,1008416369944719
203,203,"Agent 1",1,44101,44101,32768,1,"gemm",512,131072,0,128,0,112,"TCP_TCP_TA_DATA_STALL_CYCLES",541.000000,1008416369893359,1008416369944719
203,203,"Agent 1",1,44101,44101,32768,1,"gemm",512,131072,0,128,0,112,"TCP_TCP_TA_ADDR_STALL_CYCLES",128022.000000,1008416369893359,1008416369944719
204,204,"Agent 1",1,44101,44101,32768,1,"gemm",512,131072,0,128,0,112,"SQ_INSTS_VMEM_WR",32768.000000,1008416370047800,1008416370098840
204,204,"Agent 1",1,44101,44101,32768,1,"gemm",512,131072,0,128,0,112,"SQ_VMEM_TA_CMD_FIFO_FULL",597831.000000,1008416370047800,1008416370098840
204,204,"Agent 1",1,44101,44101,32768,1,"gemm",512,131072,0,128,0,112,"TCC_WRITE_SECTORS",524288.000000,1008416370047800,1008416370098840
204,204,"Agent 1",1,44101,44101,32768,1,"gemm",512,131072,0,128,0,112,"TCP_TCP_TA_DATA_STALL_CYCLES",595.000000,1008416370047800,1008416370098840
204,204,"Agent 1",1,44101,44101,32768,1,"gemm",512,131072,0,128,0,112,"TCP_TCP_TA_ADDR_STALL_CYCLES",127068.000000,1008416370047800,1008416370098840
205,205,"Agent 1",1,44101,44101,32768,1,"gemm",512,131072,0,128,0,112,"SQ_INSTS_VMEM_WR",32768.000000,1008416370195561,1008416370246682
205,205,"Agent 1",1,44101,44101,32768,1,"gemm",512,131072,0,128,0,112,"SQ_VMEM_TA_CMD_FIFO_FULL",594171.000000,1008416370195561,1008416370246682
205,205,"Agent 1",1,44101,44101,32768,1,"gemm",512,131072,0,128,0,112,"TCC_WRITE_SECTORS",524288.000000,1008416370195561,1008416370246682
205,205,"Agent 1",1,44101,44101,32768,1,"gemm",512,131072,0,128,0,112,"TCP_TCP_TA_DATA_STALL_CYCLES",555.000000,1008416370195561,1008416370246682
205,205,"Agent 1",1,44101,44101,32768,1,"gemm",512,131072,0,128,0,112,"TCP_TCP_TA_ADDR_STALL_CYCLES",125990.000000,1008416370195561,1008416370246682
206,206,"Agent 1",1,44101,44101,32768,1,"gemm",512,131072,0,128,0,112,"SQ_INSTS_VMEM_WR",32768.000000,1008416370342683,1008416370394163
206,206,"Agent 1",1,44101,44101,32768,1,"gemm",512,131072,0,128,0,112,"SQ_VMEM_TA_CMD_FIFO_FULL",589374.000000,1008416370342683,1008416370394163
206,206,"Agent 1",1,44101,44101,32768,1,"gemm",512,131072,0,128,0,112,"TCC_WRITE_SECTORS",524288.000000,1008416370342683,1008416370394163
206,206,"Agent 1",1,44101,44101,32768,1,"gemm",512,131072,0,128,0,112,"TCP_TCP_TA_DATA_STALL_CYCLES",587.000000,1008416370342683,1008416370394163
206,206,"Agent 1",1,44101,44101,32768,1,"gemm",512,131072,0,128,0,112,"TCP_TCP_TA_ADDR_STALL_CYCLES",123748.000000,1008416370342683,1008416370394163
207,207,"Agent 1",1,44101,44101,32768,1,"gemm",512,131072,0,128,0,112,"SQ_INSTS_VMEM_WR",32768.000000,1008416370494284,1008416370545564
207,207,"Agent 1",1,44101,44101,32768,1,"gemm",512,131072,0,128,0,112,"SQ_VMEM_TA_CMD_FIFO_FULL",597790.000000,1008416370494284,1008416370545564
207,207,"Agent 1",1,44101,44101,32768,1,"gemm",512,131072,0,128,0,112,"TCC_WRITE_SECTORS",524288.000000,1008416370494284,1008416370545564
207,207,"Agent 1",1,44101,44101,32768,1,"gemm",512,131072,0,128,0,112,"TCP_TCP_TA_DATA_STALL_CYCLES",500.000000,1008416370494284,1008416370545564
207,207,"Agent 1",1,44101,44101,32768,1,"gemm",512,131072,0,128,0,112,"TCP_TCP_TA_ADDR_STALL_CYCLES",125743.000000,1008416370494284,1008416370545564
208,208,"Agent 1",1,44101,44101,32768,1,"gemm",512,131072,0,128,0,112,"SQ_INSTS_VMEM_WR",32768.000000,1008416370644765,1008416370695646
208,208,"Agent 1",1,44101,44101,32768,1,"gemm",512,131072,0,128,0,112,"SQ_VMEM_TA_CMD_FIFO_FULL",594769.000000,1008416370644765,1008416370695646
208,208,"Agent 1",1,44101,44101,32768,1,"gemm",512,131072,0,128,0,112,"TCC_WRITE_SECTORS",524288.000000,1008416370644765,1008416370695646
208,208,"Agent 1",1,44101,44101,32768,1,"gemm",512,131072,0,128,0,112,"TCP_TCP_TA_DATA_STALL_CYCLES",592.000000,1008416370644765,1008416370695646
208,208,"Agent 1",1,44101,44101,32768,1,"gemm",512,131072,0,128,0,112,"TCP_TCP_TA_ADDR_STALL_CYCLES",124419.000000,1008416370644765,1008416370695646
209,209,"Agent 1",1,44101,44101,32768,1,"gemm",512,131072,0,128,0,112,"SQ_INSTS_VMEM_WR",32768.000000,1008416370799920,1008416370850801
209,209,"Agent 1",1,44101,44101,32768,1,"gemm",512,131072,0,128,0,112,"SQ_VMEM_TA_CMD_FIFO_FULL",593661.000000,1008416370799920,1008416370850801
209,209,"Agent 1",1,44101,44101,32768,1,"gemm",512,131072,0,128,0,112,"TCC_WRITE_SECTORS",524288.000000,1008416370799920,1008416370850801
209,209,"Agent 1",1,44101,44101,32768,1,"gemm",512,131072,0,128,0,112,"TCP_TCP_TA_DATA_STALL_CYCLES",533.000000,1008416370799920,1008416370850801
209,209,"Agent 1",1,44101,44101,32768,1,"gemm",512,131072,0,128,0,112,"TCP_TCP_TA_ADDR_STALL_CYCLES",124944.000000,1008416370799920,1008416370850801
210,210,"Agent 1",1,44101,44101,32768,1,"gemm",512,131072,0,128,0,112,"SQ_INSTS_VMEM_WR",32768.000000,1008416370952601,1008416371004121
210,210,"Agent 1",1,44101,44101,32768,1,"gemm",512,131072,0,128,0,112,"SQ_VMEM_TA_CMD_FIFO_FULL",590259.000000,1008416370952601,1008416371004121
210,210,"Agent 1",1,44101,44101,32768,1,"gemm",512,131072,0,128,0,112,"TCC_WRITE_SECTORS",524288.000000,1008416370952601,1008416371004121
210,210,"Agent 1",1,44101,44101,32768,1,"gemm",512,131072,0,128,0,112,"TCP_TCP_TA_DATA_STALL_CYCLES",574.000000,1008416370952601,1008416371004121
210,210,"Agent 1",1,44101,44101,32768,1,"gemm",512,131072,0,128,0,112,"TCP_TCP_TA_ADDR_STALL_CYCLES",126367.000000,1008416370952601,1008416371004121
211,211,"Agent 1",1,44101,44101,32768,1,"gemm",512,131072,0,128,0,112,"SQ_INSTS_VMEM_WR",32768.000000,1008416371104762,1008416371156043
211,211,"Agent 1",1,44101,44101,32768,1,"gemm",512,131072,0,128,0,112,"SQ_VMEM_TA_CMD_FIFO_FULL",586611.000000,1008416371104762,1008416371156043
211,211,"Agent 1",1,44101,44101,32768,1,"gemm",512,131072,0,128,0,112,"TCC_WRITE_SECTORS",524288.000000,1008416371104762,1008416371156043
211,211,"Agent 1",1,44101,44101,32768,1,"gemm",512,131072,0,128,0,112,"TCP_TCP_TA_DATA_STALL_CYCLES",558.000000,1008416371104762,1008416371156043
211,211,"Agent 1",1,44101,44101,32768,1,"gemm",512,131072,0,128,0,112,"TCP_TCP_TA_ADDR_STALL_CYCLES",131520.000000,1008416371104762,1008416371156043
212,212,"Agent 1",1,44101,44101,32768,1,"gemm",512,131072,0,128,0,112,"SQ_INSTS_VMEM_WR",32768.000000,1008416371256323,1008416371307284
212,212,"Agent 1",1,44101,44101,32768,1,"gemm",512,131072,0,128,0,112,"SQ_VMEM_TA_CMD_FIFO_FULL",606436.000000,1008416371256323,1008416371307284
212,212,"Agent 1",1,44101,44101,32768,1,"gemm",512,131072,0,128,0,112,"TCC_WRITE_SECTORS",524288.000000,1008416371256323,1008416371307284
212,212,"Agent 1",1,44101,44101,32768,1,"gemm",512,131072,0,128,0,112,"TCP_TCP_TA_DATA_STALL_CYCLES",540.000000,1008416371256323,1008416371307284
212,212,"Agent 1",1,44101,44101,32768,1,"gemm",512,131072,0,128,0,112,"TCP_TCP_TA_ADDR_STALL_CYCLES",129977.000000,1008416371256323,1008416371307284
213,213,"Agent 1",1,44101,44101,32768,1,"gemm",512,131072,0,128,0,112,"SQ_INSTS_VMEM_WR",32768.000000,1008416371405085,1008416371455965
213,213,"Agent 1",1,44101,44101,32768,1,"gemm",512,131072,0,128,0,112,"SQ_VMEM_TA_CMD_FIFO_FULL",588539.000000,1008416371405085,1008416371455965
213,213,"Agent 1",1,44101,44101,32768,1,"gemm",512,131072,0,128,0,112,"TCC_WRITE_SECTORS",524288.000000,1008416371405085,1008416371455965
213,213,"Agent 1",1,44101,44101,32768,1,"gemm",512,131072,0,128,0,112,"TCP_TCP_TA_DATA_STALL_CYCLES",536.000000,1008416371405085,1008416371455965
213,213,"Agent 1",1,44101,44101,32768,1,"gemm",512,131072,0,128,0,112,"TCP_TCP_TA_ADDR_STALL_CYCLES",127310.000000,1008416371405085,1008416371455965
214,214,"Agent 1",1,44101,44101,32768,1,"gemm",512,131072,0,128,0,112,"SQ_INSTS_VMEM_WR",32768.000000,1008416371559046,1008416371610607
214,214,"Agent 1",1,44101,44101,32768,1,"gemm",512,131072,0,128,0,112,"SQ_VMEM_TA_CMD_FIFO_FULL",600151.000000,1008416371559046,1008416371610607
214,214,"Agent 1",1,44101,44101,32768,1,"gemm",512,131072,0,128,0,112,"TCC_WRITE_SECTORS",524288.000000,1008416371559046,1008416371610607
214,214,"Agent 1",1,44101,44101,32768,1,"gemm",512,131072,0,128,0,112,"TCP_TCP_TA_DATA_STALL_CYCLES",559.000000,1008416371559046,1008416371610607
214,214,"Agent 1",1,44101,44101,32768,1,"gemm",512,131072,0,128,0,112,"TCP_TCP_TA_ADDR_STALL_CYCLES",126966.000000,1008416371559046,1008416371610607
215,215,"Agent 1",1,44101,44101,32768,1,"gemm",512,131072,0,128,0,112,"SQ_INSTS_VMEM_WR",32768.000000,1008416371707768,1008416371759208
215,215,"Agent 1",1,44101,44101,32768,1,"gemm",512,131072,0,128,0,112,"SQ_VMEM_TA_CMD_FIFO_FULL",600622.000000,1008416371707768,1008416371759208
215,215,"Agent 1",1,44101,44101,32768,1,"gemm",512,131072,0,128,0,112,"TCC_WRITE_SECTORS",524288.000000,1008416371707768,1008416371759208
215,215,"Agent 1",1,44101,44101,32768,1,"gemm",512,131072,0,128,0,112,"TCP_TCP_TA_DATA_STALL_CYCLES",534.000000,1008416371707768,1008416371759208
215,215,"Agent 1",1,44101,44101,32768,1,"gemm",512,131072,0,128,0,112,"TCP_TCP_TA_ADDR_STALL_CYCLES",129065.000000,1008416371707768,1008416371759208
216,216,"Agent 1",1,44101,44101,32768,1,"gemm",512,131072,0,128,0,112,"SQ_INSTS_VMEM_WR",32768.000000,1008416371861569,1008416371912369
216,216,"Agent 1",1,44101,44101,32768,1,"gemm",512,131072,0,128,0,112,"SQ_VMEM_TA_CMD_FIFO_FULL",575777.000000,1008416371861569,1008416371912369
216,216,"Agent 1",1,44101,44101,32768,1,"gemm",512,131072,0,128,0,112,"TCC_WRITE_SECTORS",524288.000000,1008416371861569,1008416371912369
216,216,"Agent 1",1,44101,44101,32768,1,"gemm",512,131072,0,128,0,112,"TCP_TCP_TA_DATA_STALL_CYCLES",600.000000,1008416371861569,1008416371912369
216,216,"Agent 1",1,44101,44101,32768,1,"gemm",512,131072,0,128,0,112,"TCP_TCP_TA_ADDR_STALL_CYCLES",135726.000000,1008416371861569,1008416371912369
217,217,"Agent 1",1,44101,44101,32768,1,"gemm",512,131072,0,128,0,112,"SQ_INSTS_VMEM_WR",32768.000000,1008416372009450,1008416372060131
217,217,"Agent 1",1,44101,44101,32768,1,"gemm",512,131072,0,128,0,112,"SQ_VMEM_TA_CMD_FIFO_FULL",583171.000000,1008416372009450,1008416372060131
217,217,"Agent 1",1,44101,44101,32768,1,"gemm",512,131072,0,128,0,112,"TCC_WRITE_SECTORS",524288.000000,1008416372009450,1008416372060131
217,217,"Agent 1",1,44101,44101,32768,1,"gemm",512,131072,0,128,0,112,"TCP_TCP_TA_DATA_STALL_CYCLES",548.000000,1008416372009450,1008416372060131
217,217,"Agent 1",1,44101,44101,32768,1,"gemm",512,131072,0,128,0,112,"TCP_TCP_TA_ADDR_STALL_CYCLES",132646.000000,1008416372009450,1008416372060131
218,218,"Agent 1",1,44101,44101,32768,1,"gemm",512,131072,0,128,0,112,"SQ_INSTS_VMEM_WR",32768.000000,1008416372156772,1008416372208332
218,218,"Agent 1",1,44101,44101,32768,1,"gemm",512,131072,0,128,0,112,"SQ_VMEM_TA_CMD_FIFO_FULL",592582.000000,1008416372156772,1008416372208332
218,218,"Agent 1",1,44101,44101,32768,1,"gemm",512,131072,0,128,0,112,"TCC_WRITE_SECTORS",524288.000000,1008416372156772,1008416372208332
218,218,"Agent 1",1,44101,44101,32768,1,"gemm",512,131072,0,128,0,112,"TCP_TCP_TA_DATA_STALL_CYCLES",552.000000,1008416372156772,1008416372208332
218,218,"Agent 1",1,44101,44101,32768,1,"gemm",512,131072,0,128,0,112,"TCP_TCP_TA_ADDR_STALL_CYCLES",128157.000000,1008416372156772,1008416372208332
219,219,"Agent 1",1,44101,44101,32768,1,"gemm",512,131072,0,128,0,112,"SQ_INSTS_VMEM_WR",32768.000000,1008416372307173,1008416372358533
219,219,"Agent 1",1,44101,44101,32768,1,"gemm",512,131072,0,128,0,112,"SQ_VMEM_TA_CMD_FIFO_FULL",583995.000000,1008416372307173,1008416372358533
219,219,"Agent 1",1,44101,44101,32768,1,"gemm",512,131072,0,128,0,112,"TCC_WRITE_SECTORS",524288.000000,1008416372307173,1008416372358533
219,219,"Agent 1",1,44101,44101,32768,1,"gemm",512,131072,0,128,0,112,"TCP_TCP_TA_DATA_STALL_CYCLES",596.000000,1008416372307173,1008416372358533
219,219,"Agent 1",1,44101,44101,32768,1,"gemm",512,131072,0,128,0,112,"TCP_TCP_TA_ADDR_STALL_CYCLES",128409.000000,1008416372307173,1008416372358533
220,220,"Agent 1",1,44101,44101,32768,1,"gemm",512,131072,0,128,0,112,"SQ_INSTS_VMEM_WR",32768.000000,1008416372458614,1008416372509655
220,220,"Agent 1",1,44101,44101,32768,1,"gemm",512,131072,0,128,0,112,"SQ_VMEM_TA_CMD_FIFO_FULL",607995.000000,1008416372458614,1008416372509655
220,220,"Agent 1",1,44101,44101,32768,1,"gemm",512,131072,0,128,0,112,"TCC_WRITE_SECTORS",524288.000000,1008416372458614,1008416372509655
220,220,"Agent 1",1,44101,44101,32768,1,"gemm",512,131072,0,128,0,112,"TCP_TCP_TA_DATA_STALL_CYCLES",555.000000,1008416372458614,1008416372509655
220,220,"Agent 1",1,44101,44101,32768,1,"gemm",512,131072,0,128,0,112,"TCP_TCP_TA_ADDR_STALL_CYCLES",128760.000000,1008416372458614,1008416372509655
221,221,"Agent 1",1,44101,44101,32768,1,"gemm",512,131072,0,128,0,112,"SQ_INSTS_VMEM_WR",32768.000000,1008416372606136,1008416372657256
221,221,"Agent 1",1,44101,44101,32768,1,"gemm",512,131072,0,128,0,112,"SQ_VMEM_TA_CMD_FIFO_FULL",596567.000000,1008416372606136,1008416372657256
221,221,"Agent 1",1,44101,44101,32768,1,"gemm",512,131072,0,128,0,112,"TCC_WRITE_SECTORS",524288.000000,1008416372606136,1008416372657256
221,221,"Agent 1",1,44101,44101,32768,1,"gemm",512,131072,0,128,0,112,"TCP_TCP_TA_DATA_STALL_CYCLES",593.000000,1008416372606136,1008416372657256
221,221,"Agent 1",1,44101,44101,32768,1,"gemm",512,131072,0,128,0,112,"TCP_TCP_TA_ADDR_STALL_CYCLES",131477.000000,1008416372606136,1008416372657256
222,222,"Agent 1",1,44101,44101,32768,1,"gemm",512,131072,0,128,0,112,"SQ_INSTS_VMEM_WR",32768.000000,1008416372753177,1008416372804697
222,222,"Agent 1",1,44101,44101,32768,1,"gemm",512,131072,0,128,0,112,"SQ_VMEM_TA_CMD_FIFO_FULL",605889.000000,1008416372753177,1008416372804697
222,222,"Agent 1",1,44101,44101,32768,1,"gemm",512,131072,0,128,0,112,"TCC_WRITE_SECTORS",524288.000000,1008416372753177,1008416372804697
222,222,"Agent 1",1,44101,44101,32768,1,"gemm",512,131072,0,128,0,112,"TCP_TCP_TA_DATA_STALL_CYCLES",577.000000,1008416372753177,1008416372804697
222,222,"Agent 1",1,44101,44101,32768,1,"gemm",512,131072,0,128,0,112,"TCP_TCP_TA_ADDR_STALL_CYCLES",130901.000000,1008416372753177,1008416372804697
223,223,"Agent 1",1,44101,44101,32768,1,"gemm",512,131072,0,128,0,112,"SQ_INSTS_VMEM_WR",32768.000000,1008416372898338,1008416372949659
223,223,"Agent 1",1,44101,44101,32768,1,"gemm",512,131072,0,128,0,112,"SQ_VMEM_TA_CMD_FIFO_FULL",594131.000000,1008416372898338,1008416372949659
223,223,"Agent 1",1,44101,44101,32768,1,"gemm",512,131072,0,128,0,112,"TCC_WRITE_SECTORS",524288.000000,1008416372898338,1008416372949659
223,223,"Agent 1",1,44101,44101,32768,1,"gemm",512,131072,0,128,0,112,"TCP_TCP_TA_DATA_STALL_CYCLES",544.000000,1008416372898338,1008416372949659
223,223,"Agent 1",1,44101,44101,32768,1,"gemm",512,131072,0,128,0,112,"TCP_TCP_TA_ADDR_STALL_CYCLES",130702.000000,1008416372898338,1008416372949659
224,224,"Agent 1",1,44101,44101,32768,1,"gemm",512,131072,0,128,0,112,"SQ_INSTS_VMEM_WR",32768.000000,1008416373046460,1008416373097540
224,224,"Agent 1",1,44101,44101,32768,1,"gemm",512,131072,0,128,0,112,"SQ_VMEM_TA_CMD_FIFO_FULL",592485.000000,1008416373046460,1008416373097540
224,224,"Agent 1",1,44101,44101,32768,1,"gemm",512,131072,0,128,0,112,"TCC_WRITE_SECTORS",524288.000000,1008416373046460,1008416373097540
224,224,"Agent 1",1,44101,44101,32768,1,"gemm",512,131072,0,128,0,112,"TCP_TCP_TA_DATA_STALL_CYCLES",552.000000,1008416373046460,1008416373097540
224,224,"Agent 1",1,44101,44101,32768,1,"gemm",512,131072,0,128,0,112,"TCP_TCP_TA_ADDR_STALL_CYCLES",126931.000000,1008416373046460,1008416373097540
225,225,"Agent 1",1,44101,44101,32768,1,"gemm",512,131072,0,128,0,112,"SQ_INSTS_VMEM_WR",32768.000000,1008416373194221,1008416373245141
225,225,"Agent 1",1,44101,44101,32768,1,"gemm",512,131072,0,128,0,112,"SQ_VMEM_TA_CMD_FIFO_FULL",607955.000000,1008416373194221,1008416373245141
225,225,"Agent 1",1,44101,44101,32768,1,"gemm",512,131072,0,128,0,112,"TCC_WRITE_SECTORS",524288.000000,1008416373194221,1008416373245141
225,225,"Agent 1",1,44101,44101,32768,1,"gemm",512,131072,0,128,0,112,"TCP_TCP_TA_DATA_STALL_CYCLES",573.000000,1008416373194221,1008416373245141
225,225,"Agent 1",1,44101,44101,32768,1,"gemm",512,131072,0,128,0,112,"TCP_TCP_TA_ADDR_STALL_CYCLES",131448.000000,1008416373194221,1008416373245141
226,226,"Agent 1",1,44101,44101,32768,1,"gemm",512,131072,0,128,0,112,"SQ_INSTS_VMEM_WR",32768.000000,1008416373345062,1008416373396823
226,226,"Agent 1",1,44101,44101,32768,1,"gemm",512,131072,0,128,0,112,"SQ_VMEM_TA_CMD_FIFO_FULL",595837.000000,1008416373345062,1008416373396823
226,226,"Agent 1",1,44101,44101,32768,1,"gemm",512,131072,0,128,0,112,"TCC_WRITE_SECTORS",524288.000000,1008416373345062,1008416373396823
226,226,"Agent 1",1,44101,44101,32768,1,"gemm",512,131072,0,128,0,112,"TCP_TCP_TA_DATA_STALL_CYCLES",544.000000,1008416373345062,1008416373396823
226,226,"Agent 1",1,44101,44101,32768,1,"gemm",512,131072,0,128,0,112,"TCP_TCP_TA_ADDR_STALL_CYCLES",125589.000000,1008416373345062,1008416373396823
227,227,"Agent 1",1,44101,44101,32768,1,"gemm",512,131072,0,128,0,112,"SQ_INSTS_VMEM_WR",32768.000000,1008416373492624,1008416373543904
227,227,"Agent 1",1,44101,44101,32768,1,"gemm",512,131072,0,128,0,112,"SQ_VMEM_TA_CMD_FIFO_FULL",594649.000000,1008416373492624,1008416373543904
227,227,"Agent 1",1,44101,44101,32768,1,"gemm",512,131072,0,128,0,112,"TCC_WRITE_SECTORS",524288.000000,1008416373492624,1008416373543904
227,227,"Agent 1",1,44101,44101,32768,1,"gemm",512,131072,0,128,0,112,"TCP_TCP_TA_DATA_STALL_CYCLES",499.000000,1008416373492624,1008416373543904
227,227,"Agent 1",1,44101,44101,32768,1,"gemm",512,131072,0,128,0,112,"TCP_TCP_TA_ADDR_STALL_CYCLES",136611.000000,1008416373492624,1008416373543904
228,228,"Agent 1",1,44101,44101,32768,1,"gemm",512,131072,0,128,0,112,"SQ_INSTS_VMEM_WR",32768.000000,1008416373642585,1008416373693625
228,228,"Agent 1",1,44101,44101,32768,1,"gemm",512,131072,0,128,0,112,"SQ_VMEM_TA_CMD_FIFO_FULL",598970.000000,1008416373642585,1008416373693625
228,228,"Agent 1",1,44101,44101,32768,1,"gemm",512,131072,0,128,0,112,"TCC_WRITE_SECTORS",524288.000000,1008416373642585,1008416373693625
228,228,"Agent 1",1,44101,44101,32768,1,"gemm",512,131072,0,128,0,112,"TCP_TCP_TA_DATA_STALL_CYCLES",529.000000,1008416373642585,1008416373693625
228,228,"Agent 1",1,44101,44101,32768,1,"gemm",512,131072,0,128,0,112,"TCP_TCP_TA_ADDR_STALL_CYCLES",130458.000000,1008416373642585,1008416373693625
229,229,"Agent 1",1,44101,44101,32768,1,"gemm",512,131072,0,128,0,112,"SQ_INSTS_VMEM_WR",32768.000000,1008416373788506,1008416373839347
229,229,"Agent 1",1,44101,44101,32768,1,"gemm",512,131072,0,128,0,112,"SQ_VMEM_TA_CMD_FIFO_FULL",596884.000000,1008416373788506,1008416373839347
229,229,"Agent 1",1,44101,44101,32768,1,"gemm",512,131072,0,128,0,112,"TCC_WRITE_SECTORS",524288.000000,1008416373788506,1008416373839347
229,229,"Agent 1",1,44101,44101,32768,1,"gemm",512,131072,0,128,0,112,"TCP_TCP_TA_DATA_STALL_CYCLES",544.000000,1008416373788506,1008416373839347
229,229,"Agent 1",1,44101,44101,32768,1,"gemm",512,131072,0,128,0,112,"TCP_TCP_TA_ADDR_STALL_CYCLES",128403.000000,1008416373788506,1008416373839347
230,230,"Agent 1",1,44101,44101,32768,1,"gemm",512,131072,0,128,0,112,"SQ_INSTS_VMEM_WR",32768.000000,1008416373938588,1008416373990228
230,230,"Agent 1",1,44101,44101,32768,1,"gemm",512,131072,0,128,0,112,"SQ_VMEM_TA_CMD_FIFO_FULL",601537.000000,1008416373938588,1008416373990228
230,230,"Agent 1",1,44101,44101,32768,1,"gemm",512,131072,0,128,0,112,"TCC_WRITE_SECTORS",524288.000000,1008416373938588,1008416373990228
230,230,"Agent 1",1,44101,44101,32768,1,"gemm",512,131072,0,128,0,112,"TCP_TCP_TA_DATA_STALL_CYCLES",534.000000,1008416373938588,1008416373990228
230,230,"Agent 1",1,44101,44101,32768,1,"gemm",512,131072,0,128,0,112,"TCP_TCP_TA_ADDR_STALL_CYCLES",125521.000000,1008416373938588,1008416373990228
231,231,"Agent 1",1,44101,44101,32768,1,"gemm",512,131072,0,128,0,112,"SQ_INSTS_VMEM_WR",32768.000000,1008416374082469,1008416374133829
231,231,"Agent 1",1,44101,44101,32768,1,"gemm",512,131072,0,128,0,112,"SQ_VMEM_TA_CMD_FIFO_FULL",607026.000000,1008416374082469,1008416374133829
231,231,"Agent 1",1,44101,44101,32768,1,"gemm",512,131072,0,128,0,112,"TCC_WRITE_SECTORS",524288.000000,1008416374082469,1008416374133829
231,231,"Agent 1",1,44101,44101,32768,1,"gemm",512,131072,0,128,0,112,"TCP_TCP_TA_DATA_STALL_CYCLES",525.000000,1008416374082469,1008416374133829
231,231,"Agent 1",1,44101,44101,32768,1,"gemm",512,131072,0,128,0,112,"TCP_TCP_TA_ADDR_STALL_CYCLES",127596.000000,1008416374082469,1008416374133829
232,232,"Agent 1",1,44101,44101,32768,1,"gemm",512,131072,0,128,0,112,"SQ_INSTS_VMEM_WR",32768.000000,1008416374230630,1008416374281711
232,232,"Agent 1",1,44101,44101,32768,1,"gemm",512,131072,0,128,0,112,"SQ_VMEM_TA_CMD_FIFO_FULL",603639.000000,1008416374230630,1008416374281711
232,232,"Agent 1",1,44101,44101,32768,1,"gemm",512,131072,0,128,0,112,"TCC_WRITE_SECTORS",524288.000000,1008416374230630,1008416374281711
232,232,"Agent 1",1,44101,44101,32768,1,"gemm",512,131072,0,128,0,112,"TCP_TCP_TA_DATA_STALL_CYCLES",504.000000,1008416374230630,1008416374281711
232,232,"Agent 1",1,44101,44101,32768,1,"gemm",512,131072,0,128,0,112,"TCP_TCP_TA_ADDR_STALL_CYCLES",131564.000000,1008416374230630,1008416374281711
233,233,"Agent 1",1,44101,44101,32768,1,"gemm",512,131072,0,128,0,112,"SQ_INSTS_VMEM_WR",32768.000000,1008416374374672,1008416374425432
233,233,"Agent 1",1,44101,44101,32768,1,"gemm",512,131072,0,128,0,112,"SQ_VMEM_TA_CMD_FIFO_FULL",596373.000000,1008416374374672,1008416374425432
233,233,"Agent 1",1,44101,44101,32768,1,"gemm",512,131072,0,128,0,112,"TCC_WRITE_SECTORS",524288.000000,1008416374374672,1008416374425432
233,233,"Agent 1",1,44101,44101,32768,1,"gemm",512,131072,0,128,0,112,"TCP_TCP_TA_DATA_STALL_CYCLES",558.000000,1008416374374672,1008416374425432
233,233,"Agent 1",1,44101,44101,32768,1,"gemm",512,131072,0,128,0,112,"TCP_TCP_TA_ADDR_STALL_CYCLES",124359.000000,1008416374374672,1008416374425432
234,234,"Agent 1",1,44101,44101,32768,1,"gemm",512,131072,0,128,0,112,"SQ_INSTS_VMEM_WR",32768.000000,1008416374520953,1008416374572513
234,234,"Agent 1",1,44101,44101,32768,1,"gemm",512,131072,0,128,0,112,"SQ_VMEM_TA_CMD_FIFO_FULL",599371.000000,1008416374520953,1008416374572513
234,234,"Agent 1",1,44101,44101,32768,1,"gemm",512,131072,0,128,0,112,"TCC_WRITE_SECTORS",524288.000000,1008416374520953,1008416374572513
234,234,"Agent 1",1,44101,44101,32768,1,"gemm",512,131072,0,128,0,112,"TCP_TCP_TA_DATA_STALL_CYCLES",596.000000,1008416374520953,1008416374572513
234,234,"Agent 1",1,44101,44101,32768,1,"gemm",512,131072,0,128,0,112,"TCP_TCP_TA_ADDR_STALL_CYCLES",129826.000000,1008416374520953,1008416374572513
235,235,"Agent 1",1,44101,44101,32768,1,"gemm",512,131072,0,128,0,112,"SQ_INSTS_VMEM_WR",32768.000000,1008416374670834,1008416374722035
235,235,"Agent 1",1,44101,44101,32768,1,"gemm",512,131072,0,128,0,112,"SQ_VMEM_TA_CMD_FIFO_FULL",597241.000000,1008416374670834,1008416374722035
235,235,"Agent 1",1,44101,44101,32768,1,"gemm",512,131072,0,128,0,112,"TCC_WRITE_SECTORS",524288.000000,1008416374670834,1008416374722035
235,235,"Agent 1",1,44101,44101,32768,1,"gemm",512,131072,0,128,0,112,"TCP_TCP_TA_DATA_STALL_CYCLES",576.000000,1008416374670834,1008416374722035
235,235,"Agent 1",1,44101,44101,32768,1,"gemm",512,131072,0,128,0,112,"TCP_TCP_TA_ADDR_STALL_CYCLES",128586.000000,1008416374670834,1008416374722035
236,236,"Agent 1",1,44101,44101,32768,1,"gemm",512,131072,0,128,0,112,"SQ_INSTS_VMEM_WR",32768.000000,1008416374819196,1008416374870316
236,236,"Agent 1",1,44101,44101,32768,1,"gemm",512,131072,0,128,0,112,"SQ_VMEM_TA_CMD_FIFO_FULL",591852.000000,1008416374819196,1008416374870316
236,236,"Agent 1",1,44101,44101,32768,1,"gemm",512,131072,0,128,0,112,"TCC_WRITE_SECTORS",524288.000000,1008416374819196,1008416374870316
236,236,"Agent 1",1,44101,44101,32768,1,"gemm",512,131072,0,128,0,112,"TCP_TCP_TA_DATA_STALL_CYCLES",612.000000,1008416374819196,1008416374870316
236,236,"Agent 1",1,44101,44101,32768,1,"gemm",512,131072,0,128,0,112,"TCP_TCP_TA_ADDR_STALL_CYCLES",128674.000000,1008416374819196,1008416374870316
237,237,"Agent 1",1,44101,44101,32768,1,"gemm",512,131072,0,128,0,112,"SQ_INSTS_VMEM_WR",32768.000000,1008416374966877,1008416375018037
237,237,"Agent 1",1,44101,44101,32768,1,"gemm",512,131072,0,128,0,112,"SQ_VMEM_TA_CMD_FIFO_FULL",592706.000000,1008416374966877,1008416375018037
237,237,"Agent 1",1,44101,44101,32768,1,"gemm",512,131072,0,128,0,112,"TCC_WRITE_SECTORS",524288.000000,1008416374966877,1008416375018037
237,237,"Agent 1",1,44101,44101,32768,1,"gemm",512,131072,0,128,0,112,"TCP_TCP_TA_DATA_STALL_CYCLES",654.000000,1008416374966877,1008416375018037
237,237,"Agent 1",1,44101,44101,32768,1,"gemm",512,131072,0,128,0,112,"TCP_TCP_TA_ADDR_STALL_CYCLES",126599.000000,1008416374966877,1008416375018037
238,238,"Agent 1",1,44101,44101,32768,1,"gemm",512,131072,0,128,0,112,"SQ_INSTS_VMEM_WR",32768.000000,1008416375115718,1008416375167319
238,238,"Agent 1",1,44101,44101,32768,1,"gemm",512,131072,0,128,0,112,"SQ_VMEM_TA_CMD_FIFO_FULL",598672.000000,1008416375115718,1008416375167319
238,238,"Agent 1",1,44101,44101,32768,1,"gemm",512,131072,0,128,0,112,"TCC_WRITE_SECTORS",524288.000000,1008416375115718,1008416375167319
238,238,"Agent 1",1,44101,44101,32768,1,"gemm",512,131072,0,128,0,112,"TCP_TCP_TA_DATA_STALL_CYCLES",582.000000,1008416375115718,1008416375167319
238,238,"Agent 1",1,44101,44101,32768,1,"gemm",512,131072,0,128,0,112,"TCP_TCP_TA_ADDR_STALL_CYCLES",133340.000000,1008416375115718,1008416375167319
239,239,"Agent 1",1,44101,44101,32768,1,"gemm",512,131072,0,128,0,112,"SQ_INSTS_VMEM_WR",32768.000000,1008416375263479,1008416375314640
239,239,"Agent 1",1,44101,44101,32768,1,"gemm",512,131072,0,128,0,112,"SQ_VMEM_TA_CMD_FIFO_FULL",603274.000000,1008416375263479,1008416375314640
239,239,"Agent 1",1,44101,44101,32768,1,"gemm",512,131072,0,128,0,112,"TCC_WRITE_SECTORS",524288.000000,1008416375263479,1008416375314640
239,239,"Agent 1",1,44101,44101,32768,1,"gemm",512,131072,0,128,0,112,"TCP_TCP_TA_DATA_STALL_CYCLES",504.000000,1008416375263479,1008416375314640
239,239,"Agent 1",1,44101,44101,32768,1,"gemm",512,131072,0,128,0,112,"TCP_TCP_TA_ADDR_STALL_CYCLES",133390.000000,1008416375263479,1008416375314640
240,240,"Agent 1",1,44101,44101,32768,1,"gemm",512,131072,0,128,0,112,"SQ_INSTS_VMEM_WR",32768.000000,1008416375411041,1008416375462081
240,240,"Agent 1",1,44101,44101,32768,1,"gemm",512,131072,0,128,0,112,"SQ_VMEM_TA_CMD_FIFO_FULL",608957.000000,1008416375411041,1008416375462081
240,240,"Agent 1",1,44101,44101,32768,1,"gemm",512,131072,0,128,0,112,"TCC_WRITE_SECTORS",524288.000000,1008416375411041,1008416375462081
240,240,"Agent 1",1,44101,44101,32768,1,"gemm",512,131072,0,128,0,112,"TCP_TCP_TA_DATA_STALL_CYCLES",526.000000,1008416375411041,1008416375462081
240,240,"Agent 1",1,44101,44101,32768,1,"gemm",512,131072,0,128,0,112,"TCP_TCP_TA_ADDR_STALL_CYCLES",125933.000000,1008416375411041,1008416375462081
241,241,"Agent 1",1,44101,44101,32768,1,"gemm",512,131072,0,128,0,112,"SQ_INSTS_VMEM_WR",32768.000000,1008416375556762,1008416375607843
241,241,"Agent 1",1,44101,44101,32768,1,"gemm",512,131072,0,128,0,112,"SQ_VMEM_TA_CMD_FIFO_FULL",590403.000000,1008416375556762,1008416375607843
241,241,"Agent 1",1,44101,44101,32768,1,"gemm",512,131072,0,128,0,112,"TCC_WRITE_SECTORS",524288.000000,1008416375556762,1008416375607843
241,241,"Agent 1",1,44101,44101,32768,1,"gemm",512,131072,0,128,0,112,"TCP_TCP_TA_DATA_STALL_CYCLES",615.000000,1008416375556762,1008416375607843
241,241,"Agent 1",1,44101,44101,32768,1,"gemm",512,131072,0,128,0,112,"TCP_TCP_TA_ADDR_STALL_CYCLES",130176.000000,1008416375556762,1008416375607843
242,242,"Agent 1",1,44101,44101,32768,1,"gemm",512,131072,0,128,0,112,"SQ_INSTS_VMEM_WR",32768.000000,1008416375706203,1008416375757644
242,242,"Agent 1",1,44101,44101,32768,1,"gemm",512,131072,0,128,0,112,"SQ_VMEM_TA_CMD_FIFO_FULL",598112.000000,1008416375706203,1008416375757644
242,242,"Agent 1",1,44101,44101,32768,1,"gemm",512,131072,0,128,0,112,"TCC_WRITE_SECTORS",524288.000000,1008416375706203,1008416375757644
242,242,"Agent 1",1,44101,44101,32768,1,"gemm",512,131072,0,128,0,112,"TCP_TCP_TA_DATA_STALL_CYCLES",538.000000,1008416375706203,1008416375757644
242,242,"Agent 1",1,44101,44101,32768,1,"gemm",512,131072,0,128,0,112,"TCP_TCP_TA_ADDR_STALL_CYCLES",121183.000000,1008416375706203,1008416375757644
243,243,"Agent 1",1,44101,44101,32768,1,"gemm",512,131072,0,128,0,112,"SQ_INSTS_VMEM_WR",32768.000000,1008416375856245,1008416375907525
243,243,"Agent 1",1,44101,44101,32768,1,"gemm",512,131072,0,128,0,112,"SQ_VMEM_TA_CMD_FIFO_FULL",583686.000000,1008416375856245,1008416375907525
243,243,"Agent 1",1,44101,44101,32768,1,"gemm",512,131072,0,128,0,112,"TCC_WRITE_SECTORS",524288.000000,1008416375856245,1008416375907525
243,243,"Agent 1",1,44101,44101,32768,1,"gemm",512,131072,0,128,0,112,"TCP_TCP_TA_DATA_STALL_CYCLES",539.000000,1008416375856245,1008416375907525
243,243,"Agent 1",1,44101,44101,32768,1,"gemm",512,131072,0,128,0,112,"TCP_TCP_TA_ADDR_STALL_CYCLES",124552.000000,1008416375856245,1008416375907525
244,244,"Agent 1",1,44101,44101,32768,1,"gemm",512,131072,0,128,0,112,"SQ_INSTS_VMEM_WR",32768.000000,1008416376003086,1008416376054127
244,244,"Agent 1",1,44101,44101,32768,1,"gemm",512,131072,0,128,0,112,"SQ_VMEM_TA_CMD_FIFO_FULL",604015.000000,1008416376003086,1008416376054127
244,244,"Agent 1",1,44101,44101,32768,1,"gemm",512,131072,0,128,0,112,"TCC_WRITE_SECTORS",524288.000000,1008416376003086,1008416376054127
244,244,"Agent 1",1,44101,44101,32768,1,"gemm",512,131072,0,128,0,112,"TCP_TCP_TA_DATA_STALL_CYCLES",552.000000,1008416376003086,1008416376054127
244,244,"Agent 1",1,44101,44101,32768,1,"gemm",512,131072,0,128,0,112,"TCP_TCP_TA_ADDR_STALL_CYCLES",130659.000000,1008416376003086,1008416376054127
245,245,"Agent 1",1,44101,44101,32768,1,"gemm",512,131072,0,128,0,112,"SQ_INSTS_VMEM_WR",32768.000000,1008416376147327,1008416376198208
245,245,"Agent 1",1,44101,44101,32768,1,"gemm",512,131072,0,128,0,112,"SQ_VMEM_TA_CMD_FIFO_FULL",589511.000000,1008416376147327,1008416376198208
245,245,"Agent 1",1,44101,44101,32768,1,"gemm",512,131072,0,128,0,112,"TCC_WRITE_SECTORS",524288.000000,1008416376147327,1008416376198208
245,245,"Agent 1",1,44101,44101,32768,1,"gemm",512,131072,0,128,0,112,"TCP_TCP_TA_DATA_STALL_CYCLES",533.000000,1008416376147327,1008416376198208
245,245,"Agent 1",1,44101,44101,32768,1,"gemm",512,131072,0,128,0,112,"TCP_TCP_TA_ADDR_STALL_CYCLES",129477.000000,1008416376147327,1008416376198208
246,246,"Agent 1",1,44101,44101,32768,1,"gemm",512,131072,0,128,0,112,"SQ_INSTS_VMEM_WR",32768.000000,1008416376290249,1008416376341809
246,246,"Agent 1",1,44101,44101,32768,1,"gemm",512,131072,0,128,0,112,"SQ_VMEM_TA_CMD_FIFO_FULL",589124.000000,1008416376290249,1008416376341809
246,246,"Agent 1",1,44101,44101,32768,1,"gemm",512,131072,0,128,0,112,"TCC_WRITE_SECTORS",524288.000000,1008416376290249,1008416376341809
246,246,"Agent 1",1,44101,44101,32768,1,"gemm",512,131072,0,128,0,112,"TCP_TCP_TA_DATA_STALL_CYCLES",511.000000,1008416376290249,1008416376341809
246,246,"Agent 1",1,44101,44101,32768,1,"gemm",512,131072,0,128,0,112,"TCP_TCP_TA_ADDR_STALL_CYCLES",128851.000000,1008416376290249,1008416376341809
247,247,"Agent 1",1,44101,44101,32768,1,"gemm",512,131072,0,128,0,112,"SQ_INSTS_VMEM_WR",32768.000000,1008416376436410,1008416376487731
247,247,"Agent 1",1,44101,44101,32768,1,"gemm",512,131072,0,128,0,112,"SQ_VMEM_TA_CMD_FIFO_FULL",610337.000000,1008416376436410,1008416376487731
247,247,"Agent 1",1,44101,44101,32768,1,"gemm",512,131072,0,128,0,112,"TCC_WRITE_SECTORS",524288.000000,1008416376436410,1008416376487731
247,247,"Agent 1",1,44101,44101,32768,1,"gemm",512,131072,0,128,0,112,"TCP_TCP_TA_DATA_STALL_CYCLES",592.000000,1008416376436410,1008416376487731
247,247,"Agent 1",1,44101,44101,32768,1,"gemm",512,131072,0,128,0,112,"TCP_TCP_TA_ADDR_STALL_CYCLES",127156.000000,1008416376436410,1008416376487731
248,248,"Agent 1",1,44101,44101,32768,1,"gemm",512,131072,0,128,0,112,"SQ_INSTS_VMEM_WR",32768.000000,1008416376579651,1008416376630412
248,248,"Agent 1",1,44101,44101,32768,1,"gemm",512,131072,0,128,0,112,"SQ_VMEM_TA_CMD_FIFO_FULL",588923.000000,1008416376579651,1008416376630412
248,248,"Agent 1",1,44101,44101,32768,1,"gemm",512,131072,0,128,0,112,"TCC_WRITE_SECTORS",524288.000000,1008416376579651,1008416376630412
248,248,"Agent 1",1,44101,44101,32768,1,"gemm",512,131072,0,128,0,112,"TCP_TCP_TA_DATA_STALL_CYCLES",581.000000,1008416376579651,1008416376630412
248,248,"Agent 1",1,44101,44101,32768,1,"gemm",512,131072,0,128,0,112,"TCP_TCP_TA_ADDR_STALL_CYCLES",124723.000000,1008416376579651,1008416376630412
249,249,"Agent 1",1,44101,44101,32768,1,"gemm",512,131072,0,128,0,112,"SQ_INSTS_VMEM_WR",32768.000000,1008416376726053,1008416376777213
249,249,"Agent 1",1,44101,44101,32768,1,"gemm",512,131072,0,128,0,112,"SQ_VMEM_TA_CMD_FIFO_FULL",590749.000000,1008416376726053,1008416376777213
249,249,"Agent 1",1,44101,44101,32768,1,"gemm",512,131072,0,128,0,112,"TCC_WRITE_SECTORS",524288.000000,1008416376726053,1008416376777213
249,249,"Agent 1",1,44101,44101,32768,1,"gemm",512,131072,0,128,0,112,"TCP_TCP_TA_DATA_STALL_CYCLES",522.000000,1008416376726053,1008416376777213
249,249,"Agent 1",1,44101,44101,32768,1,"gemm",512,131072,0,128,0,112,"TCP_TCP_TA_ADDR_STALL_CYCLES",131151.000000,1008416376726053,1008416376777213
250,250,"Agent 1",1,44101,44101,32768,1,"gemm",512,131072,0,128,0,112,"SQ_INSTS_VMEM_WR",32768.000000,1008416376870454,1008416376921814
250,250,"Agent 1",1,44101,44101,32768,1,"gemm",512,131072,0,128,0,112,"SQ_VMEM_TA_CMD_FIFO_FULL",579889.000000,1008416376870454,1008416376921814
250,250,"Agent 1",1,44101,44101,32768,1,"gemm",512,131072,0,128,0,112,"TCC_WRITE_SECTORS",524288.000000,1008416376870454,1008416376921814
250,250,"Agent 1",1,44101,44101,32768,1,"gemm",512,131072,0,128,0,112,"TCP_TCP_TA_DATA_STALL_CYCLES",548.000000,1008416376870454,1008416376921814
250,250,"Agent 1",1,44101,44101,32768,1,"gemm",512,131072,0,128,0,112,"TCP_TCP_TA_ADDR_STALL_CYCLES",127452.000000,1008416376870454,1008416376921814
251,251,"Agent 1",1,44101,44101,32768,1,"gemm",512,131072,0,128,0,112,"SQ_INSTS_VMEM_WR",32768.000000,1008416377021575,1008416377072656
251,251,"Agent 1",1,44101,44101,32768,1,"gemm",512,131072,0,128,0,112,"SQ_VMEM_TA_CMD_FIFO_FULL",573828.000000,1008416377021575,1008416377072656
251,251,"Agent 1",1,44101,44101,32768,1,"gemm",512,131072,0,128,0,112,"TCC_WRITE_SECTORS",524288.000000,1008416377021575,1008416377072656
251,251,"Agent 1",1,44101,44101,32768,1,"gemm",512,131072,0,128,0,112,"TCP_TCP_TA_DATA_STALL_CYCLES",507.000000,1008416377021575,1008416377072656
251,251,"Agent 1",1,44101,44101,32768,1,"gemm",512,131072,0,128,0,112,"TCP_TCP_TA_ADDR_STALL_CYCLES",120686.000000,1008416377021575,1008416377072656
252,252,"Agent 1",1,44101,44101,32768,1,"gemm",512,131072,0,128,0,112,"SQ_INSTS_VMEM_WR",32768.000000,1008416377167337,1008416377218377
252,252,"Agent 1",1,44101,44101,32768,1,"gemm",512,131072,0,128,0,112,"SQ_VMEM_TA_CMD_FIFO_FULL",609511.000000,1008416377167337,1008416377218377
252,252,"Agent 1",1,44101,44101,32768,1,"gemm",512,131072,0,128,0,112,"TCC_WRITE_SECTORS",524288.000000,1008416377167337,1008416377218377
252,252,"Agent 1",1,44101,44101,32768,1,"gemm",512,131072,0,128,0,112,"TCP_TCP_TA_DATA_STALL_CYCLES",544.000000,1008416377167337,1008416377218377
252,252,"Agent 1",1,44101,44101,32768,1,"gemm",512,131072,0,128,0,112,"TCP_TCP_TA_ADDR_STALL_CYCLES",128714.000000,1008416377167337,1008416377218377
