"Correlation_Id","Dispatch_Id","Agent_Id","Queue_Id","Process_Id","Thread_Id","Grid_Size","Kernel_Id","Kernel_Name","Workgroup_Size","LDS_Block_Size","Scratch_Size","VGPR_Count","Accum_VGPR_Count","SGPR_Count","Counter_Name","Counter_Value","Start_Timestamp","End_Timestamp"
53,53,"Agent 1",1,43246,43246,2097152,1,"gemm",512,131072,0,128,0,112,"SQ_INSTS_VMEM_WR",2097152.000000,1000782126697595,1000782127789406
53,53,"Agent 1",1,43246,43246,2097152,1,"gemm",512,131072,0,128,0,112,"SQ_VMEM_TA_CMD_FIFO_FULL",96450028.000000,1000782126697595,1000782127789406
53,53,"Agent 1",1,43246,43246,2097152,1,"gemm",512,131072,0,128,0,112,"TCC_WRITE_SECTORS",33554432.000000,1000782126697595,1000782127789406
53,53,"Agent 1",1,43246,43246,2097152,1,"gemm",512,131072,0,128,0,112,"TCP_TCP_TA_DATA_STALL_CYCLES",7234571.000000,1000782126697595,1000782127789406
53,53,"Agent 1",1,43246,43246,2097152,1,"gemm",512,131072,0,128,0,112,"TCP_TCP_TA_ADDR_STALL_CYCLES",30204425.000000,1000782126697595,1000782127789406
54,54,"Agent 1",1,43246,43246,2097152,1,"gemm",512,131072,0,128,0,112,"SQ_INSTS_VMEM_WR",2097152.000000,1000782127908806,1000782129001216
54,54,"Agent 1",1,43246,43246,2097152,1,"gemm",512,131072,0,128,0,112,"SQ_VMEM_TA_CMD_FIFO_FULL",99041094.000000,1000782127908806,1000782129001216
54,54,"Agent 1",1,43246,43246,2097152,1,"gemm",512,131072,0,128,0,112,"TCC_WRITE_SECTORS",33554432.000000,1000782127908806,1000782129001216
54,54,"Agent 1",1,43246,43246,2097152,1,"gemm",512,131072,0,128,0,112,"TCP_TCP_TA_DATA_STALL_CYCLES",6078696.000000,1000782127908806,1000782129001216
54,54,"Agent 1",1,43246,43246,2097152,1,"gemm",512,131072,0,128,0,112,"TCP_TCP_TA_ADDR_STALL_CYCLES",29464526.000000,1000782127908806,1000782129001216
55,55,"Agent 1",1,43246,43246,2097152,1,"gemm",512,131072,0,128,0,112,"SQ_INSTS_VMEM_WR",2097152.000000,1000782129100577,1000782130188227
55,55,"Agent 1",1,43246,43246,2097152,1,"gemm",512,131072,0,128,0,112,"SQ_VMEM_TA_CMD_FIFO_FULL",96221362.000000,1000782129100577,1000782130188227
55,55,"Agent 1",1,43246,43246,2097152,1,"gemm",512,131072,0,128,0,112,"TCC_WRITE_SECTORS",33554432.000000,1000782129100577,1000782130188227
55,55,"Agent 1",1,43246,43246,2097152,1,"gemm",512,131072,0,128,0,112,"TCP_TCP_TA_DATA_STALL_CYCLES",6023902.000000,1000782129100577,1000782130188227
55,55,"Agent 1",1,43246,43246,2097152,1,"gemm",512,131072,0,128,0,112,"TCP_TCP_TA_ADDR_STALL_CYCLES",28416539.000000,1000782129100577,1000782130188227
56,56,"Agent 1",1,43246,43246,2097152,1,"gemm",512,131072,0,128,0,112,"SQ_INSTS_VMEM_WR",2097152.000000,1000782130287828,1000782131389358
56,56,"Agent 1",1,43246,43246,2097152,1,"gemm",512,131072,0,128,0,112,"SQ_VMEM_TA_CMD_FIFO_FULL",101711857.000000,1000782130287828,1000782131389358
56,56,"Agent 1",1,43246,43246,2097152,1,"gemm",512,131072,0,128,0,112,"TCC_WRITE_SECTORS",33554432.000000,1000782130287828,1000782131389358
56,56,"Agent 1",1,43246,43246,2097152,1,"gemm",512,131072,0,128,0,112,"TCP_TCP_TA_DATA_STALL_CYCLES",7062301.000000,1000782130287828,1000782131389358
56,56,"Agent 1",1,43246,43246,2097152,1,"gemm",512,131072,0,128,0,112,"TCP_TCP_TA_ADDR_STALL_CYCLES",30598425.000000,1000782130287828,1000782131389358
57,57,"Agent 1",1,43246,43246,2097152,1,"gemm",512,131072,0,128,0,112,"SQ_INSTS_VMEM_WR",2097152.000000,1000782131487719,1000782132579129
57,57,"Agent 1",1,43246,43246,2097152,1,"gemm",512,131072,0,128,0,112,"SQ_VMEM_TA_CMD_FIFO_FULL",98993496.000000,1000782131487719,1000782132579129
57,57,"Agent 1",1,43246,43246,2097152,1,"gemm",512,131072,0,128,0,112,"TCC_WRITE_SECTORS",33554432.000000,1000782131487719,1000782132579129
57,57,"Agent 1",1,43246,43246,2097152,1,"gemm",512,131072,0,128,0,112,"TCP_TCP_TA_DATA_STALL_CYCLES",7157005.000000,1000782131487719,1000782132579129
57,57,"Agent 1",1,43246,43246,2097152,1,"gemm",512,131072,0,128,0,112,"TCP_TCP_TA_ADDR_STALL_CYCLES",28676127.000000,1000782131487719,1000782132579129
58,58,"Agent 1",1,43246,43246,2097152,1,"gemm",512,131072,0,128,0,112,"SQ_INSTS_VMEM_WR",2097152.000000,1000782132675050,1000782133770620
58,58,"Agent 1",1,43246,43246,2097152,1,"gemm",512,131072,0,128,0,112,"SQ_VMEM_TA_CMD_FIFO_FULL",98992841.000000,1000782132675050,1000782133770620
58,58,"Agent 1",1,43246,43246,2097152,1,"gemm",512,131072,0,128,0,112,"TCC_WRITE_SECTORS",33554432.000000,1000782132675050,1000782133770620
58,58,"Agent 1",1,43246,43246,2097152,1,"gemm",512,131072,0,128,0,112,"TCP_TCP_TA_DATA_STALL_CYCLES",5664831.000000,1000782132675050,1000782133770620
58,58,"Agent 1",1,43246,43246,2097152,1,"gemm",512,131072,0,128,0,112,"TCP_TCP_TA_ADDR_STALL_CYCLES",29800949.000000,1000782132675050,1000782133770620
59,59,"Agent 1",1,43246,43246,2097152,1,"gemm",512,131072,0,128,0,112,"SQ_INSTS_VMEM_WR",2097152.000000,1000782133871741,1000782134963832
59,59,"Agent 1",1,43246,43246,2097152,1,"gemm",512,131072,0,128,0,112,"SQ_VMEM_TA_CMD_FIFO_FULL",98794273.000000,1000782133871741,1000782134963832
59,59,"Agent 1",1,43246,43246,2097152,1,"gemm",512,131072,0,128,0,112,"TCC_WRITE_SECTORS",33554432.000000,1000782133871741,1000782134963832
59,59,"Agent 1",1,43246,43246,2097152,1,"gemm",512,131072,0,128,0,112,"TCP_TCP_TA_DATA_STALL_CYCLES",6788547.000000,1000782133871741,1000782134963832
59,59,"Agent 1",1,43246,43246,2097152,1,"gemm",512,131072,0,128,0,112,"TCP_TCP_TA_ADDR_STALL_CYCLES",28788846.000000,1000782133871741,1000782134963832
60,60,"Agent 1",1,43246,43246,2097152,1,"gemm",512,131072,0,128,0,112,"SQ_INSTS_VMEM_WR",2097152.000000,1000782135062992,1000782136155763
60,60,"Agent 1",1,43246,43246,2097152,1,"gemm",512,131072,0,128,0,112,"SQ_VMEM_TA_CMD_FIFO_FULL",99833011.000000,1000782135062992,1000782136155763
60,60,"Agent 1",1,43246,43246,2097152,1,"gemm",512,131072,0,128,0,112,"TCC_WRITE_SECTORS",33554432.000000,1000782135062992,1000782136155763
60,60,"Agent 1",1,43246,43246,2097152,1,"gemm",512,131072,0,128,0,112,"TCP_TCP_TA_DATA_STALL_CYCLES",5942979.000000,1000782135062992,1000782136155763
60,60,"Agent 1",1,43246,43246,2097152,1,"gemm",512,131072,0,128,0,112,"TCP_TCP_TA_ADDR_STALL_CYCLES",30241270.000000,1000782135062992,1000782136155763
61,61,"Agent 1",1,43246,43246,2097152,1,"gemm",512,131072,0,128,0,112,"SQ_INSTS_VMEM_WR",2097152.000000,1000782136257044,1000782137348254
61,61,"Agent 1",1,43246,43246,2097152,1,"gemm",512,131072,0,128,0,112,"SQ_VMEM_TA_CMD_FIFO_FULL",98246977.000000,1000782136257044,1000782137348254
61,61,"Agent 1",1,43246,43246,2097152,1,"gemm",512,131072,0,128,0,112,"TCC_WRITE_SECTORS",33554432.000000,1000782136257044,1000782137348254
61,61,"Agent 1",1,43246,43246,2097152,1,"gemm",512,131072,0,128,0,112,"TCP_TCP_TA_DATA_STALL_CYCLES",6111741.000000,1000782136257044,1000782137348254
61,61,"Agent 1",1,43246,43246,2097152,1,"gemm",512,131072,0,128,0,112,"TCP_TCP_TA_ADDR_STALL_CYCLES",28769595.000000,1000782136257044,1000782137348254
62,62,"Agent 1",1,43246,43246,2097152,1,"gemm",512,131072,0,128,0,112,"SQ_INSTS_VMEM_WR",2097152.000000,1000782137450855,1000782138549025
62,62,"Agent 1",1,43246,43246,2097152,1,"gemm",512,131072,0,128,0,112,"SQ_VMEM_TA_CMD_FIFO_FULL",101057062.000000,1000782137450855,1000782138549025
62,62,"Agent 1",1,43246,43246,2097152,1,"gemm",512,131072,0,128,0,112,"TCC_WRITE_SECTORS",33554432.000000,1000782137450855,1000782138549025
62,62,"Agent 1",1,43246,43246,2097152,1,"gemm",512,131072,0,128,0,112,"TCP_TCP_TA_DATA_STALL_CYCLES",7044897.000000,1000782137450855,1000782138549025
62,62,"Agent 1",1,43246,43246,2097152,1,"gemm",512,131072,0,128,0,112,"TCP_TCP_TA_ADDR_STALL_CYCLES",30235146.000000,1000782137450855,1000782138549025
63,63,"Agent 1",1,43246,43246,2097152,1,"gemm",512,131072,0,128,0,112,"SQ_INSTS_VMEM_WR",2097152.000000,1000782138652626,1000782139746596
63,63,"Agent 1",1,43246,43246,2097152,1,"gemm",512,131072,0,128,0,112,"SQ_VMEM_TA_CMD_FIFO_FULL",98786626.000000,1000782138652626,1000782139746596
63,63,"Agent 1",1,43246,43246,2097152,1,"gemm",512,131072,0,128,0,112,"TCC_WRITE_SECTORS",33554432.000000,1000782138652626,1000782139746596
63,63,"Agent 1",1,43246,43246,2097152,1,"gemm",512,131072,0,128,0,112,"TCP_TCP_TA_DATA_STALL_CYCLES",6456373.000000,1000782138652626,1000782139746596
63,63,"Agent 1",1,43246,43246,2097152,1,"gemm",512,131072,0,128,0,112,"TCP_TCP_TA_ADDR_STALL_CYCLES",28907724.000000,1000782138652626,1000782139746596
64,64,"Agent 1",1,43246,43246,2097152,1,"gemm",512,131072,0,128,0,112,"SQ_INSTS_VMEM_WR",2097152.000000,1000782139853717,1000782140955887
64,64,"Agent 1",1,43246,43246,2097152,1,"gemm",512,131072,0,128,0,112,"SQ_VMEM_TA_CMD_FIFO_FULL",104055662.000000,1000782139853717,1000782140955887
64,64,"Agent 1",1,43246,43246,2097152,1,"gemm",512,131072,0,128,0,112,"TCC_WRITE_SECTORS",33554432.000000,1000782139853717,1000782140955887
64,64,"Agent 1",1,43246,43246,2097152,1,"gemm",512,131072,0,128,0,112,"TCP_TCP_TA_DATA_STALL_CYCLES",7106070.000000,1000782139853717,1000782140955887
64,64,"Agent 1",1,43246,43246,2097152,1,"gemm",512,131072,0,128,0,112,"TCP_TCP_TA_ADDR_STALL_CYCLES",30790369.000000,1000782139853717,1000782140955887
65,65,"Agent 1",1,43246,43246,2097152,1,"gemm",512,131072,0,128,0,112,"SQ_INSTS_VMEM_WR",2097152.000000,1000782141066328,1000782142164819
65,65,"Agent 1",1,43246,43246,2097152,1,"gemm",512,131072,0,128,0,112,"SQ_VMEM_TA_CMD_FIFO_FULL",99700452.000000,1000782141066328,1000782142164819
65,65,"Agent 1",1,43246,43246,2097152,1,"gemm",512,131072,0,128,0,112,"TCC_WRITE_SECTORS",33554432.000000,1000782141066328,1000782142164819
65,65,"Agent 1",1,43246,43246,2097152,1,"gemm",512,131072,0,128,0,112,"TCP_TCP_TA_DATA_STALL_CYCLES",6596006.000000,1000782141066328,1000782142164819
65,65,"Agent 1",1,43246,43246,2097152,1,"gemm",512,131072,0,128,0,112,"TCP_TCP_TA_ADDR_STALL_CYCLES",28636134.000000,1000782141066328,1000782142164819
66,66,"Agent 1",1,43246,43246,2097152,1,"gemm",512,131072,0,128,0,112,"SQ_INSTS_VMEM_WR",2097152.000000,1000782142268100,1000782143362030
66,66,"Agent 1",1,43246,43246,2097152,1,"gemm",512,131072,0,128,0,112,"SQ_VMEM_TA_CMD_FIFO_FULL",99381774.000000,1000782142268100,1000782143362030
66,66,"Agent 1",1,43246,43246,2097152,1,"gemm",512,131072,0,128,0,112,"TCC_WRITE_SECTORS",33554432.000000,1000782142268100,1000782143362030
66,66,"Agent 1",1,43246,43246,2097152,1,"gemm",512,131072,0,128,0,112,"TCP_TCP_TA_DATA_STALL_CYCLES",6633784.000000,1000782142268100,1000782143362030
66,66,"Agent 1",1,43246,43246,2097152,1,"gemm",512,131072,0,128,0,112,"TCP_TCP_TA_ADDR_STALL_CYCLES",28852857.000000,1000782142268100,1000782143362030
67,67,"Agent 1",1,43246,43246,2097152,1,"gemm",512,131072,0,128,0,112,"SQ_INSTS_VMEM_WR",2097152.000000,1000782143469631,1000782144561281
67,67,"Agent 1",1,43246,43246,2097152,1,"gemm",512,131072,0,128,0,112,"SQ_VMEM_TA_CMD_FIFO_FULL",98572953.000000,1000782143469631,1000782144561281
67,67,"Agent 1",1,43246,43246,2097152,1,"gemm",512,131072,0,128,0,112,"TCC_WRITE_SECTORS",33554432.000000,1000782143469631,1000782144561281
67,67,"Agent 1",1,43246,43246,2097152,1,"gemm",512,131072,0,128,0,112,"TCP_TCP_TA_DATA_STALL_CYCLES",6026585.000000,1000782143469631,1000782144561281
67,67,"Agent 1",1,43246,43246,2097152,1,"gemm",512,131072,0,128,0,112,"TCP_TCP_TA_ADDR_STALL_CYCLES",29315480.000000,1000782143469631,1000782144561281
68,68,"Agent 1",1,43246,43246,2097152,1,"gemm",512,131072,0,128,0,112,"SQ_INSTS_VMEM_WR",2097152.000000,1000782144672562,1000782145767812
68,68,"Agent 1",1,43246,43246,2097152,1,"gemm",512,131072,0,128,0,112,"SQ_VMEM_TA_CMD_FIFO_FULL",100905990.000000,1000782144672562,1000782145767812
68,68,"Agent 1",1,43246,43246,2097152,1,"gemm",512,131072,0,128,0,112,"TCC_WRITE_SECTORS",33554432.000000,1000782144672562,1000782145767812
68,68,"Agent 1",1,43246,43246,2097152,1,"gemm",512,131072,0,128,0,112,"TCP_TCP_TA_DATA_STALL_CYCLES",7093462.000000,1000782144672562,1000782145767812
68,68,"Agent 1",1,43246,43246,2097152,1,"gemm",512,131072,0,128,0,112,"TCP_TCP_TA_ADDR_STALL_CYCLES",29422768.000000,1000782144672562,1000782145767812
69,69,"Agent 1",1,43246,43246,2097152,1,"gemm",512,131072,0,128,0,112,"SQ_INSTS_VMEM_WR",2097152.000000,1000782145880853,1000782146976464
69,69,"Agent 1",1,43246,43246,2097152,1,"gemm",512,131072,0,128,0,112,"SQ_VMEM_TA_CMD_FIFO_FULL",99577293.000000,1000782145880853,1000782146976464
69,69,"Agent 1",1,43246,43246,2097152,1,"gemm",512,131072,0,128,0,112,"TCC_WRITE_SECTORS",33554432.000000,1000782145880853,1000782146976464
69,69,"Agent 1",1,43246,43246,2097152,1,"gemm",512,131072,0,128,0,112,"TCP_TCP_TA_DATA_STALL_CYCLES",5988135.000000,1000782145880853,1000782146976464
69,69,"Agent 1",1,43246,43246,2097152,1,"gemm",512,131072,0,128,0,112,"TCP_TCP_TA_ADDR_STALL_CYCLES",29665670.000000,1000782145880853,1000782146976464
70,70,"Agent 1",1,43246,43246,2097152,1,"gemm",512,131072,0,128,0,112,"SQ_INSTS_VMEM_WR",2097152.000000,1000782147096185,1000782148188875
70,70,"Agent 1",1,43246,43246,2097152,1,"gemm",512,131072,0,128,0,112,"SQ_VMEM_TA_CMD_FIFO_FULL",100506233.000000,1000782147096185,1000782148188875
70,70,"Agent 1",1,43246,43246,2097152,1,"gemm",512,131072,0,128,0,112,"TCC_WRITE_SECTORS",33554432.000000,1000782147096185,1000782148188875
70,70,"Agent 1",1,43246,43246,2097152,1,"gemm",512,131072,0,128,0,112,"TCP_TCP_TA_DATA_STALL_CYCLES",6217032.000000,1000782147096185,1000782148188875
70,70,"Agent 1",1,43246,43246,2097152,1,"gemm",512,131072,0,128,0,112,"TCP_TCP_TA_ADDR_STALL_CYCLES",29591496.000000,1000782147096185,1000782148188875
71,71,"Agent 1",1,43246,43246,2097152,1,"gemm",512,131072,0,128,0,112,"SQ_INSTS_VMEM_WR",2097152.000000,1000782148295116,1000782149397606
71,71,"Agent 1",1,43246,43246,2097152,1,"gemm",512,131072,0,128,0,112,"SQ_VMEM_TA_CMD_FIFO_FULL",103780385.000000,1000782148295116,1000782149397606
71,71,"Agent 1",1,43246,43246,2097152,1,"gemm",512,131072,0,128,0,112,"TCC_WRITE_SECTORS",33554432.000000,1000782148295116,1000782149397606
71,71,"Agent 1",1,43246,43246,2097152,1,"gemm",512,131072,0,128,0,112,"TCP_TCP_TA_DATA_STALL_CYCLES",8275745.000000,1000782148295116,1000782149397606
71,71,"Agent 1",1,43246,43246,2097152,1,"gemm",512,131072,0,128,0,112,"TCP_TCP_TA_ADDR_STALL_CYCLES",30097141.000000,1000782148295116,1000782149397606
72,72,"Agent 1",1,43246,43246,2097152,1,"gemm",512,131072,0,128,0,112,"SQ_INSTS_VMEM_WR",2097152.000000,1000782149511967,1000782150611457
72,72,"Agent 1",1,43246,43246,2097152,1,"gemm",512,131072,0,128,0,112,"SQ_VMEM_TA_CMD_FIFO_FULL",103572206.000000,1000782149511967,1000782150611457
72,72,"Agent 1",1,43246,43246,2097152,1,"gemm",512,131072,0,128,0,112,"TCC_WRITE_SECTORS",33554432.000000,1000782149511967,1000782150611457
72,72,"Agent 1",1,43246,43246,2097152,1,"gemm",512,131072,0,128,0,112,"TCP_TCP_TA_DATA_STALL_CYCLES",7470196.000000,1000782149511967,1000782150611457
72,72,"Agent 1",1,43246,43246,2097152,1,"gemm",512,131072,0,128,0,112,"TCP_TCP_TA_ADDR_STALL_CYCLES",30561444.000000,1000782149511967,1000782150611457
73,73,"Agent 1",1,43246,43246,2097152,1,"gemm",512,131072,0,128,0,112,"SQ_INSTS_VMEM_WR",2097152.000000,1000782150722138,1000782151813949
73,73,"Agent 1",1,43246,43246,2097152,1,"gemm",512,131072,0,128,0,112,"SQ_VMEM_TA_CMD_FIFO_FULL",98659448.000000,1000782150722138,1000782151813949
73,73,"Agent 1",1,43246,43246,2097152,1,"gemm",512,131072,0,128,0,112,"TCC_WRITE_SECTORS",33554432.000000,1000782150722138,1000782151813949
73,73,"Agent 1",1,43246,43246,2097152,1,"gemm",512,131072,0,128,0,112,"TCP_TCP_TA_DATA_STALL_CYCLES",6031043.000000,1000782150722138,1000782151813949
73,73,"Agent 1",1,43246,43246,2097152,1,"gemm",512,131072,0,128,0,112,"TCP_TCP_TA_ADDR_STALL_CYCLES",28969312.000000,1000782150722138,1000782151813949
74,74,"Agent 1",1,43246,43246,2097152,1,"gemm",512,131072,0,128,0,112,"SQ_INSTS_VMEM_WR",2097152.000000,1000782151932870,1000782153023840
74,74,"Agent 1",1,43246,43246,2097152,1,"gemm",512,131072,0,128,0,112,"SQ_VMEM_TA_CMD_FIFO_FULL",99587301.000000,1000782151932870,1000782153023840
74,74,"Agent 1",1,43246,43246,2097152,1,"gemm",512,131072,0,128,0,112,"TCC_WRITE_SECTORS",33554432.000000,1000782151932870,1000782153023840
74,74,"Agent 1",1,43246,43246,2097152,1,"gemm",512,131072,0,128,0,112,"TCP_TCP_TA_DATA_STALL_CYCLES",5952887.000000,1000782151932870,1000782153023840
74,74,"Agent 1",1,43246,43246,2097152,1,"gemm",512,131072,0,128,0,112,"TCP_TCP_TA_ADDR_STALL_CYCLES",29383523.000000,1000782151932870,1000782153023840
75,75,"Agent 1",1,43246,43246,2097152,1,"gemm",512,131072,0,128,0,112,"SQ_INSTS_VMEM_WR",2097152.000000,1000782153150721,1000782154244251
75,75,"Agent 1",1,43246,43246,2097152,1,"gemm",512,131072,0,128,0,112,"SQ_VMEM_TA_CMD_FIFO_FULL",98943831.000000,1000782153150721,1000782154244251
75,75,"Agent 1",1,43246,43246,2097152,1,"gemm",512,131072,0,128,0,112,"TCC_WRITE_SECTORS",33554432.000000,1000782153150721,1000782154244251
75,75,"Agent 1",1,43246,43246,2097152,1,"gemm",512,131072,0,128,0,112,"TCP_TCP_TA_DATA_STALL_CYCLES",6549406.000000,1000782153150721,1000782154244251
75,75,"Agent 1",1,43246,43246,2097152,1,"gemm",512,131072,0,128,0,112,"TCP_TCP_TA_ADDR_STALL_CYCLES",29237017.000000,1000782153150721,1000782154244251
76,76,"Agent 1",1,43246,43246,2097152,1,"gemm",512,131072,0,128,0,112,"SQ_INSTS_VMEM_WR",2097152.000000,1000782154371292,1000782155469023
76,76,"Agent 1",1,43246,43246,2097152,1,"gemm",512,131072,0,128,0,112,"SQ_VMEM_TA_CMD_FIFO_FULL",102678795.000000,1000782154371292,1000782155469023
76,76,"Agent 1",1,43246,43246,2097152,1,"gemm",512,131072,0,128,0,112,"TCC_WRITE_SECTORS",33554432.000000,1000782154371292,1000782155469023
76,76,"Agent 1",1,43246,43246,2097152,1,"gemm",512,131072,0,128,0,112,"TCP_TCP_TA_DATA_STALL_CYCLES",6797867.000000,1000782154371292,1000782155469023
76,76,"Agent 1",1,43246,43246,2097152,1,"gemm",512,131072,0,128,0,112,"TCP_TCP_TA_ADDR_STALL_CYCLES",30719638.000000,1000782154371292,1000782155469023
77,77,"Agent 1",1,43246,43246,2097152,1,"gemm",512,131072,0,128,0,112,"SQ_INSTS_VMEM_WR",2097152.000000,1000782155587144,1000782156681074
77,77,"Agent 1",1,43246,43246,2097152,1,"gemm",512,131072,0,128,0,112,"SQ_VMEM_TA_CMD_FIFO_FULL",99389133.000000,1000782155587144,1000782156681074
77,77,"Agent 1",1,43246,43246,2097152,1,"gemm",512,131072,0,128,0,112,"TCC_WRITE_SECTORS",33554432.000000,1000782155587144,1000782156681074
77,77,"Agent 1",1,43246,43246,2097152,1,"gemm",512,131072,0,128,0,112,"TCP_TCP_TA_DATA_STALL_CYCLES",7025639.000000,1000782155587144,1000782156681074
77,77,"Agent 1",1,43246,43246,2097152,1,"gemm",512,131072,0,128,0,112,"TCP_TCP_TA_ADDR_STALL_CYCLES",29223137.000000,1000782155587144,1000782156681074
78,78,"Agent 1",1,43246,43246,2097152,1,"gemm",512,131072,0,128,0,112,"SQ_INSTS_VMEM_WR",2097152.000000,1000782156805435,1000782157902085
78,78,"Agent 1",1,43246,43246,2097152,1,"gemm",512,131072,0,128,0,112,"SQ_VMEM_TA_CMD_FIFO_FULL",101523206.000000,1000782156805435,1000782157902085
78,78,"Agent 1",1,43246,43246,2097152,1,"gemm",512,131072,0,128,0,112,"TCC_WRITE_SECTORS",33554432.000000,1000782156805435,1000782157902085
78,78,"Agent 1",1,43246,43246,2097152,1,"gemm",512,131072,0,128,0,112,"TCP_TCP_TA_DATA_STALL_CYCLES",6286893.000000,1000782156805435,1000782157902085
78,78,"Agent 1",1,43246,43246,2097152,1,"gemm",512,131072,0,128,0,112,"TCP_TCP_TA_ADDR_STALL_CYCLES",29871276.000000,1000782156805435,1000782157902085
79,79,"Agent 1",1,43246,43246,2097152,1,"gemm",512,131072,0,128,0,112,"SQ_INSTS_VMEM_WR",2097152.000000,1000782158042407,1000782159138337
79,79,"Agent 1",1,43246,43246,2097152,1,"gemm",512,131072,0,128,0,112,"SQ_VMEM_TA_CMD_FIFO_FULL",99752594.000000,1000782158042407,1000782159138337
79,79,"Agent 1",1,43246,43246,2097152,1,"gemm",512,131072,0,128,0,112,"TCC_WRITE_SECTORS",33554432.000000,1000782158042407,1000782159138337
79,79,"Agent 1",1,43246,43246,2097152,1,"gemm",512,131072,0,128,0,112,"TCP_TCP_TA_DATA_STALL_CYCLES",7178915.000000,1000782158042407,1000782159138337
79,79,"Agent 1",1,43246,43246,2097152,1,"gemm",512,131072,0,128,0,112,"TCP_TCP_TA_ADDR_STALL_CYCLES",29044673.000000,1000782158042407,1000782159138337
80,80,"Agent 1",1,43246,43246,2097152,1,"gemm",512,131072,0,128,0,112,"SQ_INSTS_VMEM_WR",2097152.000000,1000782159263258,1000782160356268
80,80,"Agent 1",1,43246,43246,2097152,1,"gemm",512,131072,0,128,0,112,"SQ_VMEM_TA_CMD_FIFO_FULL",100765490.000000,1000782159263258,1000782160356268
80,80,"Agent 1",1,43246,43246,2097152,1,"gemm",512,131072,0,128,0,112,"TCC_WRITE_SECTORS",33554432.000000,1000782159263258,1000782160356268
80,80,"Agent 1",1,43246,43246,2097152,1,"gemm",512,131072,0,128,0,112,"TCP_TCP_TA_DATA_STALL_CYCLES",5961718.000000,1000782159263258,1000782160356268
80,80,"Agent 1",1,43246,43246,2097152,1,"gemm",512,131072,0,128,0,112,"TCP_TCP_TA_ADDR_STALL_CYCLES",30094474.000000,1000782159263258,1000782160356268
81,81,"Agent 1",1,43246,43246,2097152,1,"gemm",512,131072,0,128,0,112,"SQ_INSTS_VMEM_WR",2097152.000000,1000782160476989,1000782161568680
81,81,"Agent 1",1,43246,43246,2097152,1,"gemm",512,131072,0,128,0,112,"SQ_VMEM_TA_CMD_FIFO_FULL",99494731.000000,1000782160476989,1000782161568680
81,81,"Agent 1",1,43246,43246,2097152,1,"gemm",512,131072,0,128,0,112,"TCC_WRITE_SECTORS",33554432.000000,1000782160476989,1000782161568680
81,81,"Agent 1",1,43246,43246,2097152,1,"gemm",512,131072,0,128,0,112,"TCP_TCP_TA_DATA_STALL_CYCLES",6170731.000000,1000782160476989,1000782161568680
81,81,"Agent 1",1,43246,43246,2097152,1,"gemm",512,131072,0,128,0,112,"TCP_TCP_TA_ADDR_STALL_CYCLES",29649581.000000,1000782160476989,1000782161568680
82,82,"Agent 1",1,43246,43246,2097152,1,"gemm",512,131072,0,128,0,112,"SQ_INSTS_VMEM_WR",2097152.000000,1000782161692681,1000782162785651
82,82,"Agent 1",1,43246,43246,2097152,1,"gemm",512,131072,0,128,0,112,"SQ_VMEM_TA_CMD_FIFO_FULL",100066127.000000,1000782161692681,1000782162785651
82,82,"Agent 1",1,43246,43246,2097152,1,"gemm",512,131072,0,128,0,112,"TCC_WRITE_SECTORS",33554432.000000,1000782161692681,1000782162785651
82,82,"Agent 1",1,43246,43246,2097152,1,"gemm",512,131072,0,128,0,112,"TCP_TCP_TA_DATA_STALL_CYCLES",6799308.000000,1000782161692681,1000782162785651
82,82,"Agent 1",1,43246,43246,2097152,1,"gemm",512,131072,0,128,0,112,"TCP_TCP_TA_ADDR_STALL_CYCLES",29616504.000000,1000782161692681,1000782162785651
83,83,"Agent 1",1,43246,43246,2097152,1,"gemm",512,131072,0,128,0,112,"SQ_INSTS_VMEM_WR",2097152.000000,1000782162921452,1000782164018102
83,83,"Agent 1",1,43246,43246,2097152,1,"gemm",512,131072,0,128,0,112,"SQ_VMEM_TA_CMD_FIFO_FULL",101057666.000000,1000782162921452,1000782164018102
83,83,"Agent 1",1,43246,43246,2097152,1,"gemm",512,131072,0,128,0,112,"TCC_WRITE_SECTORS",33554432.000000,1000782162921452,1000782164018102
83,83,"Agent 1",1,43246,43246,2097152,1,"gemm",512,131072,0,128,0,112,"TCP_TCP_TA_DATA_STALL_CYCLES",6554681.000000,1000782162921452,1000782164018102
83,83,"Agent 1",1,43246,43246,2097152,1,"gemm",512,131072,0,128,0,112,"TCP_TCP_TA_ADDR_STALL_CYCLES",30663871.000000,1000782162921452,1000782164018102
84,84,"Agent 1",1,43246,43246,2097152,1,"gemm",512,131072,0,128,0,112,"SQ_INSTS_VMEM_WR",2097152.000000,1000782164153824,1000782165250714
84,84,"Agent 1",1,43246,43246,2097152,1,"gemm",512,131072,0,128,0,112,"SQ_VMEM_TA_CMD_FIFO_FULL",100762138.000000,1000782164153824,1000782165250714
84,84,"Agent 1",1,43246,43246,2097152,1,"gemm",512,131072,0,128,0,112,"TCC_WRITE_SECTORS",33554432.000000,1000782164153824,1000782165250714
84,84,"Agent 1",1,43246,43246,2097152,1,"gemm",512,131072,0,128,0,112,"TCP_TCP_TA_DATA_STALL_CYCLES",6552504.000000,1000782164153824,1000782165250714
84,84,"Agent 1",1,43246,43246,2097152,1,"gemm",512,131072,0,128,0,112,"TCP_TCP_TA_ADDR_STALL_CYCLES",30723169.000000,1000782164153824,1000782165250714
85,85,"Agent 1",1,43246,43246,2097152,1,"gemm",512,131072,0,128,0,112,"SQ_INSTS_VMEM_WR",2097152.000000,1000782165371395,1000782166463925
85,85,"Agent 1",1,43246,43246,2097152,1,"gemm",512,131072,0,128,0,112,"SQ_VMEM_TA_CMD_FIFO_FULL",98989968.000000,1000782165371395,1000782166463925
85,85,"Agent 1",1,43246,43246,2097152,1,"gemm",512,131072,0,128,0,112,"TCC_WRITE_SECTORS",33554432.000000,1000782165371395,1000782166463925
85,85,"Agent 1",1,43246,43246,2097152,1,"gemm",512,131072,0,128,0,112,"TCP_TCP_TA_DATA_STALL_CYCLES",6182500.000000,1000782165371395,1000782166463925
85,85,"Agent 1",1,43246,43246,2097152,1,"gemm",512,131072,0,128,0,112,"TCP_TCP_TA_ADDR_STALL_CYCLES",29925494.000000,1000782165371395,1000782166463925
86,86,"Agent 1",1,43246,43246,2097152,1,"gemm",512,131072,0,128,0,112,"SQ_INSTS_VMEM_WR",2097152.000000,1000782166581926,1000782167678017
86,86,"Agent 1",1,43246,43246,2097152,1,"gemm",512,131072,0,128,0,112,"SQ_VMEM_TA_CMD_FIFO_FULL",101958251.000000,1000782166581926,1000782167678017
86,86,"Agent 1",1,43246,43246,2097152,1,"gemm",512,131072,0,128,0,112,"TCC_WRITE_SECTORS",33554432.000000,1000782166581926,1000782167678017
86,86,"Agent 1",1,43246,43246,2097152,1,"gemm",512,131072,0,128,0,112,"TCP_TCP_TA_DATA_STALL_CYCLES",6591266.000000,1000782166581926,1000782167678017
86,86,"Agent 1",1,43246,43246,2097152,1,"gemm",512,131072,0,128,0,112,"TCP_TCP_TA_ADDR_STALL_CYCLES",30906124.000000,1000782166581926,1000782167678017
87,87,"Agent 1",1,43246,43246,2097152,1,"gemm",512,131072,0,128,0,112,"SQ_INSTS_VMEM_WR",2097152.000000,1000782167806858,1000782168905948
87,87,"Agent 1",1,43246,43246,2097152,1,"gemm",512,131072,0,128,0,112,"SQ_VMEM_TA_CMD_FIFO_FULL",102786999.000000,1000782167806858,1000782168905948
87,87,"Agent 1",1,43246,43246,2097152,1,"gemm",512,131072,0,128,0,112,"TCC_WRITE_SECTORS",33554432.000000,1000782167806858,1000782168905948
87,87,"Agent 1",1,43246,43246,2097152,1,"gemm",512,131072,0,128,0,112,"TCP_TCP_TA_DATA_STALL_CYCLES",6181591.000000,1000782167806858,1000782168905948
87,87,"Agent 1",1,43246,43246,2097152,1,"gemm",512,131072,0,128,0,112,"TCP_TCP_TA_ADDR_STALL_CYCLES",31300713.000000,1000782167806858,1000782168905948
88,88,"Agent 1",1,43246,43246,2097152,1,"gemm",512,131072,0,128,0,112,"SQ_INSTS_VMEM_WR",2097152.000000,1000782169032549,1000782170125399
88,88,"Agent 1",1,43246,43246,2097152,1,"gemm",512,131072,0,128,0,112,"SQ_VMEM_TA_CMD_FIFO_FULL",100696018.000000,1000782169032549,1000782170125399
88,88,"Agent 1",1,43246,43246,2097152,1,"gemm",512,131072,0,128,0,112,"TCC_WRITE_SECTORS",33554432.000000,1000782169032549,1000782170125399
88,88,"Agent 1",1,43246,43246,2097152,1,"gemm",512,131072,0,128,0,112,"TCP_TCP_TA_DATA_STALL_CYCLES",6615818.000000,1000782169032549,1000782170125399
88,88,"Agent 1",1,43246,43246,2097152,1,"gemm",512,131072,0,128,0,112,"TCP_TCP_TA_ADDR_STALL_CYCLES",29949933.000000,1000782169032549,1000782170125399
89,89,"Agent 1",1,43246,43246,2097152,1,"gemm",512,131072,0,128,0,112,"SQ_INSTS_VMEM_WR",2097152.000000,1000782170242880,1000782171342691
89,89,"Agent 1",1,43246,43246,2097152,1,"gemm",512,131072,0,128,0,112,"SQ_VMEM_TA_CMD_FIFO_FULL",102216880.000000,1000782170242880,1000782171342691
89,89,"Agent 1",1,43246,43246,2097152,1,"gemm",512,131072,0,128,0,112,"TCC_WRITE_SECTORS",33554432.000000,1000782170242880,1000782171342691
89,89,"Agent 1",1,43246,43246,2097152,1,"gemm",512,131072,0,128,0,112,"TCP_TCP_TA_DATA_STALL_CYCLES",6457472.000000,1000782170242880,1000782171342691
89,89,"Agent 1",1,43246,43246,2097152,1,"gemm",512,131072,0,128,0,112,"TCP_TCP_TA_ADDR_STALL_CYCLES",30724618.000000,1000782170242880,1000782171342691
90,90,"Agent 1",1,43246,43246,2097152,1,"gemm",512,131072,0,128,0,112,"SQ_INSTS_VMEM_WR",2097152.000000,1000782171470652,1000782172564542
90,90,"Agent 1",1,43246,43246,2097152,1,"gemm",512,131072,0,128,0,112,"SQ_VMEM_TA_CMD_FIFO_FULL",100455693.000000,1000782171470652,1000782172564542
90,90,"Agent 1",1,43246,43246,2097152,1,"gemm",512,131072,0,128,0,112,"TCC_WRITE_SECTORS",33554432.000000,1000782171470652,1000782172564542
90,90,"Agent 1",1,43246,43246,2097152,1,"gemm",512,131072,0,128,0,112,"TCP_TCP_TA_DATA_STALL_CYCLES",6680923.000000,1000782171470652,1000782172564542
90,90,"Agent 1",1,43246,43246,2097152,1,"gemm",512,131072,0,128,0,112,"TCP_TCP_TA_ADDR_STALL_CYCLES",30072333.000000,1000782171470652,1000782172564542
91,91,"Agent 1",1,43246,43246,2097152,1,"gemm",512,131072,0,128,0,112,"SQ_INSTS_VMEM_WR",2097152.000000,1000782172687503,1000782173782753
91,91,"Agent 1",1,43246,43246,2097152,1,"gemm",512,131072,0,128,0,112,"SQ_VMEM_TA_CMD_FIFO_FULL",98825093.000000,1000782172687503,1000782173782753
91,91,"Agent 1",1,43246,43246,2097152,1,"gemm",512,131072,0,128,0,112,"TCC_WRITE_SECTORS",33554432.000000,1000782172687503,1000782173782753
91,91,"Agent 1",1,43246,43246,2097152,1,"gemm",512,131072,0,128,0,112,"TCP_TCP_TA_DATA_STALL_CYCLES",6567487.000000,1000782172687503,1000782173782753
91,91,"Agent 1",1,43246,43246,2097152,1,"gemm",512,131072,0,128,0,112,"TCP_TCP_TA_ADDR_STALL_CYCLES",28508570.000000,1000782172687503,1000782173782753
92,92,"Agent 1",1,43246,43246,2097152,1,"gemm",512,131072,0,128,0,112,"SQ_INSTS_VMEM_WR",2097152.000000,1000782173899995,1000782174992805
92,92,"Agent 1",1,43246,43246,2097152,1,"gemm",512,131072,0,128,0,112,"SQ_VMEM_TA_CMD_FIFO_FULL",99623065.000000,1000782173899995,1000782174992805
92,92,"Agent 1",1,43246,43246,2097152,1,"gemm",512,131072,0,128,0,112,"TCC_WRITE_SECTORS",33554432.000000,1000782173899995,1000782174992805
92,92,"Agent 1",1,43246,43246,2097152,1,"gemm",512,131072,0,128,0,112,"TCP_TCP_TA_DATA_STALL_CYCLES",6329310.000000,1000782173899995,1000782174992805
92,92,"Agent 1",1,43246,43246,2097152,1,"gemm",512,131072,0,128,0,112,"TCP_TCP_TA_ADDR_STALL_CYCLES",30278266.000000,1000782173899995,1000782174992805
93,93,"Agent 1",1,43246,43246,2097152,1,"gemm",512,131072,0,128,0,112,"SQ_INSTS_VMEM_WR",2097152.000000,1000782175113286,1000782176204256
93,93,"Agent 1",1,43246,43246,2097152,1,"gemm",512,131072,0,128,0,112,"SQ_VMEM_TA_CMD_FIFO_FULL",96843707.000000,1000782175113286,1000782176204256
93,93,"Agent 1",1,43246,43246,2097152,1,"gemm",512,131072,0,128,0,112,"TCC_WRITE_SECTORS",33554432.000000,1000782175113286,1000782176204256
93,93,"Agent 1",1,43246,43246,2097152,1,"gemm",512,131072,0,128,0,112,"TCP_TCP_TA_DATA_STALL_CYCLES",6061394.000000,1000782175113286,1000782176204256
93,93,"Agent 1",1,43246,43246,2097152,1,"gemm",512,131072,0,128,0,112,"TCP_TCP_TA_ADDR_STALL_CYCLES",27880303.000000,1000782175113286,1000782176204256
94,94,"Agent 1",1,43246,43246,2097152,1,"gemm",512,131072,0,128,0,112,"SQ_INSTS_VMEM_WR",2097152.000000,1000782176333537,1000782177432228
94,94,"Agent 1",1,43246,43246,2097152,1,"gemm",512,131072,0,128,0,112,"SQ_VMEM_TA_CMD_FIFO_FULL",102657053.000000,1000782176333537,1000782177432228
94,94,"Agent 1",1,43246,43246,2097152,1,"gemm",512,131072,0,128,0,112,"TCC_WRITE_SECTORS",33554432.000000,1000782176333537,1000782177432228
94,94,"Agent 1",1,43246,43246,2097152,1,"gemm",512,131072,0,128,0,112,"TCP_TCP_TA_DATA_STALL_CYCLES",6529819.000000,1000782176333537,1000782177432228
94,94,"Agent 1",1,43246,43246,2097152,1,"gemm",512,131072,0,128,0,112,"TCP_TCP_TA_ADDR_STALL_CYCLES",30864984.000000,1000782176333537,1000782177432228
95,95,"Agent 1",1,43246,43246,2097152,1,"gemm",512,131072,0,128,0,112,"SQ_INSTS_VMEM_WR",2097152.000000,1000782177566589,1000782178659119
95,95,"Agent 1",1,43246,43246,2097152,1,"gemm",512,131072,0,128,0,112,"SQ_VMEM_TA_CMD_FIFO_FULL",97020364.000000,1000782177566589,1000782178659119
95,95,"Agent 1",1,43246,43246,2097152,1,"gemm",512,131072,0,128,0,112,"TCC_WRITE_SECTORS",33554432.000000,1000782177566589,1000782178659119
95,95,"Agent 1",1,43246,43246,2097152,1,"gemm",512,131072,0,128,0,112,"TCP_TCP_TA_DATA_STALL_CYCLES",6088884.000000,1000782177566589,1000782178659119
95,95,"Agent 1",1,43246,43246,2097152,1,"gemm",512,131072,0,128,0,112,"TCP_TCP_TA_ADDR_STALL_CYCLES",28714020.000000,1000782177566589,1000782178659119
96,96,"Agent 1",1,43246,43246,2097152,1,"gemm",512,131072,0,128,0,112,"SQ_INSTS_VMEM_WR",2097152.000000,1000782178786080,1000782179883490
96,96,"Agent 1",1,43246,43246,2097152,1,"gemm",512,131072,0,128,0,112,"SQ_VMEM_TA_CMD_FIFO_FULL",100346811.000000,1000782178786080,1000782179883490
96,96,"Agent 1",1,43246,43246,2097152,1,"gemm",512,131072,0,128,0,112,"TCC_WRITE_SECTORS",33554432.000000,1000782178786080,1000782179883490
96,96,"Agent 1",1,43246,43246,2097152,1,"gemm",512,131072,0,128,0,112,"TCP_TCP_TA_DATA_STALL_CYCLES",5937917.000000,1000782178786080,1000782179883490
96,96,"Agent 1",1,43246,43246,2097152,1,"gemm",512,131072,0,128,0,112,"TCP_TCP_TA_ADDR_STALL_CYCLES",30549540.000000,1000782178786080,1000782179883490
97,97,"Agent 1",1,43246,43246,2097152,1,"gemm",512,131072,0,128,0,112,"SQ_INSTS_VMEM_WR",2097152.000000,1000782180010972,1000782181104622
97,97,"Agent 1",1,43246,43246,2097152,1,"gemm",512,131072,0,128,0,112,"SQ_VMEM_TA_CMD_FIFO_FULL",100555905.000000,1000782180010972,1000782181104622
97,97,"Agent 1",1,43246,43246,2097152,1,"gemm",512,131072,0,128,0,112,"TCC_WRITE_SECTORS",33554432.000000,1000782180010972,1000782181104622
97,97,"Agent 1",1,43246,43246,2097152,1,"gemm",512,131072,0,128,0,112,"TCP_TCP_TA_DATA_STALL_CYCLES",7163400.000000,1000782180010972,1000782181104622
97,97,"Agent 1",1,43246,43246,2097152,1,"gemm",512,131072,0,128,0,112,"TCP_TCP_TA_ADDR_STALL_CYCLES",29299112.000000,1000782180010972,1000782181104622
98,98,"Agent 1",1,43246,43246,2097152,1,"gemm",512,131072,0,128,0,112,"SQ_INSTS_VMEM_WR",2097152.000000,1000782181217903,1000782182324033
98,98,"Agent 1",1,43246,43246,2097152,1,"gemm",512,131072,0,128,0,112,"SQ_VMEM_TA_CMD_FIFO_FULL",105237316.000000,1000782181217903,1000782182324033
98,98,"Agent 1",1,43246,43246,2097152,1,"gemm",512,131072,0,128,0,112,"TCC_WRITE_SECTORS",33554432.000000,1000782181217903,1000782182324033
98,98,"Agent 1",1,43246,43246,2097152,1,"gemm",512,131072,0,128,0,112,"TCP_TCP_TA_DATA_STALL_CYCLES",8190860.000000,1000782181217903,1000782182324033
98,98,"Agent 1",1,43246,43246,2097152,1,"gemm",512,131072,0,128,0,112,"TCP_TCP_TA_ADDR_STALL_CYCLES",32088314.000000,1000782181217903,1000782182324033
99,99,"Agent 1",1,43246,43246,2097152,1,"gemm",512,131072,0,128,0,112,"SQ_INSTS_VMEM_WR",2097152.000000,1000782182449154,1000782183540764
99,99,"Agent 1",1,43246,43246,2097152,1,"gemm",512,131072,0,128,0,112,"SQ_VMEM_TA_CMD_FIFO_FULL",98954961.000000,1000782182449154,1000782183540764
99,99,"Agent 1",1,43246,43246,2097152,1,"gemm",512,131072,0,128,0,112,"TCC_WRITE_SECTORS",33554432.000000,1000782182449154,1000782183540764
99,99,"Agent 1",1,43246,43246,2097152,1,"gemm",512,131072,0,128,0,112,"TCP_TCP_TA_DATA_STALL_CYCLES",6181266.000000,1000782182449154,1000782183540764
99,99,"Agent 1",1,43246,43246,2097152,1,"gemm",512,131072,0,128,0,112,"TCP_TCP_TA_ADDR_STALL_CYCLES",29431392.000000,1000782182449154,1000782183540764
100,100,"Agent 1",1,43246,43246,2097152,1,"gemm",512,131072,0,128,0,112,"SQ_INSTS_VMEM_WR",2097152.000000,1000782183656126,1000782184754416
100,100,"Agent 1",1,43246,43246,2097152,1,"gemm",512,131072,0,128,0,112,"SQ_VMEM_TA_CMD_FIFO_FULL",100248298.000000,1000782183656126,1000782184754416
100,100,"Agent 1",1,43246,43246,2097152,1,"gemm",512,131072,0,128,0,112,"TCC_WRITE_SECTORS",33554432.000000,1000782183656126,1000782184754416
100,100,"Agent 1",1,43246,43246,2097152,1,"gemm",512,131072,0,128,0,112,"TCP_TCP_TA_DATA_STALL_CYCLES",6178907.000000,1000782183656126,1000782184754416
100,100,"Agent 1",1,43246,43246,2097152,1,"gemm",512,131072,0,128,0,112,"TCP_TCP_TA_ADDR_STALL_CYCLES",30116550.000000,1000782183656126,1000782184754416
101,101,"Agent 1",1,43246,43246,2097152,1,"gemm",512,131072,0,128,0,112,"SQ_INSTS_VMEM_WR",2097152.000000,1000782184873097,1000782185969587
101,101,"Agent 1",1,43246,43246,2097152,1,"gemm",512,131072,0,128,0,112,"SQ_VMEM_TA_CMD_FIFO_FULL",99263396.000000,1000782184873097,1000782185969587
101,101,"Agent 1",1,43246,43246,2097152,1,"gemm",512,131072,0,128,0,112,"TCC_WRITE_SECTORS",33554432.000000,1000782184873097,1000782185969587
101,101,"Agent 1",1,43246,43246,2097152,1,"gemm",512,131072,0,128,0,112,"TCP_TCP_TA_DATA_STALL_CYCLES",6671234.000000,1000782184873097,1000782185969587
101,101,"Agent 1",1,43246,43246,2097152,1,"gemm",512,131072,0,128,0,112,"TCP_TCP_TA_ADDR_STALL_CYCLES",29278307.000000,1000782184873097,1000782185969587
102,102,"Agent 1",1,43246,43246,2097152,1,"gemm",512,131072,0,128,0,112,"SQ_INSTS_VMEM_WR",2097152.000000,1000782186091148,1000782187188358
102,102,"Agent 1",1,43246,43246,2097152,1,"gemm",512,131072,0,128,0,112,"SQ_VMEM_TA_CMD_FIFO_FULL",99872388.000000,1000782186091148,1000782187188358
102,102,"Agent 1",1,43246,43246,2097152,1,"gemm",512,131072,0,128,0,112,"TCC_WRITE_SECTORS",33554432.000000,1000782186091148,1000782187188358
102,102,"Agent 1",1,43246,43246,2097152,1,"gemm",512,131072,0,128,0,112,"TCP_TCP_TA_DATA_STALL_CYCLES",6890268.000000,1000782186091148,1000782187188358
102,102,"Agent 1",1,43246,43246,2097152,1,"gemm",512,131072,0,128,0,112,"TCP_TCP_TA_ADDR_STALL_CYCLES",29549075.000000,1000782186091148,1000782187188358
103,103,"Agent 1",1,43246,43246,2097152,1,"gemm",512,131072,0,128,0,112,"SQ_INSTS_VMEM_WR",2097152.000000,1000782187316800,1000782188408530
103,103,"Agent 1",1,43246,43246,2097152,1,"gemm",512,131072,0,128,0,112,"SQ_VMEM_TA_CMD_FIFO_FULL",98176929.000000,1000782187316800,1000782188408530
103,103,"Agent 1",1,43246,43246,2097152,1,"gemm",512,131072,0,128,0,112,"TCC_WRITE_SECTORS",33554432.000000,1000782187316800,1000782188408530
103,103,"Agent 1",1,43246,43246,2097152,1,"gemm",512,131072,0,128,0,112,"TCP_TCP_TA_DATA_STALL_CYCLES",6061395.000000,1000782187316800,1000782188408530
103,103,"Agent 1",1,43246,43246,2097152,1,"gemm",512,131072,0,128,0,112,"TCP_TCP_TA_ADDR_STALL_CYCLES",28970328.000000,1000782187316800,1000782188408530
104,104,"Agent 1",1,43246,43246,2097152,1,"gemm",512,131072,0,128,0,112,"SQ_INSTS_VMEM_WR",2097152.000000,1000782188534971,1000782189635421
104,104,"Agent 1",1,43246,43246,2097152,1,"gemm",512,131072,0,128,0,112,"SQ_VMEM_TA_CMD_FIFO_FULL",103347091.000000,1000782188534971,1000782189635421
104,104,"Agent 1",1,43246,43246,2097152,1,"gemm",512,131072,0,128,0,112,"TCC_WRITE_SECTORS",33554432.000000,1000782188534971,1000782189635421
104,104,"Agent 1",1,43246,43246,2097152,1,"gemm",512,131072,0,128,0,112,"TCP_TCP_TA_DATA_STALL_CYCLES",7002254.000000,1000782188534971,1000782189635421
104,104,"Agent 1",1,43246,43246,2097152,1,"gemm",512,131072,0,128,0,112,"TCP_TCP_TA_ADDR_STALL_CYCLES",30771775.000000,1000782188534971,1000782189635421
105,105,"Agent 1",1,43246,43246,2097152,1,"gemm",512,131072,0,128,0,112,"SQ_INSTS_VMEM_WR",2097152.000000,1000782189766854,1000782190863705
105,105,"Agent 1",1,43246,43246,2097152,1,"gemm",512,131072,0,128,0,112,"SQ_VMEM_TA_CMD_FIFO_FULL",100861324.000000,1000782189766854,1000782190863705
105,105,"Agent 1",1,43246,43246,2097152,1,"gemm",512,131072,0,128,0,112,"TCC_WRITE_SECTORS",33554432.000000,1000782189766854,1000782190863705
105,105,"Agent 1",1,43246,43246,2097152,1,"gemm",512,131072,0,128,0,112,"TCP_TCP_TA_DATA_STALL_CYCLES",6119556.000000,1000782189766854,1000782190863705
105,105,"Agent 1",1,43246,43246,2097152,1,"gemm",512,131072,0,128,0,112,"TCP_TCP_TA_ADDR_STALL_CYCLES",30419018.000000,1000782189766854,1000782190863705
106,106,"Agent 1",1,43246,43246,2097152,1,"gemm",512,131072,0,128,0,112,"SQ_INSTS_VMEM_WR",2097152.000000,1000782190992865,1000782192083315
106,106,"Agent 1",1,43246,43246,2097152,1,"gemm",512,131072,0,128,0,112,"SQ_VMEM_TA_CMD_FIFO_FULL",97351386.000000,1000782190992865,1000782192083315
106,106,"Agent 1",1,43246,43246,2097152,1,"gemm",512,131072,0,128,0,112,"TCC_WRITE_SECTORS",33554432.000000,1000782190992865,1000782192083315
106,106,"Agent 1",1,43246,43246,2097152,1,"gemm",512,131072,0,128,0,112,"TCP_TCP_TA_DATA_STALL_CYCLES",6408596.000000,1000782190992865,1000782192083315
106,106,"Agent 1",1,43246,43246,2097152,1,"gemm",512,131072,0,128,0,112,"TCP_TCP_TA_ADDR_STALL_CYCLES",28145709.000000,1000782190992865,1000782192083315
107,107,"Agent 1",1,43246,43246,2097152,1,"gemm",512,131072,0,128,0,112,"SQ_INSTS_VMEM_WR",2097152.000000,1000782192194276,1000782193290726
107,107,"Agent 1",1,43246,43246,2097152,1,"gemm",512,131072,0,128,0,112,"SQ_VMEM_TA_CMD_FIFO_FULL",101062906.000000,1000782192194276,1000782193290726
107,107,"Agent 1",1,43246,43246,2097152,1,"gemm",512,131072,0,128,0,112,"TCC_WRITE_SECTORS",33554432.000000,1000782192194276,1000782193290726
107,107,"Agent 1",1,43246,43246,2097152,1,"gemm",512,131072,0,128,0,112,"TCP_TCP_TA_DATA_STALL_CYCLES",6736079.000000,1000782192194276,1000782193290726
107,107,"Agent 1",1,43246,43246,2097152,1,"gemm",512,131072,0,128,0,112,"TCP_TCP_TA_ADDR_STALL_CYCLES",29664263.000000,1000782192194276,1000782193290726
108,108,"Agent 1",1,43246,43246,2097152,1,"gemm",512,131072,0,128,0,112,"SQ_INSTS_VMEM_WR",2097152.000000,1000782193419207,1000782194508978
108,108,"Agent 1",1,43246,43246,2097152,1,"gemm",512,131072,0,128,0,112,"SQ_VMEM_TA_CMD_FIFO_FULL",98458734.000000,1000782193419207,1000782194508978
108,108,"Agent 1",1,43246,43246,2097152,1,"gemm",512,131072,0,128,0,112,"TCC_WRITE_SECTORS",33554432.000000,1000782193419207,1000782194508978
108,108,"Agent 1",1,43246,43246,2097152,1,"gemm",512,131072,0,128,0,112,"TCP_TCP_TA_DATA_STALL_CYCLES",6096372.000000,1000782193419207,1000782194508978
108,108,"Agent 1",1,43246,43246,2097152,1,"gemm",512,131072,0,128,0,112,"TCP_TCP_TA_ADDR_STALL_CYCLES",29398994.000000,1000782193419207,1000782194508978
109,109,"Agent 1",1,43246,43246,2097152,1,"gemm",512,131072,0,128,0,112,"SQ_INSTS_VMEM_WR",2097152.000000,1000782194622419,1000782195718069
109,109,"Agent 1",1,43246,43246,2097152,1,"gemm",512,131072,0,128,0,112,"SQ_VMEM_TA_CMD_FIFO_FULL",99867627.000000,1000782194622419,1000782195718069
109,109,"Agent 1",1,43246,43246,2097152,1,"gemm",512,131072,0,128,0,112,"TCC_WRITE_SECTORS",33554432.000000,1000782194622419,1000782195718069
109,109,"Agent 1",1,43246,43246,2097152,1,"gemm",512,131072,0,128,0,112,"TCP_TCP_TA_DATA_STALL_CYCLES",6382251.000000,1000782194622419,1000782195718069
109,109,"Agent 1",1,43246,43246,2097152,1,"gemm",512,131072,0,128,0,112,"TCP_TCP_TA_ADDR_STALL_CYCLES",29680947.000000,1000782194622419,1000782195718069
110,110,"Agent 1",1,43246,43246,2097152,1,"gemm",512,131072,0,128,0,112,"SQ_INSTS_VMEM_WR",2097152.000000,1000782195846070,1000782196949880
110,110,"Agent 1",1,43246,43246,2097152,1,"gemm",512,131072,0,128,0,112,"SQ_VMEM_TA_CMD_FIFO_FULL",104658763.000000,1000782195846070,1000782196949880
110,110,"Agent 1",1,43246,43246,2097152,1,"gemm",512,131072,0,128,0,112,"TCC_WRITE_SECTORS",33554432.000000,1000782195846070,1000782196949880
110,110,"Agent 1",1,43246,43246,2097152,1,"gemm",512,131072,0,128,0,112,"TCP_TCP_TA_DATA_STALL_CYCLES",7545572.000000,1000782195846070,1000782196949880
110,110,"Agent 1",1,43246,43246,2097152,1,"gemm",512,131072,0,128,0,112,"TCP_TCP_TA_ADDR_STALL_CYCLES",31078117.000000,1000782195846070,1000782196949880
111,111,"Agent 1",1,43246,43246,2097152,1,"gemm",512,131072,0,128,0,112,"SQ_INSTS_VMEM_WR",2097152.000000,1000782197070322,1000782198166252
111,111,"Agent 1",1,43246,43246,2097152,1,"gemm",512,131072,0,128,0,112,"SQ_VMEM_TA_CMD_FIFO_FULL",100844776.000000,1000782197070322,1000782198166252
111,111,"Agent 1",1,43246,43246,2097152,1,"gemm",512,131072,0,128,0,112,"TCC_WRITE_SECTORS",33554432.000000,1000782197070322,1000782198166252
111,111,"Agent 1",1,43246,43246,2097152,1,"gemm",512,131072,0,128,0,112,"TCP_TCP_TA_DATA_STALL_CYCLES",6717308.000000,1000782197070322,1000782198166252
111,111,"Agent 1",1,43246,43246,2097152,1,"gemm",512,131072,0,128,0,112,"TCP_TCP_TA_ADDR_STALL_CYCLES",30015436.000000,1000782197070322,1000782198166252
112,112,"Agent 1",1,43246,43246,2097152,1,"gemm",512,131072,0,128,0,112,"SQ_INSTS_VMEM_WR",2097152.000000,1000782198288373,1000782199385863
112,112,"Agent 1",1,43246,43246,2097152,1,"gemm",512,131072,0,128,0,112,"SQ_VMEM_TA_CMD_FIFO_FULL",100390490.000000,1000782198288373,1000782199385863
112,112,"Agent 1",1,43246,43246,2097152,1,"gemm",512,131072,0,128,0,112,"TCC_WRITE_SECTORS",33554432.000000,1000782198288373,1000782199385863
112,112,"Agent 1",1,43246,43246,2097152,1,"gemm",512,131072,0,128,0,112,"TCP_TCP_TA_DATA_STALL_CYCLES",6453177.000000,1000782198288373,1000782199385863
112,112,"Agent 1",1,43246,43246,2097152,1,"gemm",512,131072,0,128,0,112,"TCP_TCP_TA_ADDR_STALL_CYCLES",29632571.000000,1000782198288373,1000782199385863
113,113,"Agent 1",1,43246,43246,2097152,1,"gemm",512,131072,0,128,0,112,"SQ_INSTS_VMEM_WR",2097152.000000,1000782199503104,1000782200599554
113,113,"Agent 1",1,43246,43246,2097152,1,"gemm",512,131072,0,128,0,112,"SQ_VMEM_TA_CMD_FIFO_FULL",102379231.000000,1000782199503104,1000782200599554
113,113,"Agent 1",1,43246,43246,2097152,1,"gemm",512,131072,0,128,0,112,"TCC_WRITE_SECTORS",33554432.000000,1000782199503104,1000782200599554
113,113,"Agent 1",1,43246,43246,2097152,1,"gemm",512,131072,0,128,0,112,"TCP_TCP_TA_DATA_STALL_CYCLES",6226451.000000,1000782199503104,1000782200599554
113,113,"Agent 1",1,43246,43246,2097152,1,"gemm",512,131072,0,128,0,112,"TCP_TCP_TA_ADDR_STALL_CYCLES",30932566.000000,1000782199503104,1000782200599554
114,114,"Agent 1",1,43246,43246,2097152,1,"gemm",512,131072,0,128,0,112,"SQ_INSTS_VMEM_WR",2097152.000000,1000782200728116,1000782201829206
114,114,"Agent 1",1,43246,43246,2097152,1,"gemm",512,131072,0,128,0,112,"SQ_VMEM_TA_CMD_FIFO_FULL",102538058.000000,1000782200728116,1000782201829206
114,114,"Agent 1",1,43246,43246,2097152,1,"gemm",512,131072,0,128,0,112,"TCC_WRITE_SECTORS",33554432.000000,1000782200728116,1000782201829206
114,114,"Agent 1",1,43246,43246,2097152,1,"gemm",512,131072,0,128,0,112,"TCP_TCP_TA_DATA_STALL_CYCLES",7282065.000000,1000782200728116,1000782201829206
114,114,"Agent 1",1,43246,43246,2097152,1,"gemm",512,131072,0,128,0,112,"TCP_TCP_TA_ADDR_STALL_CYCLES",30603386.000000,1000782200728116,1000782201829206
115,115,"Agent 1",1,43246,43246,2097152,1,"gemm",512,131072,0,128,0,112,"SQ_INSTS_VMEM_WR",2097152.000000,1000782201946847,1000782203041977
115,115,"Agent 1",1,43246,43246,2097152,1,"gemm",512,131072,0,128,0,112,"SQ_VMEM_TA_CMD_FIFO_FULL",99914637.000000,1000782201946847,1000782203041977
115,115,"Agent 1",1,43246,43246,2097152,1,"gemm",512,131072,0,128,0,112,"TCC_WRITE_SECTORS",33554432.000000,1000782201946847,1000782203041977
115,115,"Agent 1",1,43246,43246,2097152,1,"gemm",512,131072,0,128,0,112,"TCP_TCP_TA_DATA_STALL_CYCLES",6544303.000000,1000782201946847,1000782203041977
115,115,"Agent 1",1,43246,43246,2097152,1,"gemm",512,131072,0,128,0,112,"TCP_TCP_TA_ADDR_STALL_CYCLES",29935305.000000,1000782201946847,1000782203041977
116,116,"Agent 1",1,43246,43246,2097152,1,"gemm",512,131072,0,128,0,112,"SQ_INSTS_VMEM_WR",2097152.000000,1000782203162538,1000782204262549
116,116,"Agent 1",1,43246,43246,2097152,1,"gemm",512,131072,0,128,0,112,"SQ_VMEM_TA_CMD_FIFO_FULL",100863958.000000,1000782203162538,1000782204262549
116,116,"Agent 1",1,43246,43246,2097152,1,"gemm",512,131072,0,128,0,112,"TCC_WRITE_SECTORS",33554432.000000,1000782203162538,1000782204262549
116,116,"Agent 1",1,43246,43246,2097152,1,"gemm",512,131072,0,128,0,112,"TCP_TCP_TA_DATA_STALL_CYCLES",6626130.000000,1000782203162538,1000782204262549
116,116,"Agent 1",1,43246,43246,2097152,1,"gemm",512,131072,0,128,0,112,"TCP_TCP_TA_ADDR_STALL_CYCLES",30566680.000000,1000782203162538,1000782204262549
117,117,"Agent 1",1,43246,43246,2097152,1,"gemm",512,131072,0,128,0,112,"SQ_INSTS_VMEM_WR",2097152.000000,1000782204374750,1000782205471200
117,117,"Agent 1",1,43246,43246,2097152,1,"gemm",512,131072,0,128,0,112,"SQ_VMEM_TA_CMD_FIFO_FULL",102162178.000000,1000782204374750,1000782205471200
117,117,"Agent 1",1,43246,43246,2097152,1,"gemm",512,131072,0,128,0,112,"TCC_WRITE_SECTORS",33554432.000000,1000782204374750,1000782205471200
117,117,"Agent 1",1,43246,43246,2097152,1,"gemm",512,131072,0,128,0,112,"TCP_TCP_TA_DATA_STALL_CYCLES",7142701.000000,1000782204374750,1000782205471200
117,117,"Agent 1",1,43246,43246,2097152,1,"gemm",512,131072,0,128,0,112,"TCP_TCP_TA_ADDR_STALL_CYCLES",30182256.000000,1000782204374750,1000782205471200
118,118,"Agent 1",1,43246,43246,2097152,1,"gemm",512,131072,0,128,0,112,"SQ_INSTS_VMEM_WR",2097152.000000,1000782205583441,1000782206682211
118,118,"Agent 1",1,43246,43246,2097152,1,"gemm",512,131072,0,128,0,112,"SQ_VMEM_TA_CMD_FIFO_FULL",101226998.000000,1000782205583441,1000782206682211
118,118,"Agent 1",1,43246,43246,2097152,1,"gemm",512,131072,0,128,0,112,"TCC_WRITE_SECTORS",33554432.000000,1000782205583441,1000782206682211
118,118,"Agent 1",1,43246,43246,2097152,1,"gemm",512,131072,0,128,0,112,"TCP_TCP_TA_DATA_STALL_CYCLES",5968405.000000,1000782205583441,1000782206682211
118,118,"Agent 1",1,43246,43246,2097152,1,"gemm",512,131072,0,128,0,112,"TCP_TCP_TA_ADDR_STALL_CYCLES",30911899.000000,1000782205583441,1000782206682211
119,119,"Agent 1",1,43246,43246,2097152,1,"gemm",512,131072,0,128,0,112,"SQ_INSTS_VMEM_WR",2097152.000000,1000782206804492,1000782207899303
119,119,"Agent 1",1,43246,43246,2097152,1,"gemm",512,131072,0,128,0,112,"SQ_VMEM_TA_CMD_FIFO_FULL",101571197.000000,1000782206804492,1000782207899303
119,119,"Agent 1",1,43246,43246,2097152,1,"gemm",512,131072,0,128,0,112,"TCC_WRITE_SECTORS",33554432.000000,1000782206804492,1000782207899303
119,119,"Agent 1",1,43246,43246,2097152,1,"gemm",512,131072,0,128,0,112,"TCP_TCP_TA_DATA_STALL_CYCLES",6227472.000000,1000782206804492,1000782207899303
119,119,"Agent 1",1,43246,43246,2097152,1,"gemm",512,131072,0,128,0,112,"TCP_TCP_TA_ADDR_STALL_CYCLES",30183014.000000,1000782206804492,1000782207899303
120,120,"Agent 1",1,43246,43246,2097152,1,"gemm",512,131072,0,128,0,112,"SQ_INSTS_VMEM_WR",2097152.000000,1000782208027544,1000782209124314
120,120,"Agent 1",1,43246,43246,2097152,1,"gemm",512,131072,0,128,0,112,"SQ_VMEM_TA_CMD_FIFO_FULL",99914741.000000,1000782208027544,1000782209124314
120,120,"Agent 1",1,43246,43246,2097152,1,"gemm",512,131072,0,128,0,112,"TCC_WRITE_SECTORS",33554432.000000,1000782208027544,1000782209124314
120,120,"Agent 1",1,43246,43246,2097152,1,"gemm",512,131072,0,128,0,112,"TCP_TCP_TA_DATA_STALL_CYCLES",6513639.000000,1000782208027544,1000782209124314
120,120,"Agent 1",1,43246,43246,2097152,1,"gemm",512,131072,0,128,0,112,"TCP_TCP_TA_ADDR_STALL_CYCLES",30172907.000000,1000782208027544,1000782209124314
121,121,"Agent 1",1,43246,43246,2097152,1,"gemm",512,131072,0,128,0,112,"SQ_INSTS_VMEM_WR",2097152.000000,1000782209248435,1000782210340965
121,121,"Agent 1",1,43246,43246,2097152,1,"gemm",512,131072,0,128,0,112,"SQ_VMEM_TA_CMD_FIFO_FULL",98356906.000000,1000782209248435,1000782210340965
121,121,"Agent 1",1,43246,43246,2097152,1,"gemm",512,131072,0,128,0,112,"TCC_WRITE_SECTORS",33554432.000000,1000782209248435,1000782210340965
121,121,"Agent 1",1,43246,43246,2097152,1,"gemm",512,131072,0,128,0,112,"TCP_TCP_TA_DATA_STALL_CYCLES",6059429.000000,1000782209248435,1000782210340965
121,121,"Agent 1",1,43246,43246,2097152,1,"gemm",512,131072,0,128,0,112,"TCP_TCP_TA_ADDR_STALL_CYCLES",28936473.000000,1000782209248435,1000782210340965
122,122,"Agent 1",1,43246,43246,2097152,1,"gemm",512,131072,0,128,0,112,"SQ_INSTS_VMEM_WR",2097152.000000,1000782210458926,1000782211554817
122,122,"Agent 1",1,43246,43246,2097152,1,"gemm",512,131072,0,128,0,112,"SQ_VMEM_TA_CMD_FIFO_FULL",101727603.000000,1000782210458926,1000782211554817
122,122,"Agent 1",1,43246,43246,2097152,1,"gemm",512,131072,0,128,0,112,"TCC_WRITE_SECTORS",33554432.000000,1000782210458926,1000782211554817
122,122,"Agent 1",1,43246,43246,2097152,1,"gemm",512,131072,0,128,0,112,"TCP_TCP_TA_DATA_STALL_CYCLES",6674292.000000,1000782210458926,1000782211554817
122,122,"Agent 1",1,43246,43246,2097152,1,"gemm",512,131072,0,128,0,112,"TCP_TCP_TA_ADDR_STALL_CYCLES",30153611.000000,1000782210458926,1000782211554817
123,123,"Agent 1",1,43246,43246,2097152,1,"gemm",512,131072,0,128,0,112,"SQ_INSTS_VMEM_WR",2097152.000000,1000782211677898,1000782212774268
123,123,"Agent 1",1,43246,43246,2097152,1,"gemm",512,131072,0,128,0,112,"SQ_VMEM_TA_CMD_FIFO_FULL",100569579.000000,1000782211677898,1000782212774268
123,123,"Agent 1",1,43246,43246,2097152,1,"gemm",512,131072,0,128,0,112,"TCC_WRITE_SECTORS",33554432.000000,1000782211677898,1000782212774268
123,123,"Agent 1",1,43246,43246,2097152,1,"gemm",512,131072,0,128,0,112,"TCP_TCP_TA_DATA_STALL_CYCLES",6319381.000000,1000782211677898,1000782212774268
123,123,"Agent 1",1,43246,43246,2097152,1,"gemm",512,131072,0,128,0,112,"TCP_TCP_TA_ADDR_STALL_CYCLES",30569222.000000,1000782211677898,1000782212774268
124,124,"Agent 1",1,43246,43246,2097152,1,"gemm",512,131072,0,128,0,112,"SQ_INSTS_VMEM_WR",2097152.000000,1000782212892429,1000782213986439
124,124,"Agent 1",1,43246,43246,2097152,1,"gemm",512,131072,0,128,0,112,"SQ_VMEM_TA_CMD_FIFO_FULL",100209459.000000,1000782212892429,1000782213986439
124,124,"Agent 1",1,43246,43246,2097152,1,"gemm",512,131072,0,128,0,112,"TCC_WRITE_SECTORS",33554432.000000,1000782212892429,1000782213986439
124,124,"Agent 1",1,43246,43246,2097152,1,"gemm",512,131072,0,128,0,112,"TCP_TCP_TA_DATA_STALL_CYCLES",6132497.000000,1000782212892429,1000782213986439
124,124,"Agent 1",1,43246,43246,2097152,1,"gemm",512,131072,0,128,0,112,"TCP_TCP_TA_ADDR_STALL_CYCLES",30253825.000000,1000782212892429,1000782213986439
125,125,"Agent 1",1,43246,43246,2097152,1,"gemm",512,131072,0,128,0,112,"SQ_INSTS_VMEM_WR",2097152.000000,1000782214103080,1000782215202011
125,125,"Agent 1",1,43246,43246,2097152,1,"gemm",512,131072,0,128,0,112,"SQ_VMEM_TA_CMD_FIFO_FULL",103333079.000000,1000782214103080,1000782215202011
125,125,"Agent 1",1,43246,43246,2097152,1,"gemm",512,131072,0,128,0,112,"TCC_WRITE_SECTORS",33554432.000000,1000782214103080,1000782215202011
125,125,"Agent 1",1,43246,43246,2097152,1,"gemm",512,131072,0,128,0,112,"TCP_TCP_TA_DATA_STALL_CYCLES",7211051.000000,1000782214103080,1000782215202011
125,125,"Agent 1",1,43246,43246,2097152,1,"gemm",512,131072,0,128,0,112,"TCP_TCP_TA_ADDR_STALL_CYCLES",30616162.000000,1000782214103080,1000782215202011
126,126,"Agent 1",1,43246,43246,2097152,1,"gemm",512,131072,0,128,0,112,"SQ_INSTS_VMEM_WR",2097152.000000,1000782215313372,1000782216408142
126,126,"Agent 1",1,43246,43246,2097152,1,"gemm",512,131072,0,128,0,112,"SQ_VMEM_TA_CMD_FIFO_FULL",100858417.000000,1000782215313372,1000782216408142
126,126,"Agent 1",1,43246,43246,2097152,1,"gemm",512,131072,0,128,0,112,"TCC_WRITE_SECTORS",33554432.000000,1000782215313372,1000782216408142
126,126,"Agent 1",1,43246,43246,2097152,1,"gemm",512,131072,0,128,0,112,"TCP_TCP_TA_DATA_STALL_CYCLES",6877475.000000,1000782215313372,1000782216408142
126,126,"Agent 1",1,43246,43246,2097152,1,"gemm",512,131072,0,128,0,112,"TCP_TCP_TA_ADDR_STALL_CYCLES",29777787.000000,1000782215313372,1000782216408142
127,127,"Agent 1",1,43246,43246,2097152,1,"gemm",512,131072,0,128,0,112,"SQ_INSTS_VMEM_WR",2097152.000000,1000782216520423,1000782217615393
127,127,"Agent 1",1,43246,43246,2097152,1,"gemm",512,131072,0,128,0,112,"SQ_VMEM_TA_CMD_FIFO_FULL",100060709.000000,1000782216520423,1000782217615393
127,127,"Agent 1",1,43246,43246,2097152,1,"gemm",512,131072,0,128,0,112,"TCC_WRITE_SECTORS",33554432.000000,1000782216520423,1000782217615393
127,127,"Agent 1",1,43246,43246,2097152,1,"gemm",512,131072,0,128,0,112,"TCP_TCP_TA_DATA_STALL_CYCLES",7075872.000000,1000782216520423,1000782217615393
127,127,"Agent 1",1,43246,43246,2097152,1,"gemm",512,131072,0,128,0,112,"TCP_TCP_TA_ADDR_STALL_CYCLES",30219730.000000,1000782216520423,1000782217615393
128,128,"Agent 1",1,43246,43246,2097152,1,"gemm",512,131072,0,128,0,112,"SQ_INSTS_VMEM_WR",2097152.000000,1000782217725314,1000782218816044
128,128,"Agent 1",1,43246,43246,2097152,1,"gemm",512,131072,0,128,0,112,"SQ_VMEM_TA_CMD_FIFO_FULL",99349341.000000,1000782217725314,1000782218816044
128,128,"Agent 1",1,43246,43246,2097152,1,"gemm",512,131072,0,128,0,112,"TCC_WRITE_SECTORS",33554432.000000,1000782217725314,1000782218816044
128,128,"Agent 1",1,43246,43246,2097152,1,"gemm",512,131072,0,128,0,112,"TCP_TCP_TA_DATA_STALL_CYCLES",6180519.000000,1000782217725314,1000782218816044
128,128,"Agent 1",1,43246,43246,2097152,1,"gemm",512,131072,0,128,0,112,"TCP_TCP_TA_ADDR_STALL_CYCLES",29632341.000000,1000782217725314,1000782218816044
129,129,"Agent 1",1,43246,43246,2097152,1,"gemm",512,131072,0,128,0,112,"SQ_INSTS_VMEM_WR",2097152.000000,1000782218936406,1000782220035776
129,129,"Agent 1",1,43246,43246,2097152,1,"gemm",512,131072,0,128,0,112,"SQ_VMEM_TA_CMD_FIFO_FULL",101050497.000000,1000782218936406,1000782220035776
129,129,"Agent 1",1,43246,43246,2097152,1,"gemm",512,131072,0,128,0,112,"TCC_WRITE_SECTORS",33554432.000000,1000782218936406,1000782220035776
129,129,"Agent 1",1,43246,43246,2097152,1,"gemm",512,131072,0,128,0,112,"TCP_TCP_TA_DATA_STALL_CYCLES",7807774.000000,1000782218936406,1000782220035776
129,129,"Agent 1",1,43246,43246,2097152,1,"gemm",512,131072,0,128,0,112,"TCP_TCP_TA_ADDR_STALL_CYCLES",29241630.000000,1000782218936406,1000782220035776
130,130,"Agent 1",1,43246,43246,2097152,1,"gemm",512,131072,0,128,0,112,"SQ_INSTS_VMEM_WR",2097152.000000,1000782220143617,1000782221245987
130,130,"Agent 1",1,43246,43246,2097152,1,"gemm",512,131072,0,128,0,112,"SQ_VMEM_TA_CMD_FIFO_FULL",103511228.000000,1000782220143617,1000782221245987
130,130,"Agent 1",1,43246,43246,2097152,1,"gemm",512,131072,0,128,0,112,"TCC_WRITE_SECTORS",33554432.000000,1000782220143617,1000782221245987
130,130,"Agent 1",1,43246,43246,2097152,1,"gemm",512,131072,0,128,0,112,"TCP_TCP_TA_DATA_STALL_CYCLES",7126086.000000,1000782220143617,1000782221245987
130,130,"Agent 1",1,43246,43246,2097152,1,"gemm",512,131072,0,128,0,112,"TCP_TCP_TA_ADDR_STALL_CYCLES",31483907.000000,1000782220143617,1000782221245987
131,131,"Agent 1",1,43246,43246,2097152,1,"gemm",512,131072,0,128,0,112,"SQ_INSTS_VMEM_WR",2097152.000000,1000782221365428,1000782222461718
131,131,"Agent 1",1,43246,43246,2097152,1,"gemm",512,131072,0,128,0,112,"SQ_VMEM_TA_CMD_FIFO_FULL",102019005.000000,1000782221365428,1000782222461718
131,131,"Agent 1",1,43246,43246,2097152,1,"gemm",512,131072,0,128,0,112,"TCC_WRITE_SECTORS",33554432.000000,1000782221365428,1000782222461718
131,131,"Agent 1",1,43246,43246,2097152,1,"gemm",512,131072,0,128,0,112,"TCP_TCP_TA_DATA_STALL_CYCLES",6648077.000000,1000782221365428,1000782222461718
131,131,"Agent 1",1,43246,43246,2097152,1,"gemm",512,131072,0,128,0,112,"TCP_TCP_TA_ADDR_STALL_CYCLES",30605888.000000,1000782221365428,1000782222461718
132,132,"Agent 1",1,43246,43246,2097152,1,"gemm",512,131072,0,128,0,112,"SQ_INSTS_VMEM_WR",2097152.000000,1000782222580400,1000782223676890
132,132,"Agent 1",1,43246,43246,2097152,1,"gemm",512,131072,0,128,0,112,"SQ_VMEM_TA_CMD_FIFO_FULL",100762319.000000,1000782222580400,1000782223676890
132,132,"Agent 1",1,43246,43246,2097152,1,"gemm",512,131072,0,128,0,112,"TCC_WRITE_SECTORS",33554432.000000,1000782222580400,1000782223676890
132,132,"Agent 1",1,43246,43246,2097152,1,"gemm",512,131072,0,128,0,112,"TCP_TCP_TA_DATA_STALL_CYCLES",7013261.000000,1000782222580400,1000782223676890
132,132,"Agent 1",1,43246,43246,2097152,1,"gemm",512,131072,0,128,0,112,"TCP_TCP_TA_ADDR_STALL_CYCLES",29631978.000000,1000782222580400,1000782223676890
133,133,"Agent 1",1,43246,43246,2097152,1,"gemm",512,131072,0,128,0,112,"SQ_INSTS_VMEM_WR",2097152.000000,1000782223785811,1000782224875581
133,133,"Agent 1",1,43246,43246,2097152,1,"gemm",512,131072,0,128,0,112,"SQ_VMEM_TA_CMD_FIFO_FULL",98380813.000000,1000782223785811,1000782224875581
133,133,"Agent 1",1,43246,43246,2097152,1,"gemm",512,131072,0,128,0,112,"TCC_WRITE_SECTORS",33554432.000000,1000782223785811,1000782224875581
133,133,"Agent 1",1,43246,43246,2097152,1,"gemm",512,131072,0,128,0,112,"TCP_TCP_TA_DATA_STALL_CYCLES",5991825.000000,1000782223785811,1000782224875581
133,133,"Agent 1",1,43246,43246,2097152,1,"gemm",512,131072,0,128,0,112,"TCP_TCP_TA_ADDR_STALL_CYCLES",28904471.000000,1000782223785811,1000782224875581
134,134,"Agent 1",1,43246,43246,2097152,1,"gemm",512,131072,0,128,0,112,"SQ_INSTS_VMEM_WR",2097152.000000,1000782224984542,1000782226083872
134,134,"Agent 1",1,43246,43246,2097152,1,"gemm",512,131072,0,128,0,112,"SQ_VMEM_TA_CMD_FIFO_FULL",100672883.000000,1000782224984542,1000782226083872
134,134,"Agent 1",1,43246,43246,2097152,1,"gemm",512,131072,0,128,0,112,"TCC_WRITE_SECTORS",33554432.000000,1000782224984542,1000782226083872
134,134,"Agent 1",1,43246,43246,2097152,1,"gemm",512,131072,0,128,0,112,"TCP_TCP_TA_DATA_STALL_CYCLES",7155058.000000,1000782224984542,1000782226083872
134,134,"Agent 1",1,43246,43246,2097152,1,"gemm",512,131072,0,128,0,112,"TCP_TCP_TA_ADDR_STALL_CYCLES",29800693.000000,1000782224984542,1000782226083872
135,135,"Agent 1",1,43246,43246,2097152,1,"gemm",512,131072,0,128,0,112,"SQ_INSTS_VMEM_WR",2097152.000000,1000782226204393,1000782227301084
135,135,"Agent 1",1,43246,43246,2097152,1,"gemm",512,131072,0,128,0,112,"SQ_VMEM_TA_CMD_FIFO_FULL",101248318.000000,1000782226204393,1000782227301084
135,135,"Agent 1",1,43246,43246,2097152,1,"gemm",512,131072,0,128,0,112,"TCC_WRITE_SECTORS",33554432.000000,1000782226204393,1000782227301084
135,135,"Agent 1",1,43246,43246,2097152,1,"gemm",512,131072,0,128,0,112,"TCP_TCP_TA_DATA_STALL_CYCLES",6993977.000000,1000782226204393,1000782227301084
135,135,"Agent 1",1,43246,43246,2097152,1,"gemm",512,131072,0,128,0,112,"TCP_TCP_TA_ADDR_STALL_CYCLES",29903536.000000,1000782226204393,1000782227301084
136,136,"Agent 1",1,43246,43246,2097152,1,"gemm",512,131072,0,128,0,112,"SQ_INSTS_VMEM_WR",2097152.000000,1000782227415605,1000782228516615
136,136,"Agent 1",1,43246,43246,2097152,1,"gemm",512,131072,0,128,0,112,"SQ_VMEM_TA_CMD_FIFO_FULL",102261006.000000,1000782227415605,1000782228516615
136,136,"Agent 1",1,43246,43246,2097152,1,"gemm",512,131072,0,128,0,112,"TCC_WRITE_SECTORS",33554432.000000,1000782227415605,1000782228516615
136,136,"Agent 1",1,43246,43246,2097152,1,"gemm",512,131072,0,128,0,112,"TCP_TCP_TA_DATA_STALL_CYCLES",7304769.000000,1000782227415605,1000782228516615
136,136,"Agent 1",1,43246,43246,2097152,1,"gemm",512,131072,0,128,0,112,"TCP_TCP_TA_ADDR_STALL_CYCLES",30874715.000000,1000782227415605,1000782228516615
137,137,"Agent 1",1,43246,43246,2097152,1,"gemm",512,131072,0,128,0,112,"SQ_INSTS_VMEM_WR",2097152.000000,1000782228630456,1000782229722946
137,137,"Agent 1",1,43246,43246,2097152,1,"gemm",512,131072,0,128,0,112,"SQ_VMEM_TA_CMD_FIFO_FULL",100001941.000000,1000782228630456,1000782229722946
137,137,"Agent 1",1,43246,43246,2097152,1,"gemm",512,131072,0,128,0,112,"TCC_WRITE_SECTORS",33554432.000000,1000782228630456,1000782229722946
137,137,"Agent 1",1,43246,43246,2097152,1,"gemm",512,131072,0,128,0,112,"TCP_TCP_TA_DATA_STALL_CYCLES",6225286.000000,1000782228630456,1000782229722946
137,137,"Agent 1",1,43246,43246,2097152,1,"gemm",512,131072,0,128,0,112,"TCP_TCP_TA_ADDR_STALL_CYCLES",28867775.000000,1000782228630456,1000782229722946
138,138,"Agent 1",1,43246,43246,2097152,1,"gemm",512,131072,0,128,0,112,"SQ_INSTS_VMEM_WR",2097152.000000,1000782229839307,1000782230934517
138,138,"Agent 1",1,43246,43246,2097152,1,"gemm",512,131072,0,128,0,112,"SQ_VMEM_TA_CMD_FIFO_FULL",97746267.000000,1000782229839307,1000782230934517
138,138,"Agent 1",1,43246,43246,2097152,1,"gemm",512,131072,0,128,0,112,"TCC_WRITE_SECTORS",33554432.000000,1000782229839307,1000782230934517
138,138,"Agent 1",1,43246,43246,2097152,1,"gemm",512,131072,0,128,0,112,"TCP_TCP_TA_DATA_STALL_CYCLES",5812867.000000,1000782229839307,1000782230934517
138,138,"Agent 1",1,43246,43246,2097152,1,"gemm",512,131072,0,128,0,112,"TCP_TCP_TA_ADDR_STALL_CYCLES",29873047.000000,1000782229839307,1000782230934517
139,139,"Agent 1",1,43246,43246,2097152,1,"gemm",512,131072,0,128,0,112,"SQ_INSTS_VMEM_WR",2097152.000000,1000782231041838,1000782232139969
139,139,"Agent 1",1,43246,43246,2097152,1,"gemm",512,131072,0,128,0,112,"SQ_VMEM_TA_CMD_FIFO_FULL",99658127.000000,1000782231041838,1000782232139969
139,139,"Agent 1",1,43246,43246,2097152,1,"gemm",512,131072,0,128,0,112,"TCC_WRITE_SECTORS",33554432.000000,1000782231041838,1000782232139969
139,139,"Agent 1",1,43246,43246,2097152,1,"gemm",512,131072,0,128,0,112,"TCP_TCP_TA_DATA_STALL_CYCLES",6824169.000000,1000782231041838,1000782232139969
139,139,"Agent 1",1,43246,43246,2097152,1,"gemm",512,131072,0,128,0,112,"TCP_TCP_TA_ADDR_STALL_CYCLES",29258404.000000,1000782231041838,1000782232139969
140,140,"Agent 1",1,43246,43246,2097152,1,"gemm",512,131072,0,128,0,112,"SQ_INSTS_VMEM_WR",2097152.000000,1000782232261170,1000782233365220
140,140,"Agent 1",1,43246,43246,2097152,1,"gemm",512,131072,0,128,0,112,"SQ_VMEM_TA_CMD_FIFO_FULL",103121307.000000,1000782232261170,1000782233365220
140,140,"Agent 1",1,43246,43246,2097152,1,"gemm",512,131072,0,128,0,112,"TCC_WRITE_SECTORS",33554432.000000,1000782232261170,1000782233365220
140,140,"Agent 1",1,43246,43246,2097152,1,"gemm",512,131072,0,128,0,112,"TCP_TCP_TA_DATA_STALL_CYCLES",7522287.000000,1000782232261170,1000782233365220
140,140,"Agent 1",1,43246,43246,2097152,1,"gemm",512,131072,0,128,0,112,"TCP_TCP_TA_ADDR_STALL_CYCLES",31368192.000000,1000782232261170,1000782233365220
141,141,"Agent 1",1,43246,43246,2097152,1,"gemm",512,131072,0,128,0,112,"SQ_INSTS_VMEM_WR",2097152.000000,1000782233484381,1000782234577511
141,141,"Agent 1",1,43246,43246,2097152,1,"gemm",512,131072,0,128,0,112,"SQ_VMEM_TA_CMD_FIFO_FULL",99740070.000000,1000782233484381,1000782234577511
141,141,"Agent 1",1,43246,43246,2097152,1,"gemm",512,131072,0,128,0,112,"TCC_WRITE_SECTORS",33554432.000000,1000782233484381,1000782234577511
141,141,"Agent 1",1,43246,43246,2097152,1,"gemm",512,131072,0,128,0,112,"TCP_TCP_TA_DATA_STALL_CYCLES",6943801.000000,1000782233484381,1000782234577511
141,141,"Agent 1",1,43246,43246,2097152,1,"gemm",512,131072,0,128,0,112,"TCP_TCP_TA_ADDR_STALL_CYCLES",29225666.000000,1000782233484381,1000782234577511
142,142,"Agent 1",1,43246,43246,2097152,1,"gemm",512,131072,0,128,0,112,"SQ_INSTS_VMEM_WR",2097152.000000,1000782234694593,1000782235789163
142,142,"Agent 1",1,43246,43246,2097152,1,"gemm",512,131072,0,128,0,112,"SQ_VMEM_TA_CMD_FIFO_FULL",100988454.000000,1000782234694593,1000782235789163
142,142,"Agent 1",1,43246,43246,2097152,1,"gemm",512,131072,0,128,0,112,"TCC_WRITE_SECTORS",33554432.000000,1000782234694593,1000782235789163
142,142,"Agent 1",1,43246,43246,2097152,1,"gemm",512,131072,0,128,0,112,"TCP_TCP_TA_DATA_STALL_CYCLES",6562635.000000,1000782234694593,1000782235789163
142,142,"Agent 1",1,43246,43246,2097152,1,"gemm",512,131072,0,128,0,112,"TCP_TCP_TA_ADDR_STALL_CYCLES",29810629.000000,1000782234694593,1000782235789163
143,143,"Agent 1",1,43246,43246,2097152,1,"gemm",512,131072,0,128,0,112,"SQ_INSTS_VMEM_WR",2097152.000000,1000782235898924,1000782236992334
143,143,"Agent 1",1,43246,43246,2097152,1,"gemm",512,131072,0,128,0,112,"SQ_VMEM_TA_CMD_FIFO_FULL",99472256.000000,1000782235898924,1000782236992334
143,143,"Agent 1",1,43246,43246,2097152,1,"gemm",512,131072,0,128,0,112,"TCC_WRITE_SECTORS",33554432.000000,1000782235898924,1000782236992334
143,143,"Agent 1",1,43246,43246,2097152,1,"gemm",512,131072,0,128,0,112,"TCP_TCP_TA_DATA_STALL_CYCLES",6159265.000000,1000782235898924,1000782236992334
143,143,"Agent 1",1,43246,43246,2097152,1,"gemm",512,131072,0,128,0,112,"TCP_TCP_TA_ADDR_STALL_CYCLES",29753480.000000,1000782235898924,1000782236992334
144,144,"Agent 1",1,43246,43246,2097152,1,"gemm",512,131072,0,128,0,112,"SQ_INSTS_VMEM_WR",2097152.000000,1000782237112455,1000782238209785
144,144,"Agent 1",1,43246,43246,2097152,1,"gemm",512,131072,0,128,0,112,"SQ_VMEM_TA_CMD_FIFO_FULL",100433630.000000,1000782237112455,1000782238209785
144,144,"Agent 1",1,43246,43246,2097152,1,"gemm",512,131072,0,128,0,112,"TCC_WRITE_SECTORS",33554432.000000,1000782237112455,1000782238209785
144,144,"Agent 1",1,43246,43246,2097152,1,"gemm",512,131072,0,128,0,112,"TCP_TCP_TA_DATA_STALL_CYCLES",6015204.000000,1000782237112455,1000782238209785
144,144,"Agent 1",1,43246,43246,2097152,1,"gemm",512,131072,0,128,0,112,"TCP_TCP_TA_ADDR_STALL_CYCLES",30052560.000000,1000782237112455,1000782238209785
145,145,"Agent 1",1,43246,43246,2097152,1,"gemm",512,131072,0,128,0,112,"SQ_INSTS_VMEM_WR",2097152.000000,1000782238325026,1000782239423237
145,145,"Agent 1",1,43246,43246,2097152,1,"gemm",512,131072,0,128,0,112,"SQ_VMEM_TA_CMD_FIFO_FULL",100869500.000000,1000782238325026,1000782239423237
145,145,"Agent 1",1,43246,43246,2097152,1,"gemm",512,131072,0,128,0,112,"TCC_WRITE_SECTORS",33554432.000000,1000782238325026,1000782239423237
145,145,"Agent 1",1,43246,43246,2097152,1,"gemm",512,131072,0,128,0,112,"TCP_TCP_TA_DATA_STALL_CYCLES",6788606.000000,1000782238325026,1000782239423237
145,145,"Agent 1",1,43246,43246,2097152,1,"gemm",512,131072,0,128,0,112,"TCP_TCP_TA_ADDR_STALL_CYCLES",29666656.000000,1000782238325026,1000782239423237
146,146,"Agent 1",1,43246,43246,2097152,1,"gemm",512,131072,0,128,0,112,"SQ_INSTS_VMEM_WR",2097152.000000,1000782239541558,1000782240642128
146,146,"Agent 1",1,43246,43246,2097152,1,"gemm",512,131072,0,128,0,112,"SQ_VMEM_TA_CMD_FIFO_FULL",100987034.000000,1000782239541558,1000782240642128
146,146,"Agent 1",1,43246,43246,2097152,1,"gemm",512,131072,0,128,0,112,"TCC_WRITE_SECTORS",33554432.000000,1000782239541558,1000782240642128
146,146,"Agent 1",1,43246,43246,2097152,1,"gemm",512,131072,0,128,0,112,"TCP_TCP_TA_DATA_STALL_CYCLES",7279222.000000,1000782239541558,1000782240642128
146,146,"Agent 1",1,43246,43246,2097152,1,"gemm",512,131072,0,128,0,112,"TCP_TCP_TA_ADDR_STALL_CYCLES",29448954.000000,1000782239541558,1000782240642128
147,147,"Agent 1",1,43246,43246,2097152,1,"gemm",512,131072,0,128,0,112,"SQ_INSTS_VMEM_WR",2097152.000000,1000782240760809,1000782241862539
147,147,"Agent 1",1,43246,43246,2097152,1,"gemm",512,131072,0,128,0,112,"SQ_VMEM_TA_CMD_FIFO_FULL",101652338.000000,1000782240760809,1000782241862539
147,147,"Agent 1",1,43246,43246,2097152,1,"gemm",512,131072,0,128,0,112,"TCC_WRITE_SECTORS",33554432.000000,1000782240760809,1000782241862539
147,147,"Agent 1",1,43246,43246,2097152,1,"gemm",512,131072,0,128,0,112,"TCP_TCP_TA_DATA_STALL_CYCLES",5952250.000000,1000782240760809,1000782241862539
147,147,"Agent 1",1,43246,43246,2097152,1,"gemm",512,131072,0,128,0,112,"TCP_TCP_TA_ADDR_STALL_CYCLES",30941985.000000,1000782240760809,1000782241862539
148,148,"Agent 1",1,43246,43246,2097152,1,"gemm",512,131072,0,128,0,112,"SQ_INSTS_VMEM_WR",2097152.000000,1000782241973100,1000782243071751
148,148,"Agent 1",1,43246,43246,2097152,1,"gemm",512,131072,0,128,0,112,"SQ_VMEM_TA_CMD_FIFO_FULL",101021273.000000,1000782241973100,1000782243071751
148,148,"Agent 1",1,43246,43246,2097152,1,"gemm",512,131072,0,128,0,112,"TCC_WRITE_SECTORS",33554432.000000,1000782241973100,1000782243071751
148,148,"Agent 1",1,43246,43246,2097152,1,"gemm",512,131072,0,128,0,112,"TCP_TCP_TA_DATA_STALL_CYCLES",7257929.000000,1000782241973100,1000782243071751
148,148,"Agent 1",1,43246,43246,2097152,1,"gemm",512,131072,0,128,0,112,"TCP_TCP_TA_ADDR_STALL_CYCLES",29727007.000000,1000782241973100,1000782243071751
149,149,"Agent 1",1,43246,43246,2097152,1,"gemm",512,131072,0,128,0,112,"SQ_INSTS_VMEM_WR",2097152.000000,1000782243181032,1000782244277082
149,149,"Agent 1",1,43246,43246,2097152,1,"gemm",512,131072,0,128,0,112,"SQ_VMEM_TA_CMD_FIFO_FULL",101041692.000000,1000782243181032,1000782244277082
149,149,"Agent 1",1,43246,43246,2097152,1,"gemm",512,131072,0,128,0,112,"TCC_WRITE_SECTORS",33554432.000000,1000782243181032,1000782244277082
149,149,"Agent 1",1,43246,43246,2097152,1,"gemm",512,131072,0,128,0,112,"TCP_TCP_TA_DATA_STALL_CYCLES",6451742.000000,1000782243181032,1000782244277082
149,149,"Agent 1",1,43246,43246,2097152,1,"gemm",512,131072,0,128,0,112,"TCP_TCP_TA_ADDR_STALL_CYCLES",30880349.000000,1000782243181032,1000782244277082
150,150,"Agent 1",1,43246,43246,2097152,1,"gemm",512,131072,0,128,0,112,"SQ_INSTS_VMEM_WR",2097152.000000,1000782244393363,1000782245485373
150,150,"Agent 1",1,43246,43246,2097152,1,"gemm",512,131072,0,128,0,112,"SQ_VMEM_TA_CMD_FIFO_FULL",99150514.000000,1000782244393363,1000782245485373
150,150,"Agent 1",1,43246,43246,2097152,1,"gemm",512,131072,0,128,0,112,"TCC_WRITE_SECTORS",33554432.000000,1000782244393363,1000782245485373
150,150,"Agent 1",1,43246,43246,2097152,1,"gemm",512,131072,0,128,0,112,"TCP_TCP_TA_DATA_STALL_CYCLES",6921378.000000,1000782244393363,1000782245485373
150,150,"Agent 1",1,43246,43246,2097152,1,"gemm",512,131072,0,128,0,112,"TCP_TCP_TA_ADDR_STALL_CYCLES",28947624.000000,1000782244393363,1000782245485373
151,151,"Agent 1",1,43246,43246,2097152,1,"gemm",512,131072,0,128,0,112,"SQ_INSTS_VMEM_WR",2097152.000000,1000782245595414,1000782246697785
151,151,"Agent 1",1,43246,43246,2097152,1,"gemm",512,131072,0,128,0,112,"SQ_VMEM_TA_CMD_FIFO_FULL",104214330.000000,1000782245595414,1000782246697785
151,151,"Agent 1",1,43246,43246,2097152,1,"gemm",512,131072,0,128,0,112,"TCC_WRITE_SECTORS",33554432.000000,1000782245595414,1000782246697785
151,151,"Agent 1",1,43246,43246,2097152,1,"gemm",512,131072,0,128,0,112,"TCP_TCP_TA_DATA_STALL_CYCLES",6890393.000000,1000782245595414,1000782246697785
151,151,"Agent 1",1,43246,43246,2097152,1,"gemm",512,131072,0,128,0,112,"TCP_TCP_TA_ADDR_STALL_CYCLES",31841709.000000,1000782245595414,1000782246697785
152,152,"Agent 1",1,43246,43246,2097152,1,"gemm",512,131072,0,128,0,112,"SQ_INSTS_VMEM_WR",2097152.000000,1000782246816586,1000782247913356
152,152,"Agent 1",1,43246,43246,2097152,1,"gemm",512,131072,0,128,0,112,"SQ_VMEM_TA_CMD_FIFO_FULL",99905646.000000,1000782246816586,1000782247913356
152,152,"Agent 1",1,43246,43246,2097152,1,"gemm",512,131072,0,128,0,112,"TCC_WRITE_SECTORS",33554432.000000,1000782246816586,1000782247913356
152,152,"Agent 1",1,43246,43246,2097152,1,"gemm",512,131072,0,128,0,112,"TCP_TCP_TA_DATA_STALL_CYCLES",6692165.000000,1000782246816586,1000782247913356
152,152,"Agent 1",1,43246,43246,2097152,1,"gemm",512,131072,0,128,0,112,"TCP_TCP_TA_ADDR_STALL_CYCLES",29524806.000000,1000782246816586,1000782247913356
153,153,"Agent 1",1,43246,43246,2097152,1,"gemm",512,131072,0,128,0,112,"SQ_INSTS_VMEM_WR",2097152.000000,1000782248022117,1000782249117167
153,153,"Agent 1",1,43246,43246,2097152,1,"gemm",512,131072,0,128,0,112,"SQ_VMEM_TA_CMD_FIFO_FULL",99873764.000000,1000782248022117,1000782249117167
153,153,"Agent 1",1,43246,43246,2097152,1,"gemm",512,131072,0,128,0,112,"TCC_WRITE_SECTORS",33554432.000000,1000782248022117,1000782249117167
153,153,"Agent 1",1,43246,43246,2097152,1,"gemm",512,131072,0,128,0,112,"TCP_TCP_TA_DATA_STALL_CYCLES",5982655.000000,1000782248022117,1000782249117167
153,153,"Agent 1",1,43246,43246,2097152,1,"gemm",512,131072,0,128,0,112,"TCP_TCP_TA_ADDR_STALL_CYCLES",29726899.000000,1000782248022117,1000782249117167
154,154,"Agent 1",1,43246,43246,2097152,1,"gemm",512,131072,0,128,0,112,"SQ_INSTS_VMEM_WR",2097152.000000,1000782249229408,1000782250334418
154,154,"Agent 1",1,43246,43246,2097152,1,"gemm",512,131072,0,128,0,112,"SQ_VMEM_TA_CMD_FIFO_FULL",104292604.000000,1000782249229408,1000782250334418
154,154,"Agent 1",1,43246,43246,2097152,1,"gemm",512,131072,0,128,0,112,"TCC_WRITE_SECTORS",33554432.000000,1000782249229408,1000782250334418
154,154,"Agent 1",1,43246,43246,2097152,1,"gemm",512,131072,0,128,0,112,"TCP_TCP_TA_DATA_STALL_CYCLES",7676440.000000,1000782249229408,1000782250334418
154,154,"Agent 1",1,43246,43246,2097152,1,"gemm",512,131072,0,128,0,112,"TCP_TCP_TA_ADDR_STALL_CYCLES",31927065.000000,1000782249229408,1000782250334418
155,155,"Agent 1",1,43246,43246,2097152,1,"gemm",512,131072,0,128,0,112,"SQ_INSTS_VMEM_WR",2097152.000000,1000782250449460,1000782251546590
155,155,"Agent 1",1,43246,43246,2097152,1,"gemm",512,131072,0,128,0,112,"SQ_VMEM_TA_CMD_FIFO_FULL",100517643.000000,1000782250449460,1000782251546590
155,155,"Agent 1",1,43246,43246,2097152,1,"gemm",512,131072,0,128,0,112,"TCC_WRITE_SECTORS",33554432.000000,1000782250449460,1000782251546590
155,155,"Agent 1",1,43246,43246,2097152,1,"gemm",512,131072,0,128,0,112,"TCP_TCP_TA_DATA_STALL_CYCLES",6195614.000000,1000782250449460,1000782251546590
155,155,"Agent 1",1,43246,43246,2097152,1,"gemm",512,131072,0,128,0,112,"TCP_TCP_TA_ADDR_STALL_CYCLES",30418768.000000,1000782250449460,1000782251546590
156,156,"Agent 1",1,43246,43246,2097152,1,"gemm",512,131072,0,128,0,112,"SQ_INSTS_VMEM_WR",2097152.000000,1000782251650791,1000782252750601
156,156,"Agent 1",1,43246,43246,2097152,1,"gemm",512,131072,0,128,0,112,"SQ_VMEM_TA_CMD_FIFO_FULL",103062056.000000,1000782251650791,1000782252750601
156,156,"Agent 1",1,43246,43246,2097152,1,"gemm",512,131072,0,128,0,112,"TCC_WRITE_SECTORS",33554432.000000,1000782251650791,1000782252750601
156,156,"Agent 1",1,43246,43246,2097152,1,"gemm",512,131072,0,128,0,112,"TCP_TCP_TA_DATA_STALL_CYCLES",7337678.000000,1000782251650791,1000782252750601
156,156,"Agent 1",1,43246,43246,2097152,1,"gemm",512,131072,0,128,0,112,"TCP_TCP_TA_ADDR_STALL_CYCLES",31005333.000000,1000782251650791,1000782252750601
157,157,"Agent 1",1,43246,43246,2097152,1,"gemm",512,131072,0,128,0,112,"SQ_INSTS_VMEM_WR",2097152.000000,1000782252865076,1000782253962207
157,157,"Agent 1",1,43246,43246,2097152,1,"gemm",512,131072,0,128,0,112,"SQ_VMEM_TA_CMD_FIFO_FULL",100671364.000000,1000782252865076,1000782253962207
157,157,"Agent 1",1,43246,43246,2097152,1,"gemm",512,131072,0,128,0,112,"TCC_WRITE_SECTORS",33554432.000000,1000782252865076,1000782253962207
157,157,"Agent 1",1,43246,43246,2097152,1,"gemm",512,131072,0,128,0,112,"TCP_TCP_TA_DATA_STALL_CYCLES",7126300.000000,1000782252865076,1000782253962207
157,157,"Agent 1",1,43246,43246,2097152,1,"gemm",512,131072,0,128,0,112,"TCP_TCP_TA_ADDR_STALL_CYCLES",28621014.000000,1000782252865076,1000782253962207
158,158,"Agent 1",1,43246,43246,2097152,1,"gemm",512,131072,0,128,0,112,"SQ_INSTS_VMEM_WR",2097152.000000,1000782254079167,1000782255178217
158,158,"Agent 1",1,43246,43246,2097152,1,"gemm",512,131072,0,128,0,112,"SQ_VMEM_TA_CMD_FIFO_FULL",102155279.000000,1000782254079167,1000782255178217
158,158,"Agent 1",1,43246,43246,2097152,1,"gemm",512,131072,0,128,0,112,"TCC_WRITE_SECTORS",33554432.000000,1000782254079167,1000782255178217
158,158,"Agent 1",1,43246,43246,2097152,1,"gemm",512,131072,0,128,0,112,"TCP_TCP_TA_DATA_STALL_CYCLES",7713487.000000,1000782254079167,1000782255178217
158,158,"Agent 1",1,43246,43246,2097152,1,"gemm",512,131072,0,128,0,112,"TCP_TCP_TA_ADDR_STALL_CYCLES",30427732.000000,1000782254079167,1000782255178217
159,159,"Agent 1",1,43246,43246,2097152,1,"gemm",512,131072,0,128,0,112,"SQ_INSTS_VMEM_WR",2097152.000000,1000782255284178,1000782256380708
159,159,"Agent 1",1,43246,43246,2097152,1,"gemm",512,131072,0,128,0,112,"SQ_VMEM_TA_CMD_FIFO_FULL",100803893.000000,1000782255284178,1000782256380708
159,159,"Agent 1",1,43246,43246,2097152,1,"gemm",512,131072,0,128,0,112,"TCC_WRITE_SECTORS",33554432.000000,1000782255284178,1000782256380708
159,159,"Agent 1",1,43246,43246,2097152,1,"gemm",512,131072,0,128,0,112,"TCP_TCP_TA_DATA_STALL_CYCLES",7085189.000000,1000782255284178,1000782256380708
159,159,"Agent 1",1,43246,43246,2097152,1,"gemm",512,131072,0,128,0,112,"TCP_TCP_TA_ADDR_STALL_CYCLES",28968756.000000,1000782255284178,1000782256380708
160,160,"Agent 1",1,43246,43246,2097152,1,"gemm",512,131072,0,128,0,112,"SQ_INSTS_VMEM_WR",2097152.000000,1000782256487909,1000782257586399
160,160,"Agent 1",1,43246,43246,2097152,1,"gemm",512,131072,0,128,0,112,"SQ_VMEM_TA_CMD_FIFO_FULL",100756833.000000,1000782256487909,1000782257586399
160,160,"Agent 1",1,43246,43246,2097152,1,"gemm",512,131072,0,128,0,112,"TCC_WRITE_SECTORS",33554432.000000,1000782256487909,1000782257586399
160,160,"Agent 1",1,43246,43246,2097152,1,"gemm",512,131072,0,128,0,112,"TCP_TCP_TA_DATA_STALL_CYCLES",6453618.000000,1000782256487909,1000782257586399
160,160,"Agent 1",1,43246,43246,2097152,1,"gemm",512,131072,0,128,0,112,"TCP_TCP_TA_ADDR_STALL_CYCLES",30066394.000000,1000782256487909,1000782257586399
161,161,"Agent 1",1,43246,43246,2097152,1,"gemm",512,131072,0,128,0,112,"SQ_INSTS_VMEM_WR",2097152.000000,1000782257695561,1000782258793491
161,161,"Agent 1",1,43246,43246,2097152,1,"gemm",512,131072,0,128,0,112,"SQ_VMEM_TA_CMD_FIFO_FULL",100055885.000000,1000782257695561,1000782258793491
161,161,"Agent 1",1,43246,43246,2097152,1,"gemm",512,131072,0,128,0,112,"TCC_WRITE_SECTORS",33554432.000000,1000782257695561,1000782258793491
161,161,"Agent 1",1,43246,43246,2097152,1,"gemm",512,131072,0,128,0,112,"TCP_TCP_TA_DATA_STALL_CYCLES",6720681.000000,1000782257695561,1000782258793491
161,161,"Agent 1",1,43246,43246,2097152,1,"gemm",512,131072,0,128,0,112,"TCP_TCP_TA_ADDR_STALL_CYCLES",29959779.000000,1000782257695561,1000782258793491
162,162,"Agent 1",1,43246,43246,2097152,1,"gemm",512,131072,0,128,0,112,"SQ_INSTS_VMEM_WR",2097152.000000,1000782258901812,1000782259997622
162,162,"Agent 1",1,43246,43246,2097152,1,"gemm",512,131072,0,128,0,112,"SQ_VMEM_TA_CMD_FIFO_FULL",98906658.000000,1000782258901812,1000782259997622
162,162,"Agent 1",1,43246,43246,2097152,1,"gemm",512,131072,0,128,0,112,"TCC_WRITE_SECTORS",33554432.000000,1000782258901812,1000782259997622
162,162,"Agent 1",1,43246,43246,2097152,1,"gemm",512,131072,0,128,0,112,"TCP_TCP_TA_DATA_STALL_CYCLES",6016066.000000,1000782258901812,1000782259997622
162,162,"Agent 1",1,43246,43246,2097152,1,"gemm",512,131072,0,128,0,112,"TCP_TCP_TA_ADDR_STALL_CYCLES",29692610.000000,1000782258901812,1000782259997622
163,163,"Agent 1",1,43246,43246,2097152,1,"gemm",512,131072,0,128,0,112,"SQ_INSTS_VMEM_WR",2097152.000000,1000782260107063,1000782261206193
163,163,"Agent 1",1,43246,43246,2097152,1,"gemm",512,131072,0,128,0,112,"SQ_VMEM_TA_CMD_FIFO_FULL",100636268.000000,1000782260107063,1000782261206193
163,163,"Agent 1",1,43246,43246,2097152,1,"gemm",512,131072,0,128,0,112,"TCC_WRITE_SECTORS",33554432.000000,1000782260107063,1000782261206193
163,163,"Agent 1",1,43246,43246,2097152,1,"gemm",512,131072,0,128,0,112,"TCP_TCP_TA_DATA_STALL_CYCLES",6819235.000000,1000782260107063,1000782261206193
163,163,"Agent 1",1,43246,43246,2097152,1,"gemm",512,131072,0,128,0,112,"TCP_TCP_TA_ADDR_STALL_CYCLES",30357464.000000,1000782260107063,1000782261206193
164,164,"Agent 1",1,43246,43246,2097152,1,"gemm",512,131072,0,128,0,112,"SQ_INSTS_VMEM_WR",2097152.000000,1000782261312234,1000782262407124
164,164,"Agent 1",1,43246,43246,2097152,1,"gemm",512,131072,0,128,0,112,"SQ_VMEM_TA_CMD_FIFO_FULL",99609124.000000,1000782261312234,1000782262407124
164,164,"Agent 1",1,43246,43246,2097152,1,"gemm",512,131072,0,128,0,112,"TCC_WRITE_SECTORS",33554432.000000,1000782261312234,1000782262407124
164,164,"Agent 1",1,43246,43246,2097152,1,"gemm",512,131072,0,128,0,112,"TCP_TCP_TA_DATA_STALL_CYCLES",7045933.000000,1000782261312234,1000782262407124
164,164,"Agent 1",1,43246,43246,2097152,1,"gemm",512,131072,0,128,0,112,"TCP_TCP_TA_ADDR_STALL_CYCLES",28900691.000000,1000782261312234,1000782262407124
165,165,"Agent 1",1,43246,43246,2097152,1,"gemm",512,131072,0,128,0,112,"SQ_INSTS_VMEM_WR",2097152.000000,1000782262519126,1000782263624136
165,165,"Agent 1",1,43246,43246,2097152,1,"gemm",512,131072,0,128,0,112,"SQ_VMEM_TA_CMD_FIFO_FULL",102366383.000000,1000782262519126,1000782263624136
165,165,"Agent 1",1,43246,43246,2097152,1,"gemm",512,131072,0,128,0,112,"TCC_WRITE_SECTORS",33554432.000000,1000782262519126,1000782263624136
165,165,"Agent 1",1,43246,43246,2097152,1,"gemm",512,131072,0,128,0,112,"TCP_TCP_TA_DATA_STALL_CYCLES",7363337.000000,1000782262519126,1000782263624136
165,165,"Agent 1",1,43246,43246,2097152,1,"gemm",512,131072,0,128,0,112,"TCP_TCP_TA_ADDR_STALL_CYCLES",30675129.000000,1000782262519126,1000782263624136
166,166,"Agent 1",1,43246,43246,2097152,1,"gemm",512,131072,0,128,0,112,"SQ_INSTS_VMEM_WR",2097152.000000,1000782263737257,1000782264839147
166,166,"Agent 1",1,43246,43246,2097152,1,"gemm",512,131072,0,128,0,112,"SQ_VMEM_TA_CMD_FIFO_FULL",101677454.000000,1000782263737257,1000782264839147
166,166,"Agent 1",1,43246,43246,2097152,1,"gemm",512,131072,0,128,0,112,"TCC_WRITE_SECTORS",33554432.000000,1000782263737257,1000782264839147
166,166,"Agent 1",1,43246,43246,2097152,1,"gemm",512,131072,0,128,0,112,"TCP_TCP_TA_DATA_STALL_CYCLES",8236535.000000,1000782263737257,1000782264839147
166,166,"Agent 1",1,43246,43246,2097152,1,"gemm",512,131072,0,128,0,112,"TCP_TCP_TA_ADDR_STALL_CYCLES",29575074.000000,1000782263737257,1000782264839147
167,167,"Agent 1",1,43246,43246,2097152,1,"gemm",512,131072,0,128,0,112,"SQ_INSTS_VMEM_WR",2097152.000000,1000782264944308,1000782266046518
167,167,"Agent 1",1,43246,43246,2097152,1,"gemm",512,131072,0,128,0,112,"SQ_VMEM_TA_CMD_FIFO_FULL",99582964.000000,1000782264944308,1000782266046518
167,167,"Agent 1",1,43246,43246,2097152,1,"gemm",512,131072,0,128,0,112,"TCC_WRITE_SECTORS",33554432.000000,1000782264944308,1000782266046518
167,167,"Agent 1",1,43246,43246,2097152,1,"gemm",512,131072,0,128,0,112,"TCP_TCP_TA_DATA_STALL_CYCLES",6220609.000000,1000782264944308,1000782266046518
167,167,"Agent 1",1,43246,43246,2097152,1,"gemm",512,131072,0,128,0,112,"TCP_TCP_TA_ADDR_STALL_CYCLES",30243113.000000,1000782264944308,1000782266046518
168,168,"Agent 1",1,43246,43246,2097152,1,"gemm",512,131072,0,128,0,112,"SQ_INSTS_VMEM_WR",2097152.000000,1000782266159039,1000782267251450
168,168,"Agent 1",1,43246,43246,2097152,1,"gemm",512,131072,0,128,0,112,"SQ_VMEM_TA_CMD_FIFO_FULL",99695605.000000,1000782266159039,1000782267251450
168,168,"Agent 1",1,43246,43246,2097152,1,"gemm",512,131072,0,128,0,112,"TCC_WRITE_SECTORS",33554432.000000,1000782266159039,1000782267251450
168,168,"Agent 1",1,43246,43246,2097152,1,"gemm",512,131072,0,128,0,112,"TCP_TCP_TA_DATA_STALL_CYCLES",6586317.000000,1000782266159039,1000782267251450
168,168,"Agent 1",1,43246,43246,2097152,1,"gemm",512,131072,0,128,0,112,"TCP_TCP_TA_ADDR_STALL_CYCLES",29654403.000000,1000782266159039,1000782267251450
169,169,"Agent 1",1,43246,43246,2097152,1,"gemm",512,131072,0,128,0,112,"SQ_INSTS_VMEM_WR",2097152.000000,1000782267355011,1000782268459941
169,169,"Agent 1",1,43246,43246,2097152,1,"gemm",512,131072,0,128,0,112,"SQ_VMEM_TA_CMD_FIFO_FULL",102425366.000000,1000782267355011,1000782268459941
169,169,"Agent 1",1,43246,43246,2097152,1,"gemm",512,131072,0,128,0,112,"TCC_WRITE_SECTORS",33554432.000000,1000782267355011,1000782268459941
169,169,"Agent 1",1,43246,43246,2097152,1,"gemm",512,131072,0,128,0,112,"TCP_TCP_TA_DATA_STALL_CYCLES",7340982.000000,1000782267355011,1000782268459941
169,169,"Agent 1",1,43246,43246,2097152,1,"gemm",512,131072,0,128,0,112,"TCP_TCP_TA_ADDR_STALL_CYCLES",30515155.000000,1000782267355011,1000782268459941
170,170,"Agent 1",1,43246,43246,2097152,1,"gemm",512,131072,0,128,0,112,"SQ_INSTS_VMEM_WR",2097152.000000,1000782268567942,1000782269667432
170,170,"Agent 1",1,43246,43246,2097152,1,"gemm",512,131072,0,128,0,112,"SQ_VMEM_TA_CMD_FIFO_FULL",101029594.000000,1000782268567942,1000782269667432
170,170,"Agent 1",1,43246,43246,2097152,1,"gemm",512,131072,0,128,0,112,"TCC_WRITE_SECTORS",33554432.000000,1000782268567942,1000782269667432
170,170,"Agent 1",1,43246,43246,2097152,1,"gemm",512,131072,0,128,0,112,"TCP_TCP_TA_DATA_STALL_CYCLES",7596915.000000,1000782268567942,1000782269667432
170,170,"Agent 1",1,43246,43246,2097152,1,"gemm",512,131072,0,128,0,112,"TCP_TCP_TA_ADDR_STALL_CYCLES",29523088.000000,1000782268567942,1000782269667432
171,171,"Agent 1",1,43246,43246,2097152,1,"gemm",512,131072,0,128,0,112,"SQ_INSTS_VMEM_WR",2097152.000000,1000782269775553,1000782270876843
171,171,"Agent 1",1,43246,43246,2097152,1,"gemm",512,131072,0,128,0,112,"SQ_VMEM_TA_CMD_FIFO_FULL",101899135.000000,1000782269775553,1000782270876843
171,171,"Agent 1",1,43246,43246,2097152,1,"gemm",512,131072,0,128,0,112,"TCC_WRITE_SECTORS",33554432.000000,1000782269775553,1000782270876843
171,171,"Agent 1",1,43246,43246,2097152,1,"gemm",512,131072,0,128,0,112,"TCP_TCP_TA_DATA_STALL_CYCLES",7141233.000000,1000782269775553,1000782270876843
171,171,"Agent 1",1,43246,43246,2097152,1,"gemm",512,131072,0,128,0,112,"TCP_TCP_TA_ADDR_STALL_CYCLES",30371388.000000,1000782269775553,1000782270876843
172,172,"Agent 1",1,43246,43246,2097152,1,"gemm",512,131072,0,128,0,112,"SQ_INSTS_VMEM_WR",2097152.000000,1000782270980404,1000782272081375
172,172,"Agent 1",1,43246,43246,2097152,1,"gemm",512,131072,0,128,0,112,"SQ_VMEM_TA_CMD_FIFO_FULL",100053303.000000,1000782270980404,1000782272081375
172,172,"Agent 1",1,43246,43246,2097152,1,"gemm",512,131072,0,128,0,112,"TCC_WRITE_SECTORS",33554432.000000,1000782270980404,1000782272081375
172,172,"Agent 1",1,43246,43246,2097152,1,"gemm",512,131072,0,128,0,112,"TCP_TCP_TA_DATA_STALL_CYCLES",6694076.000000,1000782270980404,1000782272081375
172,172,"Agent 1",1,43246,43246,2097152,1,"gemm",512,131072,0,128,0,112,"TCP_TCP_TA_ADDR_STALL_CYCLES",29349395.000000,1000782270980404,1000782272081375
173,173,"Agent 1",1,43246,43246,2097152,1,"gemm",512,131072,0,128,0,112,"SQ_INSTS_VMEM_WR",2097152.000000,1000782272185376,1000782273289306
173,173,"Agent 1",1,43246,43246,2097152,1,"gemm",512,131072,0,128,0,112,"SQ_VMEM_TA_CMD_FIFO_FULL",102734656.000000,1000782272185376,1000782273289306
173,173,"Agent 1",1,43246,43246,2097152,1,"gemm",512,131072,0,128,0,112,"TCC_WRITE_SECTORS",33554432.000000,1000782272185376,1000782273289306
173,173,"Agent 1",1,43246,43246,2097152,1,"gemm",512,131072,0,128,0,112,"TCP_TCP_TA_DATA_STALL_CYCLES",7411388.000000,1000782272185376,1000782273289306
173,173,"Agent 1",1,43246,43246,2097152,1,"gemm",512,131072,0,128,0,112,"TCP_TCP_TA_ADDR_STALL_CYCLES",31179754.000000,1000782272185376,1000782273289306
174,174,"Agent 1",1,43246,43246,2097152,1,"gemm",512,131072,0,128,0,112,"SQ_INSTS_VMEM_WR",2097152.000000,1000782273391467,1000782274491797
174,174,"Agent 1",1,43246,43246,2097152,1,"gemm",512,131072,0,128,0,112,"SQ_VMEM_TA_CMD_FIFO_FULL",100559381.000000,1000782273391467,1000782274491797
174,174,"Agent 1",1,43246,43246,2097152,1,"gemm",512,131072,0,128,0,112,"TCC_WRITE_SECTORS",33554432.000000,1000782273391467,1000782274491797
174,174,"Agent 1",1,43246,43246,2097152,1,"gemm",512,131072,0,128,0,112,"TCP_TCP_TA_DATA_STALL_CYCLES",7424150.000000,1000782273391467,1000782274491797
174,174,"Agent 1",1,43246,43246,2097152,1,"gemm",512,131072,0,128,0,112,"TCP_TCP_TA_ADDR_STALL_CYCLES",29454348.000000,1000782273391467,1000782274491797
175,175,"Agent 1",1,43246,43246,2097152,1,"gemm",512,131072,0,128,0,112,"SQ_INSTS_VMEM_WR",2097152.000000,1000782274594278,1000782275686088
175,175,"Agent 1",1,43246,43246,2097152,1,"gemm",512,131072,0,128,0,112,"SQ_VMEM_TA_CMD_FIFO_FULL",98015797.000000,1000782274594278,1000782275686088
175,175,"Agent 1",1,43246,43246,2097152,1,"gemm",512,131072,0,128,0,112,"TCC_WRITE_SECTORS",33554432.000000,1000782274594278,1000782275686088
175,175,"Agent 1",1,43246,43246,2097152,1,"gemm",512,131072,0,128,0,112,"TCP_TCP_TA_DATA_STALL_CYCLES",6054377.000000,1000782274594278,1000782275686088
175,175,"Agent 1",1,43246,43246,2097152,1,"gemm",512,131072,0,128,0,112,"TCP_TCP_TA_ADDR_STALL_CYCLES",29575574.000000,1000782274594278,1000782275686088
176,176,"Agent 1",1,43246,43246,2097152,1,"gemm",512,131072,0,128,0,112,"SQ_INSTS_VMEM_WR",2097152.000000,1000782275791329,1000782276889740
176,176,"Agent 1",1,43246,43246,2097152,1,"gemm",512,131072,0,128,0,112,"SQ_VMEM_TA_CMD_FIFO_FULL",100677543.000000,1000782275791329,1000782276889740
176,176,"Agent 1",1,43246,43246,2097152,1,"gemm",512,131072,0,128,0,112,"TCC_WRITE_SECTORS",33554432.000000,1000782275791329,1000782276889740
176,176,"Agent 1",1,43246,43246,2097152,1,"gemm",512,131072,0,128,0,112,"TCP_TCP_TA_DATA_STALL_CYCLES",6510991.000000,1000782275791329,1000782276889740
176,176,"Agent 1",1,43246,43246,2097152,1,"gemm",512,131072,0,128,0,112,"TCP_TCP_TA_ADDR_STALL_CYCLES",30876557.000000,1000782275791329,1000782276889740
177,177,"Agent 1",1,43246,43246,2097152,1,"gemm",512,131072,0,128,0,112,"SQ_INSTS_VMEM_WR",2097152.000000,1000782276999661,1000782278095551
177,177,"Agent 1",1,43246,43246,2097152,1,"gemm",512,131072,0,128,0,112,"SQ_VMEM_TA_CMD_FIFO_FULL",99349366.000000,1000782276999661,1000782278095551
177,177,"Agent 1",1,43246,43246,2097152,1,"gemm",512,131072,0,128,0,112,"TCC_WRITE_SECTORS",33554432.000000,1000782276999661,1000782278095551
177,177,"Agent 1",1,43246,43246,2097152,1,"gemm",512,131072,0,128,0,112,"TCP_TCP_TA_DATA_STALL_CYCLES",6728135.000000,1000782276999661,1000782278095551
177,177,"Agent 1",1,43246,43246,2097152,1,"gemm",512,131072,0,128,0,112,"TCP_TCP_TA_ADDR_STALL_CYCLES",28839716.000000,1000782276999661,1000782278095551
178,178,"Agent 1",1,43246,43246,2097152,1,"gemm",512,131072,0,128,0,112,"SQ_INSTS_VMEM_WR",2097152.000000,1000782278197032,1000782279302642
178,178,"Agent 1",1,43246,43246,2097152,1,"gemm",512,131072,0,128,0,112,"SQ_VMEM_TA_CMD_FIFO_FULL",103543292.000000,1000782278197032,1000782279302642
178,178,"Agent 1",1,43246,43246,2097152,1,"gemm",512,131072,0,128,0,112,"TCC_WRITE_SECTORS",33554432.000000,1000782278197032,1000782279302642
178,178,"Agent 1",1,43246,43246,2097152,1,"gemm",512,131072,0,128,0,112,"TCP_TCP_TA_DATA_STALL_CYCLES",7231369.000000,1000782278197032,1000782279302642
178,178,"Agent 1",1,43246,43246,2097152,1,"gemm",512,131072,0,128,0,112,"TCP_TCP_TA_ADDR_STALL_CYCLES",31870549.000000,1000782278197032,1000782279302642
179,179,"Agent 1",1,43246,43246,2097152,1,"gemm",512,131072,0,128,0,112,"SQ_INSTS_VMEM_WR",2097152.000000,1000782279407603,1000782280506773
179,179,"Agent 1",1,43246,43246,2097152,1,"gemm",512,131072,0,128,0,112,"SQ_VMEM_TA_CMD_FIFO_FULL",101821361.000000,1000782279407603,1000782280506773
179,179,"Agent 1",1,43246,43246,2097152,1,"gemm",512,131072,0,128,0,112,"TCC_WRITE_SECTORS",33554432.000000,1000782279407603,1000782280506773
179,179,"Agent 1",1,43246,43246,2097152,1,"gemm",512,131072,0,128,0,112,"TCP_TCP_TA_DATA_STALL_CYCLES",6705253.000000,1000782279407603,1000782280506773
179,179,"Agent 1",1,43246,43246,2097152,1,"gemm",512,131072,0,128,0,112,"TCP_TCP_TA_ADDR_STALL_CYCLES",30854956.000000,1000782279407603,1000782280506773
180,180,"Agent 1",1,43246,43246,2097152,1,"gemm",512,131072,0,128,0,112,"SQ_INSTS_VMEM_WR",2097152.000000,1000782280608334,1000782281715585
180,180,"Agent 1",1,43246,43246,2097152,1,"gemm",512,131072,0,128,0,112,"SQ_VMEM_TA_CMD_FIFO_FULL",102715578.000000,1000782280608334,1000782281715585
180,180,"Agent 1",1,43246,43246,2097152,1,"gemm",512,131072,0,128,0,112,"TCC_WRITE_SECTORS",33554432.000000,1000782280608334,1000782281715585
180,180,"Agent 1",1,43246,43246,2097152,1,"gemm",512,131072,0,128,0,112,"TCP_TCP_TA_DATA_STALL_CYCLES",6685598.000000,1000782280608334,1000782281715585
180,180,"Agent 1",1,43246,43246,2097152,1,"gemm",512,131072,0,128,0,112,"TCP_TCP_TA_ADDR_STALL_CYCLES",31169931.000000,1000782280608334,1000782281715585
181,181,"Agent 1",1,43246,43246,2097152,1,"gemm",512,131072,0,128,0,112,"SQ_INSTS_VMEM_WR",2097152.000000,1000782281817386,1000782282915196
181,181,"Agent 1",1,43246,43246,2097152,1,"gemm",512,131072,0,128,0,112,"SQ_VMEM_TA_CMD_FIFO_FULL",101518153.000000,1000782281817386,1000782282915196
181,181,"Agent 1",1,43246,43246,2097152,1,"gemm",512,131072,0,128,0,112,"TCC_WRITE_SECTORS",33554432.000000,1000782281817386,1000782282915196
181,181,"Agent 1",1,43246,43246,2097152,1,"gemm",512,131072,0,128,0,112,"TCP_TCP_TA_DATA_STALL_CYCLES",6661498.000000,1000782281817386,1000782282915196
181,181,"Agent 1",1,43246,43246,2097152,1,"gemm",512,131072,0,128,0,112,"TCP_TCP_TA_ADDR_STALL_CYCLES",30311136.000000,1000782281817386,1000782282915196
182,182,"Agent 1",1,43246,43246,2097152,1,"gemm",512,131072,0,128,0,112,"SQ_INSTS_VMEM_WR",2097152.000000,1000782283022517,1000782284129327
182,182,"Agent 1",1,43246,43246,2097152,1,"gemm",512,131072,0,128,0,112,"SQ_VMEM_TA_CMD_FIFO_FULL",102363227.000000,1000782283022517,1000782284129327
182,182,"Agent 1",1,43246,43246,2097152,1,"gemm",512,131072,0,128,0,112,"TCC_WRITE_SECTORS",33554432.000000,1000782283022517,1000782284129327
182,182,"Agent 1",1,43246,43246,2097152,1,"gemm",512,131072,0,128,0,112,"TCP_TCP_TA_DATA_STALL_CYCLES",7440898.000000,1000782283022517,1000782284129327
182,182,"Agent 1",1,43246,43246,2097152,1,"gemm",512,131072,0,128,0,112,"TCP_TCP_TA_ADDR_STALL_CYCLES",31012671.000000,1000782283022517,1000782284129327
183,183,"Agent 1",1,43246,43246,2097152,1,"gemm",512,131072,0,128,0,112,"SQ_INSTS_VMEM_WR",2097152.000000,1000782284237528,1000782285332938
183,183,"Agent 1",1,43246,43246,2097152,1,"gemm",512,131072,0,128,0,112,"SQ_VMEM_TA_CMD_FIFO_FULL",100893354.000000,1000782284237528,1000782285332938
183,183,"Agent 1",1,43246,43246,2097152,1,"gemm",512,131072,0,128,0,112,"TCC_WRITE_SECTORS",33554432.000000,1000782284237528,1000782285332938
183,183,"Agent 1",1,43246,43246,2097152,1,"gemm",512,131072,0,128,0,112,"TCP_TCP_TA_DATA_STALL_CYCLES",6635211.000000,1000782284237528,1000782285332938
183,183,"Agent 1",1,43246,43246,2097152,1,"gemm",512,131072,0,128,0,112,"TCP_TCP_TA_ADDR_STALL_CYCLES",29970314.000000,1000782284237528,1000782285332938
184,184,"Agent 1",1,43246,43246,2097152,1,"gemm",512,131072,0,128,0,112,"SQ_INSTS_VMEM_WR",2097152.000000,1000782285443339,1000782286541430
184,184,"Agent 1",1,43246,43246,2097152,1,"gemm",512,131072,0,128,0,112,"SQ_VMEM_TA_CMD_FIFO_FULL",101466744.000000,1000782285443339,1000782286541430
184,184,"Agent 1",1,43246,43246,2097152,1,"gemm",512,131072,0,128,0,112,"TCC_WRITE_SECTORS",33554432.000000,1000782285443339,1000782286541430
184,184,"Agent 1",1,43246,43246,2097152,1,"gemm",512,131072,0,128,0,112,"TCP_TCP_TA_DATA_STALL_CYCLES",6125032.000000,1000782285443339,1000782286541430
184,184,"Agent 1",1,43246,43246,2097152,1,"gemm",512,131072,0,128,0,112,"TCP_TCP_TA_ADDR_STALL_CYCLES",30758298.000000,1000782285443339,1000782286541430
185,185,"Agent 1",1,43246,43246,2097152,1,"gemm",512,131072,0,128,0,112,"SQ_INSTS_VMEM_WR",2097152.000000,1000782286646871,1000782287747761
185,185,"Agent 1",1,43246,43246,2097152,1,"gemm",512,131072,0,128,0,112,"SQ_VMEM_TA_CMD_FIFO_FULL",102081700.000000,1000782286646871,1000782287747761
185,185,"Agent 1",1,43246,43246,2097152,1,"gemm",512,131072,0,128,0,112,"TCC_WRITE_SECTORS",33554432.000000,1000782286646871,1000782287747761
185,185,"Agent 1",1,43246,43246,2097152,1,"gemm",512,131072,0,128,0,112,"TCP_TCP_TA_DATA_STALL_CYCLES",7184229.000000,1000782286646871,1000782287747761
185,185,"Agent 1",1,43246,43246,2097152,1,"gemm",512,131072,0,128,0,112,"TCP_TCP_TA_ADDR_STALL_CYCLES",29936137.000000,1000782286646871,1000782287747761
186,186,"Agent 1",1,43246,43246,2097152,1,"gemm",512,131072,0,128,0,112,"SQ_INSTS_VMEM_WR",2097152.000000,1000782287851442,1000782288947412
186,186,"Agent 1",1,43246,43246,2097152,1,"gemm",512,131072,0,128,0,112,"SQ_VMEM_TA_CMD_FIFO_FULL",101582121.000000,1000782287851442,1000782288947412
186,186,"Agent 1",1,43246,43246,2097152,1,"gemm",512,131072,0,128,0,112,"TCC_WRITE_SECTORS",33554432.000000,1000782287851442,1000782288947412
186,186,"Agent 1",1,43246,43246,2097152,1,"gemm",512,131072,0,128,0,112,"TCP_TCP_TA_DATA_STALL_CYCLES",6685590.000000,1000782287851442,1000782288947412
186,186,"Agent 1",1,43246,43246,2097152,1,"gemm",512,131072,0,128,0,112,"TCP_TCP_TA_ADDR_STALL_CYCLES",30189641.000000,1000782287851442,1000782288947412
187,187,"Agent 1",1,43246,43246,2097152,1,"gemm",512,131072,0,128,0,112,"SQ_INSTS_VMEM_WR",2097152.000000,1000782289051933,1000782290156783
187,187,"Agent 1",1,43246,43246,2097152,1,"gemm",512,131072,0,128,0,112,"SQ_VMEM_TA_CMD_FIFO_FULL",102914439.000000,1000782289051933,1000782290156783
187,187,"Agent 1",1,43246,43246,2097152,1,"gemm",512,131072,0,128,0,112,"TCC_WRITE_SECTORS",33554432.000000,1000782289051933,1000782290156783
187,187,"Agent 1",1,43246,43246,2097152,1,"gemm",512,131072,0,128,0,112,"TCP_TCP_TA_DATA_STALL_CYCLES",7476278.000000,1000782289051933,1000782290156783
187,187,"Agent 1",1,43246,43246,2097152,1,"gemm",512,131072,0,128,0,112,"TCP_TCP_TA_ADDR_STALL_CYCLES",30915871.000000,1000782289051933,1000782290156783
188,188,"Agent 1",1,43246,43246,2097152,1,"gemm",512,131072,0,128,0,112,"SQ_INSTS_VMEM_WR",2097152.000000,1000782290258424,1000782291358115
188,188,"Agent 1",1,43246,43246,2097152,1,"gemm",512,131072,0,128,0,112,"SQ_VMEM_TA_CMD_FIFO_FULL",100442282.000000,1000782290258424,1000782291358115
188,188,"Agent 1",1,43246,43246,2097152,1,"gemm",512,131072,0,128,0,112,"TCC_WRITE_SECTORS",33554432.000000,1000782290258424,1000782291358115
188,188,"Agent 1",1,43246,43246,2097152,1,"gemm",512,131072,0,128,0,112,"TCP_TCP_TA_DATA_STALL_CYCLES",6758321.000000,1000782290258424,1000782291358115
188,188,"Agent 1",1,43246,43246,2097152,1,"gemm",512,131072,0,128,0,112,"TCP_TCP_TA_ADDR_STALL_CYCLES",30063296.000000,1000782290258424,1000782291358115
189,189,"Agent 1",1,43246,43246,2097152,1,"gemm",512,131072,0,128,0,112,"SQ_INSTS_VMEM_WR",2097152.000000,1000782291468196,1000782292565086
189,189,"Agent 1",1,43246,43246,2097152,1,"gemm",512,131072,0,128,0,112,"SQ_VMEM_TA_CMD_FIFO_FULL",98919799.000000,1000782291468196,1000782292565086
189,189,"Agent 1",1,43246,43246,2097152,1,"gemm",512,131072,0,128,0,112,"TCC_WRITE_SECTORS",33554432.000000,1000782291468196,1000782292565086
189,189,"Agent 1",1,43246,43246,2097152,1,"gemm",512,131072,0,128,0,112,"TCP_TCP_TA_DATA_STALL_CYCLES",5972643.000000,1000782291468196,1000782292565086
189,189,"Agent 1",1,43246,43246,2097152,1,"gemm",512,131072,0,128,0,112,"TCP_TCP_TA_ADDR_STALL_CYCLES",29887724.000000,1000782291468196,1000782292565086
190,190,"Agent 1",1,43246,43246,2097152,1,"gemm",512,131072,0,128,0,112,"SQ_INSTS_VMEM_WR",2097152.000000,1000782292667327,1000782293766657
190,190,"Agent 1",1,43246,43246,2097152,1,"gemm",512,131072,0,128,0,112,"SQ_VMEM_TA_CMD_FIFO_FULL",102668675.000000,1000782292667327,1000782293766657
190,190,"Agent 1",1,43246,43246,2097152,1,"gemm",512,131072,0,128,0,112,"TCC_WRITE_SECTORS",33554432.000000,1000782292667327,1000782293766657
190,190,"Agent 1",1,43246,43246,2097152,1,"gemm",512,131072,0,128,0,112,"TCP_TCP_TA_DATA_STALL_CYCLES",7121935.000000,1000782292667327,1000782293766657
190,190,"Agent 1",1,43246,43246,2097152,1,"gemm",512,131072,0,128,0,112,"TCP_TCP_TA_ADDR_STALL_CYCLES",30702954.000000,1000782292667327,1000782293766657
191,191,"Agent 1",1,43246,43246,2097152,1,"gemm",512,131072,0,128,0,112,"SQ_INSTS_VMEM_WR",2097152.000000,1000782293868778,1000782294968548
191,191,"Agent 1",1,43246,43246,2097152,1,"gemm",512,131072,0,128,0,112,"SQ_VMEM_TA_CMD_FIFO_FULL",100439630.000000,1000782293868778,1000782294968548
191,191,"Agent 1",1,43246,43246,2097152,1,"gemm",512,131072,0,128,0,112,"TCC_WRITE_SECTORS",33554432.000000,1000782293868778,1000782294968548
191,191,"Agent 1",1,43246,43246,2097152,1,"gemm",512,131072,0,128,0,112,"TCP_TCP_TA_DATA_STALL_CYCLES",6558566.000000,1000782293868778,1000782294968548
191,191,"Agent 1",1,43246,43246,2097152,1,"gemm",512,131072,0,128,0,112,"TCP_TCP_TA_ADDR_STALL_CYCLES",29542995.000000,1000782293868778,1000782294968548
192,192,"Agent 1",1,43246,43246,2097152,1,"gemm",512,131072,0,128,0,112,"SQ_INSTS_VMEM_WR",2097152.000000,1000782295069309,1000782296168799
192,192,"Agent 1",1,43246,43246,2097152,1,"gemm",512,131072,0,128,0,112,"SQ_VMEM_TA_CMD_FIFO_FULL",100012461.000000,1000782295069309,1000782296168799
192,192,"Agent 1",1,43246,43246,2097152,1,"gemm",512,131072,0,128,0,112,"TCC_WRITE_SECTORS",33554432.000000,1000782295069309,1000782296168799
192,192,"Agent 1",1,43246,43246,2097152,1,"gemm",512,131072,0,128,0,112,"TCP_TCP_TA_DATA_STALL_CYCLES",6898676.000000,1000782295069309,1000782296168799
192,192,"Agent 1",1,43246,43246,2097152,1,"gemm",512,131072,0,128,0,112,"TCP_TCP_TA_ADDR_STALL_CYCLES",29214459.000000,1000782295069309,1000782296168799
193,193,"Agent 1",1,43246,43246,2097152,1,"gemm",512,131072,0,128,0,112,"SQ_INSTS_VMEM_WR",2097152.000000,1000782296273600,1000782297371651
193,193,"Agent 1",1,43246,43246,2097152,1,"gemm",512,131072,0,128,0,112,"SQ_VMEM_TA_CMD_FIFO_FULL",101995694.000000,1000782296273600,1000782297371651
193,193,"Agent 1",1,43246,43246,2097152,1,"gemm",512,131072,0,128,0,112,"TCC_WRITE_SECTORS",33554432.000000,1000782296273600,1000782297371651
193,193,"Agent 1",1,43246,43246,2097152,1,"gemm",512,131072,0,128,0,112,"TCP_TCP_TA_DATA_STALL_CYCLES",6031384.000000,1000782296273600,1000782297371651
193,193,"Agent 1",1,43246,43246,2097152,1,"gemm",512,131072,0,128,0,112,"TCP_TCP_TA_ADDR_STALL_CYCLES",31119250.000000,1000782296273600,1000782297371651
194,194,"Agent 1",1,43246,43246,2097152,1,"gemm",512,131072,0,128,0,112,"SQ_INSTS_VMEM_WR",2097152.000000,1000782297476812,1000782298572822
194,194,"Agent 1",1,43246,43246,2097152,1,"gemm",512,131072,0,128,0,112,"SQ_VMEM_TA_CMD_FIFO_FULL",100762093.000000,1000782297476812,1000782298572822
194,194,"Agent 1",1,43246,43246,2097152,1,"gemm",512,131072,0,128,0,112,"TCC_WRITE_SECTORS",33554432.000000,1000782297476812,1000782298572822
194,194,"Agent 1",1,43246,43246,2097152,1,"gemm",512,131072,0,128,0,112,"TCP_TCP_TA_DATA_STALL_CYCLES",6234978.000000,1000782297476812,1000782298572822
194,194,"Agent 1",1,43246,43246,2097152,1,"gemm",512,131072,0,128,0,112,"TCP_TCP_TA_ADDR_STALL_CYCLES",30425746.000000,1000782297476812,1000782298572822
195,195,"Agent 1",1,43246,43246,2097152,1,"gemm",512,131072,0,128,0,112,"SQ_INSTS_VMEM_WR",2097152.000000,1000782298678463,1000782299780873
195,195,"Agent 1",1,43246,43246,2097152,1,"gemm",512,131072,0,128,0,112,"SQ_VMEM_TA_CMD_FIFO_FULL",102578259.000000,1000782298678463,1000782299780873
195,195,"Agent 1",1,43246,43246,2097152,1,"gemm",512,131072,0,128,0,112,"TCC_WRITE_SECTORS",33554432.000000,1000782298678463,1000782299780873
195,195,"Agent 1",1,43246,43246,2097152,1,"gemm",512,131072,0,128,0,112,"TCP_TCP_TA_DATA_STALL_CYCLES",6851921.000000,1000782298678463,1000782299780873
195,195,"Agent 1",1,43246,43246,2097152,1,"gemm",512,131072,0,128,0,112,"TCP_TCP_TA_ADDR_STALL_CYCLES",30622904.000000,1000782298678463,1000782299780873
196,196,"Agent 1",1,43246,43246,2097152,1,"gemm",512,131072,0,128,0,112,"SQ_INSTS_VMEM_WR",2097152.000000,1000782299880954,1000782300985604
196,196,"Agent 1",1,43246,43246,2097152,1,"gemm",512,131072,0,128,0,112,"SQ_VMEM_TA_CMD_FIFO_FULL",104599053.000000,1000782299880954,1000782300985604
196,196,"Agent 1",1,43246,43246,2097152,1,"gemm",512,131072,0,128,0,112,"TCC_WRITE_SECTORS",33554432.000000,1000782299880954,1000782300985604
196,196,"Agent 1",1,43246,43246,2097152,1,"gemm",512,131072,0,128,0,112,"TCP_TCP_TA_DATA_STALL_CYCLES",8553484.000000,1000782299880954,1000782300985604
196,196,"Agent 1",1,43246,43246,2097152,1,"gemm",512,131072,0,128,0,112,"TCP_TCP_TA_ADDR_STALL_CYCLES",30875748.000000,1000782299880954,1000782300985604
197,197,"Agent 1",1,43246,43246,2097152,1,"gemm",512,131072,0,128,0,112,"SQ_INSTS_VMEM_WR",2097152.000000,1000782301088805,1000782302187536
197,197,"Agent 1",1,43246,43246,2097152,1,"gemm",512,131072,0,128,0,112,"SQ_VMEM_TA_CMD_FIFO_FULL",101041242.000000,1000782301088805,1000782302187536
197,197,"Agent 1",1,43246,43246,2097152,1,"gemm",512,131072,0,128,0,112,"TCC_WRITE_SECTORS",33554432.000000,1000782301088805,1000782302187536
197,197,"Agent 1",1,43246,43246,2097152,1,"gemm",512,131072,0,128,0,112,"TCP_TCP_TA_DATA_STALL_CYCLES",7061457.000000,1000782301088805,1000782302187536
197,197,"Agent 1",1,43246,43246,2097152,1,"gemm",512,131072,0,128,0,112,"TCP_TCP_TA_ADDR_STALL_CYCLES",29261503.000000,1000782301088805,1000782302187536
198,198,"Agent 1",1,43246,43246,2097152,1,"gemm",512,131072,0,128,0,112,"SQ_INSTS_VMEM_WR",2097152.000000,1000782302289657,1000782303384267
198,198,"Agent 1",1,43246,43246,2097152,1,"gemm",512,131072,0,128,0,112,"SQ_VMEM_TA_CMD_FIFO_FULL",101121580.000000,1000782302289657,1000782303384267
198,198,"Agent 1",1,43246,43246,2097152,1,"gemm",512,131072,0,128,0,112,"TCC_WRITE_SECTORS",33554432.000000,1000782302289657,1000782303384267
198,198,"Agent 1",1,43246,43246,2097152,1,"gemm",512,131072,0,128,0,112,"TCP_TCP_TA_DATA_STALL_CYCLES",6157988.000000,1000782302289657,1000782303384267
198,198,"Agent 1",1,43246,43246,2097152,1,"gemm",512,131072,0,128,0,112,"TCP_TCP_TA_ADDR_STALL_CYCLES",30388467.000000,1000782302289657,1000782303384267
199,199,"Agent 1",1,43246,43246,2097152,1,"gemm",512,131072,0,128,0,112,"SQ_INSTS_VMEM_WR",2097152.000000,1000782303487228,1000782304590838
199,199,"Agent 1",1,43246,43246,2097152,1,"gemm",512,131072,0,128,0,112,"SQ_VMEM_TA_CMD_FIFO_FULL",103873536.000000,1000782303487228,1000782304590838
199,199,"Agent 1",1,43246,43246,2097152,1,"gemm",512,131072,0,128,0,112,"TCC_WRITE_SECTORS",33554432.000000,1000782303487228,1000782304590838
199,199,"Agent 1",1,43246,43246,2097152,1,"gemm",512,131072,0,128,0,112,"TCP_TCP_TA_DATA_STALL_CYCLES",8117425.000000,1000782303487228,1000782304590838
199,199,"Agent 1",1,43246,43246,2097152,1,"gemm",512,131072,0,128,0,112,"TCP_TCP_TA_ADDR_STALL_CYCLES",30371363.000000,1000782303487228,1000782304590838
200,200,"Agent 1",1,43246,43246,2097152,1,"gemm",512,131072,0,128,0,112,"SQ_INSTS_VMEM_WR",2097152.000000,1000782304689959,1000782305801689
200,200,"Agent 1",1,43246,43246,2097152,1,"gemm",512,131072,0,128,0,112,"SQ_VMEM_TA_CMD_FIFO_FULL",105273401.000000,1000782304689959,1000782305801689
200,200,"Agent 1",1,43246,43246,2097152,1,"gemm",512,131072,0,128,0,112,"TCC_WRITE_SECTORS",33554432.000000,1000782304689959,1000782305801689
200,200,"Agent 1",1,43246,43246,2097152,1,"gemm",512,131072,0,128,0,112,"TCP_TCP_TA_DATA_STALL_CYCLES",7808851.000000,1000782304689959,1000782305801689
200,200,"Agent 1",1,43246,43246,2097152,1,"gemm",512,131072,0,128,0,112,"TCP_TCP_TA_ADDR_STALL_CYCLES",31616055.000000,1000782304689959,1000782305801689
201,201,"Agent 1",1,43246,43246,2097152,1,"gemm",512,131072,0,128,0,112,"SQ_INSTS_VMEM_WR",2097152.000000,1000782305906050,1000782307003420
201,201,"Agent 1",1,43246,43246,2097152,1,"gemm",512,131072,0,128,0,112,"SQ_VMEM_TA_CMD_FIFO_FULL",99579462.000000,1000782305906050,1000782307003420
201,201,"Agent 1",1,43246,43246,2097152,1,"gemm",512,131072,0,128,0,112,"TCC_WRITE_SECTORS",33554432.000000,1000782305906050,1000782307003420
201,201,"Agent 1",1,43246,43246,2097152,1,"gemm",512,131072,0,128,0,112,"TCP_TCP_TA_DATA_STALL_CYCLES",6614131.000000,1000782305906050,1000782307003420
201,201,"Agent 1",1,43246,43246,2097152,1,"gemm",512,131072,0,128,0,112,"TCP_TCP_TA_ADDR_STALL_CYCLES",29701198.000000,1000782305906050,1000782307003420
202,202,"Agent 1",1,43246,43246,2097152,1,"gemm",512,131072,0,128,0,112,"SQ_INSTS_VMEM_WR",2097152.000000,1000782307099741,1000782308197672
202,202,"Agent 1",1,43246,43246,2097152,1,"gemm",512,131072,0,128,0,112,"SQ_VMEM_TA_CMD_FIFO_FULL",101390758.000000,1000782307099741,1000782308197672
202,202,"Agent 1",1,43246,43246,2097152,1,"gemm",512,131072,0,128,0,112,"TCC_WRITE_SECTORS",33554432.000000,1000782307099741,1000782308197672
202,202,"Agent 1",1,43246,43246,2097152,1,"gemm",512,131072,0,128,0,112,"TCP_TCP_TA_DATA_STALL_CYCLES",6771114.000000,1000782307099741,1000782308197672
202,202,"Agent 1",1,43246,43246,2097152,1,"gemm",512,131072,0,128,0,112,"TCP_TCP_TA_ADDR_STALL_CYCLES",29981152.000000,1000782307099741,1000782308197672
203,203,"Agent 1",1,43246,43246,2097152,1,"gemm",512,131072,0,128,0,112,"SQ_INSTS_VMEM_WR",2097152.000000,1000782308302353,1000782309403403
203,203,"Agent 1",1,43246,43246,2097152,1,"gemm",512,131072,0,128,0,112,"SQ_VMEM_TA_CMD_FIFO_FULL",100994983.000000,1000782308302353,1000782309403403
203,203,"Agent 1",1,43246,43246,2097152,1,"gemm",512,131072,0,128,0,112,"TCC_WRITE_SECTORS",33554432.000000,1000782308302353,1000782309403403
203,203,"Agent 1",1,43246,43246,2097152,1,"gemm",512,131072,0,128,0,112,"TCP_TCP_TA_DATA_STALL_CYCLES",7270108.000000,1000782308302353,1000782309403403
203,203,"Agent 1",1,43246,43246,2097152,1,"gemm",512,131072,0,128,0,112,"TCP_TCP_TA_ADDR_STALL_CYCLES",30506434.000000,1000782308302353,1000782309403403
204,204,"Agent 1",1,43246,43246,2097152,1,"gemm",512,131072,0,128,0,112,"SQ_INSTS_VMEM_WR",2097152.000000,1000782309503044,1000782310603294
204,204,"Agent 1",1,43246,43246,2097152,1,"gemm",512,131072,0,128,0,112,"SQ_VMEM_TA_CMD_FIFO_FULL",99888685.000000,1000782309503044,1000782310603294
204,204,"Agent 1",1,43246,43246,2097152,1,"gemm",512,131072,0,128,0,112,"TCC_WRITE_SECTORS",33554432.000000,1000782309503044,1000782310603294
204,204,"Agent 1",1,43246,43246,2097152,1,"gemm",512,131072,0,128,0,112,"TCP_TCP_TA_DATA_STALL_CYCLES",6713756.000000,1000782309503044,1000782310603294
204,204,"Agent 1",1,43246,43246,2097152,1,"gemm",512,131072,0,128,0,112,"TCP_TCP_TA_ADDR_STALL_CYCLES",29211848.000000,1000782309503044,1000782310603294
205,205,"Agent 1",1,43246,43246,2097152,1,"gemm",512,131072,0,128,0,112,"SQ_INSTS_VMEM_WR",2097152.000000,1000782310701055,1000782311796025
205,205,"Agent 1",1,43246,43246,2097152,1,"gemm",512,131072,0,128,0,112,"SQ_VMEM_TA_CMD_FIFO_FULL",100221635.000000,1000782310701055,1000782311796025
205,205,"Agent 1",1,43246,43246,2097152,1,"gemm",512,131072,0,128,0,112,"TCC_WRITE_SECTORS",33554432.000000,1000782310701055,1000782311796025
205,205,"Agent 1",1,43246,43246,2097152,1,"gemm",512,131072,0,128,0,112,"TCP_TCP_TA_DATA_STALL_CYCLES",6099081.000000,1000782310701055,1000782311796025
205,205,"Agent 1",1,43246,43246,2097152,1,"gemm",512,131072,0,128,0,112,"TCP_TCP_TA_ADDR_STALL_CYCLES",29186815.000000,1000782310701055,1000782311796025
206,206,"Agent 1",1,43246,43246,2097152,1,"gemm",512,131072,0,128,0,112,"SQ_INSTS_VMEM_WR",2097152.000000,1000782311892106,1000782312992676
206,206,"Agent 1",1,43246,43246,2097152,1,"gemm",512,131072,0,128,0,112,"SQ_VMEM_TA_CMD_FIFO_FULL",102601121.000000,1000782311892106,1000782312992676
206,206,"Agent 1",1,43246,43246,2097152,1,"gemm",512,131072,0,128,0,112,"TCC_WRITE_SECTORS",33554432.000000,1000782311892106,1000782312992676
206,206,"Agent 1",1,43246,43246,2097152,1,"gemm",512,131072,0,128,0,112,"TCP_TCP_TA_DATA_STALL_CYCLES",7352734.000000,1000782311892106,1000782312992676
206,206,"Agent 1",1,43246,43246,2097152,1,"gemm",512,131072,0,128,0,112,"TCP_TCP_TA_ADDR_STALL_CYCLES",30584377.000000,1000782311892106,1000782312992676
207,207,"Agent 1",1,43246,43246,2097152,1,"gemm",512,131072,0,128,0,112,"SQ_INSTS_VMEM_WR",2097152.000000,1000782313091717,1000782314185327
207,207,"Agent 1",1,43246,43246,2097152,1,"gemm",512,131072,0,128,0,112,"SQ_VMEM_TA_CMD_FIFO_FULL",97453695.000000,1000782313091717,1000782314185327
207,207,"Agent 1",1,43246,43246,2097152,1,"gemm",512,131072,0,128,0,112,"TCC_WRITE_SECTORS",33554432.000000,1000782313091717,1000782314185327
207,207,"Agent 1",1,43246,43246,2097152,1,"gemm",512,131072,0,128,0,112,"TCP_TCP_TA_DATA_STALL_CYCLES",6159532.000000,1000782313091717,1000782314185327
207,207,"Agent 1",1,43246,43246,2097152,1,"gemm",512,131072,0,128,0,112,"TCP_TCP_TA_ADDR_STALL_CYCLES",28506731.000000,1000782313091717,1000782314185327
208,208,"Agent 1",1,43246,43246,2097152,1,"gemm",512,131072,0,128,0,112,"SQ_INSTS_VMEM_WR",2097152.000000,1000782314282848,1000782315383739
208,208,"Agent 1",1,43246,43246,2097152,1,"gemm",512,131072,0,128,0,112,"SQ_VMEM_TA_CMD_FIFO_FULL",101864447.000000,1000782314282848,1000782315383739
208,208,"Agent 1",1,43246,43246,2097152,1,"gemm",512,131072,0,128,0,112,"TCC_WRITE_SECTORS",33554432.000000,1000782314282848,1000782315383739
208,208,"Agent 1",1,43246,43246,2097152,1,"gemm",512,131072,0,128,0,112,"TCP_TCP_TA_DATA_STALL_CYCLES",6777627.000000,1000782314282848,1000782315383739
208,208,"Agent 1",1,43246,43246,2097152,1,"gemm",512,131072,0,128,0,112,"TCP_TCP_TA_ADDR_STALL_CYCLES",29989858.000000,1000782314282848,1000782315383739
209,209,"Agent 1",1,43246,43246,2097152,1,"gemm",512,131072,0,128,0,112,"SQ_INSTS_VMEM_WR",2097152.000000,1000782315485476,1000782316577206
209,209,"Agent 1",1,43246,43246,2097152,1,"gemm",512,131072,0,128,0,112,"SQ_VMEM_TA_CMD_FIFO_FULL",99031918.000000,1000782315485476,1000782316577206
209,209,"Agent 1",1,43246,43246,2097152,1,"gemm",512,131072,0,128,0,112,"TCC_WRITE_SECTORS",33554432.000000,1000782315485476,1000782316577206
209,209,"Agent 1",1,43246,43246,2097152,1,"gemm",512,131072,0,128,0,112,"TCP_TCP_TA_DATA_STALL_CYCLES",6570200.000000,1000782315485476,1000782316577206
209,209,"Agent 1",1,43246,43246,2097152,1,"gemm",512,131072,0,128,0,112,"TCP_TCP_TA_ADDR_STALL_CYCLES",29374324.000000,1000782315485476,1000782316577206
210,210,"Agent 1",1,43246,43246,2097152,1,"gemm",512,131072,0,128,0,112,"SQ_INSTS_VMEM_WR",2097152.000000,1000782316677446,1000782317780136
210,210,"Agent 1",1,43246,43246,2097152,1,"gemm",512,131072,0,128,0,112,"SQ_VMEM_TA_CMD_FIFO_FULL",103274543.000000,1000782316677446,1000782317780136
210,210,"Agent 1",1,43246,43246,2097152,1,"gemm",512,131072,0,128,0,112,"TCC_WRITE_SECTORS",33554432.000000,1000782316677446,1000782317780136
210,210,"Agent 1",1,43246,43246,2097152,1,"gemm",512,131072,0,128,0,112,"TCP_TCP_TA_DATA_STALL_CYCLES",7480098.000000,1000782316677446,1000782317780136
210,210,"Agent 1",1,43246,43246,2097152,1,"gemm",512,131072,0,128,0,112,"TCP_TCP_TA_ADDR_STALL_CYCLES",30829380.000000,1000782316677446,1000782317780136
211,211,"Agent 1",1,43246,43246,2097152,1,"gemm",512,131072,0,128,0,112,"SQ_INSTS_VMEM_WR",2097152.000000,1000782317875377,1000782318972827
211,211,"Agent 1",1,43246,43246,2097152,1,"gemm",512,131072,0,128,0,112,"SQ_VMEM_TA_CMD_FIFO_FULL",101576836.000000,1000782317875377,1000782318972827
211,211,"Agent 1",1,43246,43246,2097152,1,"gemm",512,131072,0,128,0,112,"TCC_WRITE_SECTORS",33554432.000000,1000782317875377,1000782318972827
211,211,"Agent 1",1,43246,43246,2097152,1,"gemm",512,131072,0,128,0,112,"TCP_TCP_TA_DATA_STALL_CYCLES",6598444.000000,1000782317875377,1000782318972827
211,211,"Agent 1",1,43246,43246,2097152,1,"gemm",512,131072,0,128,0,112,"TCP_TCP_TA_ADDR_STALL_CYCLES",31007794.000000,1000782317875377,1000782318972827
212,212,"Agent 1",1,43246,43246,2097152,1,"gemm",512,131072,0,128,0,112,"SQ_INSTS_VMEM_WR",2097152.000000,1000782319075268,1000782320170438
212,212,"Agent 1",1,43246,43246,2097152,1,"gemm",512,131072,0,128,0,112,"SQ_VMEM_TA_CMD_FIFO_FULL",100083594.000000,1000782319075268,1000782320170438
212,212,"Agent 1",1,43246,43246,2097152,1,"gemm",512,131072,0,128,0,112,"TCC_WRITE_SECTORS",33554432.000000,1000782319075268,1000782320170438
212,212,"Agent 1",1,43246,43246,2097152,1,"gemm",512,131072,0,128,0,112,"TCP_TCP_TA_DATA_STALL_CYCLES",6122938.000000,1000782319075268,1000782320170438
212,212,"Agent 1",1,43246,43246,2097152,1,"gemm",512,131072,0,128,0,112,"TCP_TCP_TA_ADDR_STALL_CYCLES",29751398.000000,1000782319075268,1000782320170438
213,213,"Agent 1",1,43246,43246,2097152,1,"gemm",512,131072,0,128,0,112,"SQ_INSTS_VMEM_WR",2097152.000000,1000782320271319,1000782321369050
213,213,"Agent 1",1,43246,43246,2097152,1,"gemm",512,131072,0,128,0,112,"SQ_VMEM_TA_CMD_FIFO_FULL",101726202.000000,1000782320271319,1000782321369050
213,213,"Agent 1",1,43246,43246,2097152,1,"gemm",512,131072,0,128,0,112,"TCC_WRITE_SECTORS",33554432.000000,1000782320271319,1000782321369050
213,213,"Agent 1",1,43246,43246,2097152,1,"gemm",512,131072,0,128,0,112,"TCP_TCP_TA_DATA_STALL_CYCLES",6597216.000000,1000782320271319,1000782321369050
213,213,"Agent 1",1,43246,43246,2097152,1,"gemm",512,131072,0,128,0,112,"TCP_TCP_TA_ADDR_STALL_CYCLES",30489296.000000,1000782320271319,1000782321369050
214,214,"Agent 1",1,43246,43246,2097152,1,"gemm",512,131072,0,128,0,112,"SQ_INSTS_VMEM_WR",2097152.000000,1000782321471771,1000782322565781
214,214,"Agent 1",1,43246,43246,2097152,1,"gemm",512,131072,0,128,0,112,"SQ_VMEM_TA_CMD_FIFO_FULL",97291146.000000,1000782321471771,1000782322565781
214,214,"Agent 1",1,43246,43246,2097152,1,"gemm",512,131072,0,128,0,112,"TCC_WRITE_SECTORS",33554432.000000,1000782321471771,1000782322565781
214,214,"Agent 1",1,43246,43246,2097152,1,"gemm",512,131072,0,128,0,112,"TCP_TCP_TA_DATA_STALL_CYCLES",6112124.000000,1000782321471771,1000782322565781
214,214,"Agent 1",1,43246,43246,2097152,1,"gemm",512,131072,0,128,0,112,"TCP_TCP_TA_ADDR_STALL_CYCLES",28156978.000000,1000782321471771,1000782322565781
215,215,"Agent 1",1,43246,43246,2097152,1,"gemm",512,131072,0,128,0,112,"SQ_INSTS_VMEM_WR",2097152.000000,1000782322667822,1000782323771912
215,215,"Agent 1",1,43246,43246,2097152,1,"gemm",512,131072,0,128,0,112,"SQ_VMEM_TA_CMD_FIFO_FULL",102873404.000000,1000782322667822,1000782323771912
215,215,"Agent 1",1,43246,43246,2097152,1,"gemm",512,131072,0,128,0,112,"TCC_WRITE_SECTORS",33554432.000000,1000782322667822,1000782323771912
215,215,"Agent 1",1,43246,43246,2097152,1,"gemm",512,131072,0,128,0,112,"TCP_TCP_TA_DATA_STALL_CYCLES",7251742.000000,1000782322667822,1000782323771912
215,215,"Agent 1",1,43246,43246,2097152,1,"gemm",512,131072,0,128,0,112,"TCP_TCP_TA_ADDR_STALL_CYCLES",31009320.000000,1000782322667822,1000782323771912
216,216,"Agent 1",1,43246,43246,2097152,1,"gemm",512,131072,0,128,0,112,"SQ_INSTS_VMEM_WR",2097152.000000,1000782323875233,1000782324970843
216,216,"Agent 1",1,43246,43246,2097152,1,"gemm",512,131072,0,128,0,112,"SQ_VMEM_TA_CMD_FIFO_FULL",100010982.000000,1000782323875233,1000782324970843
216,216,"Agent 1",1,43246,43246,2097152,1,"gemm",512,131072,0,128,0,112,"TCC_WRITE_SECTORS",33554432.000000,1000782323875233,1000782324970843
216,216,"Agent 1",1,43246,43246,2097152,1,"gemm",512,131072,0,128,0,112,"TCP_TCP_TA_DATA_STALL_CYCLES",6195122.000000,1000782323875233,1000782324970843
216,216,"Agent 1",1,43246,43246,2097152,1,"gemm",512,131072,0,128,0,112,"TCP_TCP_TA_ADDR_STALL_CYCLES",29816586.000000,1000782323875233,1000782324970843
217,217,"Agent 1",1,43246,43246,2097152,1,"gemm",512,131072,0,128,0,112,"SQ_INSTS_VMEM_WR",2097152.000000,1000782325076044,1000782326183415
217,217,"Agent 1",1,43246,43246,2097152,1,"gemm",512,131072,0,128,0,112,"SQ_VMEM_TA_CMD_FIFO_FULL",103522933.000000,1000782325076044,1000782326183415
217,217,"Agent 1",1,43246,43246,2097152,1,"gemm",512,131072,0,128,0,112,"TCC_WRITE_SECTORS",33554432.000000,1000782325076044,1000782326183415
217,217,"Agent 1",1,43246,43246,2097152,1,"gemm",512,131072,0,128,0,112,"TCP_TCP_TA_DATA_STALL_CYCLES",8081672.000000,1000782325076044,1000782326183415
217,217,"Agent 1",1,43246,43246,2097152,1,"gemm",512,131072,0,128,0,112,"TCP_TCP_TA_ADDR_STALL_CYCLES",30494283.000000,1000782325076044,1000782326183415
218,218,"Agent 1",1,43246,43246,2097152,1,"gemm",512,131072,0,128,0,112,"SQ_INSTS_VMEM_WR",2097152.000000,1000782326282335,1000782327379306
218,218,"Agent 1",1,43246,43246,2097152,1,"gemm",512,131072,0,128,0,112,"SQ_VMEM_TA_CMD_FIFO_FULL",101572910.000000,1000782326282335,1000782327379306
218,218,"Agent 1",1,43246,43246,2097152,1,"gemm",512,131072,0,128,0,112,"TCC_WRITE_SECTORS",33554432.000000,1000782326282335,1000782327379306
218,218,"Agent 1",1,43246,43246,2097152,1,"gemm",512,131072,0,128,0,112,"TCP_TCP_TA_DATA_STALL_CYCLES",7367582.000000,1000782326282335,1000782327379306
218,218,"Agent 1",1,43246,43246,2097152,1,"gemm",512,131072,0,128,0,112,"TCP_TCP_TA_ADDR_STALL_CYCLES",29411403.000000,1000782326282335,1000782327379306
219,219,"Agent 1",1,43246,43246,2097152,1,"gemm",512,131072,0,128,0,112,"SQ_INSTS_VMEM_WR",2097152.000000,1000782327477427,1000782328580397
219,219,"Agent 1",1,43246,43246,2097152,1,"gemm",512,131072,0,128,0,112,"SQ_VMEM_TA_CMD_FIFO_FULL",102979526.000000,1000782327477427,1000782328580397
219,219,"Agent 1",1,43246,43246,2097152,1,"gemm",512,131072,0,128,0,112,"TCC_WRITE_SECTORS",33554432.000000,1000782327477427,1000782328580397
219,219,"Agent 1",1,43246,43246,2097152,1,"gemm",512,131072,0,128,0,112,"TCP_TCP_TA_DATA_STALL_CYCLES",7129574.000000,1000782327477427,1000782328580397
219,219,"Agent 1",1,43246,43246,2097152,1,"gemm",512,131072,0,128,0,112,"TCP_TCP_TA_ADDR_STALL_CYCLES",31238843.000000,1000782327477427,1000782328580397
220,220,"Agent 1",1,43246,43246,2097152,1,"gemm",512,131072,0,128,0,112,"SQ_INSTS_VMEM_WR",2097152.000000,1000782328678798,1000782329781808
220,220,"Agent 1",1,43246,43246,2097152,1,"gemm",512,131072,0,128,0,112,"SQ_VMEM_TA_CMD_FIFO_FULL",102880536.000000,1000782328678798,1000782329781808
220,220,"Agent 1",1,43246,43246,2097152,1,"gemm",512,131072,0,128,0,112,"TCC_WRITE_SECTORS",33554432.000000,1000782328678798,1000782329781808
220,220,"Agent 1",1,43246,43246,2097152,1,"gemm",512,131072,0,128,0,112,"TCP_TCP_TA_DATA_STALL_CYCLES",7126761.000000,1000782328678798,1000782329781808
220,220,"Agent 1",1,43246,43246,2097152,1,"gemm",512,131072,0,128,0,112,"TCP_TCP_TA_ADDR_STALL_CYCLES",30762851.000000,1000782328678798,1000782329781808
221,221,"Agent 1",1,43246,43246,2097152,1,"gemm",512,131072,0,128,0,112,"SQ_INSTS_VMEM_WR",2097152.000000,1000782329889009,1000782330989579
221,221,"Agent 1",1,43246,43246,2097152,1,"gemm",512,131072,0,128,0,112,"SQ_VMEM_TA_CMD_FIFO_FULL",101774518.000000,1000782329889009,1000782330989579
221,221,"Agent 1",1,43246,43246,2097152,1,"gemm",512,131072,0,128,0,112,"TCC_WRITE_SECTORS",33554432.000000,1000782329889009,1000782330989579
221,221,"Agent 1",1,43246,43246,2097152,1,"gemm",512,131072,0,128,0,112,"TCP_TCP_TA_DATA_STALL_CYCLES",7189238.000000,1000782329889009,1000782330989579
221,221,"Agent 1",1,43246,43246,2097152,1,"gemm",512,131072,0,128,0,112,"TCP_TCP_TA_ADDR_STALL_CYCLES",30148837.000000,1000782329889009,1000782330989579
222,222,"Agent 1",1,43246,43246,2097152,1,"gemm",512,131072,0,128,0,112,"SQ_INSTS_VMEM_WR",2097152.000000,1000782331090500,1000782332193551
222,222,"Agent 1",1,43246,43246,2097152,1,"gemm",512,131072,0,128,0,112,"SQ_VMEM_TA_CMD_FIFO_FULL",102607403.000000,1000782331090500,1000782332193551
222,222,"Agent 1",1,43246,43246,2097152,1,"gemm",512,131072,0,128,0,112,"TCC_WRITE_SECTORS",33554432.000000,1000782331090500,1000782332193551
222,222,"Agent 1",1,43246,43246,2097152,1,"gemm",512,131072,0,128,0,112,"TCP_TCP_TA_DATA_STALL_CYCLES",7106950.000000,1000782331090500,1000782332193551
222,222,"Agent 1",1,43246,43246,2097152,1,"gemm",512,131072,0,128,0,112,"TCP_TCP_TA_ADDR_STALL_CYCLES",30865003.000000,1000782331090500,1000782332193551
223,223,"Agent 1",1,43246,43246,2097152,1,"gemm",512,131072,0,128,0,112,"SQ_INSTS_VMEM_WR",2097152.000000,1000782332296352,1000782333398562
223,223,"Agent 1",1,43246,43246,2097152,1,"gemm",512,131072,0,128,0,112,"SQ_VMEM_TA_CMD_FIFO_FULL",103483084.000000,1000782332296352,1000782333398562
223,223,"Agent 1",1,43246,43246,2097152,1,"gemm",512,131072,0,128,0,112,"TCC_WRITE_SECTORS",33554432.000000,1000782332296352,1000782333398562
223,223,"Agent 1",1,43246,43246,2097152,1,"gemm",512,131072,0,128,0,112,"TCP_TCP_TA_DATA_STALL_CYCLES",7291879.000000,1000782332296352,1000782333398562
223,223,"Agent 1",1,43246,43246,2097152,1,"gemm",512,131072,0,128,0,112,"TCP_TCP_TA_ADDR_STALL_CYCLES",30732329.000000,1000782332296352,1000782333398562
224,224,"Agent 1",1,43246,43246,2097152,1,"gemm",512,131072,0,128,0,112,"SQ_INSTS_VMEM_WR",2097152.000000,1000782333501283,1000782334603933
224,224,"Agent 1",1,43246,43246,2097152,1,"gemm",512,131072,0,128,0,112,"SQ_VMEM_TA_CMD_FIFO_FULL",102552050.000000,1000782333501283,1000782334603933
224,224,"Agent 1",1,43246,43246,2097152,1,"gemm",512,131072,0,128,0,112,"TCC_WRITE_SECTORS",33554432.000000,1000782333501283,1000782334603933
224,224,"Agent 1",1,43246,43246,2097152,1,"gemm",512,131072,0,128,0,112,"TCP_TCP_TA_DATA_STALL_CYCLES",7037906.000000,1000782333501283,1000782334603933
224,224,"Agent 1",1,43246,43246,2097152,1,"gemm",512,131072,0,128,0,112,"TCP_TCP_TA_ADDR_STALL_CYCLES",31034184.000000,1000782333501283,1000782334603933
225,225,"Agent 1",1,43246,43246,2097152,1,"gemm",512,131072,0,128,0,112,"SQ_INSTS_VMEM_WR",2097152.000000,1000782334703014,1000782335801504
225,225,"Agent 1",1,43246,43246,2097152,1,"gemm",512,131072,0,128,0,112,"SQ_VMEM_TA_CMD_FIFO_FULL",100763123.000000,1000782334703014,1000782335801504
225,225,"Agent 1",1,43246,43246,2097152,1,"gemm",512,131072,0,128,0,112,"TCC_WRITE_SECTORS",33554432.000000,1000782334703014,1000782335801504
225,225,"Agent 1",1,43246,43246,2097152,1,"gemm",512,131072,0,128,0,112,"TCP_TCP_TA_DATA_STALL_CYCLES",7528257.000000,1000782334703014,1000782335801504
225,225,"Agent 1",1,43246,43246,2097152,1,"gemm",512,131072,0,128,0,112,"TCP_TCP_TA_ADDR_STALL_CYCLES",29352692.000000,1000782334703014,1000782335801504
226,226,"Agent 1",1,43246,43246,2097152,1,"gemm",512,131072,0,128,0,112,"SQ_INSTS_VMEM_WR",2097152.000000,1000782335898225,1000782337011556
226,226,"Agent 1",1,43246,43246,2097152,1,"gemm",512,131072,0,128,0,112,"SQ_VMEM_TA_CMD_FIFO_FULL",105634251.000000,1000782335898225,1000782337011556
226,226,"Agent 1",1,43246,43246,2097152,1,"gemm",512,131072,0,128,0,112,"TCC_WRITE_SECTORS",33554432.000000,1000782335898225,1000782337011556
226,226,"Agent 1",1,43246,43246,2097152,1,"gemm",512,131072,0,128,0,112,"TCP_TCP_TA_DATA_STALL_CYCLES",8184558.000000,1000782335898225,1000782337011556
226,226,"Agent 1",1,43246,43246,2097152,1,"gemm",512,131072,0,128,0,112,"TCP_TCP_TA_ADDR_STALL_CYCLES",32213266.000000,1000782335898225,1000782337011556
227,227,"Agent 1",1,43246,43246,2097152,1,"gemm",512,131072,0,128,0,112,"SQ_INSTS_VMEM_WR",2097152.000000,1000782337107877,1000782338213287
227,227,"Agent 1",1,43246,43246,2097152,1,"gemm",512,131072,0,128,0,112,"SQ_VMEM_TA_CMD_FIFO_FULL",104218666.000000,1000782337107877,1000782338213287
227,227,"Agent 1",1,43246,43246,2097152,1,"gemm",512,131072,0,128,0,112,"TCC_WRITE_SECTORS",33554432.000000,1000782337107877,1000782338213287
227,227,"Agent 1",1,43246,43246,2097152,1,"gemm",512,131072,0,128,0,112,"TCP_TCP_TA_DATA_STALL_CYCLES",7652697.000000,1000782337107877,1000782338213287
227,227,"Agent 1",1,43246,43246,2097152,1,"gemm",512,131072,0,128,0,112,"TCP_TCP_TA_ADDR_STALL_CYCLES",31311838.000000,1000782337107877,1000782338213287
228,228,"Agent 1",1,43246,43246,2097152,1,"gemm",512,131072,0,128,0,112,"SQ_INSTS_VMEM_WR",2097152.000000,1000782338313688,1000782339417098
228,228,"Agent 1",1,43246,43246,2097152,1,"gemm",512,131072,0,128,0,112,"SQ_VMEM_TA_CMD_FIFO_FULL",104272255.000000,1000782338313688,1000782339417098
228,228,"Agent 1",1,43246,43246,2097152,1,"gemm",512,131072,0,128,0,112,"TCC_WRITE_SECTORS",33554432.000000,1000782338313688,1000782339417098
228,228,"Agent 1",1,43246,43246,2097152,1,"gemm",512,131072,0,128,0,112,"TCP_TCP_TA_DATA_STALL_CYCLES",6890802.000000,1000782338313688,1000782339417098
228,228,"Agent 1",1,43246,43246,2097152,1,"gemm",512,131072,0,128,0,112,"TCP_TCP_TA_ADDR_STALL_CYCLES",31386591.000000,1000782338313688,1000782339417098
229,229,"Agent 1",1,43246,43246,2097152,1,"gemm",512,131072,0,128,0,112,"SQ_INSTS_VMEM_WR",2097152.000000,1000782339518419,1000782340621029
229,229,"Agent 1",1,43246,43246,2097152,1,"gemm",512,131072,0,128,0,112,"SQ_VMEM_TA_CMD_FIFO_FULL",101656111.000000,1000782339518419,1000782340621029
229,229,"Agent 1",1,43246,43246,2097152,1,"gemm",512,131072,0,128,0,112,"TCC_WRITE_SECTORS",33554432.000000,1000782339518419,1000782340621029
229,229,"Agent 1",1,43246,43246,2097152,1,"gemm",512,131072,0,128,0,112,"TCP_TCP_TA_DATA_STALL_CYCLES",7041331.000000,1000782339518419,1000782340621029
229,229,"Agent 1",1,43246,43246,2097152,1,"gemm",512,131072,0,128,0,112,"TCP_TCP_TA_ADDR_STALL_CYCLES",29589332.000000,1000782339518419,1000782340621029
230,230,"Agent 1",1,43246,43246,2097152,1,"gemm",512,131072,0,128,0,112,"SQ_INSTS_VMEM_WR",2097152.000000,1000782340715390,1000782341816321
230,230,"Agent 1",1,43246,43246,2097152,1,"gemm",512,131072,0,128,0,112,"SQ_VMEM_TA_CMD_FIFO_FULL",101523140.000000,1000782340715390,1000782341816321
230,230,"Agent 1",1,43246,43246,2097152,1,"gemm",512,131072,0,128,0,112,"TCC_WRITE_SECTORS",33554432.000000,1000782340715390,1000782341816321
230,230,"Agent 1",1,43246,43246,2097152,1,"gemm",512,131072,0,128,0,112,"TCP_TCP_TA_DATA_STALL_CYCLES",6875109.000000,1000782340715390,1000782341816321
230,230,"Agent 1",1,43246,43246,2097152,1,"gemm",512,131072,0,128,0,112,"TCP_TCP_TA_ADDR_STALL_CYCLES",29872321.000000,1000782340715390,1000782341816321
231,231,"Agent 1",1,43246,43246,2097152,1,"gemm",512,131072,0,128,0,112,"SQ_INSTS_VMEM_WR",2097152.000000,1000782341912842,1000782343012212
231,231,"Agent 1",1,43246,43246,2097152,1,"gemm",512,131072,0,128,0,112,"SQ_VMEM_TA_CMD_FIFO_FULL",100257908.000000,1000782341912842,1000782343012212
231,231,"Agent 1",1,43246,43246,2097152,1,"gemm",512,131072,0,128,0,112,"TCC_WRITE_SECTORS",33554432.000000,1000782341912842,1000782343012212
231,231,"Agent 1",1,43246,43246,2097152,1,"gemm",512,131072,0,128,0,112,"TCP_TCP_TA_DATA_STALL_CYCLES",6935471.000000,1000782341912842,1000782343012212
231,231,"Agent 1",1,43246,43246,2097152,1,"gemm",512,131072,0,128,0,112,"TCP_TCP_TA_ADDR_STALL_CYCLES",29426143.000000,1000782341912842,1000782343012212
232,232,"Agent 1",1,43246,43246,2097152,1,"gemm",512,131072,0,128,0,112,"SQ_INSTS_VMEM_WR",2097152.000000,1000782343112293,1000782344214383
232,232,"Agent 1",1,43246,43246,2097152,1,"gemm",512,131072,0,128,0,112,"SQ_VMEM_TA_CMD_FIFO_FULL",101769573.000000,1000782343112293,1000782344214383
232,232,"Agent 1",1,43246,43246,2097152,1,"gemm",512,131072,0,128,0,112,"TCC_WRITE_SECTORS",33554432.000000,1000782343112293,1000782344214383
232,232,"Agent 1",1,43246,43246,2097152,1,"gemm",512,131072,0,128,0,112,"TCP_TCP_TA_DATA_STALL_CYCLES",7013403.000000,1000782343112293,1000782344214383
232,232,"Agent 1",1,43246,43246,2097152,1,"gemm",512,131072,0,128,0,112,"TCP_TCP_TA_ADDR_STALL_CYCLES",30543118.000000,1000782343112293,1000782344214383
233,233,"Agent 1",1,43246,43246,2097152,1,"gemm",512,131072,0,128,0,112,"SQ_INSTS_VMEM_WR",2097152.000000,1000782344309184,1000782345421674
233,233,"Agent 1",1,43246,43246,2097152,1,"gemm",512,131072,0,128,0,112,"SQ_VMEM_TA_CMD_FIFO_FULL",106336561.000000,1000782344309184,1000782345421674
233,233,"Agent 1",1,43246,43246,2097152,1,"gemm",512,131072,0,128,0,112,"TCC_WRITE_SECTORS",33554432.000000,1000782344309184,1000782345421674
233,233,"Agent 1",1,43246,43246,2097152,1,"gemm",512,131072,0,128,0,112,"TCP_TCP_TA_DATA_STALL_CYCLES",8002080.000000,1000782344309184,1000782345421674
233,233,"Agent 1",1,43246,43246,2097152,1,"gemm",512,131072,0,128,0,112,"TCP_TCP_TA_ADDR_STALL_CYCLES",32025551.000000,1000782344309184,1000782345421674
234,234,"Agent 1",1,43246,43246,2097152,1,"gemm",512,131072,0,128,0,112,"SQ_INSTS_VMEM_WR",2097152.000000,1000782345517155,1000782346624366
234,234,"Agent 1",1,43246,43246,2097152,1,"gemm",512,131072,0,128,0,112,"SQ_VMEM_TA_CMD_FIFO_FULL",105561326.000000,1000782345517155,1000782346624366
234,234,"Agent 1",1,43246,43246,2097152,1,"gemm",512,131072,0,128,0,112,"TCC_WRITE_SECTORS",33554432.000000,1000782345517155,1000782346624366
234,234,"Agent 1",1,43246,43246,2097152,1,"gemm",512,131072,0,128,0,112,"TCP_TCP_TA_DATA_STALL_CYCLES",8831976.000000,1000782345517155,1000782346624366
234,234,"Agent 1",1,43246,43246,2097152,1,"gemm",512,131072,0,128,0,112,"TCP_TCP_TA_ADDR_STALL_CYCLES",30429041.000000,1000782345517155,1000782346624366
235,235,"Agent 1",1,43246,43246,2097152,1,"gemm",512,131072,0,128,0,112,"SQ_INSTS_VMEM_WR",2097152.000000,1000782346725486,1000782347831177
235,235,"Agent 1",1,43246,43246,2097152,1,"gemm",512,131072,0,128,0,112,"SQ_VMEM_TA_CMD_FIFO_FULL",104185125.000000,1000782346725486,1000782347831177
235,235,"Agent 1",1,43246,43246,2097152,1,"gemm",512,131072,0,128,0,112,"TCC_WRITE_SECTORS",33554432.000000,1000782346725486,1000782347831177
235,235,"Agent 1",1,43246,43246,2097152,1,"gemm",512,131072,0,128,0,112,"TCP_TCP_TA_DATA_STALL_CYCLES",7144676.000000,1000782346725486,1000782347831177
235,235,"Agent 1",1,43246,43246,2097152,1,"gemm",512,131072,0,128,0,112,"TCP_TCP_TA_ADDR_STALL_CYCLES",31623557.000000,1000782346725486,1000782347831177
236,236,"Agent 1",1,43246,43246,2097152,1,"gemm",512,131072,0,128,0,112,"SQ_INSTS_VMEM_WR",2097152.000000,1000782347929418,1000782349030028
236,236,"Agent 1",1,43246,43246,2097152,1,"gemm",512,131072,0,128,0,112,"SQ_VMEM_TA_CMD_FIFO_FULL",100587482.000000,1000782347929418,1000782349030028
236,236,"Agent 1",1,43246,43246,2097152,1,"gemm",512,131072,0,128,0,112,"TCC_WRITE_SECTORS",33554432.000000,1000782347929418,1000782349030028
236,236,"Agent 1",1,43246,43246,2097152,1,"gemm",512,131072,0,128,0,112,"TCP_TCP_TA_DATA_STALL_CYCLES",7056767.000000,1000782347929418,1000782349030028
236,236,"Agent 1",1,43246,43246,2097152,1,"gemm",512,131072,0,128,0,112,"TCP_TCP_TA_ADDR_STALL_CYCLES",29715750.000000,1000782347929418,1000782349030028
237,237,"Agent 1",1,43246,43246,2097152,1,"gemm",512,131072,0,128,0,112,"SQ_INSTS_VMEM_WR",2097152.000000,1000782349130749,1000782350232879
237,237,"Agent 1",1,43246,43246,2097152,1,"gemm",512,131072,0,128,0,112,"SQ_VMEM_TA_CMD_FIFO_FULL",101602523.000000,1000782349130749,1000782350232879
237,237,"Agent 1",1,43246,43246,2097152,1,"gemm",512,131072,0,128,0,112,"TCC_WRITE_SECTORS",33554432.000000,1000782349130749,1000782350232879
237,237,"Agent 1",1,43246,43246,2097152,1,"gemm",512,131072,0,128,0,112,"TCP_TCP_TA_DATA_STALL_CYCLES",6476742.000000,1000782349130749,1000782350232879
237,237,"Agent 1",1,43246,43246,2097152,1,"gemm",512,131072,0,128,0,112,"TCP_TCP_TA_ADDR_STALL_CYCLES",29734841.000000,1000782349130749,1000782350232879
238,238,"Agent 1",1,43246,43246,2097152,1,"gemm",512,131072,0,128,0,112,"SQ_INSTS_VMEM_WR",2097152.000000,1000782350328920,1000782351428970
238,238,"Agent 1",1,43246,43246,2097152,1,"gemm",512,131072,0,128,0,112,"SQ_VMEM_TA_CMD_FIFO_FULL",100846767.000000,1000782350328920,1000782351428970
238,238,"Agent 1",1,43246,43246,2097152,1,"gemm",512,131072,0,128,0,112,"TCC_WRITE_SECTORS",33554432.000000,1000782350328920,1000782351428970
238,238,"Agent 1",1,43246,43246,2097152,1,"gemm",512,131072,0,128,0,112,"TCP_TCP_TA_DATA_STALL_CYCLES",7195579.000000,1000782350328920,1000782351428970
238,238,"Agent 1",1,43246,43246,2097152,1,"gemm",512,131072,0,128,0,112,"TCP_TCP_TA_ADDR_STALL_CYCLES",30043133.000000,1000782350328920,1000782351428970
239,239,"Agent 1",1,43246,43246,2097152,1,"gemm",512,131072,0,128,0,112,"SQ_INSTS_VMEM_WR",2097152.000000,1000782351524971,1000782352628102
239,239,"Agent 1",1,43246,43246,2097152,1,"gemm",512,131072,0,128,0,112,"SQ_VMEM_TA_CMD_FIFO_FULL",101485937.000000,1000782351524971,1000782352628102
239,239,"Agent 1",1,43246,43246,2097152,1,"gemm",512,131072,0,128,0,112,"TCC_WRITE_SECTORS",33554432.000000,1000782351524971,1000782352628102
239,239,"Agent 1",1,43246,43246,2097152,1,"gemm",512,131072,0,128,0,112,"TCP_TCP_TA_DATA_STALL_CYCLES",6965253.000000,1000782351524971,1000782352628102
239,239,"Agent 1",1,43246,43246,2097152,1,"gemm",512,131072,0,128,0,112,"TCP_TCP_TA_ADDR_STALL_CYCLES",30788753.000000,1000782351524971,1000782352628102
240,240,"Agent 1",1,43246,43246,2097152,1,"gemm",512,131072,0,128,0,112,"SQ_INSTS_VMEM_WR",2097152.000000,1000782352727703,1000782353825473
240,240,"Agent 1",1,43246,43246,2097152,1,"gemm",512,131072,0,128,0,112,"SQ_VMEM_TA_CMD_FIFO_FULL",101690435.000000,1000782352727703,1000782353825473
240,240,"Agent 1",1,43246,43246,2097152,1,"gemm",512,131072,0,128,0,112,"TCC_WRITE_SECTORS",33554432.000000,1000782352727703,1000782353825473
240,240,"Agent 1",1,43246,43246,2097152,1,"gemm",512,131072,0,128,0,112,"TCP_TCP_TA_DATA_STALL_CYCLES",6733069.000000,1000782352727703,1000782353825473
240,240,"Agent 1",1,43246,43246,2097152,1,"gemm",512,131072,0,128,0,112,"TCP_TCP_TA_ADDR_STALL_CYCLES",30253421.000000,1000782352727703,1000782353825473
241,241,"Agent 1",1,43246,43246,2097152,1,"gemm",512,131072,0,128,0,112,"SQ_INSTS_VMEM_WR",2097152.000000,1000782353927394,1000782355029164
241,241,"Agent 1",1,43246,43246,2097152,1,"gemm",512,131072,0,128,0,112,"SQ_VMEM_TA_CMD_FIFO_FULL",101438024.000000,1000782353927394,1000782355029164
241,241,"Agent 1",1,43246,43246,2097152,1,"gemm",512,131072,0,128,0,112,"TCC_WRITE_SECTORS",33554432.000000,1000782353927394,1000782355029164
241,241,"Agent 1",1,43246,43246,2097152,1,"gemm",512,131072,0,128,0,112,"TCP_TCP_TA_DATA_STALL_CYCLES",7251790.000000,1000782353927394,1000782355029164
241,241,"Agent 1",1,43246,43246,2097152,1,"gemm",512,131072,0,128,0,112,"TCP_TCP_TA_ADDR_STALL_CYCLES",30206395.000000,1000782353927394,1000782355029164
242,242,"Agent 1",1,43246,43246,2097152,1,"gemm",512,131072,0,128,0,112,"SQ_INSTS_VMEM_WR",2097152.000000,1000782355126045,1000782356228575
242,242,"Agent 1",1,43246,43246,2097152,1,"gemm",512,131072,0,128,0,112,"SQ_VMEM_TA_CMD_FIFO_FULL",103055363.000000,1000782355126045,1000782356228575
242,242,"Agent 1",1,43246,43246,2097152,1,"gemm",512,131072,0,128,0,112,"TCC_WRITE_SECTORS",33554432.000000,1000782355126045,1000782356228575
242,242,"Agent 1",1,43246,43246,2097152,1,"gemm",512,131072,0,128,0,112,"TCP_TCP_TA_DATA_STALL_CYCLES",6954220.000000,1000782355126045,1000782356228575
242,242,"Agent 1",1,43246,43246,2097152,1,"gemm",512,131072,0,128,0,112,"TCP_TCP_TA_ADDR_STALL_CYCLES",30926993.000000,1000782355126045,1000782356228575
243,243,"Agent 1",1,43246,43246,2097152,1,"gemm",512,131072,0,128,0,112,"SQ_INSTS_VMEM_WR",2097152.000000,1000782356326736,1000782357424026
243,243,"Agent 1",1,43246,43246,2097152,1,"gemm",512,131072,0,128,0,112,"SQ_VMEM_TA_CMD_FIFO_FULL",99622731.000000,1000782356326736,1000782357424026
243,243,"Agent 1",1,43246,43246,2097152,1,"gemm",512,131072,0,128,0,112,"TCC_WRITE_SECTORS",33554432.000000,1000782356326736,1000782357424026
243,243,"Agent 1",1,43246,43246,2097152,1,"gemm",512,131072,0,128,0,112,"TCP_TCP_TA_DATA_STALL_CYCLES",6289261.000000,1000782356326736,1000782357424026
243,243,"Agent 1",1,43246,43246,2097152,1,"gemm",512,131072,0,128,0,112,"TCP_TCP_TA_ADDR_STALL_CYCLES",29453531.000000,1000782356326736,1000782357424026
244,244,"Agent 1",1,43246,43246,2097152,1,"gemm",512,131072,0,128,0,112,"SQ_INSTS_VMEM_WR",2097152.000000,1000782357520187,1000782358621998
244,244,"Agent 1",1,43246,43246,2097152,1,"gemm",512,131072,0,128,0,112,"SQ_VMEM_TA_CMD_FIFO_FULL",103565619.000000,1000782357520187,1000782358621998
244,244,"Agent 1",1,43246,43246,2097152,1,"gemm",512,131072,0,128,0,112,"TCC_WRITE_SECTORS",33554432.000000,1000782357520187,1000782358621998
244,244,"Agent 1",1,43246,43246,2097152,1,"gemm",512,131072,0,128,0,112,"TCP_TCP_TA_DATA_STALL_CYCLES",7311436.000000,1000782357520187,1000782358621998
244,244,"Agent 1",1,43246,43246,2097152,1,"gemm",512,131072,0,128,0,112,"TCP_TCP_TA_ADDR_STALL_CYCLES",31974670.000000,1000782357520187,1000782358621998
245,245,"Agent 1",1,43246,43246,2097152,1,"gemm",512,131072,0,128,0,112,"SQ_INSTS_VMEM_WR",2097152.000000,1000782358717959,1000782359812569
245,245,"Agent 1",1,43246,43246,2097152,1,"gemm",512,131072,0,128,0,112,"SQ_VMEM_TA_CMD_FIFO_FULL",100679194.000000,1000782358717959,1000782359812569
245,245,"Agent 1",1,43246,43246,2097152,1,"gemm",512,131072,0,128,0,112,"TCC_WRITE_SECTORS",33554432.000000,1000782358717959,1000782359812569
245,245,"Agent 1",1,43246,43246,2097152,1,"gemm",512,131072,0,128,0,112,"TCP_TCP_TA_DATA_STALL_CYCLES",7633630.000000,1000782358717959,1000782359812569
245,245,"Agent 1",1,43246,43246,2097152,1,"gemm",512,131072,0,128,0,112,"TCP_TCP_TA_ADDR_STALL_CYCLES",28998970.000000,1000782358717959,1000782359812569
246,246,"Agent 1",1,43246,43246,2097152,1,"gemm",512,131072,0,128,0,112,"SQ_INSTS_VMEM_WR",2097152.000000,1000782359909130,1000782361011100
246,246,"Agent 1",1,43246,43246,2097152,1,"gemm",512,131072,0,128,0,112,"SQ_VMEM_TA_CMD_FIFO_FULL",103713139.000000,1000782359909130,1000782361011100
246,246,"Agent 1",1,43246,43246,2097152,1,"gemm",512,131072,0,128,0,112,"TCC_WRITE_SECTORS",33554432.000000,1000782359909130,1000782361011100
246,246,"Agent 1",1,43246,43246,2097152,1,"gemm",512,131072,0,128,0,112,"TCP_TCP_TA_DATA_STALL_CYCLES",6919150.000000,1000782359909130,1000782361011100
246,246,"Agent 1",1,43246,43246,2097152,1,"gemm",512,131072,0,128,0,112,"TCP_TCP_TA_ADDR_STALL_CYCLES",30708949.000000,1000782359909130,1000782361011100
247,247,"Agent 1",1,43246,43246,2097152,1,"gemm",512,131072,0,128,0,112,"SQ_INSTS_VMEM_WR",2097152.000000,1000782361103541,1000782362210711
247,247,"Agent 1",1,43246,43246,2097152,1,"gemm",512,131072,0,128,0,112,"SQ_VMEM_TA_CMD_FIFO_FULL",103956369.000000,1000782361103541,1000782362210711
247,247,"Agent 1",1,43246,43246,2097152,1,"gemm",512,131072,0,128,0,112,"TCC_WRITE_SECTORS",33554432.000000,1000782361103541,1000782362210711
247,247,"Agent 1",1,43246,43246,2097152,1,"gemm",512,131072,0,128,0,112,"TCP_TCP_TA_DATA_STALL_CYCLES",7650864.000000,1000782361103541,1000782362210711
247,247,"Agent 1",1,43246,43246,2097152,1,"gemm",512,131072,0,128,0,112,"TCP_TCP_TA_ADDR_STALL_CYCLES",31171557.000000,1000782361103541,1000782362210711
248,248,"Agent 1",1,43246,43246,2097152,1,"gemm",512,131072,0,128,0,112,"SQ_INSTS_VMEM_WR",2097152.000000,1000782362304392,1000782363411402
248,248,"Agent 1",1,43246,43246,2097152,1,"gemm",512,131072,0,128,0,112,"SQ_VMEM_TA_CMD_FIFO_FULL",106183176.000000,1000782362304392,1000782363411402
248,248,"Agent 1",1,43246,43246,2097152,1,"gemm",512,131072,0,128,0,112,"TCC_WRITE_SECTORS",33554432.000000,1000782362304392,1000782363411402
248,248,"Agent 1",1,43246,43246,2097152,1,"gemm",512,131072,0,128,0,112,"TCP_TCP_TA_DATA_STALL_CYCLES",7995825.000000,1000782362304392,1000782363411402
248,248,"Agent 1",1,43246,43246,2097152,1,"gemm",512,131072,0,128,0,112,"TCP_TCP_TA_ADDR_STALL_CYCLES",32435272.000000,1000782362304392,1000782363411402
249,249,"Agent 1",1,43246,43246,2097152,1,"gemm",512,131072,0,128,0,112,"SQ_INSTS_VMEM_WR",2097152.000000,1000782363508883,1000782364608934
249,249,"Agent 1",1,43246,43246,2097152,1,"gemm",512,131072,0,128,0,112,"SQ_VMEM_TA_CMD_FIFO_FULL",100877100.000000,1000782363508883,1000782364608934
249,249,"Agent 1",1,43246,43246,2097152,1,"gemm",512,131072,0,128,0,112,"TCC_WRITE_SECTORS",33554432.000000,1000782363508883,1000782364608934
249,249,"Agent 1",1,43246,43246,2097152,1,"gemm",512,131072,0,128,0,112,"TCP_TCP_TA_DATA_STALL_CYCLES",7000032.000000,1000782363508883,1000782364608934
249,249,"Agent 1",1,43246,43246,2097152,1,"gemm",512,131072,0,128,0,112,"TCP_TCP_TA_ADDR_STALL_CYCLES",29921862.000000,1000782363508883,1000782364608934
250,250,"Agent 1",1,43246,43246,2097152,1,"gemm",512,131072,0,128,0,112,"SQ_INSTS_VMEM_WR",2097152.000000,1000782364702614,1000782365808305
250,250,"Agent 1",1,43246,43246,2097152,1,"gemm",512,131072,0,128,0,112,"SQ_VMEM_TA_CMD_FIFO_FULL",103742053.000000,1000782364702614,1000782365808305
250,250,"Agent 1",1,43246,43246,2097152,1,"gemm",512,131072,0,128,0,112,"TCC_WRITE_SECTORS",33554432.000000,1000782364702614,1000782365808305
250,250,"Agent 1",1,43246,43246,2097152,1,"gemm",512,131072,0,128,0,112,"TCP_TCP_TA_DATA_STALL_CYCLES",7006839.000000,1000782364702614,1000782365808305
250,250,"Agent 1",1,43246,43246,2097152,1,"gemm",512,131072,0,128,0,112,"TCP_TCP_TA_ADDR_STALL_CYCLES",31123280.000000,1000782364702614,1000782365808305
251,251,"Agent 1",1,43246,43246,2097152,1,"gemm",512,131072,0,128,0,112,"SQ_INSTS_VMEM_WR",2097152.000000,1000782365904826,1000782367002636
251,251,"Agent 1",1,43246,43246,2097152,1,"gemm",512,131072,0,128,0,112,"SQ_VMEM_TA_CMD_FIFO_FULL",101016092.000000,1000782365904826,1000782367002636
251,251,"Agent 1",1,43246,43246,2097152,1,"gemm",512,131072,0,128,0,112,"TCC_WRITE_SECTORS",33554432.000000,1000782365904826,1000782367002636
251,251,"Agent 1",1,43246,43246,2097152,1,"gemm",512,131072,0,128,0,112,"TCP_TCP_TA_DATA_STALL_CYCLES",7307020.000000,1000782365904826,1000782367002636
251,251,"Agent 1",1,43246,43246,2097152,1,"gemm",512,131072,0,128,0,112,"TCP_TCP_TA_ADDR_STALL_CYCLES",29989668.000000,1000782365904826,1000782367002636
252,252,"Agent 1",1,43246,43246,2097152,1,"gemm",512,131072,0,128,0,112,"SQ_INSTS_VMEM_WR",2097152.000000,1000782367095637,1000782368202367
252,252,"Agent 1",1,43246,43246,2097152,1,"gemm",512,131072,0,128,0,112,"SQ_VMEM_TA_CMD_FIFO_FULL",104040174.000000,1000782367095637,1000782368202367
252,252,"Agent 1",1,43246,43246,2097152,1,"gemm",512,131072,0,128,0,112,"TCC_WRITE_SECTORS",33554432.000000,1000782367095637,1000782368202367
252,252,"Agent 1",1,43246,43246,2097152,1,"gemm",512,131072,0,128,0,112,"TCP_TCP_TA_DATA_STALL_CYCLES",6743180.000000,1000782367095637,1000782368202367
252,252,"Agent 1",1,43246,43246,2097152,1,"gemm",512,131072,0,128,0,112,"TCP_TCP_TA_ADDR_STALL_CYCLES",32176006.000000,1000782367095637,1000782368202367
